{"version_name":null,"processed_time":"2020-08-17 17:05:15.619321","server_received_time":"2020-08-17 17:05:14.179000","event_type":"start-with-script","device_model":null,"paying":null,"server_upload_time":"2020-08-17 17:05:14.186000","region":"Buenos Aires F.D.","group_properties":{},"device_type":null,"device_brand":null,"uuid":"d20933aa-e0ab-11ea-8489-061d87cfa458","sample_rate":null,"ip_address":"170.150.153.233","location_lat":null,"country":"Argentina","language":"English","amplitude_attribution_ids":null,"device_carrier":null,"client_upload_time":"2020-08-17 17:05:17.946000","user_id":"viethoangtranduong@gmail.com","device_id":"hJUzMcTxhAHo88KJAuCvwp","client_event_time":"2020-08-17 17:05:17.943000","groups":{},"event_properties":{"script":"<p>Upload your designs. Select as many designs as you like. Send the private gut test to your clients. Clients take less than 2 minutes to express their design preferences. Designers receive notifications when their clients finish the test. Designers understand clients' preference based on the quick test<\/p>"},"os_version":"84","data":{},"event_id":1,"location_lng":null,"platform":"Web","start_version":null,"idfa":null,"city":"Buenos Aires","$schema":12,"os_name":"Chrome","adid":null,"user_creation_time":"2020-06-29 17:11:44.666000","library":"amplitude-js\/6.1.0","amplitude_id":174246542447,"is_attribution_event":false,"app":277124,"$insert_id":"5e1a3c22-749d-45a2-806c-681726604bca","user_properties":{"Username":"viethoangtranduong@gmail.com"},"device_family":null,"device_manufacturer":null,"event_time":"2020-08-17 17:05:17.943000","amplitude_event_type":null,"dma":null,"session_id":1597683897746}
{"version_name":null,"processed_time":"2020-08-17 17:05:28.067352","server_received_time":"2020-08-17 17:05:27.265000","event_type":"video-saved","device_model":null,"paying":null,"server_upload_time":"2020-08-17 17:05:27.271000","region":"Buenos Aires F.D.","group_properties":{},"device_type":null,"device_brand":null,"uuid":"d97423b6-e0ab-11ea-8489-061d87cfa458","sample_rate":null,"ip_address":"170.150.153.233","location_lat":null,"country":"Argentina","language":"English","amplitude_attribution_ids":null,"device_carrier":null,"client_upload_time":"2020-08-17 17:05:31.044000","user_id":"viethoangtranduong@gmail.com","device_id":"hJUzMcTxhAHo88KJAuCvwp","client_event_time":"2020-08-17 17:05:31.043000","groups":{},"event_properties":{"project-name":"Upload your designs","project-id":250437279,"save-type":"New Video","project-category":"Upload your designs"},"os_version":"84","data":{},"event_id":2,"location_lng":null,"platform":"Web","start_version":null,"idfa":null,"city":"Buenos Aires","$schema":12,"os_name":"Chrome","adid":null,"user_creation_time":"2020-06-29 17:11:44.666000","library":"amplitude-js\/6.1.0","amplitude_id":174246542447,"is_attribution_event":false,"app":277124,"$insert_id":"681c4772-08e9-444e-aed1-6345cb945454","user_properties":{"Username":"viethoangtranduong@gmail.com"},"device_family":null,"device_manufacturer":null,"event_time":"2020-08-17 17:05:31.043000","amplitude_event_type":null,"dma":null,"session_id":1597683897746}
{"version_name":null,"processed_time":"2020-08-17 17:05:29.546027","server_received_time":"2020-08-17 17:05:27.607000","event_type":"track-selected","device_model":null,"paying":null,"server_upload_time":"2020-08-17 17:05:27.612000","region":"Buenos Aires F.D.","group_properties":{},"device_type":null,"device_brand":null,"uuid":"da56051a-e0ab-11ea-8489-061d87cfa458","sample_rate":null,"ip_address":"170.150.153.233","location_lat":null,"country":"Argentina","language":"English","amplitude_attribution_ids":null,"device_carrier":null,"client_upload_time":"2020-08-17 17:05:31.386000","user_id":"viethoangtranduong@gmail.com","device_id":"hJUzMcTxhAHo88KJAuCvwp","client_event_time":"2020-08-17 17:05:31.368000","groups":{},"event_properties":{"track-name":"Creative Solutions","project-id":250437279},"os_version":"84","data":{},"event_id":3,"location_lng":null,"platform":"Web","start_version":null,"idfa":null,"city":"Buenos Aires","$schema":12,"os_name":"Chrome","adid":null,"user_creation_time":"2020-06-29 17:11:44.666000","library":"amplitude-js\/6.1.0","amplitude_id":174246542447,"is_attribution_event":false,"app":277124,"$insert_id":"01dc35e4-f549-43e2-ba77-d9da36d977ec","user_properties":{"Username":"viethoangtranduong@gmail.com"},"device_family":null,"device_manufacturer":null,"event_time":"2020-08-17 17:05:31.368000","amplitude_event_type":null,"dma":null,"session_id":1597683897746}
{"version_name":null,"processed_time":"2020-08-17 17:05:29.548888","server_received_time":"2020-08-17 17:05:28.022000","event_type":"video-saved","device_model":null,"paying":null,"server_upload_time":"2020-08-17 17:05:28.028000","region":"Buenos Aires F.D.","group_properties":{},"device_type":null,"device_brand":null,"uuid":"da56106e-e0ab-11ea-8489-061d87cfa458","sample_rate":null,"ip_address":"170.150.153.233","location_lat":null,"country":"Argentina","language":"English","amplitude_attribution_ids":null,"device_carrier":null,"client_upload_time":"2020-08-17 17:05:31.801000","user_id":"viethoangtranduong@gmail.com","device_id":"hJUzMcTxhAHo88KJAuCvwp","client_event_time":"2020-08-17 17:05:31.722000","groups":{},"event_properties":{"project-name":"Upload your designs","project-id":250437279,"save-type":"Saved Video","project-category":"Upload your designs"},"os_version":"84","data":{},"event_id":4,"location_lng":null,"platform":"Web","start_version":null,"idfa":null,"city":"Buenos Aires","$schema":12,"os_name":"Chrome","adid":null,"user_creation_time":"2020-06-29 17:11:44.666000","library":"amplitude-js\/6.1.0","amplitude_id":174246542447,"is_attribution_event":false,"app":277124,"$insert_id":"7fb41a49-cd09-4154-8233-ed0123831f95","user_properties":{"Username":"viethoangtranduong@gmail.com"},"device_family":null,"device_manufacturer":null,"event_time":"2020-08-17 17:05:31.722000","amplitude_event_type":null,"dma":null,"session_id":1597683897746}
{"amplitude_event_type":null,"os_version":"78","os_name":"Chrome","location_lng":null,"ip_address":"183.83.37.189","event_time":"2020-08-17 17:12:21.678000","user_creation_time":"2020-05-17 16:12:56.601000","idfa":null,"amplitude_id":157876700889,"user_properties":{"Username":"shailendra@pictory.ai"},"server_upload_time":"2020-08-17 17:12:21.763000","paying":null,"event_type":"start-with-article","library":"amplitude-js\/6.1.0","data":{},"group_properties":{},"server_received_time":"2020-08-17 17:12:21.747000","device_id":"cliqvuUZ3MCp6JqDeAVbfR","device_brand":null,"device_model":null,"version_name":null,"user_id":"shailendra@pictory.ai","location_lat":null,"device_carrier":null,"session_id":1597684301949,"platform":"Web","dma":null,"sample_rate":null,"language":"English","client_event_time":"2020-08-17 17:12:21.678000","amplitude_attribution_ids":null,"adid":null,"country":"India","processed_time":"2020-08-17 17:12:22.928049","region":"Telangana","app":277124,"start_version":null,"event_id":292,"$schema":12,"event_properties":{"article-link":"https:\/\/www.covid-gyan.in\/content\/bats-belfry-friends-or-foes","project-id":164988720},"is_attribution_event":false,"device_type":null,"uuid":"d0ba0528-e0ac-11ea-abd8-0aedaf72edbf","groups":{},"$insert_id":"1b738369-a176-4df0-8e53-ceb7257d6d40","device_family":null,"device_manufacturer":null,"client_upload_time":"2020-08-17 17:12:21.680000","city":"Hyderabad"}
{"amplitude_event_type":null,"os_version":"78","os_name":"Chrome","location_lng":null,"ip_address":"183.83.37.189","event_time":"2020-08-17 17:12:33.037000","user_creation_time":"2020-05-17 16:12:56.601000","idfa":null,"amplitude_id":157876700889,"user_properties":{"Username":"shailendra@pictory.ai"},"server_upload_time":"2020-08-17 17:12:33.112000","paying":null,"event_type":"next-button-pressed","library":"amplitude-js\/6.1.0","data":{},"group_properties":{},"server_received_time":"2020-08-17 17:12:33.099000","device_id":"cliqvuUZ3MCp6JqDeAVbfR","device_brand":null,"device_model":null,"version_name":null,"user_id":"shailendra@pictory.ai","location_lat":null,"device_carrier":null,"session_id":1597684301949,"platform":"Web","dma":null,"sample_rate":null,"language":"English","client_event_time":"2020-08-17 17:12:33.037000","amplitude_attribution_ids":null,"adid":null,"country":"India","processed_time":"2020-08-17 17:12:33.969448","region":"Telangana","app":277124,"start_version":null,"event_id":293,"$schema":12,"event_properties":{"article-link":"https:\/\/www.covid-gyan.in\/content\/bats-belfry-friends-or-foes","project-id":164988720,"total-selected-sentences":12},"is_attribution_event":false,"device_type":null,"uuid":"d750d4a2-e0ac-11ea-abd8-0aedaf72edbf","groups":{},"$insert_id":"e0f78d3f-46ef-482d-93bc-ef0802ccdc58","device_family":null,"device_manufacturer":null,"client_upload_time":"2020-08-17 17:12:33.038000","city":"Hyderabad"}
{"amplitude_event_type":null,"os_version":"78","os_name":"Chrome","location_lng":null,"ip_address":"183.83.37.189","event_time":"2020-08-17 17:12:49.595000","user_creation_time":"2020-05-17 16:12:56.601000","idfa":null,"amplitude_id":157876700889,"user_properties":{"Username":"shailendra@pictory.ai"},"server_upload_time":"2020-08-17 17:12:49.688000","paying":null,"event_type":"track-deselected","library":"amplitude-js\/6.1.0","data":{},"group_properties":{},"server_received_time":"2020-08-17 17:12:49.655000","device_id":"cliqvuUZ3MCp6JqDeAVbfR","device_brand":null,"device_model":null,"version_name":null,"user_id":"shailendra@pictory.ai","location_lat":null,"device_carrier":null,"session_id":1597684301949,"platform":"Web","dma":null,"sample_rate":null,"language":"English","client_event_time":"2020-08-17 17:12:49.595000","amplitude_attribution_ids":null,"adid":null,"country":"India","processed_time":"2020-08-17 17:12:51.957314","region":"Telangana","app":277124,"start_version":null,"event_id":294,"$schema":12,"event_properties":{"project-id":164988720,"track-name":"All We Know"},"is_attribution_event":false,"device_type":null,"uuid":"e2097782-e0ac-11ea-abd8-0aedaf72edbf","groups":{},"$insert_id":"1a01a870-159b-4a00-818f-1280eac76f40","device_family":null,"device_manufacturer":null,"client_upload_time":"2020-08-17 17:12:49.596000","city":"Hyderabad"}
{"amplitude_event_type":null,"os_version":"78","os_name":"Chrome","location_lng":null,"ip_address":"183.83.37.189","event_time":"2020-08-17 17:12:52.501000","user_creation_time":"2020-05-17 16:12:56.601000","idfa":null,"amplitude_id":157876700889,"user_properties":{"Username":"shailendra@pictory.ai"},"server_upload_time":"2020-08-17 17:12:52.595000","paying":null,"event_type":"track-selected","library":"amplitude-js\/6.1.0","data":{},"group_properties":{},"server_received_time":"2020-08-17 17:12:52.586000","device_id":"cliqvuUZ3MCp6JqDeAVbfR","device_brand":null,"device_model":null,"version_name":null,"user_id":"shailendra@pictory.ai","location_lat":null,"device_carrier":null,"session_id":1597684301949,"platform":"Web","dma":null,"sample_rate":null,"language":"English","client_event_time":"2020-08-17 17:12:52.501000","amplitude_attribution_ids":null,"adid":null,"country":"India","processed_time":"2020-08-17 17:12:53.314738","region":"Telangana","app":277124,"start_version":null,"event_id":295,"$schema":12,"event_properties":{"project-id":164988720,"track-name":"All We Know"},"is_attribution_event":false,"device_type":null,"uuid":"e2d6cba6-e0ac-11ea-abd8-0aedaf72edbf","groups":{},"$insert_id":"8e836c64-511c-4a7a-a9cf-66110e675e9e","device_family":null,"device_manufacturer":null,"client_upload_time":"2020-08-17 17:12:52.502000","city":"Hyderabad"}
{"amplitude_event_type":null,"os_version":"78","os_name":"Chrome","location_lng":null,"ip_address":"183.83.37.189","event_time":"2020-08-17 17:12:54.469000","user_creation_time":"2020-05-17 16:12:56.601000","idfa":null,"amplitude_id":157876700889,"user_properties":{"Username":"shailendra@pictory.ai"},"server_upload_time":"2020-08-17 17:12:54.540000","paying":null,"event_type":"video-saved","library":"amplitude-js\/6.1.0","data":{},"group_properties":{},"server_received_time":"2020-08-17 17:12:54.531000","device_id":"cliqvuUZ3MCp6JqDeAVbfR","device_brand":null,"device_model":null,"version_name":null,"user_id":"shailendra@pictory.ai","location_lat":null,"device_carrier":null,"session_id":1597684301949,"platform":"Web","dma":null,"sample_rate":null,"language":"English","client_event_time":"2020-08-17 17:12:54.469000","amplitude_attribution_ids":null,"adid":null,"country":"India","processed_time":"2020-08-17 17:13:04.925688","region":"Telangana","app":277124,"start_version":null,"event_id":296,"$schema":12,"event_properties":{"project-category":"Bats in the belfry","project-name":"Bats in the belfry","project-id":164988720,"save-type":"New Video"},"is_attribution_event":false,"device_type":null,"uuid":"e9c375ea-e0ac-11ea-abd8-0aedaf72edbf","groups":{},"$insert_id":"12225d86-3431-4e0e-91f4-c386ffc9fad9","device_family":null,"device_manufacturer":null,"client_upload_time":"2020-08-17 17:12:54.470000","city":"Hyderabad"}
{"amplitude_event_type":null,"os_version":"78","os_name":"Chrome","location_lng":null,"ip_address":"183.83.37.189","event_time":"2020-08-17 17:13:03.629000","user_creation_time":"2020-05-17 16:12:56.601000","idfa":null,"amplitude_id":157876700889,"user_properties":{"Username":"shailendra@pictory.ai"},"server_upload_time":"2020-08-17 17:13:03.725000","paying":null,"event_type":"video-saved","library":"amplitude-js\/6.1.0","data":{},"group_properties":{},"server_received_time":"2020-08-17 17:13:03.715000","device_id":"cliqvuUZ3MCp6JqDeAVbfR","device_brand":null,"device_model":null,"version_name":null,"user_id":"shailendra@pictory.ai","location_lat":null,"device_carrier":null,"session_id":1597684301949,"platform":"Web","dma":null,"sample_rate":null,"language":"English","client_event_time":"2020-08-17 17:13:03.629000","amplitude_attribution_ids":null,"adid":null,"country":"India","processed_time":"2020-08-17 17:13:10.811761","region":"Telangana","app":277124,"start_version":null,"event_id":297,"$schema":12,"event_properties":{"project-category":"Bats in the belfry","project-name":"Bats in the belfry","project-id":164988720,"save-type":"Saved Video"},"is_attribution_event":false,"device_type":null,"uuid":"ed44ce12-e0ac-11ea-abd8-0aedaf72edbf","groups":{},"$insert_id":"4cba23a6-aa5e-4fbd-b6f7-40787f83864a","device_family":null,"device_manufacturer":null,"client_upload_time":"2020-08-17 17:13:03.630000","city":"Hyderabad"}
{"amplitude_event_type":null,"os_version":"78","os_name":"Chrome","location_lng":null,"ip_address":"183.83.37.189","event_time":"2020-08-17 17:14:44.616000","user_creation_time":"2020-05-17 16:12:56.601000","idfa":null,"amplitude_id":157876700889,"user_properties":{"Username":"shailendra@pictory.ai"},"server_upload_time":"2020-08-17 17:14:44.777000","paying":null,"event_type":"previous-button-pressed","library":"amplitude-js\/6.1.0","data":{},"group_properties":{},"server_received_time":"2020-08-17 17:14:44.724000","device_id":"cliqvuUZ3MCp6JqDeAVbfR","device_brand":null,"device_model":null,"version_name":null,"user_id":"shailendra@pictory.ai","location_lat":null,"device_carrier":null,"session_id":1597684301949,"platform":"Web","dma":null,"sample_rate":null,"language":"English","client_event_time":"2020-08-17 17:14:44.616000","amplitude_attribution_ids":null,"adid":null,"country":"India","processed_time":"2020-08-17 17:14:45.773973","region":"Telangana","app":277124,"start_version":null,"event_id":298,"$schema":12,"event_properties":{"article-link":"https:\/\/www.covid-gyan.in\/content\/bats-belfry-friends-or-foes","project-id":164988720},"is_attribution_event":false,"device_type":null,"uuid":"25dfa8dc-e0ad-11ea-abd8-0aedaf72edbf","groups":{},"$insert_id":"71bf0820-1b7d-4dc6-8073-fb4642e27a4a","device_family":null,"device_manufacturer":null,"client_upload_time":"2020-08-17 17:14:44.617000","city":"Hyderabad"}
{"amplitude_event_type":null,"os_version":"78","os_name":"Chrome","location_lng":null,"ip_address":"183.83.37.189","event_time":"2020-08-17 17:15:03.286000","user_creation_time":"2020-05-17 16:12:56.601000","idfa":null,"amplitude_id":157876700889,"user_properties":{"Username":"shailendra@pictory.ai"},"server_upload_time":"2020-08-17 17:15:03.378000","paying":null,"event_type":"start-with-article","library":"amplitude-js\/6.1.0","data":{},"group_properties":{},"server_received_time":"2020-08-17 17:15:03.367000","device_id":"cliqvuUZ3MCp6JqDeAVbfR","device_brand":null,"device_model":null,"version_name":null,"user_id":"shailendra@pictory.ai","location_lat":null,"device_carrier":null,"session_id":1597684301949,"platform":"Web","dma":null,"sample_rate":null,"language":"English","client_event_time":"2020-08-17 17:15:03.286000","amplitude_attribution_ids":null,"adid":null,"country":"India","processed_time":"2020-08-17 17:15:03.943658","region":"Telangana","app":277124,"start_version":null,"event_id":299,"$schema":12,"event_properties":{"article-link":"https:\/\/www.corestack.io\/blog\/corestack-is-now-gdpr-compliant\/","project-id":339311468},"is_attribution_event":false,"device_type":null,"uuid":"30b559d2-e0ad-11ea-abd8-0aedaf72edbf","groups":{},"$insert_id":"7a50b8ae-9a0f-4f76-a436-7c0ea311d676","device_family":null,"device_manufacturer":null,"client_upload_time":"2020-08-17 17:15:03.286000","city":"Hyderabad"}
{"amplitude_event_type":null,"os_version":"78","os_name":"Chrome","location_lng":null,"ip_address":"183.83.37.189","event_time":"2020-08-17 17:15:13.351000","user_creation_time":"2020-05-17 16:12:56.601000","idfa":null,"amplitude_id":157876700889,"user_properties":{"Username":"shailendra@pictory.ai"},"server_upload_time":"2020-08-17 17:15:13.438000","paying":null,"event_type":"next-button-pressed","library":"amplitude-js\/6.1.0","data":{},"group_properties":{},"server_received_time":"2020-08-17 17:15:13.423000","device_id":"cliqvuUZ3MCp6JqDeAVbfR","device_brand":null,"device_model":null,"version_name":null,"user_id":"shailendra@pictory.ai","location_lat":null,"device_carrier":null,"session_id":1597684301949,"platform":"Web","dma":null,"sample_rate":null,"language":"English","client_event_time":"2020-08-17 17:15:13.351000","amplitude_attribution_ids":null,"adid":null,"country":"India","processed_time":"2020-08-17 17:15:22.523984","region":"Telangana","app":277124,"start_version":null,"event_id":300,"$schema":12,"event_properties":{"article-link":"https:\/\/www.corestack.io\/blog\/corestack-is-now-gdpr-compliant\/","project-id":339311468,"total-selected-sentences":5},"is_attribution_event":false,"device_type":null,"uuid":"3bc81d78-e0ad-11ea-abd8-0aedaf72edbf","groups":{},"$insert_id":"27c9befb-3982-42f8-9c02-22bb9077735a","device_family":null,"device_manufacturer":null,"client_upload_time":"2020-08-17 17:15:13.351000","city":"Hyderabad"}
{"amplitude_event_type":null,"os_version":"78","os_name":"Chrome","location_lng":null,"ip_address":"183.83.37.189","event_time":"2020-08-17 17:15:22.603000","user_creation_time":"2020-05-17 16:12:56.601000","idfa":null,"amplitude_id":157876700889,"user_properties":{"Username":"shailendra@pictory.ai"},"server_upload_time":"2020-08-17 17:15:22.716000","paying":null,"event_type":"track-deselected","library":"amplitude-js\/6.1.0","data":{},"group_properties":{},"server_received_time":"2020-08-17 17:15:22.704000","device_id":"cliqvuUZ3MCp6JqDeAVbfR","device_brand":null,"device_model":null,"version_name":null,"user_id":"shailendra@pictory.ai","location_lat":null,"device_carrier":null,"session_id":1597684301949,"platform":"Web","dma":null,"sample_rate":null,"language":"English","client_event_time":"2020-08-17 17:15:22.603000","amplitude_attribution_ids":null,"adid":null,"country":"India","processed_time":"2020-08-17 17:15:31.086568","region":"Telangana","app":277124,"start_version":null,"event_id":301,"$schema":12,"event_properties":{"project-id":339311468,"track-name":"All We Know"},"is_attribution_event":false,"device_type":null,"uuid":"40e1ca70-e0ad-11ea-abd8-0aedaf72edbf","groups":{},"$insert_id":"976a6120-6dc1-4873-b17e-a207fe11016d","device_family":null,"device_manufacturer":null,"client_upload_time":"2020-08-17 17:15:22.604000","city":"Hyderabad"}
{"amplitude_event_type":null,"os_version":"78","os_name":"Chrome","location_lng":null,"ip_address":"183.83.37.189","event_time":"2020-08-17 17:15:24.786000","user_creation_time":"2020-05-17 16:12:56.601000","idfa":null,"amplitude_id":157876700889,"user_properties":{"Username":"shailendra@pictory.ai"},"server_upload_time":"2020-08-17 17:15:24.884000","paying":null,"event_type":"track-selected","library":"amplitude-js\/6.1.0","data":{},"group_properties":{},"server_received_time":"2020-08-17 17:15:24.868000","device_id":"cliqvuUZ3MCp6JqDeAVbfR","device_brand":null,"device_model":null,"version_name":null,"user_id":"shailendra@pictory.ai","location_lat":null,"device_carrier":null,"session_id":1597684301949,"platform":"Web","dma":null,"sample_rate":null,"language":"English","client_event_time":"2020-08-17 17:15:24.786000","amplitude_attribution_ids":null,"adid":null,"country":"India","processed_time":"2020-08-17 17:15:31.089107","region":"Telangana","app":277124,"start_version":null,"event_id":302,"$schema":12,"event_properties":{"project-id":339311468,"track-name":"All We Know"},"is_attribution_event":false,"device_type":null,"uuid":"40e1d65a-e0ad-11ea-abd8-0aedaf72edbf","groups":{},"$insert_id":"15d02e77-ccb6-4aeb-baf7-66a85b6dbc00","device_family":null,"device_manufacturer":null,"client_upload_time":"2020-08-17 17:15:24.787000","city":"Hyderabad"}
{"amplitude_event_type":null,"os_version":"78","os_name":"Chrome","location_lng":null,"ip_address":"183.83.37.189","event_time":"2020-08-17 17:15:24.831000","user_creation_time":"2020-05-17 16:12:56.601000","idfa":null,"amplitude_id":157876700889,"user_properties":{"Username":"shailendra@pictory.ai"},"server_upload_time":"2020-08-17 17:15:25.220000","paying":null,"event_type":"video-saved","library":"amplitude-js\/6.1.0","data":{},"group_properties":{},"server_received_time":"2020-08-17 17:15:25.201000","device_id":"cliqvuUZ3MCp6JqDeAVbfR","device_brand":null,"device_model":null,"version_name":null,"user_id":"shailendra@pictory.ai","location_lat":null,"device_carrier":null,"session_id":1597684301949,"platform":"Web","dma":null,"sample_rate":null,"language":"English","client_event_time":"2020-08-17 17:15:24.831000","amplitude_attribution_ids":null,"adid":null,"country":"India","processed_time":"2020-08-17 17:15:32.545114","region":"Telangana","app":277124,"start_version":null,"event_id":303,"$schema":12,"event_properties":{"project-category":"CoreStack is now GDP(4)","project-name":"CoreStack is now GDP(4)","project-id":339311468,"save-type":"New Video"},"is_attribution_event":false,"device_type":null,"uuid":"41bf22d0-e0ad-11ea-abd8-0aedaf72edbf","groups":{},"$insert_id":"e7520439-d352-472e-9186-1e701cc5e409","device_family":null,"device_manufacturer":null,"client_upload_time":"2020-08-17 17:15:25.097000","city":"Hyderabad"}
{"amplitude_event_type":null,"os_version":"78","os_name":"Chrome","location_lng":null,"ip_address":"183.83.37.189","event_time":"2020-08-17 17:15:24.918000","user_creation_time":"2020-05-17 16:12:56.601000","idfa":null,"amplitude_id":157876700889,"user_properties":{"Username":"shailendra@pictory.ai"},"server_upload_time":"2020-08-17 17:15:25.220000","paying":null,"event_type":"video-saved","library":"amplitude-js\/6.1.0","data":{},"group_properties":{},"server_received_time":"2020-08-17 17:15:25.201000","device_id":"cliqvuUZ3MCp6JqDeAVbfR","device_brand":null,"device_model":null,"version_name":null,"user_id":"shailendra@pictory.ai","location_lat":null,"device_carrier":null,"session_id":1597684301949,"platform":"Web","dma":null,"sample_rate":null,"language":"English","client_event_time":"2020-08-17 17:15:24.918000","amplitude_attribution_ids":null,"adid":null,"country":"India","processed_time":"2020-08-17 17:15:32.545124","region":"Telangana","app":277124,"start_version":null,"event_id":304,"$schema":12,"event_properties":{"project-category":"CoreStack is now GDP(4)","project-name":"CoreStack is now GDP(4)","project-id":339311468,"save-type":"Saved Video"},"is_attribution_event":false,"device_type":null,"uuid":"41bf3324-e0ad-11ea-abd8-0aedaf72edbf","groups":{},"$insert_id":"ab502f50-9a75-41e6-b252-d8daf67d1727","device_family":null,"device_manufacturer":null,"client_upload_time":"2020-08-17 17:15:25.097000","city":"Hyderabad"}
{"amplitude_event_type":null,"os_version":"78","os_name":"Chrome","location_lng":null,"ip_address":"183.83.37.189","event_time":"2020-08-17 17:25:11.229000","user_creation_time":"2020-05-17 16:12:56.601000","idfa":null,"amplitude_id":157876700889,"user_properties":{"Username":"shailendra@pictory.ai"},"server_upload_time":"2020-08-17 17:25:11.310000","paying":null,"event_type":"start-with-article","library":"amplitude-js\/6.1.0","data":{},"group_properties":{},"server_received_time":"2020-08-17 17:25:11.292000","device_id":"cliqvuUZ3MCp6JqDeAVbfR","device_brand":null,"device_model":null,"version_name":null,"user_id":"shailendra@pictory.ai","location_lat":null,"device_carrier":null,"session_id":1597684301949,"platform":"Web","dma":null,"sample_rate":null,"language":"English","client_event_time":"2020-08-17 17:25:11.229000","amplitude_attribution_ids":null,"adid":null,"country":"India","processed_time":"2020-08-17 17:25:14.480768","region":"Telangana","app":277124,"start_version":null,"event_id":305,"$schema":12,"event_properties":{"article-link":"https:\/\/www.corestack.io\/blog\/corestack-launches-continuous-cloud-compliance-for-fedramp-earns-recognition-in-gartner-magic-quadrant\/","project-id":824222510},"is_attribution_event":false,"device_type":null,"uuid":"9c9c159a-e0ae-11ea-abd8-0aedaf72edbf","groups":{},"$insert_id":"18e00162-3117-4910-b118-0ca3da240672","device_family":null,"device_manufacturer":null,"client_upload_time":"2020-08-17 17:25:11.230000","city":"Hyderabad"}
{"amplitude_event_type":null,"os_version":"78","os_name":"Chrome","location_lng":null,"ip_address":"183.83.37.189","event_time":"2020-08-17 17:25:22.976000","user_creation_time":"2020-05-17 16:12:56.601000","idfa":null,"amplitude_id":157876700889,"user_properties":{"Username":"shailendra@pictory.ai"},"server_upload_time":"2020-08-17 17:25:23.072000","paying":null,"event_type":"next-button-pressed","library":"amplitude-js\/6.1.0","data":{},"group_properties":{},"server_received_time":"2020-08-17 17:25:23.040000","device_id":"cliqvuUZ3MCp6JqDeAVbfR","device_brand":null,"device_model":null,"version_name":null,"user_id":"shailendra@pictory.ai","location_lat":null,"device_carrier":null,"session_id":1597684301949,"platform":"Web","dma":null,"sample_rate":null,"language":"English","client_event_time":"2020-08-17 17:25:22.976000","amplitude_attribution_ids":null,"adid":null,"country":"India","processed_time":"2020-08-17 17:25:25.276334","region":"Telangana","app":277124,"start_version":null,"event_id":306,"$schema":12,"event_properties":{"article-link":"https:\/\/www.corestack.io\/blog\/corestack-launches-continuous-cloud-compliance-for-fedramp-earns-recognition-in-gartner-magic-quadrant\/","project-id":824222510,"total-selected-sentences":6},"is_attribution_event":false,"device_type":null,"uuid":"a30c7da2-e0ae-11ea-abd8-0aedaf72edbf","groups":{},"$insert_id":"84ee7a82-36d4-4e8b-a3b9-ab7d2d91251f","device_family":null,"device_manufacturer":null,"client_upload_time":"2020-08-17 17:25:22.977000","city":"Hyderabad"}
{"amplitude_event_type":null,"os_version":"78","os_name":"Chrome","location_lng":null,"ip_address":"183.83.37.189","event_time":"2020-08-17 17:25:35.234000","user_creation_time":"2020-05-17 16:12:56.601000","idfa":null,"amplitude_id":157876700889,"user_properties":{"Username":"shailendra@pictory.ai"},"server_upload_time":"2020-08-17 17:25:35.313000","paying":null,"event_type":"track-deselected","library":"amplitude-js\/6.1.0","data":{},"group_properties":{},"server_received_time":"2020-08-17 17:25:35.302000","device_id":"cliqvuUZ3MCp6JqDeAVbfR","device_brand":null,"device_model":null,"version_name":null,"user_id":"shailendra@pictory.ai","location_lat":null,"device_carrier":null,"session_id":1597684301949,"platform":"Web","dma":null,"sample_rate":null,"language":"English","client_event_time":"2020-08-17 17:25:35.234000","amplitude_attribution_ids":null,"adid":null,"country":"India","processed_time":"2020-08-17 17:25:36.840567","region":"Telangana","app":277124,"start_version":null,"event_id":307,"$schema":12,"event_properties":{"project-id":824222510,"track-name":"All We Know"},"is_attribution_event":false,"device_type":null,"uuid":"a9f1f174-e0ae-11ea-abd8-0aedaf72edbf","groups":{},"$insert_id":"3901055f-dc47-4011-ac77-b9b78b07b479","device_family":null,"device_manufacturer":null,"client_upload_time":"2020-08-17 17:25:35.234000","city":"Hyderabad"}
{"amplitude_event_type":null,"os_version":"78","os_name":"Chrome","location_lng":null,"ip_address":"183.83.37.189","event_time":"2020-08-17 17:25:37.339000","user_creation_time":"2020-05-17 16:12:56.601000","idfa":null,"amplitude_id":157876700889,"user_properties":{"Username":"shailendra@pictory.ai"},"server_upload_time":"2020-08-17 17:25:37.430000","paying":null,"event_type":"video-saved","library":"amplitude-js\/6.1.0","data":{},"group_properties":{},"server_received_time":"2020-08-17 17:25:37.405000","device_id":"cliqvuUZ3MCp6JqDeAVbfR","device_brand":null,"device_model":null,"version_name":null,"user_id":"shailendra@pictory.ai","location_lat":null,"device_carrier":null,"session_id":1597684301949,"platform":"Web","dma":null,"sample_rate":null,"language":"English","client_event_time":"2020-08-17 17:25:37.339000","amplitude_attribution_ids":null,"adid":null,"country":"India","processed_time":"2020-08-17 17:25:38.868828","region":"Telangana","app":277124,"start_version":null,"event_id":308,"$schema":12,"event_properties":{"project-category":"CoreStack Launches C","project-name":"CoreStack Launches C","project-id":824222510,"save-type":"New Video"},"is_attribution_event":false,"device_type":null,"uuid":"ab275a5c-e0ae-11ea-abd8-0aedaf72edbf","groups":{},"$insert_id":"f56ffe93-3cc3-4b68-9961-5bcc9d9b95b2","device_family":null,"device_manufacturer":null,"client_upload_time":"2020-08-17 17:25:37.340000","city":"Hyderabad"}
{"amplitude_event_type":null,"os_version":"78","os_name":"Chrome","location_lng":null,"ip_address":"183.83.37.189","event_time":"2020-08-17 17:25:37.952000","user_creation_time":"2020-05-17 16:12:56.601000","idfa":null,"amplitude_id":157876700889,"user_properties":{"Username":"shailendra@pictory.ai"},"server_upload_time":"2020-08-17 17:25:38.087000","paying":null,"event_type":"track-selected","library":"amplitude-js\/6.1.0","data":{},"group_properties":{},"server_received_time":"2020-08-17 17:25:38.064000","device_id":"cliqvuUZ3MCp6JqDeAVbfR","device_brand":null,"device_model":null,"version_name":null,"user_id":"shailendra@pictory.ai","location_lat":null,"device_carrier":null,"session_id":1597684301949,"platform":"Web","dma":null,"sample_rate":null,"language":"English","client_event_time":"2020-08-17 17:25:37.952000","amplitude_attribution_ids":null,"adid":null,"country":"India","processed_time":"2020-08-17 17:25:38.870979","region":"Telangana","app":277124,"start_version":null,"event_id":309,"$schema":12,"event_properties":{"project-id":824222510,"track-name":"All We Know"},"is_attribution_event":false,"device_type":null,"uuid":"ab2761be-e0ae-11ea-abd8-0aedaf72edbf","groups":{},"$insert_id":"b9621266-f799-4561-8c3a-2a249614e0b2","device_family":null,"device_manufacturer":null,"client_upload_time":"2020-08-17 17:25:38.004000","city":"Hyderabad"}
{"amplitude_event_type":null,"os_version":"78","os_name":"Chrome","location_lng":null,"ip_address":"183.83.37.189","event_time":"2020-08-17 17:25:39.160000","user_creation_time":"2020-05-17 16:12:56.601000","idfa":null,"amplitude_id":157876700889,"user_properties":{"Username":"shailendra@pictory.ai"},"server_upload_time":"2020-08-17 17:25:39.241000","paying":null,"event_type":"video-saved","library":"amplitude-js\/6.1.0","data":{},"group_properties":{},"server_received_time":"2020-08-17 17:25:39.223000","device_id":"cliqvuUZ3MCp6JqDeAVbfR","device_brand":null,"device_model":null,"version_name":null,"user_id":"shailendra@pictory.ai","location_lat":null,"device_carrier":null,"session_id":1597684301949,"platform":"Web","dma":null,"sample_rate":null,"language":"English","client_event_time":"2020-08-17 17:25:39.160000","amplitude_attribution_ids":null,"adid":null,"country":"India","processed_time":"2020-08-17 17:25:40.086958","region":"Telangana","app":277124,"start_version":null,"event_id":310,"$schema":12,"event_properties":{"project-category":"CoreStack Launches C","project-name":"CoreStack Launches C","project-id":824222510,"save-type":"Saved Video"},"is_attribution_event":false,"device_type":null,"uuid":"abe0d48c-e0ae-11ea-abd8-0aedaf72edbf","groups":{},"$insert_id":"2b073f9e-c6a0-41b4-a727-6cfc0f22851b","device_family":null,"device_manufacturer":null,"client_upload_time":"2020-08-17 17:25:39.160000","city":"Hyderabad"}
{"amplitude_event_type":null,"os_version":"78","os_name":"Chrome","location_lng":null,"ip_address":"183.83.37.189","event_time":"2020-08-17 17:26:40.505000","user_creation_time":"2020-05-17 16:12:56.601000","idfa":null,"amplitude_id":157876700889,"user_properties":{"Username":"shailendra@pictory.ai"},"server_upload_time":"2020-08-17 17:26:40.586000","paying":null,"event_type":"previous-button-pressed","library":"amplitude-js\/6.1.0","data":{},"group_properties":{},"server_received_time":"2020-08-17 17:26:40.580000","device_id":"cliqvuUZ3MCp6JqDeAVbfR","device_brand":null,"device_model":null,"version_name":null,"user_id":"shailendra@pictory.ai","location_lat":null,"device_carrier":null,"session_id":1597684301949,"platform":"Web","dma":null,"sample_rate":null,"language":"English","client_event_time":"2020-08-17 17:26:40.505000","amplitude_attribution_ids":null,"adid":null,"country":"India","processed_time":"2020-08-17 17:26:41.750127","region":"Telangana","app":277124,"start_version":null,"event_id":311,"$schema":12,"event_properties":{"article-link":"https:\/\/www.corestack.io\/blog\/corestack-launches-continuous-cloud-compliance-for-fedramp-earns-recognition-in-gartner-magic-quadrant\/","project-id":824222510},"is_attribution_event":false,"device_type":null,"uuid":"d09ec3d8-e0ae-11ea-abd8-0aedaf72edbf","groups":{},"$insert_id":"73f03444-f008-4b3f-8028-aace0cf21ab0","device_family":null,"device_manufacturer":null,"client_upload_time":"2020-08-17 17:26:40.506000","city":"Hyderabad"}
{"amplitude_event_type":null,"os_version":"78","os_name":"Chrome","location_lng":null,"ip_address":"183.83.37.189","event_time":"2020-08-17 17:27:03.852000","user_creation_time":"2020-05-17 16:12:56.601000","idfa":null,"amplitude_id":157876700889,"user_properties":{"Username":"shailendra@pictory.ai"},"server_upload_time":"2020-08-17 17:27:03.926000","paying":null,"event_type":"start-with-article","library":"amplitude-js\/6.1.0","data":{},"group_properties":{},"server_received_time":"2020-08-17 17:27:03.920000","device_id":"cliqvuUZ3MCp6JqDeAVbfR","device_brand":null,"device_model":null,"version_name":null,"user_id":"shailendra@pictory.ai","location_lat":null,"device_carrier":null,"session_id":1597684301949,"platform":"Web","dma":null,"sample_rate":null,"language":"English","client_event_time":"2020-08-17 17:27:03.852000","amplitude_attribution_ids":null,"adid":null,"country":"India","processed_time":"2020-08-17 17:27:08.424297","region":"Telangana","app":277124,"start_version":null,"event_id":312,"$schema":12,"event_properties":{"article-link":"https:\/\/www.corestack.io\/blog\/corestack-announces-8-5-million-series-a-financing-round-led-by-naya-ventures\/","project-id":898164448},"is_attribution_event":false,"device_type":null,"uuid":"e0888d92-e0ae-11ea-abd8-0aedaf72edbf","groups":{},"$insert_id":"1e1cd8d3-eb52-4bc8-9970-63d39164e8e9","device_family":null,"device_manufacturer":null,"client_upload_time":"2020-08-17 17:27:03.854000","city":"Hyderabad"}
{"amplitude_event_type":null,"os_version":"78","os_name":"Chrome","location_lng":null,"ip_address":"183.83.37.189","event_time":"2020-08-17 17:27:10.473000","user_creation_time":"2020-05-17 16:12:56.601000","idfa":null,"amplitude_id":157876700889,"user_properties":{"Username":"shailendra@pictory.ai"},"server_upload_time":"2020-08-17 17:27:10.569000","paying":null,"event_type":"next-button-pressed","library":"amplitude-js\/6.1.0","data":{},"group_properties":{},"server_received_time":"2020-08-17 17:27:10.534000","device_id":"cliqvuUZ3MCp6JqDeAVbfR","device_brand":null,"device_model":null,"version_name":null,"user_id":"shailendra@pictory.ai","location_lat":null,"device_carrier":null,"session_id":1597684301949,"platform":"Web","dma":null,"sample_rate":null,"language":"English","client_event_time":"2020-08-17 17:27:10.473000","amplitude_attribution_ids":null,"adid":null,"country":"India","processed_time":"2020-08-17 17:27:16.669280","region":"Telangana","app":277124,"start_version":null,"event_id":313,"$schema":12,"event_properties":{"article-link":"https:\/\/www.corestack.io\/blog\/corestack-announces-8-5-million-series-a-financing-round-led-by-naya-ventures\/","project-id":898164448,"total-selected-sentences":7},"is_attribution_event":false,"device_type":null,"uuid":"e5725d74-e0ae-11ea-abd8-0aedaf72edbf","groups":{},"$insert_id":"3c54b5a1-5f9a-4c3c-b71f-bc1dd1251fbd","device_family":null,"device_manufacturer":null,"client_upload_time":"2020-08-17 17:27:10.474000","city":"Hyderabad"}
{"amplitude_event_type":null,"os_version":"78","os_name":"Chrome","location_lng":null,"ip_address":"183.83.37.189","event_time":"2020-08-17 17:27:21.942000","user_creation_time":"2020-05-17 16:12:56.601000","idfa":null,"amplitude_id":157876700889,"user_properties":{"Username":"shailendra@pictory.ai"},"server_upload_time":"2020-08-17 17:27:22.028000","paying":null,"event_type":"track-deselected","library":"amplitude-js\/6.1.0","data":{},"group_properties":{},"server_received_time":"2020-08-17 17:27:22.004000","device_id":"cliqvuUZ3MCp6JqDeAVbfR","device_brand":null,"device_model":null,"version_name":null,"user_id":"shailendra@pictory.ai","location_lat":null,"device_carrier":null,"session_id":1597684301949,"platform":"Web","dma":null,"sample_rate":null,"language":"English","client_event_time":"2020-08-17 17:27:21.942000","amplitude_attribution_ids":null,"adid":null,"country":"India","processed_time":"2020-08-17 17:27:25.374263","region":"Telangana","app":277124,"start_version":null,"event_id":314,"$schema":12,"event_properties":{"project-id":898164448,"track-name":"All We Know"},"is_attribution_event":false,"device_type":null,"uuid":"eaa22bf8-e0ae-11ea-abd8-0aedaf72edbf","groups":{},"$insert_id":"1efae179-5416-4d13-9ee2-429a9aec5ad7","device_family":null,"device_manufacturer":null,"client_upload_time":"2020-08-17 17:27:21.942000","city":"Hyderabad"}
{"amplitude_event_type":null,"os_version":"78","os_name":"Chrome","location_lng":null,"ip_address":"183.83.37.189","event_time":"2020-08-17 17:27:23.829000","user_creation_time":"2020-05-17 16:12:56.601000","idfa":null,"amplitude_id":157876700889,"user_properties":{"Username":"shailendra@pictory.ai"},"server_upload_time":"2020-08-17 17:27:23.915000","paying":null,"event_type":"track-selected","library":"amplitude-js\/6.1.0","data":{},"group_properties":{},"server_received_time":"2020-08-17 17:27:23.892000","device_id":"cliqvuUZ3MCp6JqDeAVbfR","device_brand":null,"device_model":null,"version_name":null,"user_id":"shailendra@pictory.ai","location_lat":null,"device_carrier":null,"session_id":1597684301949,"platform":"Web","dma":null,"sample_rate":null,"language":"English","client_event_time":"2020-08-17 17:27:23.829000","amplitude_attribution_ids":null,"adid":null,"country":"India","processed_time":"2020-08-17 17:27:26.362411","region":"Telangana","app":277124,"start_version":null,"event_id":315,"$schema":12,"event_properties":{"project-id":898164448,"track-name":"All We Know"},"is_attribution_event":false,"device_type":null,"uuid":"eb39ac62-e0ae-11ea-abd8-0aedaf72edbf","groups":{},"$insert_id":"c9c3c04a-0f34-4963-bb3d-a0c9368cd0f4","device_family":null,"device_manufacturer":null,"client_upload_time":"2020-08-17 17:27:23.829000","city":"Hyderabad"}
{"amplitude_event_type":null,"os_version":"78","os_name":"Chrome","location_lng":null,"ip_address":"183.83.37.189","event_time":"2020-08-17 17:27:27.745000","user_creation_time":"2020-05-17 16:12:56.601000","idfa":null,"amplitude_id":157876700889,"user_properties":{"Username":"shailendra@pictory.ai"},"server_upload_time":"2020-08-17 17:27:27.817000","paying":null,"event_type":"video-saved","library":"amplitude-js\/6.1.0","data":{},"group_properties":{},"server_received_time":"2020-08-17 17:27:27.807000","device_id":"cliqvuUZ3MCp6JqDeAVbfR","device_brand":null,"device_model":null,"version_name":null,"user_id":"shailendra@pictory.ai","location_lat":null,"device_carrier":null,"session_id":1597684301949,"platform":"Web","dma":null,"sample_rate":null,"language":"English","client_event_time":"2020-08-17 17:27:27.745000","amplitude_attribution_ids":null,"adid":null,"country":"India","processed_time":"2020-08-17 17:27:29.685889","region":"Telangana","app":277124,"start_version":null,"event_id":316,"$schema":12,"event_properties":{"project-category":"CoreStack Announces (87)","project-name":"CoreStack Announces (87)","project-id":898164448,"save-type":"New Video"},"is_attribution_event":false,"device_type":null,"uuid":"ed33a6b2-e0ae-11ea-abd8-0aedaf72edbf","groups":{},"$insert_id":"c3876295-5763-499f-9e06-e7e7eb2c8ee4","device_family":null,"device_manufacturer":null,"client_upload_time":"2020-08-17 17:27:27.746000","city":"Hyderabad"}
{"amplitude_event_type":null,"os_version":"78","os_name":"Chrome","location_lng":null,"ip_address":"183.83.37.189","event_time":"2020-08-17 17:27:28.083000","user_creation_time":"2020-05-17 16:12:56.601000","idfa":null,"amplitude_id":157876700889,"user_properties":{"Username":"shailendra@pictory.ai"},"server_upload_time":"2020-08-17 17:27:28.426000","paying":null,"event_type":"video-saved","library":"amplitude-js\/6.1.0","data":{},"group_properties":{},"server_received_time":"2020-08-17 17:27:28.416000","device_id":"cliqvuUZ3MCp6JqDeAVbfR","device_brand":null,"device_model":null,"version_name":null,"user_id":"shailendra@pictory.ai","location_lat":null,"device_carrier":null,"session_id":1597684301949,"platform":"Web","dma":null,"sample_rate":null,"language":"English","client_event_time":"2020-08-17 17:27:28.083000","amplitude_attribution_ids":null,"adid":null,"country":"India","processed_time":"2020-08-17 17:27:29.690496","region":"Telangana","app":277124,"start_version":null,"event_id":317,"$schema":12,"event_properties":{"project-category":"CoreStack Announces (87)","project-name":"CoreStack Announces (87)","project-id":898164448,"save-type":"Saved Video"},"is_attribution_event":false,"device_type":null,"uuid":"ed33b382-e0ae-11ea-abd8-0aedaf72edbf","groups":{},"$insert_id":"90c4a60f-bdc7-4e1c-9080-088c3d2f71fe","device_family":null,"device_manufacturer":null,"client_upload_time":"2020-08-17 17:27:28.341000","city":"Hyderabad"}
{"amplitude_event_type":null,"os_version":"78","os_name":"Chrome","location_lng":null,"ip_address":"183.83.37.189","event_time":"2020-08-17 17:41:10.472000","user_creation_time":"2020-05-17 16:12:56.601000","idfa":null,"amplitude_id":157876700889,"user_properties":{"Username":"shailendra@pictory.ai"},"server_upload_time":"2020-08-17 17:41:11.244000","paying":null,"event_type":"previous-button-pressed","library":"amplitude-js\/6.1.0","data":{},"group_properties":{},"server_received_time":"2020-08-17 17:41:11.225000","device_id":"cliqvuUZ3MCp6JqDeAVbfR","device_brand":null,"device_model":null,"version_name":null,"user_id":"shailendra@pictory.ai","location_lat":null,"device_carrier":null,"session_id":1597684301949,"platform":"Web","dma":null,"sample_rate":null,"language":"English","client_event_time":"2020-08-17 17:41:10.472000","amplitude_attribution_ids":null,"adid":null,"country":"India","processed_time":"2020-08-17 17:41:20.280738","region":"Telangana","app":277124,"start_version":null,"event_id":318,"$schema":12,"event_properties":{"article-link":"https:\/\/www.corestack.io\/blog\/corestack-announces-8-5-million-series-a-financing-round-led-by-naya-ventures\/","project-id":898164448},"is_attribution_event":false,"device_type":null,"uuid":"dc463a8e-e0b0-11ea-abd8-0aedaf72edbf","groups":{},"$insert_id":"cae82f9b-dfe5-4689-aad4-568ba564fbef","device_family":null,"device_manufacturer":null,"client_upload_time":"2020-08-17 17:41:10.650000","city":"Hyderabad"}
{"amplitude_event_type":null,"os_version":"78","os_name":"Chrome","location_lng":null,"ip_address":"183.83.37.189","event_time":"2020-08-17 17:41:35.690000","user_creation_time":"2020-05-17 16:12:56.601000","idfa":null,"amplitude_id":157876700889,"user_properties":{"Username":"shailendra@pictory.ai"},"server_upload_time":"2020-08-17 17:41:40.044000","paying":null,"event_type":"failed-service","library":"amplitude-js\/6.1.0","data":{},"group_properties":{},"server_received_time":"2020-08-17 17:41:40.033000","device_id":"cliqvuUZ3MCp6JqDeAVbfR","device_brand":null,"device_model":null,"version_name":null,"user_id":"shailendra@pictory.ai","location_lat":null,"device_carrier":null,"session_id":1597684301949,"platform":"Web","dma":null,"sample_rate":null,"language":"English","client_event_time":"2020-08-17 17:41:35.690000","amplitude_attribution_ids":null,"adid":null,"country":"India","processed_time":"2020-08-17 17:41:43.970542","region":"Telangana","app":277124,"start_version":null,"event_id":319,"$schema":12,"event_properties":{"service-name":"summarizer-api"},"is_attribution_event":false,"device_type":null,"uuid":"ea5ef58e-e0b0-11ea-abd8-0aedaf72edbf","groups":{},"$insert_id":"4dbd883c-6c03-4abe-b530-771ed8a75c0c","device_family":null,"device_manufacturer":null,"client_upload_time":"2020-08-17 17:41:35.690000","city":"Hyderabad"}
{"amplitude_event_type":null,"os_version":"78","os_name":"Chrome","location_lng":null,"ip_address":"183.83.37.189","event_time":"2020-08-17 17:41:35.692000","user_creation_time":"2020-05-17 16:12:56.601000","idfa":null,"amplitude_id":157876700889,"user_properties":{"Username":"shailendra@pictory.ai"},"server_upload_time":"2020-08-17 17:41:40.342000","paying":null,"event_type":"failed-script","library":"amplitude-js\/6.1.0","data":{},"group_properties":{},"server_received_time":"2020-08-17 17:41:40.311000","device_id":"cliqvuUZ3MCp6JqDeAVbfR","device_brand":null,"device_model":null,"version_name":null,"user_id":"shailendra@pictory.ai","location_lat":null,"device_carrier":null,"session_id":1597684301949,"platform":"Web","dma":null,"sample_rate":null,"language":"English","client_event_time":"2020-08-17 17:41:35.692000","amplitude_attribution_ids":null,"adid":null,"country":"India","processed_time":"2020-08-17 17:41:43.976700","region":"Telangana","app":277124,"start_version":null,"event_id":320,"$schema":12,"event_properties":{"script":"<p>Red wine<\/p><p>White wine<\/p><p>Belgium choclate<\/p>"},"is_attribution_event":false,"device_type":null,"uuid":"ea5efdfe-e0b0-11ea-abd8-0aedaf72edbf","groups":{},"$insert_id":"75746357-cf94-4806-b054-57a1a6215545","device_family":null,"device_manufacturer":null,"client_upload_time":"2020-08-17 17:41:39.738000","city":"Hyderabad"}
{"amplitude_event_type":null,"os_version":"78","os_name":"Chrome","location_lng":null,"ip_address":"183.83.37.189","event_time":"2020-08-17 17:41:54.393000","user_creation_time":"2020-05-17 16:12:56.601000","idfa":null,"amplitude_id":157876700889,"user_properties":{"Username":"shailendra@pictory.ai"},"server_upload_time":"2020-08-17 17:41:54.977000","paying":null,"event_type":"start-with-script","library":"amplitude-js\/6.1.0","data":{},"group_properties":{},"server_received_time":"2020-08-17 17:41:54.967000","device_id":"cliqvuUZ3MCp6JqDeAVbfR","device_brand":null,"device_model":null,"version_name":null,"user_id":"shailendra@pictory.ai","location_lat":null,"device_carrier":null,"session_id":1597684301949,"platform":"Web","dma":null,"sample_rate":null,"language":"English","client_event_time":"2020-08-17 17:41:54.393000","amplitude_attribution_ids":null,"adid":null,"country":"India","processed_time":"2020-08-17 17:41:55.136838","region":"Telangana","app":277124,"start_version":null,"event_id":321,"$schema":12,"event_properties":{"script":"<p>Red wine<\/p><p>White wine<\/p><p>Belgium chocolate<\/p>"},"is_attribution_event":false,"device_type":null,"uuid":"f10c00f2-e0b0-11ea-abd8-0aedaf72edbf","groups":{},"$insert_id":"2a3678e4-6eaa-4db3-a13e-c1d92dfcbb77","device_family":null,"device_manufacturer":null,"client_upload_time":"2020-08-17 17:41:54.393000","city":"Hyderabad"}
{"amplitude_event_type":null,"os_version":"78","os_name":"Chrome","location_lng":null,"ip_address":"183.83.37.189","event_time":"2020-08-17 17:42:04.757000","user_creation_time":"2020-05-17 16:12:56.601000","idfa":null,"amplitude_id":157876700889,"user_properties":{"Username":"shailendra@pictory.ai"},"server_upload_time":"2020-08-17 17:42:05.336000","paying":null,"event_type":"video-saved","library":"amplitude-js\/6.1.0","data":{},"group_properties":{},"server_received_time":"2020-08-17 17:42:05.329000","device_id":"cliqvuUZ3MCp6JqDeAVbfR","device_brand":null,"device_model":null,"version_name":null,"user_id":"shailendra@pictory.ai","location_lat":null,"device_carrier":null,"session_id":1597684301949,"platform":"Web","dma":null,"sample_rate":null,"language":"English","client_event_time":"2020-08-17 17:42:04.757000","amplitude_attribution_ids":null,"adid":null,"country":"India","processed_time":"2020-08-17 17:42:07.283818","region":"Telangana","app":277124,"start_version":null,"event_id":322,"$schema":12,"event_properties":{"project-category":"Red wine","project-name":"Red wine","project-id":601367425,"save-type":"New Video"},"is_attribution_event":false,"device_type":null,"uuid":"f84ba5fc-e0b0-11ea-abd8-0aedaf72edbf","groups":{},"$insert_id":"70e7f204-5101-4607-a6e0-f4142f2add73","device_family":null,"device_manufacturer":null,"client_upload_time":"2020-08-17 17:42:04.758000","city":"Hyderabad"}
{"amplitude_event_type":null,"os_version":"78","os_name":"Chrome","location_lng":null,"ip_address":"183.83.37.189","event_time":"2020-08-17 17:42:08.126000","user_creation_time":"2020-05-17 16:12:56.601000","idfa":null,"amplitude_id":157876700889,"user_properties":{"Username":"shailendra@pictory.ai"},"server_upload_time":"2020-08-17 17:42:08.716000","paying":null,"event_type":"track-selected","library":"amplitude-js\/6.1.0","data":{},"group_properties":{},"server_received_time":"2020-08-17 17:42:08.701000","device_id":"cliqvuUZ3MCp6JqDeAVbfR","device_brand":null,"device_model":null,"version_name":null,"user_id":"shailendra@pictory.ai","location_lat":null,"device_carrier":null,"session_id":1597684301949,"platform":"Web","dma":null,"sample_rate":null,"language":"English","client_event_time":"2020-08-17 17:42:08.126000","amplitude_attribution_ids":null,"adid":null,"country":"India","processed_time":"2020-08-17 17:42:09.059977","region":"Telangana","app":277124,"start_version":null,"event_id":323,"$schema":12,"event_properties":{"project-id":601367425,"track-name":"Light Window"},"is_attribution_event":false,"device_type":null,"uuid":"f95a3666-e0b0-11ea-abd8-0aedaf72edbf","groups":{},"$insert_id":"14d2d601-47a8-4809-86e0-3690f31e3df4","device_family":null,"device_manufacturer":null,"client_upload_time":"2020-08-17 17:42:08.127000","city":"Hyderabad"}
{"amplitude_event_type":null,"os_version":"78","os_name":"Chrome","location_lng":null,"ip_address":"183.83.37.189","event_time":"2020-08-17 17:42:08.487000","user_creation_time":"2020-05-17 16:12:56.601000","idfa":null,"amplitude_id":157876700889,"user_properties":{"Username":"shailendra@pictory.ai"},"server_upload_time":"2020-08-17 17:42:09.076000","paying":null,"event_type":"video-saved","library":"amplitude-js\/6.1.0","data":{},"group_properties":{},"server_received_time":"2020-08-17 17:42:09.065000","device_id":"cliqvuUZ3MCp6JqDeAVbfR","device_brand":null,"device_model":null,"version_name":null,"user_id":"shailendra@pictory.ai","location_lat":null,"device_carrier":null,"session_id":1597684301949,"platform":"Web","dma":null,"sample_rate":null,"language":"English","client_event_time":"2020-08-17 17:42:08.487000","amplitude_attribution_ids":null,"adid":null,"country":"India","processed_time":"2020-08-17 17:42:11.572246","region":"Telangana","app":277124,"start_version":null,"event_id":324,"$schema":12,"event_properties":{"project-category":"Red wine","project-name":"Red wine","project-id":601367425,"save-type":"Saved Video"},"is_attribution_event":false,"device_type":null,"uuid":"fada0138-e0b0-11ea-abd8-0aedaf72edbf","groups":{},"$insert_id":"dca35cd5-6ab6-4fc3-b48b-918a9d460884","device_family":null,"device_manufacturer":null,"client_upload_time":"2020-08-17 17:42:08.488000","city":"Hyderabad"}
{"amplitude_event_type":null,"os_version":"78","os_name":"Chrome","location_lng":null,"ip_address":"183.83.37.189","event_time":"2020-08-17 17:42:56.088000","user_creation_time":"2020-05-17 16:12:56.601000","idfa":null,"amplitude_id":157876700889,"user_properties":{"Username":"shailendra@pictory.ai"},"server_upload_time":"2020-08-17 17:42:56.672000","paying":null,"event_type":"start-with-script","library":"amplitude-js\/6.1.0","data":{},"group_properties":{},"server_received_time":"2020-08-17 17:42:56.664000","device_id":"cliqvuUZ3MCp6JqDeAVbfR","device_brand":null,"device_model":null,"version_name":null,"user_id":"shailendra@pictory.ai","location_lat":null,"device_carrier":null,"session_id":1597684301949,"platform":"Web","dma":null,"sample_rate":null,"language":"English","client_event_time":"2020-08-17 17:42:56.088000","amplitude_attribution_ids":null,"adid":null,"country":"India","processed_time":"2020-08-17 17:42:57.957869","region":"Telangana","app":277124,"start_version":null,"event_id":325,"$schema":12,"event_properties":{"script":"<p>Red wine<\/p><p>White wine<\/p><p>Belgium choclate<\/p>"},"is_attribution_event":false,"device_type":null,"uuid":"167f082a-e0b1-11ea-abd8-0aedaf72edbf","groups":{},"$insert_id":"6233120f-4d3f-4b1e-97f1-2848cb13bd5f","device_family":null,"device_manufacturer":null,"client_upload_time":"2020-08-17 17:42:56.089000","city":"Hyderabad"}
{"region":"Washington","country":"United States","uuid":"19d2c62e-e0b1-11ea-8daa-023b74103aad","device_type":null,"user_id":"vikram@pictory.ai","location_lat":null,"group_properties":{},"event_time":"2020-08-17 17:43:02.429000","device_manufacturer":null,"paying":null,"version_name":null,"amplitude_attribution_ids":null,"dma":"Seattle-Tacoma, WA","device_model":null,"event_type":"saved-video-opened","$schema":12,"device_carrier":null,"amplitude_event_type":null,"data":{},"user_properties":{"Username":"vikram@pictory.ai"},"library":"amplitude-js\/6.1.0","client_event_time":"2020-08-17 17:43:02.429000","idfa":null,"groups":{},"server_received_time":"2020-08-17 17:43:02.436000","os_name":"Chrome","event_id":1,"user_creation_time":"2020-05-17 00:13:14.288000","language":"English","event_properties":{"project-category":"Pictory  b2b_market","project-name":"Pictory  b2b_market"},"is_attribution_event":false,"sample_rate":null,"server_upload_time":"2020-08-17 17:43:02.445000","adid":null,"platform":"Web","device_brand":null,"city":"Lake Stevens","location_lng":null,"ip_address":"73.140.177.242","start_version":null,"app":277124,"device_family":null,"amplitude_id":157956802362,"processed_time":"2020-08-17 17:43:03.560096","client_upload_time":"2020-08-17 17:43:02.430000","device_id":"9uSTK3AuzzNQ4AMrSAiVa8","session_id":1597686159147,"$insert_id":"8c64dc3f-c54e-4591-8470-411dee2e0bbd","os_version":"84"}
{"amplitude_event_type":null,"os_version":"78","os_name":"Chrome","location_lng":null,"ip_address":"183.83.37.189","event_time":"2020-08-17 17:43:05.797000","user_creation_time":"2020-05-17 16:12:56.601000","idfa":null,"amplitude_id":157876700889,"user_properties":{"Username":"shailendra@pictory.ai"},"server_upload_time":"2020-08-17 17:43:06.393000","paying":null,"event_type":"video-saved","library":"amplitude-js\/6.1.0","data":{},"group_properties":{},"server_received_time":"2020-08-17 17:43:06.375000","device_id":"cliqvuUZ3MCp6JqDeAVbfR","device_brand":null,"device_model":null,"version_name":null,"user_id":"shailendra@pictory.ai","location_lat":null,"device_carrier":null,"session_id":1597684301949,"platform":"Web","dma":null,"sample_rate":null,"language":"English","client_event_time":"2020-08-17 17:43:05.797000","amplitude_attribution_ids":null,"adid":null,"country":"India","processed_time":"2020-08-17 17:43:07.277861","region":"Telangana","app":277124,"start_version":null,"event_id":326,"$schema":12,"event_properties":{"project-category":"Red wine","project-name":"Red wine(1)","project-id":41142069,"save-type":"New Video"},"is_attribution_event":false,"device_type":null,"uuid":"1c0da760-e0b1-11ea-abd8-0aedaf72edbf","groups":{},"$insert_id":"c9810f7c-a939-4387-beb7-ff41daadf840","device_family":null,"device_manufacturer":null,"client_upload_time":"2020-08-17 17:43:05.798000","city":"Hyderabad"}
{"amplitude_event_type":null,"os_version":"78","os_name":"Chrome","location_lng":null,"ip_address":"183.83.37.189","event_time":"2020-08-17 17:43:07.674000","user_creation_time":"2020-05-17 16:12:56.601000","idfa":null,"amplitude_id":157876700889,"user_properties":{"Username":"shailendra@pictory.ai"},"server_upload_time":"2020-08-17 17:43:08.258000","paying":null,"event_type":"track-deselected","library":"amplitude-js\/6.1.0","data":{},"group_properties":{},"server_received_time":"2020-08-17 17:43:08.250000","device_id":"cliqvuUZ3MCp6JqDeAVbfR","device_brand":null,"device_model":null,"version_name":null,"user_id":"shailendra@pictory.ai","location_lat":null,"device_carrier":null,"session_id":1597684301949,"platform":"Web","dma":null,"sample_rate":null,"language":"English","client_event_time":"2020-08-17 17:43:07.674000","amplitude_attribution_ids":null,"adid":null,"country":"India","processed_time":"2020-08-17 17:43:09.249772","region":"Telangana","app":277124,"start_version":null,"event_id":327,"$schema":12,"event_properties":{"project-id":41142069,"track-name":"Light Window"},"is_attribution_event":false,"device_type":null,"uuid":"1d3ae058-e0b1-11ea-abd8-0aedaf72edbf","groups":{},"$insert_id":"4b38059c-04ff-49bc-83a9-0b5d1bc3c984","device_family":null,"device_manufacturer":null,"client_upload_time":"2020-08-17 17:43:07.675000","city":"Hyderabad"}
{"amplitude_event_type":null,"os_version":"78","os_name":"Chrome","location_lng":null,"ip_address":"183.83.37.189","event_time":"2020-08-17 17:43:09.402000","user_creation_time":"2020-05-17 16:12:56.601000","idfa":null,"amplitude_id":157876700889,"user_properties":{"Username":"shailendra@pictory.ai"},"server_upload_time":"2020-08-17 17:43:10.042000","paying":null,"event_type":"track-selected","library":"amplitude-js\/6.1.0","data":{},"group_properties":{},"server_received_time":"2020-08-17 17:43:09.978000","device_id":"cliqvuUZ3MCp6JqDeAVbfR","device_brand":null,"device_model":null,"version_name":null,"user_id":"shailendra@pictory.ai","location_lat":null,"device_carrier":null,"session_id":1597684301949,"platform":"Web","dma":null,"sample_rate":null,"language":"English","client_event_time":"2020-08-17 17:43:09.402000","amplitude_attribution_ids":null,"adid":null,"country":"India","processed_time":"2020-08-17 17:43:10.763571","region":"Telangana","app":277124,"start_version":null,"event_id":328,"$schema":12,"event_properties":{"project-id":41142069,"track-name":"Light Window"},"is_attribution_event":false,"device_type":null,"uuid":"1e21e318-e0b1-11ea-abd8-0aedaf72edbf","groups":{},"$insert_id":"6de6ac1b-dc2a-474e-982e-c7e93a6bef2d","device_family":null,"device_manufacturer":null,"client_upload_time":"2020-08-17 17:43:09.403000","city":"Hyderabad"}
{"amplitude_event_type":null,"os_version":"78","os_name":"Chrome","location_lng":null,"ip_address":"183.83.37.189","event_time":"2020-08-17 17:43:10.186000","user_creation_time":"2020-05-17 16:12:56.601000","idfa":null,"amplitude_id":157876700889,"user_properties":{"Username":"shailendra@pictory.ai"},"server_upload_time":"2020-08-17 17:43:10.762000","paying":null,"event_type":"video-saved","library":"amplitude-js\/6.1.0","data":{},"group_properties":{},"server_received_time":"2020-08-17 17:43:10.756000","device_id":"cliqvuUZ3MCp6JqDeAVbfR","device_brand":null,"device_model":null,"version_name":null,"user_id":"shailendra@pictory.ai","location_lat":null,"device_carrier":null,"session_id":1597684301949,"platform":"Web","dma":null,"sample_rate":null,"language":"English","client_event_time":"2020-08-17 17:43:10.186000","amplitude_attribution_ids":null,"adid":null,"country":"India","processed_time":"2020-08-17 17:43:11.600427","region":"Telangana","app":277124,"start_version":null,"event_id":329,"$schema":12,"event_properties":{"project-category":"Red wine","project-name":"Red wine(1)","project-id":41142069,"save-type":"Saved Video"},"is_attribution_event":false,"device_type":null,"uuid":"1ea158a0-e0b1-11ea-abd8-0aedaf72edbf","groups":{},"$insert_id":"afdcc983-32be-4960-8287-0fc028be458e","device_family":null,"device_manufacturer":null,"client_upload_time":"2020-08-17 17:43:10.186000","city":"Hyderabad"}
