{"amplitude_event_type":null,"event_time":"2020-08-13 06:51:29.069000","uuid":"6cdc733e-dd31-11ea-9e68-068083993cbf","app":277124,"adid":null,"device_manufacturer":null,"$insert_id":"284358b3-8257-4ed2-88f3-b9a7932990c1","start_version":null,"event_properties":{"project-id":748297938},"is_attribution_event":false,"device_id":"u_AF9tpzOT_w2N274DuKbe","user_properties":{"Username":"marketing@zinrelo.com"},"user_id":"marketing@zinrelo.com","country":"India","amplitude_id":174727268466,"dma":null,"client_upload_time":"2020-08-13 06:51:29.071000","paying":null,"version_name":null,"idfa":null,"region":"Maharashtra","os_version":"84","sample_rate":null,"server_received_time":"2020-08-13 06:51:29.219000","client_event_time":"2020-08-13 06:51:29.069000","device_carrier":null,"ip_address":"42.108.239.73","device_type":null,"device_family":null,"processed_time":"2020-08-13 06:51:33.909614","session_id":1597301489069,"server_upload_time":"2020-08-13 06:51:29.237000","group_properties":{},"device_model":null,"device_brand":null,"os_name":"Chrome","location_lng":null,"amplitude_attribution_ids":null,"city":"Pune","user_creation_time":"2020-07-02 08:54:44.362000","library":"amplitude-js\/6.1.0","platform":"Web","event_id":1813,"event_type":"preview-clicked","location_lat":null,"data":{},"language":"English","groups":{},"$schema":12}
{"amplitude_event_type":null,"event_time":"2020-08-13 06:52:00.632000","uuid":"7d45e6f6-dd31-11ea-9e68-068083993cbf","app":277124,"adid":null,"device_manufacturer":null,"$insert_id":"9fc5d3a6-4f86-439b-9247-ad41baeb7c05","start_version":null,"event_properties":{"total-time":"1:36","closed-time":"0:15","project-id":748297938},"is_attribution_event":false,"device_id":"u_AF9tpzOT_w2N274DuKbe","user_properties":{"Username":"marketing@zinrelo.com"},"user_id":"marketing@zinrelo.com","country":"India","amplitude_id":174727268466,"dma":null,"client_upload_time":"2020-08-13 06:52:00.633000","paying":null,"version_name":null,"idfa":null,"region":"Maharashtra","os_version":"84","sample_rate":null,"server_received_time":"2020-08-13 06:51:59.868000","client_event_time":"2020-08-13 06:52:00.632000","device_carrier":null,"ip_address":"42.108.239.73","device_type":null,"device_family":null,"processed_time":"2020-08-13 06:52:01.402333","session_id":1597301489069,"server_upload_time":"2020-08-13 06:51:59.875000","group_properties":{},"device_model":null,"device_brand":null,"os_name":"Chrome","location_lng":null,"amplitude_attribution_ids":null,"city":"Pune","user_creation_time":"2020-07-02 08:54:44.362000","library":"amplitude-js\/6.1.0","platform":"Web","event_id":1814,"event_type":"preview-closed","location_lat":null,"data":{},"language":"English","groups":{},"$schema":12}
{"amplitude_event_type":null,"event_time":"2020-08-13 06:52:09.944000","uuid":"82f41988-dd31-11ea-9e68-068083993cbf","app":277124,"adid":null,"device_manufacturer":null,"$insert_id":"42621065-e92b-4dfd-9b1f-e883b22e281f","start_version":null,"event_properties":{"new-text":"Diane Missel started\u00a0Blue Rose Pottery \u2013 featuring Polish pottery in 1994","old-text":"Diane Missel started&nbsp;<strong>Blue Rose Pottery<\/strong> \u2013 featuring polish pottery in 1994"},"is_attribution_event":false,"device_id":"u_AF9tpzOT_w2N274DuKbe","user_properties":{"Username":"marketing@zinrelo.com"},"user_id":"marketing@zinrelo.com","country":"India","amplitude_id":174727268466,"dma":null,"client_upload_time":"2020-08-13 06:52:09.945000","paying":null,"version_name":null,"idfa":null,"region":"Maharashtra","os_version":"84","sample_rate":null,"server_received_time":"2020-08-13 06:52:09.195000","client_event_time":"2020-08-13 06:52:09.944000","device_carrier":null,"ip_address":"42.108.239.73","device_type":null,"device_family":null,"processed_time":"2020-08-13 06:52:10.900566","session_id":1597301489069,"server_upload_time":"2020-08-13 06:52:09.206000","group_properties":{},"device_model":null,"device_brand":null,"os_name":"Chrome","location_lng":null,"amplitude_attribution_ids":null,"city":"Pune","user_creation_time":"2020-07-02 08:54:44.362000","library":"amplitude-js\/6.1.0","platform":"Web","event_id":1815,"event_type":"edit-scene-text","location_lat":null,"data":{},"language":"English","groups":{},"$schema":12}
{"amplitude_event_type":null,"event_time":"2020-08-13 06:52:16.839000","uuid":"86ed5086-dd31-11ea-9e68-068083993cbf","app":277124,"adid":null,"device_manufacturer":null,"$insert_id":"245f03f8-429b-4b49-ac5e-f1902cb89bc2","start_version":null,"event_properties":{"save-type":"Saved Video","project-category":"Blue Rose Pottery - A success story","project-name":"Blue Rose Pottery -","project-id":748297938},"is_attribution_event":false,"device_id":"u_AF9tpzOT_w2N274DuKbe","user_properties":{"Username":"marketing@zinrelo.com"},"user_id":"marketing@zinrelo.com","country":"India","amplitude_id":174727268466,"dma":null,"client_upload_time":"2020-08-13 06:52:16.839000","paying":null,"version_name":null,"idfa":null,"region":"Maharashtra","os_version":"84","sample_rate":null,"server_received_time":"2020-08-13 06:52:16.068000","client_event_time":"2020-08-13 06:52:16.839000","device_carrier":null,"ip_address":"42.108.239.73","device_type":null,"device_family":null,"processed_time":"2020-08-13 06:52:17.518477","session_id":1597301489069,"server_upload_time":"2020-08-13 06:52:16.075000","group_properties":{},"device_model":null,"device_brand":null,"os_name":"Chrome","location_lng":null,"amplitude_attribution_ids":null,"city":"Pune","user_creation_time":"2020-07-02 08:54:44.362000","library":"amplitude-js\/6.1.0","platform":"Web","event_id":1816,"event_type":"video-saved","location_lat":null,"data":{},"language":"English","groups":{},"$schema":12}
{"amplitude_event_type":null,"event_time":"2020-08-13 06:52:18.415000","uuid":"8873fb62-dd31-11ea-9e68-068083993cbf","app":277124,"adid":null,"device_manufacturer":null,"$insert_id":"483f9ea2-5713-4d9b-bef7-3c3e4a8a9e82","start_version":null,"event_properties":{"project-id":748297938},"is_attribution_event":false,"device_id":"u_AF9tpzOT_w2N274DuKbe","user_properties":{"Username":"marketing@zinrelo.com"},"user_id":"marketing@zinrelo.com","country":"India","amplitude_id":174727268466,"dma":null,"client_upload_time":"2020-08-13 06:52:18.416000","paying":null,"version_name":null,"idfa":null,"region":"Maharashtra","os_version":"84","sample_rate":null,"server_received_time":"2020-08-13 06:52:17.659000","client_event_time":"2020-08-13 06:52:18.415000","device_carrier":null,"ip_address":"42.108.239.73","device_type":null,"device_family":null,"processed_time":"2020-08-13 06:52:20.071035","session_id":1597301489069,"server_upload_time":"2020-08-13 06:52:17.665000","group_properties":{},"device_model":null,"device_brand":null,"os_name":"Chrome","location_lng":null,"amplitude_attribution_ids":null,"city":"Pune","user_creation_time":"2020-07-02 08:54:44.362000","library":"amplitude-js\/6.1.0","platform":"Web","event_id":1817,"event_type":"preview-clicked","location_lat":null,"data":{},"language":"English","groups":{},"$schema":12}
{"amplitude_event_type":null,"event_time":"2020-08-13 06:52:53.062000","uuid":"9bd73264-dd31-11ea-9e68-068083993cbf","app":277124,"adid":null,"device_manufacturer":null,"$insert_id":"3627ac71-2554-4a4c-b357-e56d25338f40","start_version":null,"event_properties":{"total-time":"1:36","closed-time":"0:25","project-id":748297938},"is_attribution_event":false,"device_id":"u_AF9tpzOT_w2N274DuKbe","user_properties":{"Username":"marketing@zinrelo.com"},"user_id":"marketing@zinrelo.com","country":"India","amplitude_id":174727268466,"dma":null,"client_upload_time":"2020-08-13 06:52:53.064000","paying":null,"version_name":null,"idfa":null,"region":"Maharashtra","os_version":"84","sample_rate":null,"server_received_time":"2020-08-13 06:52:52.290000","client_event_time":"2020-08-13 06:52:53.062000","device_carrier":null,"ip_address":"42.108.239.73","device_type":null,"device_family":null,"processed_time":"2020-08-13 06:52:52.613663","session_id":1597301489069,"server_upload_time":"2020-08-13 06:52:52.298000","group_properties":{},"device_model":null,"device_brand":null,"os_name":"Chrome","location_lng":null,"amplitude_attribution_ids":null,"city":"Pune","user_creation_time":"2020-07-02 08:54:44.362000","library":"amplitude-js\/6.1.0","platform":"Web","event_id":1818,"event_type":"preview-closed","location_lat":null,"data":{},"language":"English","groups":{},"$schema":12}
{"amplitude_event_type":null,"event_time":"2020-08-13 06:52:57.507000","uuid":"9e79482c-dd31-11ea-9e68-068083993cbf","app":277124,"adid":null,"device_manufacturer":null,"$insert_id":"08d68965-5aa7-4a9f-80f8-30e65c6a7985","start_version":null,"event_properties":{"save-type":"Saved Video","project-category":"Blue Rose Pottery - A success story","project-name":"Blue Rose Pottery -","project-id":748297938},"is_attribution_event":false,"device_id":"u_AF9tpzOT_w2N274DuKbe","user_properties":{"Username":"marketing@zinrelo.com"},"user_id":"marketing@zinrelo.com","country":"India","amplitude_id":174727268466,"dma":null,"client_upload_time":"2020-08-13 06:52:57.507000","paying":null,"version_name":null,"idfa":null,"region":"Maharashtra","os_version":"84","sample_rate":null,"server_received_time":"2020-08-13 06:52:56.739000","client_event_time":"2020-08-13 06:52:57.507000","device_carrier":null,"ip_address":"42.108.239.73","device_type":null,"device_family":null,"processed_time":"2020-08-13 06:52:57.024623","session_id":1597301489069,"server_upload_time":"2020-08-13 06:52:56.745000","group_properties":{},"device_model":null,"device_brand":null,"os_name":"Chrome","location_lng":null,"amplitude_attribution_ids":null,"city":"Pune","user_creation_time":"2020-07-02 08:54:44.362000","library":"amplitude-js\/6.1.0","platform":"Web","event_id":1819,"event_type":"video-saved","location_lat":null,"data":{},"language":"English","groups":{},"$schema":12}
{"amplitude_event_type":null,"event_time":"2020-08-13 06:54:23.581000","uuid":"d1c6b1b0-dd31-11ea-9e68-068083993cbf","app":277124,"adid":null,"device_manufacturer":null,"$insert_id":"e3ab06b2-1e57-41cb-b662-68d16d7d9941","start_version":null,"event_properties":{"project-id":748297938},"is_attribution_event":false,"device_id":"u_AF9tpzOT_w2N274DuKbe","user_properties":{"Username":"marketing@zinrelo.com"},"user_id":"marketing@zinrelo.com","country":"India","amplitude_id":174727268466,"dma":null,"client_upload_time":"2020-08-13 06:54:23.583000","paying":null,"version_name":null,"idfa":null,"region":"Maharashtra","os_version":"84","sample_rate":null,"server_received_time":"2020-08-13 06:54:22.826000","client_event_time":"2020-08-13 06:54:23.581000","device_carrier":null,"ip_address":"42.108.239.73","device_type":null,"device_family":null,"processed_time":"2020-08-13 06:54:23.104107","session_id":1597301489069,"server_upload_time":"2020-08-13 06:54:22.835000","group_properties":{},"device_model":null,"device_brand":null,"os_name":"Chrome","location_lng":null,"amplitude_attribution_ids":null,"city":"Pune","user_creation_time":"2020-07-02 08:54:44.362000","library":"amplitude-js\/6.1.0","platform":"Web","event_id":1820,"event_type":"preview-clicked","location_lat":null,"data":{},"language":"English","groups":{},"$schema":12}
{"amplitude_event_type":null,"event_time":"2020-08-13 06:55:01.137000","uuid":"e8d298c4-dd31-11ea-9e68-068083993cbf","app":277124,"adid":null,"device_manufacturer":null,"$insert_id":"9aa3c3ce-5161-4e52-9c9e-9e6910af192f","start_version":null,"event_properties":{"total-time":"1:36","closed-time":"0:25","project-id":748297938},"is_attribution_event":false,"device_id":"u_AF9tpzOT_w2N274DuKbe","user_properties":{"Username":"marketing@zinrelo.com"},"user_id":"marketing@zinrelo.com","country":"India","amplitude_id":174727268466,"dma":null,"client_upload_time":"2020-08-13 06:55:01.138000","paying":null,"version_name":null,"idfa":null,"region":"Maharashtra","os_version":"84","sample_rate":null,"server_received_time":"2020-08-13 06:55:00.364000","client_event_time":"2020-08-13 06:55:01.137000","device_carrier":null,"ip_address":"42.108.239.73","device_type":null,"device_family":null,"processed_time":"2020-08-13 06:55:01.755084","session_id":1597301489069,"server_upload_time":"2020-08-13 06:55:00.374000","group_properties":{},"device_model":null,"device_brand":null,"os_name":"Chrome","location_lng":null,"amplitude_attribution_ids":null,"city":"Pune","user_creation_time":"2020-07-02 08:54:44.362000","library":"amplitude-js\/6.1.0","platform":"Web","event_id":1821,"event_type":"preview-closed","location_lat":null,"data":{},"language":"English","groups":{},"$schema":12}
{"amplitude_event_type":null,"event_time":"2020-08-13 06:55:08.351000","uuid":"ed3f27a6-dd31-11ea-9e68-068083993cbf","app":277124,"adid":null,"device_manufacturer":null,"$insert_id":"5ced9cd0-2cee-47d0-9a78-aa41d4ee507d","start_version":null,"event_properties":{"new-text":"Diane Missel started\u00a0Blue Rose Pottery \u2013 featuring Polish pottery in 1994","old-text":"Diane Missel started&nbsp;<strong>Blue Rose Pottery<\/strong> \u2013 featuring polish pottery in 1994"},"is_attribution_event":false,"device_id":"u_AF9tpzOT_w2N274DuKbe","user_properties":{"Username":"marketing@zinrelo.com"},"user_id":"marketing@zinrelo.com","country":"India","amplitude_id":174727268466,"dma":null,"client_upload_time":"2020-08-13 06:55:08.352000","paying":null,"version_name":null,"idfa":null,"region":"Maharashtra","os_version":"84","sample_rate":null,"server_received_time":"2020-08-13 06:55:07.605000","client_event_time":"2020-08-13 06:55:08.351000","device_carrier":null,"ip_address":"42.108.239.73","device_type":null,"device_family":null,"processed_time":"2020-08-13 06:55:09.182120","session_id":1597301489069,"server_upload_time":"2020-08-13 06:55:07.618000","group_properties":{},"device_model":null,"device_brand":null,"os_name":"Chrome","location_lng":null,"amplitude_attribution_ids":null,"city":"Pune","user_creation_time":"2020-07-02 08:54:44.362000","library":"amplitude-js\/6.1.0","platform":"Web","event_id":1822,"event_type":"edit-scene-text","location_lat":null,"data":{},"language":"English","groups":{},"$schema":12}
{"amplitude_event_type":null,"event_time":"2020-08-13 06:55:11.874000","uuid":"efd3429a-dd31-11ea-9e68-068083993cbf","app":277124,"adid":null,"device_manufacturer":null,"$insert_id":"369800a4-7cd5-4348-8a3a-e1d73b0f3de5","start_version":null,"event_properties":{"save-type":"Saved Video","project-category":"Blue Rose Pottery - A success story","project-name":"Blue Rose Pottery -","project-id":748297938},"is_attribution_event":false,"device_id":"u_AF9tpzOT_w2N274DuKbe","user_properties":{"Username":"marketing@zinrelo.com"},"user_id":"marketing@zinrelo.com","country":"India","amplitude_id":174727268466,"dma":null,"client_upload_time":"2020-08-13 06:55:11.874000","paying":null,"version_name":null,"idfa":null,"region":"Maharashtra","os_version":"84","sample_rate":null,"server_received_time":"2020-08-13 06:55:11.119000","client_event_time":"2020-08-13 06:55:11.874000","device_carrier":null,"ip_address":"42.108.239.73","device_type":null,"device_family":null,"processed_time":"2020-08-13 06:55:13.503735","session_id":1597301489069,"server_upload_time":"2020-08-13 06:55:11.128000","group_properties":{},"device_model":null,"device_brand":null,"os_name":"Chrome","location_lng":null,"amplitude_attribution_ids":null,"city":"Pune","user_creation_time":"2020-07-02 08:54:44.362000","library":"amplitude-js\/6.1.0","platform":"Web","event_id":1823,"event_type":"video-saved","location_lat":null,"data":{},"language":"English","groups":{},"$schema":12}
{"amplitude_event_type":null,"event_time":"2020-08-13 06:55:19.148000","uuid":"f3b488ce-dd31-11ea-9e68-068083993cbf","app":277124,"adid":null,"device_manufacturer":null,"$insert_id":"27d98299-4962-4885-be59-52464de134b9","start_version":null,"event_properties":{},"is_attribution_event":false,"device_id":"u_AF9tpzOT_w2N274DuKbe","user_properties":{"Username":"marketing@zinrelo.com"},"user_id":"marketing@zinrelo.com","country":"India","amplitude_id":174727268466,"dma":null,"client_upload_time":"2020-08-13 06:55:19.149000","paying":null,"version_name":null,"idfa":null,"region":"Maharashtra","os_version":"84","sample_rate":null,"server_received_time":"2020-08-13 06:55:18.375000","client_event_time":"2020-08-13 06:55:19.148000","device_carrier":null,"ip_address":"42.108.239.73","device_type":null,"device_family":null,"processed_time":"2020-08-13 06:55:20.052226","session_id":1597301489069,"server_upload_time":"2020-08-13 06:55:18.383000","group_properties":{},"device_model":null,"device_brand":null,"os_name":"Chrome","location_lng":null,"amplitude_attribution_ids":null,"city":"Pune","user_creation_time":"2020-07-02 08:54:44.362000","library":"amplitude-js\/6.1.0","platform":"Web","event_id":1824,"event_type":"preview-clicked","location_lat":null,"data":{},"language":"English","groups":{},"$schema":12}
{"amplitude_event_type":null,"event_time":"2020-08-13 06:55:31.593000","uuid":"fae57ebe-dd31-11ea-9e68-068083993cbf","app":277124,"adid":null,"device_manufacturer":null,"$insert_id":"f1cd7460-0401-4f09-b98e-6d292bff51ce","start_version":null,"event_properties":{"save-type":"Saved Video","project-category":"Blue Rose Pottery - A success story","project-name":"Blue Rose Pottery -","project-id":748297938},"is_attribution_event":false,"device_id":"u_AF9tpzOT_w2N274DuKbe","user_properties":{"Username":"marketing@zinrelo.com"},"user_id":"marketing@zinrelo.com","country":"India","amplitude_id":174727268466,"dma":null,"client_upload_time":"2020-08-13 06:55:31.594000","paying":null,"version_name":null,"idfa":null,"region":"Maharashtra","os_version":"84","sample_rate":null,"server_received_time":"2020-08-13 06:55:30.828000","client_event_time":"2020-08-13 06:55:31.593000","device_carrier":null,"ip_address":"42.108.239.73","device_type":null,"device_family":null,"processed_time":"2020-08-13 06:55:32.076541","session_id":1597301489069,"server_upload_time":"2020-08-13 06:55:30.834000","group_properties":{},"device_model":null,"device_brand":null,"os_name":"Chrome","location_lng":null,"amplitude_attribution_ids":null,"city":"Pune","user_creation_time":"2020-07-02 08:54:44.362000","library":"amplitude-js\/6.1.0","platform":"Web","event_id":1825,"event_type":"video-saved","location_lat":null,"data":{},"language":"English","groups":{},"$schema":12}
{"amplitude_event_type":null,"event_time":"2020-08-13 06:55:50.569000","uuid":"06560606-dd32-11ea-9e68-068083993cbf","app":277124,"adid":null,"device_manufacturer":null,"$insert_id":"1bf430c8-7963-442d-b294-176ed1b30745","start_version":null,"event_properties":{"project-id":748297938},"is_attribution_event":false,"device_id":"u_AF9tpzOT_w2N274DuKbe","user_properties":{"Username":"marketing@zinrelo.com"},"user_id":"marketing@zinrelo.com","country":"India","amplitude_id":174727268466,"dma":null,"client_upload_time":"2020-08-13 06:55:50.571000","paying":null,"version_name":null,"idfa":null,"region":"Maharashtra","os_version":"84","sample_rate":null,"server_received_time":"2020-08-13 06:55:49.799000","client_event_time":"2020-08-13 06:55:50.569000","device_carrier":null,"ip_address":"42.108.239.73","device_type":null,"device_family":null,"processed_time":"2020-08-13 06:55:51.268599","session_id":1597301489069,"server_upload_time":"2020-08-13 06:55:49.816000","group_properties":{},"device_model":null,"device_brand":null,"os_name":"Chrome","location_lng":null,"amplitude_attribution_ids":null,"city":"Pune","user_creation_time":"2020-07-02 08:54:44.362000","library":"amplitude-js\/6.1.0","platform":"Web","event_id":1826,"event_type":"preview-clicked","location_lat":null,"data":{},"language":"English","groups":{},"$schema":12}
{"amplitude_event_type":null,"event_time":"2020-08-13 06:57:38.901000","uuid":"470e773c-dd32-11ea-9e68-068083993cbf","app":277124,"adid":null,"device_manufacturer":null,"$insert_id":"cdf0dbaf-cf62-40d1-b750-1a0b5e8c6782","start_version":null,"event_properties":{"total-time":"1:36","closed-time":"1:36","project-id":748297938},"is_attribution_event":false,"device_id":"u_AF9tpzOT_w2N274DuKbe","user_properties":{"Username":"marketing@zinrelo.com"},"user_id":"marketing@zinrelo.com","country":"India","amplitude_id":174727268466,"dma":null,"client_upload_time":"2020-08-13 06:57:38.901000","paying":null,"version_name":null,"idfa":null,"region":"Maharashtra","os_version":"84","sample_rate":null,"server_received_time":"2020-08-13 06:57:38.130000","client_event_time":"2020-08-13 06:57:38.901000","device_carrier":null,"ip_address":"42.108.239.73","device_type":null,"device_family":null,"processed_time":"2020-08-13 06:57:39.875546","session_id":1597301489069,"server_upload_time":"2020-08-13 06:57:38.136000","group_properties":{},"device_model":null,"device_brand":null,"os_name":"Chrome","location_lng":null,"amplitude_attribution_ids":null,"city":"Pune","user_creation_time":"2020-07-02 08:54:44.362000","library":"amplitude-js\/6.1.0","platform":"Web","event_id":1827,"event_type":"preview-closed","location_lat":null,"data":{},"language":"English","groups":{},"$schema":12}
{"amplitude_event_type":null,"event_time":"2020-08-13 06:57:59.765000","uuid":"530acd10-dd32-11ea-9e68-068083993cbf","app":277124,"adid":null,"device_manufacturer":null,"$insert_id":"0f4288ff-38d8-40a0-99bb-7ed9675874e7","start_version":null,"event_properties":{"save-type":"Saved Video","project-category":"Blue Rose Pottery - A success story","project-name":"Blue Rose Pottery -","project-id":748297938},"is_attribution_event":false,"device_id":"u_AF9tpzOT_w2N274DuKbe","user_properties":{"Username":"marketing@zinrelo.com"},"user_id":"marketing@zinrelo.com","country":"India","amplitude_id":174727268466,"dma":null,"client_upload_time":"2020-08-13 06:57:59.766000","paying":null,"version_name":null,"idfa":null,"region":"Maharashtra","os_version":"84","sample_rate":null,"server_received_time":"2020-08-13 06:57:59.006000","client_event_time":"2020-08-13 06:57:59.765000","device_carrier":null,"ip_address":"42.108.239.73","device_type":null,"device_family":null,"processed_time":"2020-08-13 06:57:59.959400","session_id":1597301489069,"server_upload_time":"2020-08-13 06:57:59.015000","group_properties":{},"device_model":null,"device_brand":null,"os_name":"Chrome","location_lng":null,"amplitude_attribution_ids":null,"city":"Pune","user_creation_time":"2020-07-02 08:54:44.362000","library":"amplitude-js\/6.1.0","platform":"Web","event_id":1828,"event_type":"video-saved","location_lat":null,"data":{},"language":"English","groups":{},"$schema":12}
{"amplitude_event_type":null,"event_time":"2020-08-13 06:58:16.507000","uuid":"5d40a6e2-dd32-11ea-9e68-068083993cbf","app":277124,"adid":null,"device_manufacturer":null,"$insert_id":"3b01004f-f75f-4946-afad-b6e035f7ace4","start_version":null,"event_properties":{"new-text":"...and with this, they\u00a0migrated to points-based promotions","old-text":"...With Blue Rewards, Blue Rose Pottery migrated to points-based promotions"},"is_attribution_event":false,"device_id":"u_AF9tpzOT_w2N274DuKbe","user_properties":{"Username":"marketing@zinrelo.com"},"user_id":"marketing@zinrelo.com","country":"India","amplitude_id":174727268466,"dma":null,"client_upload_time":"2020-08-13 06:58:16.509000","paying":null,"version_name":null,"idfa":null,"region":"Maharashtra","os_version":"84","sample_rate":null,"server_received_time":"2020-08-13 06:58:15.750000","client_event_time":"2020-08-13 06:58:16.507000","device_carrier":null,"ip_address":"42.108.239.73","device_type":null,"device_family":null,"processed_time":"2020-08-13 06:58:17.089451","session_id":1597301489069,"server_upload_time":"2020-08-13 06:58:15.769000","group_properties":{},"device_model":null,"device_brand":null,"os_name":"Chrome","location_lng":null,"amplitude_attribution_ids":null,"city":"Pune","user_creation_time":"2020-07-02 08:54:44.362000","library":"amplitude-js\/6.1.0","platform":"Web","event_id":1829,"event_type":"edit-scene-text","location_lat":null,"data":{},"language":"English","groups":{},"$schema":12}
{"amplitude_event_type":null,"event_time":"2020-08-13 06:58:19.818000","uuid":"5f175ace-dd32-11ea-9e68-068083993cbf","app":277124,"adid":null,"device_manufacturer":null,"$insert_id":"74ef596a-b9de-4e03-8f6f-541ba56e1bbc","start_version":null,"event_properties":{"save-type":"Saved Video","project-category":"Blue Rose Pottery - A success story","project-name":"Blue Rose Pottery -","project-id":748297938},"is_attribution_event":false,"device_id":"u_AF9tpzOT_w2N274DuKbe","user_properties":{"Username":"marketing@zinrelo.com"},"user_id":"marketing@zinrelo.com","country":"India","amplitude_id":174727268466,"dma":null,"client_upload_time":"2020-08-13 06:58:19.819000","paying":null,"version_name":null,"idfa":null,"region":"Maharashtra","os_version":"84","sample_rate":null,"server_received_time":"2020-08-13 06:58:19.051000","client_event_time":"2020-08-13 06:58:19.818000","device_carrier":null,"ip_address":"42.108.239.73","device_type":null,"device_family":null,"processed_time":"2020-08-13 06:58:20.177565","session_id":1597301489069,"server_upload_time":"2020-08-13 06:58:19.059000","group_properties":{},"device_model":null,"device_brand":null,"os_name":"Chrome","location_lng":null,"amplitude_attribution_ids":null,"city":"Pune","user_creation_time":"2020-07-02 08:54:44.362000","library":"amplitude-js\/6.1.0","platform":"Web","event_id":1830,"event_type":"video-saved","location_lat":null,"data":{},"language":"English","groups":{},"$schema":12}
{"amplitude_event_type":null,"event_time":"2020-08-13 06:58:36.305000","uuid":"692e93c4-dd32-11ea-9e68-068083993cbf","app":277124,"adid":null,"device_manufacturer":null,"$insert_id":"10080891-1095-4089-816e-e31d84fe85e6","start_version":null,"event_properties":{"highlight-text":"Blue Rewards","scene-text":"Blue Rose Pottery partnered with Zinrelo to launch <strong>Blue Rewards<\/strong>..."},"is_attribution_event":false,"device_id":"u_AF9tpzOT_w2N274DuKbe","user_properties":{"Username":"marketing@zinrelo.com"},"user_id":"marketing@zinrelo.com","country":"India","amplitude_id":174727268466,"dma":null,"client_upload_time":"2020-08-13 06:58:36.305000","paying":null,"version_name":null,"idfa":null,"region":"Maharashtra","os_version":"84","sample_rate":null,"server_received_time":"2020-08-13 06:58:35.535000","client_event_time":"2020-08-13 06:58:36.305000","device_carrier":null,"ip_address":"42.108.239.73","device_type":null,"device_family":null,"processed_time":"2020-08-13 06:58:37.161486","session_id":1597301489069,"server_upload_time":"2020-08-13 06:58:35.544000","group_properties":{},"device_model":null,"device_brand":null,"os_name":"Chrome","location_lng":null,"amplitude_attribution_ids":null,"city":"Pune","user_creation_time":"2020-07-02 08:54:44.362000","library":"amplitude-js\/6.1.0","platform":"Web","event_id":1831,"event_type":"highlight-text","location_lat":null,"data":{},"language":"English","groups":{},"$schema":12}
{"amplitude_event_type":null,"event_time":"2020-08-13 06:58:40.524000","uuid":"6baafe12-dd32-11ea-9e68-068083993cbf","app":277124,"adid":null,"device_manufacturer":null,"$insert_id":"638f4f1c-fabb-4d36-8fbe-1298ad2a3d54","start_version":null,"event_properties":{"save-type":"Saved Video","project-category":"Blue Rose Pottery - A success story","project-name":"Blue Rose Pottery -","project-id":748297938},"is_attribution_event":false,"device_id":"u_AF9tpzOT_w2N274DuKbe","user_properties":{"Username":"marketing@zinrelo.com"},"user_id":"marketing@zinrelo.com","country":"India","amplitude_id":174727268466,"dma":null,"client_upload_time":"2020-08-13 06:58:40.524000","paying":null,"version_name":null,"idfa":null,"region":"Maharashtra","os_version":"84","sample_rate":null,"server_received_time":"2020-08-13 06:58:39.767000","client_event_time":"2020-08-13 06:58:40.524000","device_carrier":null,"ip_address":"42.108.239.73","device_type":null,"device_family":null,"processed_time":"2020-08-13 06:58:41.278724","session_id":1597301489069,"server_upload_time":"2020-08-13 06:58:39.777000","group_properties":{},"device_model":null,"device_brand":null,"os_name":"Chrome","location_lng":null,"amplitude_attribution_ids":null,"city":"Pune","user_creation_time":"2020-07-02 08:54:44.362000","library":"amplitude-js\/6.1.0","platform":"Web","event_id":1832,"event_type":"video-saved","location_lat":null,"data":{},"language":"English","groups":{},"$schema":12}
{"amplitude_event_type":null,"event_time":"2020-08-13 06:58:48.363000","uuid":"6fc14dbc-dd32-11ea-9e68-068083993cbf","app":277124,"adid":null,"device_manufacturer":null,"$insert_id":"897efc93-72ea-4df7-8407-423c074c26e9","start_version":null,"event_properties":{"save-type":"Saved Video","project-category":"Blue Rose Pottery - A success story","project-name":"Blue Rose Pottery -","project-id":748297938},"is_attribution_event":false,"device_id":"u_AF9tpzOT_w2N274DuKbe","user_properties":{"Username":"marketing@zinrelo.com"},"user_id":"marketing@zinrelo.com","country":"India","amplitude_id":174727268466,"dma":null,"client_upload_time":"2020-08-13 06:58:48.363000","paying":null,"version_name":null,"idfa":null,"region":"Maharashtra","os_version":"84","sample_rate":null,"server_received_time":"2020-08-13 06:58:47.606000","client_event_time":"2020-08-13 06:58:48.363000","device_carrier":null,"ip_address":"42.108.239.73","device_type":null,"device_family":null,"processed_time":"2020-08-13 06:58:48.133523","session_id":1597301489069,"server_upload_time":"2020-08-13 06:58:47.615000","group_properties":{},"device_model":null,"device_brand":null,"os_name":"Chrome","location_lng":null,"amplitude_attribution_ids":null,"city":"Pune","user_creation_time":"2020-07-02 08:54:44.362000","library":"amplitude-js\/6.1.0","platform":"Web","event_id":1833,"event_type":"video-saved","location_lat":null,"data":{},"language":"English","groups":{},"$schema":12}
{"amplitude_event_type":null,"event_time":"2020-08-13 06:59:07.991000","uuid":"7bf5400c-dd32-11ea-9e68-068083993cbf","app":277124,"adid":null,"device_manufacturer":null,"$insert_id":"88e8bc85-5e0f-4fef-9d33-e09d82db8b4b","start_version":null,"event_properties":{"scene-number":7,"scene-text":"<div style=\"width: 100%; height:100%; display: inline; position: relative; right: unset;left: unset;\" class=\"sentences\"><p style=\"white-space: normal;width:100%;font-size: 18px\"><span>Various points earning opportunities, created a 360-degree engagement for customers<\/span><\/p><\/div>"},"is_attribution_event":false,"device_id":"u_AF9tpzOT_w2N274DuKbe","user_properties":{"Username":"marketing@zinrelo.com"},"user_id":"marketing@zinrelo.com","country":"India","amplitude_id":174727268466,"dma":null,"client_upload_time":"2020-08-13 06:59:07.992000","paying":null,"version_name":null,"idfa":null,"region":"Maharashtra","os_version":"84","sample_rate":null,"server_received_time":"2020-08-13 06:59:07.229000","client_event_time":"2020-08-13 06:59:07.991000","device_carrier":null,"ip_address":"42.108.239.73","device_type":null,"device_family":null,"processed_time":"2020-08-13 06:59:08.630728","session_id":1597301489069,"server_upload_time":"2020-08-13 06:59:07.239000","group_properties":{},"device_model":null,"device_brand":null,"os_name":"Chrome","location_lng":null,"amplitude_attribution_ids":null,"city":"Pune","user_creation_time":"2020-07-02 08:54:44.362000","library":"amplitude-js\/6.1.0","platform":"Web","event_id":1834,"event_type":"remove-all-highlight","location_lat":null,"data":{},"language":"English","groups":{},"$schema":12}
{"amplitude_event_type":null,"event_time":"2020-08-13 06:59:12.398000","uuid":"7efb25aa-dd32-11ea-9e68-068083993cbf","app":277124,"adid":null,"device_manufacturer":null,"$insert_id":"1776f920-7263-44a4-8555-49d3c92ce735","start_version":null,"event_properties":{"highlight-text":"360-degree engagement","scene-text":"Various points earning opportunities, created a <strong>360-degree engagement<\/strong> for customers"},"is_attribution_event":false,"device_id":"u_AF9tpzOT_w2N274DuKbe","user_properties":{"Username":"marketing@zinrelo.com"},"user_id":"marketing@zinrelo.com","country":"India","amplitude_id":174727268466,"dma":null,"client_upload_time":"2020-08-13 06:59:12.399000","paying":null,"version_name":null,"idfa":null,"region":"Maharashtra","os_version":"84","sample_rate":null,"server_received_time":"2020-08-13 06:59:11.621000","client_event_time":"2020-08-13 06:59:12.398000","device_carrier":null,"ip_address":"42.108.239.73","device_type":null,"device_family":null,"processed_time":"2020-08-13 06:59:13.677377","session_id":1597301489069,"server_upload_time":"2020-08-13 06:59:11.634000","group_properties":{},"device_model":null,"device_brand":null,"os_name":"Chrome","location_lng":null,"amplitude_attribution_ids":null,"city":"Pune","user_creation_time":"2020-07-02 08:54:44.362000","library":"amplitude-js\/6.1.0","platform":"Web","event_id":1835,"event_type":"highlight-text","location_lat":null,"data":{},"language":"English","groups":{},"$schema":12}
{"amplitude_event_type":null,"event_time":"2020-08-13 06:59:13.644000","uuid":"7efb2d3e-dd32-11ea-9e68-068083993cbf","app":277124,"adid":null,"device_manufacturer":null,"$insert_id":"b4234b74-4a65-4b51-bdc6-2fa698a108b6","start_version":null,"event_properties":{"new-text":"Various points earning opportunities, created a 360-degree engagement for customers","old-text":"Various points earning opportunities, created a 360-degree engagement for <strong>customers<\/strong>"},"is_attribution_event":false,"device_id":"u_AF9tpzOT_w2N274DuKbe","user_properties":{"Username":"marketing@zinrelo.com"},"user_id":"marketing@zinrelo.com","country":"India","amplitude_id":174727268466,"dma":null,"client_upload_time":"2020-08-13 06:59:13.645000","paying":null,"version_name":null,"idfa":null,"region":"Maharashtra","os_version":"84","sample_rate":null,"server_received_time":"2020-08-13 06:59:12.878000","client_event_time":"2020-08-13 06:59:13.644000","device_carrier":null,"ip_address":"42.108.239.73","device_type":null,"device_family":null,"processed_time":"2020-08-13 06:59:13.680052","session_id":1597301489069,"server_upload_time":"2020-08-13 06:59:12.895000","group_properties":{},"device_model":null,"device_brand":null,"os_name":"Chrome","location_lng":null,"amplitude_attribution_ids":null,"city":"Pune","user_creation_time":"2020-07-02 08:54:44.362000","library":"amplitude-js\/6.1.0","platform":"Web","event_id":1836,"event_type":"edit-scene-text","location_lat":null,"data":{},"language":"English","groups":{},"$schema":12}
{"amplitude_event_type":null,"event_time":"2020-08-13 06:59:16.857000","uuid":"80e0057a-dd32-11ea-9e68-068083993cbf","app":277124,"adid":null,"device_manufacturer":null,"$insert_id":"a39d0b7c-76b8-41c9-9ef0-3d623f5780f7","start_version":null,"event_properties":{"save-type":"Saved Video","project-category":"Blue Rose Pottery - A success story","project-name":"Blue Rose Pottery -","project-id":748297938},"is_attribution_event":false,"device_id":"u_AF9tpzOT_w2N274DuKbe","user_properties":{"Username":"marketing@zinrelo.com"},"user_id":"marketing@zinrelo.com","country":"India","amplitude_id":174727268466,"dma":null,"client_upload_time":"2020-08-13 06:59:16.858000","paying":null,"version_name":null,"idfa":null,"region":"Maharashtra","os_version":"84","sample_rate":null,"server_received_time":"2020-08-13 06:59:16.088000","client_event_time":"2020-08-13 06:59:16.857000","device_carrier":null,"ip_address":"42.108.239.73","device_type":null,"device_family":null,"processed_time":"2020-08-13 06:59:16.859830","session_id":1597301489069,"server_upload_time":"2020-08-13 06:59:16.101000","group_properties":{},"device_model":null,"device_brand":null,"os_name":"Chrome","location_lng":null,"amplitude_attribution_ids":null,"city":"Pune","user_creation_time":"2020-07-02 08:54:44.362000","library":"amplitude-js\/6.1.0","platform":"Web","event_id":1837,"event_type":"video-saved","location_lat":null,"data":{},"language":"English","groups":{},"$schema":12}
{"amplitude_event_type":null,"event_time":"2020-08-13 06:59:37.159000","uuid":"8d3e1f14-dd32-11ea-9e68-068083993cbf","app":277124,"adid":null,"device_manufacturer":null,"$insert_id":"e0d6ad64-51d1-480d-b3f4-9edafaf7ca8d","start_version":null,"event_properties":{"highlight-text":"attractive rewa","scene-text":"The points earned, could be exchanged for attractive <strong><strong>rewards<\/strong><\/strong>"},"is_attribution_event":false,"device_id":"u_AF9tpzOT_w2N274DuKbe","user_properties":{"Username":"marketing@zinrelo.com"},"user_id":"marketing@zinrelo.com","country":"India","amplitude_id":174727268466,"dma":null,"client_upload_time":"2020-08-13 06:59:37.160000","paying":null,"version_name":null,"idfa":null,"region":"Maharashtra","os_version":"84","sample_rate":null,"server_received_time":"2020-08-13 06:59:36.406000","client_event_time":"2020-08-13 06:59:37.159000","device_carrier":null,"ip_address":"42.108.239.73","device_type":null,"device_family":null,"processed_time":"2020-08-13 06:59:37.605992","session_id":1597301489069,"server_upload_time":"2020-08-13 06:59:36.417000","group_properties":{},"device_model":null,"device_brand":null,"os_name":"Chrome","location_lng":null,"amplitude_attribution_ids":null,"city":"Pune","user_creation_time":"2020-07-02 08:54:44.362000","library":"amplitude-js\/6.1.0","platform":"Web","event_id":1838,"event_type":"highlight-text","location_lat":null,"data":{},"language":"English","groups":{},"$schema":12}
{"amplitude_event_type":null,"event_time":"2020-08-13 06:59:42.823000","uuid":"911619d4-dd32-11ea-9e68-068083993cbf","app":277124,"adid":null,"device_manufacturer":null,"$insert_id":"5106b6c1-86ee-4729-992e-4681d3cbe128","start_version":null,"event_properties":{"highlight-text":"attractive rew","scene-text":"The points earned, could be exchanged for attractive <strong><strong><strong>rewards<\/strong><\/strong><\/strong>"},"is_attribution_event":false,"device_id":"u_AF9tpzOT_w2N274DuKbe","user_properties":{"Username":"marketing@zinrelo.com"},"user_id":"marketing@zinrelo.com","country":"India","amplitude_id":174727268466,"dma":null,"client_upload_time":"2020-08-13 06:59:42.824000","paying":null,"version_name":null,"idfa":null,"region":"Maharashtra","os_version":"84","sample_rate":null,"server_received_time":"2020-08-13 06:59:42.065000","client_event_time":"2020-08-13 06:59:42.823000","device_carrier":null,"ip_address":"42.108.239.73","device_type":null,"device_family":null,"processed_time":"2020-08-13 06:59:44.055690","session_id":1597301489069,"server_upload_time":"2020-08-13 06:59:42.073000","group_properties":{},"device_model":null,"device_brand":null,"os_name":"Chrome","location_lng":null,"amplitude_attribution_ids":null,"city":"Pune","user_creation_time":"2020-07-02 08:54:44.362000","library":"amplitude-js\/6.1.0","platform":"Web","event_id":1839,"event_type":"highlight-text","location_lat":null,"data":{},"language":"English","groups":{},"$schema":12}
{"amplitude_event_type":null,"event_time":"2020-08-13 06:59:44.973000","uuid":"923e1460-dd32-11ea-9e68-068083993cbf","app":277124,"adid":null,"device_manufacturer":null,"$insert_id":"fe0b8cc4-b03e-4013-bc7e-2a045770a17a","start_version":null,"event_properties":{"scene-number":8,"scene-text":"<div style=\"width: 100%; height:100%; display: inline; position: relative; right: unset;left: unset;\" class=\"sentences\"><p style=\"white-space: normal;width:100%;font-size: 18px\"><span>The points earned, could be exchanged for attractive rewards<\/span><\/p><\/div>"},"is_attribution_event":false,"device_id":"u_AF9tpzOT_w2N274DuKbe","user_properties":{"Username":"marketing@zinrelo.com"},"user_id":"marketing@zinrelo.com","country":"India","amplitude_id":174727268466,"dma":null,"client_upload_time":"2020-08-13 06:59:44.974000","paying":null,"version_name":null,"idfa":null,"region":"Maharashtra","os_version":"84","sample_rate":null,"server_received_time":"2020-08-13 06:59:44.216000","client_event_time":"2020-08-13 06:59:44.973000","device_carrier":null,"ip_address":"42.108.239.73","device_type":null,"device_family":null,"processed_time":"2020-08-13 06:59:45.996501","session_id":1597301489069,"server_upload_time":"2020-08-13 06:59:44.226000","group_properties":{},"device_model":null,"device_brand":null,"os_name":"Chrome","location_lng":null,"amplitude_attribution_ids":null,"city":"Pune","user_creation_time":"2020-07-02 08:54:44.362000","library":"amplitude-js\/6.1.0","platform":"Web","event_id":1840,"event_type":"remove-all-highlight","location_lat":null,"data":{},"language":"English","groups":{},"$schema":12}
{"amplitude_event_type":null,"event_time":"2020-08-13 06:59:49.053000","uuid":"94a4b358-dd32-11ea-9e68-068083993cbf","app":277124,"adid":null,"device_manufacturer":null,"$insert_id":"2ef3fcf5-aa8e-4019-8444-6475fc5077b7","start_version":null,"event_properties":{"highlight-text":"attractive rewards","scene-text":"The points earned, could be exchanged for <strong>attractive rewards<\/strong>"},"is_attribution_event":false,"device_id":"u_AF9tpzOT_w2N274DuKbe","user_properties":{"Username":"marketing@zinrelo.com"},"user_id":"marketing@zinrelo.com","country":"India","amplitude_id":174727268466,"dma":null,"client_upload_time":"2020-08-13 06:59:49.053000","paying":null,"version_name":null,"idfa":null,"region":"Maharashtra","os_version":"84","sample_rate":null,"server_received_time":"2020-08-13 06:59:48.276000","client_event_time":"2020-08-13 06:59:49.053000","device_carrier":null,"ip_address":"42.108.239.73","device_type":null,"device_family":null,"processed_time":"2020-08-13 06:59:50.043687","session_id":1597301489069,"server_upload_time":"2020-08-13 06:59:48.285000","group_properties":{},"device_model":null,"device_brand":null,"os_name":"Chrome","location_lng":null,"amplitude_attribution_ids":null,"city":"Pune","user_creation_time":"2020-07-02 08:54:44.362000","library":"amplitude-js\/6.1.0","platform":"Web","event_id":1841,"event_type":"highlight-text","location_lat":null,"data":{},"language":"English","groups":{},"$schema":12}
{"amplitude_event_type":null,"event_time":"2020-08-13 06:59:50.140000","uuid":"94a4bfec-dd32-11ea-9e68-068083993cbf","app":277124,"adid":null,"device_manufacturer":null,"$insert_id":"7eca8daa-4df1-4a65-bb0a-9a1ea5ea2157","start_version":null,"event_properties":{"new-text":"The points earned, could be exchanged for attractive rewards","old-text":"The points earned, could be exchanged for attractive <strong>rewards<\/strong>"},"is_attribution_event":false,"device_id":"u_AF9tpzOT_w2N274DuKbe","user_properties":{"Username":"marketing@zinrelo.com"},"user_id":"marketing@zinrelo.com","country":"India","amplitude_id":174727268466,"dma":null,"client_upload_time":"2020-08-13 06:59:50.141000","paying":null,"version_name":null,"idfa":null,"region":"Maharashtra","os_version":"84","sample_rate":null,"server_received_time":"2020-08-13 06:59:49.394000","client_event_time":"2020-08-13 06:59:50.140000","device_carrier":null,"ip_address":"42.108.239.73","device_type":null,"device_family":null,"processed_time":"2020-08-13 06:59:50.049934","session_id":1597301489069,"server_upload_time":"2020-08-13 06:59:49.400000","group_properties":{},"device_model":null,"device_brand":null,"os_name":"Chrome","location_lng":null,"amplitude_attribution_ids":null,"city":"Pune","user_creation_time":"2020-07-02 08:54:44.362000","library":"amplitude-js\/6.1.0","platform":"Web","event_id":1842,"event_type":"edit-scene-text","location_lat":null,"data":{},"language":"English","groups":{},"$schema":12}
{"amplitude_event_type":null,"event_time":"2020-08-13 06:59:52.898000","uuid":"96b68f40-dd32-11ea-9e68-068083993cbf","app":277124,"adid":null,"device_manufacturer":null,"$insert_id":"8ca472ad-ed15-4e2d-b111-8780d04c0826","start_version":null,"event_properties":{"save-type":"Saved Video","project-category":"Blue Rose Pottery - A success story","project-name":"Blue Rose Pottery -","project-id":748297938},"is_attribution_event":false,"device_id":"u_AF9tpzOT_w2N274DuKbe","user_properties":{"Username":"marketing@zinrelo.com"},"user_id":"marketing@zinrelo.com","country":"India","amplitude_id":174727268466,"dma":null,"client_upload_time":"2020-08-13 06:59:52.898000","paying":null,"version_name":null,"idfa":null,"region":"Maharashtra","os_version":"84","sample_rate":null,"server_received_time":"2020-08-13 06:59:52.147000","client_event_time":"2020-08-13 06:59:52.898000","device_carrier":null,"ip_address":"42.108.239.73","device_type":null,"device_family":null,"processed_time":"2020-08-13 06:59:53.493477","session_id":1597301489069,"server_upload_time":"2020-08-13 06:59:52.156000","group_properties":{},"device_model":null,"device_brand":null,"os_name":"Chrome","location_lng":null,"amplitude_attribution_ids":null,"city":"Pune","user_creation_time":"2020-07-02 08:54:44.362000","library":"amplitude-js\/6.1.0","platform":"Web","event_id":1843,"event_type":"video-saved","location_lat":null,"data":{},"language":"English","groups":{},"$schema":12}
