{"library":"amplitude-js\/6.1.0","$schema":12,"session_id":1597647714673,"device_id":"92FLyLhyrIBXgboC9HUAvx","country":"India","city":"Hyderabad","amplitude_id":157876700889,"device_family":null,"start_version":null,"client_event_time":"2020-08-17 07:02:29.668000","event_id":405,"sample_rate":null,"dma":null,"paying":null,"adid":null,"os_name":"Chrome","version_name":null,"server_received_time":"2020-08-17 07:02:29.801000","idfa":null,"user_creation_time":"2020-05-17 16:12:56.601000","device_brand":null,"os_version":"80","data":{},"server_upload_time":"2020-08-17 07:02:29.813000","event_properties":{"article-link":"https:\/\/www.corestack.io\/blog\/corestack-is-now-gdpr-compliant\/","project-id":725746883},"groups":{},"user_properties":{"Username":"shailendra@pictory.ai"},"device_model":null,"amplitude_attribution_ids":null,"ip_address":"183.83.37.189","$insert_id":"3e41c32d-7d42-4bfa-88e0-461cead845ab","uuid":"9f175ade-e057-11ea-b36a-02011acbc1dd","event_time":"2020-08-17 07:02:29.668000","device_type":null,"amplitude_event_type":null,"location_lng":null,"processed_time":"2020-08-17 07:02:32.424543","device_carrier":null,"location_lat":null,"group_properties":{},"language":"English","client_upload_time":"2020-08-17 07:02:29.670000","region":"Telangana","event_type":"start-with-article","app":277124,"device_manufacturer":null,"platform":"Web","user_id":"shailendra@pictory.ai","is_attribution_event":false}
{"library":"amplitude-js\/6.1.0","$schema":12,"session_id":1597647714673,"device_id":"92FLyLhyrIBXgboC9HUAvx","country":"India","city":"Hyderabad","amplitude_id":157876700889,"device_family":null,"start_version":null,"client_event_time":"2020-08-17 07:02:38.400000","event_id":406,"sample_rate":null,"dma":null,"paying":null,"adid":null,"os_name":"Chrome","version_name":null,"server_received_time":"2020-08-17 07:02:38.536000","idfa":null,"user_creation_time":"2020-05-17 16:12:56.601000","device_brand":null,"os_version":"80","data":{},"server_upload_time":"2020-08-17 07:02:38.542000","event_properties":{"article-link":"https:\/\/www.corestack.io\/blog\/corestack-is-now-gdpr-compliant\/","project-id":725746883,"total-selected-sentences":5},"groups":{},"user_properties":{"Username":"shailendra@pictory.ai"},"device_model":null,"amplitude_attribution_ids":null,"ip_address":"183.83.37.189","$insert_id":"adda960a-cd19-4fae-a2cb-d8585f4d68a5","uuid":"a40623ae-e057-11ea-b36a-02011acbc1dd","event_time":"2020-08-17 07:02:38.400000","device_type":null,"amplitude_event_type":null,"location_lng":null,"processed_time":"2020-08-17 07:02:40.698793","device_carrier":null,"location_lat":null,"group_properties":{},"language":"English","client_upload_time":"2020-08-17 07:02:38.406000","region":"Telangana","event_type":"next-button-pressed","app":277124,"device_manufacturer":null,"platform":"Web","user_id":"shailendra@pictory.ai","is_attribution_event":false}
{"library":"amplitude-js\/6.1.0","$schema":12,"session_id":1597647714673,"device_id":"92FLyLhyrIBXgboC9HUAvx","country":"India","city":"Hyderabad","amplitude_id":157876700889,"device_family":null,"start_version":null,"client_event_time":"2020-08-17 07:03:04.469000","event_id":407,"sample_rate":null,"dma":null,"paying":null,"adid":null,"os_name":"Chrome","version_name":null,"server_received_time":"2020-08-17 07:03:04.602000","idfa":null,"user_creation_time":"2020-05-17 16:12:56.601000","device_brand":null,"os_version":"80","data":{},"server_upload_time":"2020-08-17 07:03:04.617000","event_properties":{"project-id":725746883,"track-name":"All We Know"},"groups":{},"user_properties":{"Username":"shailendra@pictory.ai"},"device_model":null,"amplitude_attribution_ids":null,"ip_address":"183.83.37.189","$insert_id":"5dbe33bd-6833-45b2-95ac-66391ca958b1","uuid":"b3e736dc-e057-11ea-b36a-02011acbc1dd","event_time":"2020-08-17 07:03:04.469000","device_type":null,"amplitude_event_type":null,"location_lng":null,"processed_time":"2020-08-17 07:03:07.339166","device_carrier":null,"location_lat":null,"group_properties":{},"language":"English","client_upload_time":"2020-08-17 07:03:04.471000","region":"Telangana","event_type":"track-deselected","app":277124,"device_manufacturer":null,"platform":"Web","user_id":"shailendra@pictory.ai","is_attribution_event":false}
{"library":"amplitude-js\/6.1.0","$schema":12,"session_id":1597647714673,"device_id":"92FLyLhyrIBXgboC9HUAvx","country":"India","city":"Hyderabad","amplitude_id":157876700889,"device_family":null,"start_version":null,"client_event_time":"2020-08-17 07:03:05.429000","event_id":408,"sample_rate":null,"dma":null,"paying":null,"adid":null,"os_name":"Chrome","version_name":null,"server_received_time":"2020-08-17 07:03:06.459000","idfa":null,"user_creation_time":"2020-05-17 16:12:56.601000","device_brand":null,"os_version":"80","data":{},"server_upload_time":"2020-08-17 07:03:06.464000","event_properties":{"project-name":"CoreStack is now GDP(3)","save-type":"New Video","project-id":725746883,"project-category":"CoreStack is now GDP(3)"},"groups":{},"user_properties":{"Username":"shailendra@pictory.ai"},"device_model":null,"amplitude_attribution_ids":null,"ip_address":"183.83.37.189","$insert_id":"4aa51c57-eb7f-4394-b911-6b23e657a657","uuid":"b50f62dc-e057-11ea-b36a-02011acbc1dd","event_time":"2020-08-17 07:03:05.429000","device_type":null,"amplitude_event_type":null,"location_lng":null,"processed_time":"2020-08-17 07:03:09.291968","device_carrier":null,"location_lat":null,"group_properties":{},"language":"English","client_upload_time":"2020-08-17 07:03:06.259000","region":"Telangana","event_type":"video-saved","app":277124,"device_manufacturer":null,"platform":"Web","user_id":"shailendra@pictory.ai","is_attribution_event":false}
{"library":"amplitude-js\/6.1.0","$schema":12,"session_id":1597647714673,"device_id":"92FLyLhyrIBXgboC9HUAvx","country":"India","city":"Hyderabad","amplitude_id":157876700889,"device_family":null,"start_version":null,"client_event_time":"2020-08-17 07:03:11.770000","event_id":409,"sample_rate":null,"dma":null,"paying":null,"adid":null,"os_name":"Chrome","version_name":null,"server_received_time":"2020-08-17 07:03:11.899000","idfa":null,"user_creation_time":"2020-05-17 16:12:56.601000","device_brand":null,"os_version":"80","data":{},"server_upload_time":"2020-08-17 07:03:11.909000","event_properties":{"project-id":725746883,"track-name":"All We Know"},"groups":{},"user_properties":{"Username":"shailendra@pictory.ai"},"device_model":null,"amplitude_attribution_ids":null,"ip_address":"183.83.37.189","$insert_id":"7ce0b31a-0a36-4c00-83ef-0be7df758e33","uuid":"b8555c44-e057-11ea-b36a-02011acbc1dd","event_time":"2020-08-17 07:03:11.770000","device_type":null,"amplitude_event_type":null,"location_lng":null,"processed_time":"2020-08-17 07:03:14.775524","device_carrier":null,"location_lat":null,"group_properties":{},"language":"English","client_upload_time":"2020-08-17 07:03:11.772000","region":"Telangana","event_type":"track-selected","app":277124,"device_manufacturer":null,"platform":"Web","user_id":"shailendra@pictory.ai","is_attribution_event":false}
{"library":"amplitude-js\/6.1.0","$schema":12,"session_id":1597647714673,"device_id":"92FLyLhyrIBXgboC9HUAvx","country":"India","city":"Hyderabad","amplitude_id":157876700889,"device_family":null,"start_version":null,"client_event_time":"2020-08-17 07:03:14.407000","event_id":410,"sample_rate":null,"dma":null,"paying":null,"adid":null,"os_name":"Chrome","version_name":null,"server_received_time":"2020-08-17 07:03:14.581000","idfa":null,"user_creation_time":"2020-05-17 16:12:56.601000","device_brand":null,"os_version":"80","data":{},"server_upload_time":"2020-08-17 07:03:14.597000","event_properties":{"project-name":"CoreStack is now GDP(3)","save-type":"Saved Video","project-id":725746883,"project-category":"CoreStack is now GDP(3)"},"groups":{},"user_properties":{"Username":"shailendra@pictory.ai"},"device_model":null,"amplitude_attribution_ids":null,"ip_address":"183.83.37.189","$insert_id":"2879d549-96ca-4cbc-926e-87c02803c7f4","uuid":"ba34b65e-e057-11ea-b36a-02011acbc1dd","event_time":"2020-08-17 07:03:14.407000","device_type":null,"amplitude_event_type":null,"location_lng":null,"processed_time":"2020-08-17 07:03:17.906158","device_carrier":null,"location_lat":null,"group_properties":{},"language":"English","client_upload_time":"2020-08-17 07:03:14.409000","region":"Telangana","event_type":"video-saved","app":277124,"device_manufacturer":null,"platform":"Web","user_id":"shailendra@pictory.ai","is_attribution_event":false}
{"library":"amplitude-js\/6.1.0","$schema":12,"session_id":1597647714673,"device_id":"92FLyLhyrIBXgboC9HUAvx","country":"India","city":"Hyderabad","amplitude_id":157876700889,"device_family":null,"start_version":null,"client_event_time":"2020-08-17 07:03:21.758000","event_id":411,"sample_rate":null,"dma":null,"paying":null,"adid":null,"os_name":"Chrome","version_name":null,"server_received_time":"2020-08-17 07:03:21.888000","idfa":null,"user_creation_time":"2020-05-17 16:12:56.601000","device_brand":null,"os_version":"80","data":{},"server_upload_time":"2020-08-17 07:03:21.901000","event_properties":{"search-term":"business","project-id":725746883,"search-type":"All"},"groups":{},"user_properties":{"Username":"shailendra@pictory.ai"},"device_model":null,"amplitude_attribution_ids":null,"ip_address":"183.83.37.189","$insert_id":"d017d4ab-c2f4-4bb1-85eb-deb780bce773","uuid":"bfdacca6-e057-11ea-b36a-02011acbc1dd","event_time":"2020-08-17 07:03:21.758000","device_type":null,"amplitude_event_type":null,"location_lng":null,"processed_time":"2020-08-17 07:03:27.408055","device_carrier":null,"location_lat":null,"group_properties":{},"language":"English","client_upload_time":"2020-08-17 07:03:21.759000","region":"Telangana","event_type":"asset-searched","app":277124,"device_manufacturer":null,"platform":"Web","user_id":"shailendra@pictory.ai","is_attribution_event":false}
{"library":"amplitude-js\/6.1.0","$schema":12,"session_id":1597647714673,"device_id":"92FLyLhyrIBXgboC9HUAvx","country":"India","city":"Hyderabad","amplitude_id":157876700889,"device_family":null,"start_version":null,"client_event_time":"2020-08-17 07:03:44.364000","event_id":412,"sample_rate":null,"dma":null,"paying":null,"adid":null,"os_name":"Chrome","version_name":null,"server_received_time":"2020-08-17 07:03:44.520000","idfa":null,"user_creation_time":"2020-05-17 16:12:56.601000","device_brand":null,"os_version":"80","data":{},"server_upload_time":"2020-08-17 07:03:44.528000","event_properties":{"search-term":"business","project-id":725746883,"search-type":"All"},"groups":{},"user_properties":{"Username":"shailendra@pictory.ai"},"device_model":null,"amplitude_attribution_ids":null,"ip_address":"183.83.37.189","$insert_id":"288c920e-7b57-4c11-a603-9ad162b4643d","uuid":"cb7ca37c-e057-11ea-b36a-02011acbc1dd","event_time":"2020-08-17 07:03:44.364000","device_type":null,"amplitude_event_type":null,"location_lng":null,"processed_time":"2020-08-17 07:03:46.905594","device_carrier":null,"location_lat":null,"group_properties":{},"language":"English","client_upload_time":"2020-08-17 07:03:44.367000","region":"Telangana","event_type":"asset-searched","app":277124,"device_manufacturer":null,"platform":"Web","user_id":"shailendra@pictory.ai","is_attribution_event":false}
{"library":"amplitude-js\/6.1.0","$schema":12,"session_id":1597647714673,"device_id":"92FLyLhyrIBXgboC9HUAvx","country":"India","city":"Hyderabad","amplitude_id":157876700889,"device_family":null,"start_version":null,"client_event_time":"2020-08-17 07:04:00.300000","event_id":413,"sample_rate":null,"dma":null,"paying":null,"adid":null,"os_name":"Chrome","version_name":null,"server_received_time":"2020-08-17 07:04:00.459000","idfa":null,"user_creation_time":"2020-05-17 16:12:56.601000","device_brand":null,"os_version":"80","data":{},"server_upload_time":"2020-08-17 07:04:00.471000","event_properties":{"search-term":"business","project-id":725746883,"search-type":"All"},"groups":{},"user_properties":{"Username":"shailendra@pictory.ai"},"device_model":null,"amplitude_attribution_ids":null,"ip_address":"183.83.37.189","$insert_id":"9285e1aa-ea6e-4f66-b0a8-965eac60a2f5","uuid":"d5177ce0-e057-11ea-b36a-02011acbc1dd","event_time":"2020-08-17 07:04:00.300000","device_type":null,"amplitude_event_type":null,"location_lng":null,"processed_time":"2020-08-17 07:04:03.027117","device_carrier":null,"location_lat":null,"group_properties":{},"language":"English","client_upload_time":"2020-08-17 07:04:00.302000","region":"Telangana","event_type":"asset-searched","app":277124,"device_manufacturer":null,"platform":"Web","user_id":"shailendra@pictory.ai","is_attribution_event":false}
{"library":"amplitude-js\/6.1.0","$schema":12,"session_id":1597647714673,"device_id":"92FLyLhyrIBXgboC9HUAvx","country":"India","city":"Hyderabad","amplitude_id":157876700889,"device_family":null,"start_version":null,"client_event_time":"2020-08-17 07:04:08.322000","event_id":414,"sample_rate":null,"dma":null,"paying":null,"adid":null,"os_name":"Chrome","version_name":null,"server_received_time":"2020-08-17 07:04:08.480000","idfa":null,"user_creation_time":"2020-05-17 16:12:56.601000","device_brand":null,"os_version":"80","data":{},"server_upload_time":"2020-08-17 07:04:08.485000","event_properties":{"project-id":725746883,"search-type":"All"},"groups":{},"user_properties":{"Username":"shailendra@pictory.ai"},"device_model":null,"amplitude_attribution_ids":null,"ip_address":"183.83.37.189","$insert_id":"973fd200-a5af-4883-84a4-c9edfd80d8ce","uuid":"d94b95a8-e057-11ea-b36a-02011acbc1dd","event_time":"2020-08-17 07:04:08.322000","device_type":null,"amplitude_event_type":null,"location_lng":null,"processed_time":"2020-08-17 07:04:10.080980","device_carrier":null,"location_lat":null,"group_properties":{},"language":"English","client_upload_time":"2020-08-17 07:04:08.324000","region":"Telangana","event_type":"asset-searched","app":277124,"device_manufacturer":null,"platform":"Web","user_id":"shailendra@pictory.ai","is_attribution_event":false}
{"library":"amplitude-js\/6.1.0","$schema":12,"session_id":1597647714673,"device_id":"92FLyLhyrIBXgboC9HUAvx","country":"India","city":"Hyderabad","amplitude_id":157876700889,"device_family":null,"start_version":null,"client_event_time":"2020-08-17 07:05:52.909000","event_id":415,"sample_rate":null,"dma":null,"paying":null,"adid":null,"os_name":"Chrome","version_name":null,"server_received_time":"2020-08-17 07:05:53.068000","idfa":null,"user_creation_time":"2020-05-17 16:12:56.601000","device_brand":null,"os_version":"80","data":{},"server_upload_time":"2020-08-17 07:05:53.073000","event_properties":{"search-term":"india map","project-id":725746883,"search-type":"All"},"groups":{},"user_properties":{"Username":"shailendra@pictory.ai"},"device_model":null,"amplitude_attribution_ids":null,"ip_address":"183.83.37.189","$insert_id":"78b5b722-e819-4453-8488-0facfb2ce28c","uuid":"171497b8-e058-11ea-b36a-02011acbc1dd","event_time":"2020-08-17 07:05:52.909000","device_type":null,"amplitude_event_type":null,"location_lng":null,"processed_time":"2020-08-17 07:05:53.730483","device_carrier":null,"location_lat":null,"group_properties":{},"language":"English","client_upload_time":"2020-08-17 07:05:52.911000","region":"Telangana","event_type":"asset-searched","app":277124,"device_manufacturer":null,"platform":"Web","user_id":"shailendra@pictory.ai","is_attribution_event":false}
{"language":"English","paying":null,"client_upload_time":"2020-08-17 07:07:58.510000","region":"Telangana","idfa":null,"device_family":null,"user_properties":{"Username":"abid@pictory.ai"},"$insert_id":"c95ac6e0-29b0-42d5-9bd0-7e041141e4a3","dma":null,"uuid":"622f3712-e058-11ea-a91c-028dbd4665cc","event_type":"start-with-article","session_id":1597648059224,"amplitude_event_type":null,"device_id":"qCxb6GRWBWZt6bGTyeOvFw","groups":{},"start_version":null,"device_brand":null,"client_event_time":"2020-08-17 07:07:58.509000","is_attribution_event":false,"event_time":"2020-08-17 07:07:58.509000","library":"amplitude-js\/6.1.0","amplitude_attribution_ids":null,"server_upload_time":"2020-08-17 07:07:58.345000","version_name":null,"adid":null,"event_id":1,"os_version":"84","location_lng":null,"group_properties":{},"device_carrier":null,"platform":"Web","amplitude_id":158692843342,"event_properties":{"article-link":"https:\/\/www.corestack.io\/blog\/corestack-is-now-gdpr-compliant\/","project-id":675103641},"device_model":null,"user_creation_time":"2020-05-16 05:42:39.430000","country":"India","city":"Hyderabad","os_name":"Chrome","device_type":null,"processed_time":"2020-08-17 07:07:59.737371","ip_address":"49.204.190.29","server_received_time":"2020-08-17 07:07:58.341000","app":277124,"location_lat":null,"data":{},"user_id":"abid@pictory.ai","sample_rate":null,"device_manufacturer":null,"$schema":12}
{"language":"English","paying":null,"client_upload_time":"2020-08-17 07:08:05.179000","region":"Telangana","idfa":null,"device_family":null,"user_properties":{"Username":"abid@pictory.ai"},"$insert_id":"f58bd84f-3098-493e-bc0c-24697645ba37","dma":null,"uuid":"66132118-e058-11ea-a91c-028dbd4665cc","event_type":"next-button-pressed","session_id":1597648059224,"amplitude_event_type":null,"device_id":"qCxb6GRWBWZt6bGTyeOvFw","groups":{},"start_version":null,"device_brand":null,"client_event_time":"2020-08-17 07:08:05.178000","is_attribution_event":false,"event_time":"2020-08-17 07:08:05.178000","library":"amplitude-js\/6.1.0","amplitude_attribution_ids":null,"server_upload_time":"2020-08-17 07:08:05.038000","version_name":null,"adid":null,"event_id":2,"os_version":"84","location_lng":null,"group_properties":{},"device_carrier":null,"platform":"Web","amplitude_id":158692843342,"event_properties":{"total-selected-sentences":5,"article-link":"https:\/\/www.corestack.io\/blog\/corestack-is-now-gdpr-compliant\/","project-id":675103641},"device_model":null,"user_creation_time":"2020-05-16 05:42:39.430000","country":"India","city":"Hyderabad","os_name":"Chrome","device_type":null,"processed_time":"2020-08-17 07:08:06.261349","ip_address":"49.204.190.29","server_received_time":"2020-08-17 07:08:05.032000","app":277124,"location_lat":null,"data":{},"user_id":"abid@pictory.ai","sample_rate":null,"device_manufacturer":null,"$schema":12}
{"language":"English","paying":null,"client_upload_time":"2020-08-17 07:08:15.509000","region":"Telangana","idfa":null,"device_family":null,"user_properties":{"Username":"abid@pictory.ai"},"$insert_id":"25f20616-90e5-468b-91fd-7872c9badc73","dma":null,"uuid":"6cd70a28-e058-11ea-a91c-028dbd4665cc","event_type":"track-deselected","session_id":1597648059224,"amplitude_event_type":null,"device_id":"qCxb6GRWBWZt6bGTyeOvFw","groups":{},"start_version":null,"device_brand":null,"client_event_time":"2020-08-17 07:08:15.509000","is_attribution_event":false,"event_time":"2020-08-17 07:08:15.509000","library":"amplitude-js\/6.1.0","amplitude_attribution_ids":null,"server_upload_time":"2020-08-17 07:08:15.353000","version_name":null,"adid":null,"event_id":3,"os_version":"84","location_lng":null,"group_properties":{},"device_carrier":null,"platform":"Web","amplitude_id":158692843342,"event_properties":{"track-name":"All We Know","project-id":675103641},"device_model":null,"user_creation_time":"2020-05-16 05:42:39.430000","country":"India","city":"Hyderabad","os_name":"Chrome","device_type":null,"processed_time":"2020-08-17 07:08:17.638811","ip_address":"49.204.190.29","server_received_time":"2020-08-17 07:08:15.339000","app":277124,"location_lat":null,"data":{},"user_id":"abid@pictory.ai","sample_rate":null,"device_manufacturer":null,"$schema":12}
{"language":"English","paying":null,"client_upload_time":"2020-08-17 07:08:16.502000","region":"Telangana","idfa":null,"device_family":null,"user_properties":{"Username":"abid@pictory.ai"},"$insert_id":"91a16198-cbf5-46bf-a623-1e46431d7cc0","dma":null,"uuid":"6cd715f4-e058-11ea-a91c-028dbd4665cc","event_type":"video-saved","session_id":1597648059224,"amplitude_event_type":null,"device_id":"qCxb6GRWBWZt6bGTyeOvFw","groups":{},"start_version":null,"device_brand":null,"client_event_time":"2020-08-17 07:08:16.502000","is_attribution_event":false,"event_time":"2020-08-17 07:08:16.502000","library":"amplitude-js\/6.1.0","amplitude_attribution_ids":null,"server_upload_time":"2020-08-17 07:08:16.342000","version_name":null,"adid":null,"event_id":4,"os_version":"84","location_lng":null,"group_properties":{},"device_carrier":null,"platform":"Web","amplitude_id":158692843342,"event_properties":{"save-type":"New Video","project-category":"CoreStack is now GDP(4)","project-name":"CoreStack is now GDP(4)","project-id":675103641},"device_model":null,"user_creation_time":"2020-05-16 05:42:39.430000","country":"India","city":"Hyderabad","os_name":"Chrome","device_type":null,"processed_time":"2020-08-17 07:08:17.641769","ip_address":"49.204.190.29","server_received_time":"2020-08-17 07:08:16.333000","app":277124,"location_lat":null,"data":{},"user_id":"abid@pictory.ai","sample_rate":null,"device_manufacturer":null,"$schema":12}
{"language":"English","paying":null,"client_upload_time":"2020-08-17 07:08:17.162000","region":"Telangana","idfa":null,"device_family":null,"user_properties":{"Username":"abid@pictory.ai"},"$insert_id":"227e5328-c609-4052-8e40-58c62a54f88d","dma":null,"uuid":"6cd71efa-e058-11ea-a91c-028dbd4665cc","event_type":"track-selected","session_id":1597648059224,"amplitude_event_type":null,"device_id":"qCxb6GRWBWZt6bGTyeOvFw","groups":{},"start_version":null,"device_brand":null,"client_event_time":"2020-08-17 07:08:17.161000","is_attribution_event":false,"event_time":"2020-08-17 07:08:17.161000","library":"amplitude-js\/6.1.0","amplitude_attribution_ids":null,"server_upload_time":"2020-08-17 07:08:16.999000","version_name":null,"adid":null,"event_id":5,"os_version":"84","location_lng":null,"group_properties":{},"device_carrier":null,"platform":"Web","amplitude_id":158692843342,"event_properties":{"track-name":"All We Know","project-id":675103641},"device_model":null,"user_creation_time":"2020-05-16 05:42:39.430000","country":"India","city":"Hyderabad","os_name":"Chrome","device_type":null,"processed_time":"2020-08-17 07:08:17.646856","ip_address":"49.204.190.29","server_received_time":"2020-08-17 07:08:16.991000","app":277124,"location_lat":null,"data":{},"user_id":"abid@pictory.ai","sample_rate":null,"device_manufacturer":null,"$schema":12}
{"language":"English","paying":null,"client_upload_time":"2020-08-17 07:08:18.250000","region":"Telangana","idfa":null,"device_family":null,"user_properties":{"Username":"abid@pictory.ai"},"$insert_id":"a724ba6b-9786-4ec4-8c8a-3ffc8b353eaf","dma":null,"uuid":"6e34c9fa-e058-11ea-a91c-028dbd4665cc","event_type":"video-saved","session_id":1597648059224,"amplitude_event_type":null,"device_id":"qCxb6GRWBWZt6bGTyeOvFw","groups":{},"start_version":null,"device_brand":null,"client_event_time":"2020-08-17 07:08:18.250000","is_attribution_event":false,"event_time":"2020-08-17 07:08:18.250000","library":"amplitude-js\/6.1.0","amplitude_attribution_ids":null,"server_upload_time":"2020-08-17 07:08:18.088000","version_name":null,"adid":null,"event_id":6,"os_version":"84","location_lng":null,"group_properties":{},"device_carrier":null,"platform":"Web","amplitude_id":158692843342,"event_properties":{"save-type":"Saved Video","project-category":"CoreStack is now GDP(4)","project-name":"CoreStack is now GDP(4)","project-id":675103641},"device_model":null,"user_creation_time":"2020-05-16 05:42:39.430000","country":"India","city":"Hyderabad","os_name":"Chrome","device_type":null,"processed_time":"2020-08-17 07:08:19.906159","ip_address":"49.204.190.29","server_received_time":"2020-08-17 07:08:18.081000","app":277124,"location_lat":null,"data":{},"user_id":"abid@pictory.ai","sample_rate":null,"device_manufacturer":null,"$schema":12}
{"language":"English","paying":null,"client_upload_time":"2020-08-17 07:08:48.361000","region":"Telangana","idfa":null,"device_family":null,"user_properties":{"Username":"abid@pictory.ai"},"$insert_id":"bcaa5537-dca8-479b-a434-91321ff7a69d","dma":null,"uuid":"7ff7ba30-e058-11ea-a91c-028dbd4665cc","event_type":"image-replaced","session_id":1597648059224,"amplitude_event_type":null,"device_id":"qCxb6GRWBWZt6bGTyeOvFw","groups":{},"start_version":null,"device_brand":null,"client_event_time":"2020-08-17 07:08:48.358000","is_attribution_event":false,"event_time":"2020-08-17 07:08:48.358000","library":"amplitude-js\/6.1.0","amplitude_attribution_ids":null,"server_upload_time":"2020-08-17 07:08:48.199000","version_name":null,"adid":null,"event_id":7,"os_version":"84","location_lng":null,"group_properties":{},"device_carrier":null,"platform":"Web","amplitude_id":158692843342,"event_properties":{"new-image":"https:\/\/image.shutterstock.com\/z\/stock-photo-businessman-hand-shows-logistics-diagram-as-concept-147520970.jpg","source":"Visual Library","old-image":"https:\/\/dm0qx8t0i9gc9.cloudfront.net\/watermarks\/video\/qEue9C6\/videoblocks-dpia-data-protection-privacy-impact-assessment-words-3-d-render-animation_szjn6_mym__c286dfb81f6b86af35d867e2ebe840a7__P360.mp4?type=preview&origin=VIDEOBLOCKS&timestamp_ms=1597648089861&publicKey=NFKFzias7JkF35W3n9edUuQV1Rnn7udTDco3ZbvzlsXgiAzLXO0a15shkgbMNmXZ&organizationId=103776&apiVersion=1.0&stockItemId=6809667&resolution=180p&searchId=a2ccfc86-838f-40d6-be6f-db1d26b0c7be&searchPageId=3a0b7322-555f-4c7b-9d2d-ecae716cd8b9","project-id":675103641},"device_model":null,"user_creation_time":"2020-05-16 05:42:39.430000","country":"India","city":"Hyderabad","os_name":"Chrome","device_type":null,"processed_time":"2020-08-17 07:08:49.715033","ip_address":"49.204.190.29","server_received_time":"2020-08-17 07:08:48.191000","app":277124,"location_lat":null,"data":{},"user_id":"abid@pictory.ai","sample_rate":null,"device_manufacturer":null,"$schema":12}
{"language":"English","paying":null,"client_upload_time":"2020-08-17 07:08:50.332000","region":"Telangana","idfa":null,"device_family":null,"user_properties":{"Username":"abid@pictory.ai"},"$insert_id":"5f1c192a-7bd1-4d0f-8bbe-2432859cbc89","dma":null,"uuid":"80cc1d20-e058-11ea-a91c-028dbd4665cc","event_type":"video-saved","session_id":1597648059224,"amplitude_event_type":null,"device_id":"qCxb6GRWBWZt6bGTyeOvFw","groups":{},"start_version":null,"device_brand":null,"client_event_time":"2020-08-17 07:08:50.331000","is_attribution_event":false,"event_time":"2020-08-17 07:08:50.331000","library":"amplitude-js\/6.1.0","amplitude_attribution_ids":null,"server_upload_time":"2020-08-17 07:08:50.176000","version_name":null,"adid":null,"event_id":8,"os_version":"84","location_lng":null,"group_properties":{},"device_carrier":null,"platform":"Web","amplitude_id":158692843342,"event_properties":{"save-type":"Saved Video","project-category":"CoreStack is now GDP(4)","project-name":"CoreStack is now GDP(4)","project-id":675103641},"device_model":null,"user_creation_time":"2020-05-16 05:42:39.430000","country":"India","city":"Hyderabad","os_name":"Chrome","device_type":null,"processed_time":"2020-08-17 07:08:51.087549","ip_address":"49.204.190.29","server_received_time":"2020-08-17 07:08:50.168000","app":277124,"location_lat":null,"data":{},"user_id":"abid@pictory.ai","sample_rate":null,"device_manufacturer":null,"$schema":12}
{"language":"English","paying":null,"client_upload_time":"2020-08-17 07:09:27.439000","region":"Telangana","idfa":null,"device_family":null,"user_properties":{"Username":"abid@pictory.ai"},"$insert_id":"5d7c8494-f63c-4d17-b86c-c1b37a738699","dma":null,"uuid":"974a0cba-e058-11ea-a91c-028dbd4665cc","event_type":"failed-service","session_id":1597648059224,"amplitude_event_type":null,"device_id":"qCxb6GRWBWZt6bGTyeOvFw","groups":{},"start_version":null,"device_brand":null,"client_event_time":"2020-08-17 07:09:27.438000","is_attribution_event":false,"event_time":"2020-08-17 07:09:27.438000","library":"amplitude-js\/6.1.0","amplitude_attribution_ids":null,"server_upload_time":"2020-08-17 07:09:27.283000","version_name":null,"adid":null,"event_id":9,"os_version":"84","location_lng":null,"group_properties":{},"device_carrier":null,"platform":"Web","amplitude_id":158692843342,"event_properties":{"service-name":"upload-image"},"device_model":null,"user_creation_time":"2020-05-16 05:42:39.430000","country":"India","city":"Hyderabad","os_name":"Chrome","device_type":null,"processed_time":"2020-08-17 07:09:28.837562","ip_address":"49.204.190.29","server_received_time":"2020-08-17 07:09:27.276000","app":277124,"location_lat":null,"data":{},"user_id":"abid@pictory.ai","sample_rate":null,"device_manufacturer":null,"$schema":12}
{"language":"English","paying":null,"client_upload_time":"2020-08-17 07:09:29.335000","region":"Telangana","idfa":null,"device_family":null,"user_properties":{"Username":"abid@pictory.ai"},"$insert_id":"9450b156-e3ef-4651-b571-742cd9829435","dma":null,"uuid":"98b10306-e058-11ea-a91c-028dbd4665cc","event_type":"brand-settings","session_id":1597648059224,"amplitude_event_type":null,"device_id":"qCxb6GRWBWZt6bGTyeOvFw","groups":{},"start_version":null,"device_brand":null,"client_event_time":"2020-08-17 07:09:29.334000","is_attribution_event":false,"event_time":"2020-08-17 07:09:29.334000","library":"amplitude-js\/6.1.0","amplitude_attribution_ids":null,"server_upload_time":"2020-08-17 07:09:29.170000","version_name":null,"adid":null,"event_id":10,"os_version":"84","location_lng":null,"group_properties":{},"device_carrier":null,"platform":"Web","amplitude_id":158692843342,"event_properties":{"scene-font-size":"30","scene-style-used":true,"intro-style-used":true,"outro-scene-used":true,"outro-layout-type":"text","intro-font-size":"36","logo-uploaded":false},"device_model":null,"user_creation_time":"2020-05-16 05:42:39.430000","country":"India","city":"Hyderabad","os_name":"Chrome","device_type":null,"processed_time":"2020-08-17 07:09:31.187098","ip_address":"49.204.190.29","server_received_time":"2020-08-17 07:09:29.161000","app":277124,"location_lat":null,"data":{},"user_id":"abid@pictory.ai","sample_rate":null,"device_manufacturer":null,"$schema":12}
{"language":"English","paying":null,"client_upload_time":"2020-08-17 07:09:35.064000","region":"Telangana","idfa":null,"device_family":null,"user_properties":{"Username":"abid@pictory.ai"},"$insert_id":"4edda486-d534-48ff-8387-7d5e54d9fee0","dma":null,"uuid":"9b8ffb2c-e058-11ea-a91c-028dbd4665cc","event_type":"video-saved","session_id":1597648059224,"amplitude_event_type":null,"device_id":"qCxb6GRWBWZt6bGTyeOvFw","groups":{},"start_version":null,"device_brand":null,"client_event_time":"2020-08-17 07:09:35.063000","is_attribution_event":false,"event_time":"2020-08-17 07:09:35.063000","library":"amplitude-js\/6.1.0","amplitude_attribution_ids":null,"server_upload_time":"2020-08-17 07:09:34.904000","version_name":null,"adid":null,"event_id":11,"os_version":"84","location_lng":null,"group_properties":{},"device_carrier":null,"platform":"Web","amplitude_id":158692843342,"event_properties":{"save-type":"Saved Video","project-category":"CoreStack is now GDP(4)","project-name":"CoreStack is now GDP(4)","project-id":675103641},"device_model":null,"user_creation_time":"2020-05-16 05:42:39.430000","country":"India","city":"Hyderabad","os_name":"Chrome","device_type":null,"processed_time":"2020-08-17 07:09:35.990545","ip_address":"49.204.190.29","server_received_time":"2020-08-17 07:09:34.897000","app":277124,"location_lat":null,"data":{},"user_id":"abid@pictory.ai","sample_rate":null,"device_manufacturer":null,"$schema":12}
{"language":"English","paying":null,"client_upload_time":"2020-08-17 07:09:46.008000","region":"Telangana","idfa":null,"device_family":null,"user_properties":{"Username":"abid@pictory.ai"},"$insert_id":"7d39dc43-a054-43c6-b19c-a088a5b3a581","dma":null,"uuid":"a1d9ad3e-e058-11ea-a91c-028dbd4665cc","event_type":"generate-clicked","session_id":1597648059224,"amplitude_event_type":null,"device_id":"qCxb6GRWBWZt6bGTyeOvFw","groups":{},"start_version":null,"device_brand":null,"client_event_time":"2020-08-17 07:09:46.007000","is_attribution_event":false,"event_time":"2020-08-17 07:09:46.007000","library":"amplitude-js\/6.1.0","amplitude_attribution_ids":null,"server_upload_time":"2020-08-17 07:09:45.852000","version_name":null,"adid":null,"event_id":12,"os_version":"84","location_lng":null,"group_properties":{},"device_carrier":null,"platform":"Web","amplitude_id":158692843342,"event_properties":{"total-video-time-in-seconds":40,"total-scenes-with-original-image":7,"total-videos":2,"total-scenes":7,"project-id":675103641,"total-time-to-generate-in-seconds":16,"total-images":5,"total-video-time-in-minutes":"0.67","total-sub-scenes":1,"track-name":"All We Know","total-time-to-generate-in-minutes":"0.27"},"device_model":null,"user_creation_time":"2020-05-16 05:42:39.430000","country":"India","city":"Hyderabad","os_name":"Chrome","device_type":null,"processed_time":"2020-08-17 07:09:46.547653","ip_address":"49.204.190.29","server_received_time":"2020-08-17 07:09:45.839000","app":277124,"location_lat":null,"data":{},"user_id":"abid@pictory.ai","sample_rate":null,"device_manufacturer":null,"$schema":12}
{"language":"English","paying":null,"client_upload_time":"2020-08-17 07:10:59.147000","region":"Telangana","idfa":null,"device_family":null,"user_properties":{"Username":"abid@pictory.ai"},"$insert_id":"d80f509e-439d-4ded-8076-2aec0d99c65c","dma":null,"uuid":"ce1171b6-e058-11ea-a91c-028dbd4665cc","event_type":"video-generated","session_id":1597648059224,"amplitude_event_type":null,"device_id":"qCxb6GRWBWZt6bGTyeOvFw","groups":{},"start_version":null,"device_brand":null,"client_event_time":"2020-08-17 07:10:59.144000","is_attribution_event":false,"event_time":"2020-08-17 07:10:59.144000","library":"amplitude-js\/6.1.0","amplitude_attribution_ids":null,"server_upload_time":"2020-08-17 07:10:58.981000","version_name":null,"adid":null,"event_id":13,"os_version":"84","location_lng":null,"group_properties":{},"device_carrier":null,"platform":"Web","amplitude_id":158692843342,"event_properties":{"time-taken-in-minutes":"1.20","time-taken-in-seconds":72,"project-id":675103641},"device_model":null,"user_creation_time":"2020-05-16 05:42:39.430000","country":"India","city":"Hyderabad","os_name":"Chrome","device_type":null,"processed_time":"2020-08-17 07:11:00.755385","ip_address":"49.204.190.29","server_received_time":"2020-08-17 07:10:58.976000","app":277124,"location_lat":null,"data":{},"user_id":"abid@pictory.ai","sample_rate":null,"device_manufacturer":null,"$schema":12}
{"language":"English","paying":null,"client_upload_time":"2020-08-17 07:11:01.292000","region":"Telangana","idfa":null,"device_family":null,"user_properties":{"Username":"abid@pictory.ai"},"$insert_id":"f75e8b4a-7ec2-439c-acb1-53cb43698981","dma":null,"uuid":"cf8249e4-e058-11ea-a91c-028dbd4665cc","event_type":"video-saved","session_id":1597648059224,"amplitude_event_type":null,"device_id":"qCxb6GRWBWZt6bGTyeOvFw","groups":{},"start_version":null,"device_brand":null,"client_event_time":"2020-08-17 07:11:01.291000","is_attribution_event":false,"event_time":"2020-08-17 07:11:01.291000","library":"amplitude-js\/6.1.0","amplitude_attribution_ids":null,"server_upload_time":"2020-08-17 07:11:01.126000","version_name":null,"adid":null,"event_id":14,"os_version":"84","location_lng":null,"group_properties":{},"device_carrier":null,"platform":"Web","amplitude_id":158692843342,"event_properties":{"save-type":"Saved Video","project-category":"CoreStack is now GDP(4)","project-name":"CoreStack is now GDP(4)","project-id":675103641},"device_model":null,"user_creation_time":"2020-05-16 05:42:39.430000","country":"India","city":"Hyderabad","os_name":"Chrome","device_type":null,"processed_time":"2020-08-17 07:11:03.143140","ip_address":"49.204.190.29","server_received_time":"2020-08-17 07:11:01.119000","app":277124,"location_lat":null,"data":{},"user_id":"abid@pictory.ai","sample_rate":null,"device_manufacturer":null,"$schema":12}
{"language":"English","paying":null,"client_upload_time":"2020-08-17 07:11:27.198000","region":"Telangana","idfa":null,"device_family":null,"user_properties":{"Username":"abid@pictory.ai"},"$insert_id":"d4884bd9-b43b-468b-984d-52caf51ca5b6","dma":null,"uuid":"de981062-e058-11ea-a91c-028dbd4665cc","event_type":"video-saved","session_id":1597648059224,"amplitude_event_type":null,"device_id":"qCxb6GRWBWZt6bGTyeOvFw","groups":{},"start_version":null,"device_brand":null,"client_event_time":"2020-08-17 07:11:27.197000","is_attribution_event":false,"event_time":"2020-08-17 07:11:27.197000","library":"amplitude-js\/6.1.0","amplitude_attribution_ids":null,"server_upload_time":"2020-08-17 07:11:27.033000","version_name":null,"adid":null,"event_id":15,"os_version":"84","location_lng":null,"group_properties":{},"device_carrier":null,"platform":"Web","amplitude_id":158692843342,"event_properties":{"save-type":"Saved Video","project-category":"CoreStack is now GDP(4)","project-name":"CoreStack is now GDP(4)","project-id":675103641},"device_model":null,"user_creation_time":"2020-05-16 05:42:39.430000","country":"India","city":"Hyderabad","os_name":"Chrome","device_type":null,"processed_time":"2020-08-17 07:11:28.452211","ip_address":"49.204.190.29","server_received_time":"2020-08-17 07:11:27.026000","app":277124,"location_lat":null,"data":{},"user_id":"abid@pictory.ai","sample_rate":null,"device_manufacturer":null,"$schema":12}
{"language":"English","paying":null,"client_upload_time":"2020-08-17 07:11:28.707000","region":"Telangana","idfa":null,"device_family":null,"user_properties":{"Username":"abid@pictory.ai"},"$insert_id":"b5e661d4-0884-4a1a-9088-67b30b80e43e","dma":null,"uuid":"dfce4b2c-e058-11ea-a91c-028dbd4665cc","event_type":"video-downloaded","session_id":1597648059224,"amplitude_event_type":null,"device_id":"qCxb6GRWBWZt6bGTyeOvFw","groups":{},"start_version":null,"device_brand":null,"client_event_time":"2020-08-17 07:11:28.705000","is_attribution_event":false,"event_time":"2020-08-17 07:11:28.705000","library":"amplitude-js\/6.1.0","amplitude_attribution_ids":null,"server_upload_time":"2020-08-17 07:11:28.569000","version_name":null,"adid":null,"event_id":16,"os_version":"84","location_lng":null,"group_properties":{},"device_carrier":null,"platform":"Web","amplitude_id":158692843342,"event_properties":{"video-link":"https:\/\/video.pictory.ai\/9pq","video-name":"CoreStack is now GDPR Compliant.mp4","article-link":"https:\/\/www.corestack.io\/blog\/corestack-is-now-gdpr-compliant\/","project-id":675103641},"device_model":null,"user_creation_time":"2020-05-16 05:42:39.430000","country":"India","city":"Hyderabad","os_name":"Chrome","device_type":null,"processed_time":"2020-08-17 07:11:30.494105","ip_address":"49.204.190.29","server_received_time":"2020-08-17 07:11:28.564000","app":277124,"location_lat":null,"data":{},"user_id":"abid@pictory.ai","sample_rate":null,"device_manufacturer":null,"$schema":12}
{"language":"English","paying":null,"client_upload_time":"2020-08-17 07:13:16.885000","region":"Telangana","idfa":null,"device_family":null,"user_properties":{"Username":"abid@pictory.ai"},"$insert_id":"8e1f1e5a-c1c2-4b22-ae53-381784449e80","dma":null,"uuid":"1f903e78-e059-11ea-a91c-028dbd4665cc","event_type":"saved-video-opened","session_id":1597648059224,"amplitude_event_type":null,"device_id":"qCxb6GRWBWZt6bGTyeOvFw","groups":{},"start_version":null,"device_brand":null,"client_event_time":"2020-08-17 07:13:16.882000","is_attribution_event":false,"event_time":"2020-08-17 07:13:16.882000","library":"amplitude-js\/6.1.0","amplitude_attribution_ids":null,"server_upload_time":"2020-08-17 07:13:16.730000","version_name":null,"adid":null,"event_id":17,"os_version":"84","location_lng":null,"group_properties":{},"device_carrier":null,"platform":"Web","amplitude_id":158692843342,"event_properties":{"project-category":"CoreStack is now GDP(2)","project-name":"CoreStack is now GDP(2)"},"device_model":null,"user_creation_time":"2020-05-16 05:42:39.430000","country":"India","city":"Hyderabad","os_name":"Chrome","device_type":null,"processed_time":"2020-08-17 07:13:17.462185","ip_address":"49.204.190.29","server_received_time":"2020-08-17 07:13:16.714000","app":277124,"location_lat":null,"data":{},"user_id":"abid@pictory.ai","sample_rate":null,"device_manufacturer":null,"$schema":12}
{"language":"English","paying":null,"client_upload_time":"2020-08-17 07:14:18.640000","region":"Telangana","idfa":null,"device_family":null,"user_properties":{"Username":"abid@pictory.ai"},"$insert_id":"f0c18bad-af42-4bcc-a6bf-c6704e1e903c","dma":null,"uuid":"44e7bf66-e059-11ea-a91c-028dbd4665cc","event_type":"failed-service","session_id":1597648059224,"amplitude_event_type":null,"device_id":"qCxb6GRWBWZt6bGTyeOvFw","groups":{},"start_version":null,"device_brand":null,"client_event_time":"2020-08-17 07:14:18.638000","is_attribution_event":false,"event_time":"2020-08-17 07:14:18.638000","library":"amplitude-js\/6.1.0","amplitude_attribution_ids":null,"server_upload_time":"2020-08-17 07:14:18.473000","version_name":null,"adid":null,"event_id":18,"os_version":"84","location_lng":null,"group_properties":{},"device_carrier":null,"platform":"Web","amplitude_id":158692843342,"event_properties":{"service-name":"upload-image"},"device_model":null,"user_creation_time":"2020-05-16 05:42:39.430000","country":"India","city":"Hyderabad","os_name":"Chrome","device_type":null,"processed_time":"2020-08-17 07:14:20.116272","ip_address":"49.204.190.29","server_received_time":"2020-08-17 07:14:18.466000","app":277124,"location_lat":null,"data":{},"user_id":"abid@pictory.ai","sample_rate":null,"device_manufacturer":null,"$schema":12}
{"language":"English","paying":null,"client_upload_time":"2020-08-17 07:14:20.119000","region":"Telangana","idfa":null,"device_family":null,"user_properties":{"Username":"abid@pictory.ai"},"$insert_id":"a301bdec-904f-4115-861b-ccf259dc58ac","dma":null,"uuid":"45dfdae8-e059-11ea-a91c-028dbd4665cc","event_type":"brand-settings","session_id":1597648059224,"amplitude_event_type":null,"device_id":"qCxb6GRWBWZt6bGTyeOvFw","groups":{},"start_version":null,"device_brand":null,"client_event_time":"2020-08-17 07:14:20.118000","is_attribution_event":false,"event_time":"2020-08-17 07:14:20.118000","library":"amplitude-js\/6.1.0","amplitude_attribution_ids":null,"server_upload_time":"2020-08-17 07:14:19.948000","version_name":null,"adid":null,"event_id":19,"os_version":"84","location_lng":null,"group_properties":{},"device_carrier":null,"platform":"Web","amplitude_id":158692843342,"event_properties":{"scene-font-size":"30","scene-style-used":true,"intro-style-used":true,"outro-scene-used":true,"outro-layout-type":"Custom outro image or clip","intro-font-size":"36","logo-uploaded":false},"device_model":null,"user_creation_time":"2020-05-16 05:42:39.430000","country":"India","city":"Hyderabad","os_name":"Chrome","device_type":null,"processed_time":"2020-08-17 07:14:21.746283","ip_address":"49.204.190.29","server_received_time":"2020-08-17 07:14:19.943000","app":277124,"location_lat":null,"data":{},"user_id":"abid@pictory.ai","sample_rate":null,"device_manufacturer":null,"$schema":12}
{"language":"English","paying":null,"client_upload_time":"2020-08-17 07:14:27.221000","region":"Telangana","idfa":null,"device_family":null,"user_properties":{"Username":"abid@pictory.ai"},"$insert_id":"6c3f7470-3688-43f8-b175-6b170354f228","dma":null,"uuid":"4a3ab9b4-e059-11ea-a91c-028dbd4665cc","event_type":"video-saved","session_id":1597648059224,"amplitude_event_type":null,"device_id":"qCxb6GRWBWZt6bGTyeOvFw","groups":{},"start_version":null,"device_brand":null,"client_event_time":"2020-08-17 07:14:27.220000","is_attribution_event":false,"event_time":"2020-08-17 07:14:27.220000","library":"amplitude-js\/6.1.0","amplitude_attribution_ids":null,"server_upload_time":"2020-08-17 07:14:27.058000","version_name":null,"adid":null,"event_id":20,"os_version":"84","location_lng":null,"group_properties":{},"device_carrier":null,"platform":"Web","amplitude_id":158692843342,"event_properties":{"save-type":"Saved Video","project-category":"CoreStack is now GDP(2)","project-name":"CoreStack is now GDP(2)","project-id":91804155},"device_model":null,"user_creation_time":"2020-05-16 05:42:39.430000","country":"India","city":"Hyderabad","os_name":"Chrome","device_type":null,"processed_time":"2020-08-17 07:14:29.033430","ip_address":"49.204.190.29","server_received_time":"2020-08-17 07:14:27.048000","app":277124,"location_lat":null,"data":{},"user_id":"abid@pictory.ai","sample_rate":null,"device_manufacturer":null,"$schema":12}
