{"region":"Washington","event_id":1,"device_id":"XE6HAt2agxtdRrX4iVdnhk","city":"Kirkland","data":{"first_event":true},"library":"amplitude-js\/6.1.0","ip_address":"50.47.143.67","is_attribution_event":false,"platform":"Web","amplitude_id":184912401156,"$schema":12,"processed_time":"2020-08-14 20:38:16.691275","idfa":null,"version_name":null,"device_manufacturer":null,"uuid":"14d48ca6-de6e-11ea-b669-020f23d7547d","device_type":null,"sample_rate":null,"event_properties":{"provider":"Google"},"server_upload_time":"2020-08-14 20:38:16.105000","device_model":null,"$insert_id":"6f95fe5c-bb8e-4d51-af38-05b30dd2ca95","user_creation_time":"2020-08-14 20:38:16.066000","os_name":"Chrome","device_brand":null,"adid":null,"location_lng":null,"dma":"Seattle-Tacoma, WA","groups":{},"os_version":"84","group_properties":{},"app":277124,"device_carrier":null,"event_type":"user-signup","user_properties":{"Username":"jineshv@gmail.com"},"event_time":"2020-08-14 20:38:16.066000","session_id":1597437416026,"country":"United States","amplitude_attribution_ids":null,"server_received_time":"2020-08-14 20:38:16.095000","device_family":null,"client_event_time":"2020-08-14 20:38:16.066000","start_version":null,"location_lat":null,"user_id":"jineshv@gmail.com","paying":null,"client_upload_time":"2020-08-14 20:38:16.068000","language":"English","amplitude_event_type":null}
{"region":"Washington","event_id":2,"device_id":"XE6HAt2agxtdRrX4iVdnhk","city":"Kirkland","data":{},"library":"amplitude-js\/6.1.0","ip_address":"50.47.143.67","is_attribution_event":false,"platform":"Web","amplitude_id":184912401156,"$schema":12,"processed_time":"2020-08-14 20:38:16.707757","idfa":null,"version_name":null,"device_manufacturer":null,"uuid":"14d4978c-de6e-11ea-b669-020f23d7547d","device_type":null,"sample_rate":null,"event_properties":{},"server_upload_time":"2020-08-14 20:38:16.174000","device_model":null,"$insert_id":"79bd38c0-bace-4820-9783-673d761ee3b7","user_creation_time":"2020-08-14 20:38:16.066000","os_name":"Chrome","device_brand":null,"adid":null,"location_lng":null,"dma":"Seattle-Tacoma, WA","groups":{},"os_version":"84","group_properties":{},"app":277124,"device_carrier":null,"event_type":"trial-activated","user_properties":{"Username":"jineshv@gmail.com"},"event_time":"2020-08-14 20:38:16.075000","session_id":1597437416026,"country":"United States","amplitude_attribution_ids":null,"server_received_time":"2020-08-14 20:38:16.165000","device_family":null,"client_event_time":"2020-08-14 20:38:16.075000","start_version":null,"location_lat":null,"user_id":"jineshv@gmail.com","paying":null,"client_upload_time":"2020-08-14 20:38:16.146000","language":"English","amplitude_event_type":null}
{"region":"Washington","event_id":3,"device_id":"XE6HAt2agxtdRrX4iVdnhk","city":"Kirkland","data":{},"library":"amplitude-js\/6.1.0","ip_address":"50.47.143.67","is_attribution_event":false,"platform":"Web","amplitude_id":184912401156,"$schema":12,"processed_time":"2020-08-14 20:40:16.670897","idfa":null,"version_name":null,"device_manufacturer":null,"uuid":"5c59def0-de6e-11ea-b669-020f23d7547d","device_type":null,"sample_rate":null,"event_properties":{"service-name":"summarizer-api"},"server_upload_time":"2020-08-14 20:40:15.312000","device_model":null,"$insert_id":"3fb380f5-4746-4e61-b9e2-8934a604993f","user_creation_time":"2020-08-14 20:38:16.066000","os_name":"Chrome","device_brand":null,"adid":null,"location_lng":null,"dma":"Seattle-Tacoma, WA","groups":{},"os_version":"84","group_properties":{},"app":277124,"device_carrier":null,"event_type":"failed-service","user_properties":{"Username":"jineshv@gmail.com"},"event_time":"2020-08-14 20:40:15.283000","session_id":1597437416026,"country":"United States","amplitude_attribution_ids":null,"server_received_time":"2020-08-14 20:40:15.302000","device_family":null,"client_event_time":"2020-08-14 20:40:15.283000","start_version":null,"location_lat":null,"user_id":"jineshv@gmail.com","paying":null,"client_upload_time":"2020-08-14 20:40:15.283000","language":"English","amplitude_event_type":null}
{"region":"Washington","event_id":4,"device_id":"XE6HAt2agxtdRrX4iVdnhk","city":"Kirkland","data":{},"library":"amplitude-js\/6.1.0","ip_address":"50.47.143.67","is_attribution_event":false,"platform":"Web","amplitude_id":184912401156,"$schema":12,"processed_time":"2020-08-14 20:40:16.692886","idfa":null,"version_name":null,"device_manufacturer":null,"uuid":"5c59f110-de6e-11ea-b669-020f23d7547d","device_type":null,"sample_rate":null,"event_properties":{"article-link":"https:\/\/www.linkedin.com\/pulse\/we-need-more-edisons-than-einsteins-how-techniques-can-jinesh-varia\/","project-id":536824749},"server_upload_time":"2020-08-14 20:40:15.392000","device_model":null,"$insert_id":"93fb2316-dcff-40e8-a2eb-ca486dca474c","user_creation_time":"2020-08-14 20:38:16.066000","os_name":"Chrome","device_brand":null,"adid":null,"location_lng":null,"dma":"Seattle-Tacoma, WA","groups":{},"os_version":"84","group_properties":{},"app":277124,"device_carrier":null,"event_type":"failed-article","user_properties":{"Username":"jineshv@gmail.com"},"event_time":"2020-08-14 20:40:15.291000","session_id":1597437416026,"country":"United States","amplitude_attribution_ids":null,"server_received_time":"2020-08-14 20:40:15.386000","device_family":null,"client_event_time":"2020-08-14 20:40:15.291000","start_version":null,"location_lat":null,"user_id":"jineshv@gmail.com","paying":null,"client_upload_time":"2020-08-14 20:40:15.363000","language":"English","amplitude_event_type":null}
{"region":"Washington","event_id":5,"device_id":"XE6HAt2agxtdRrX4iVdnhk","city":"Kirkland","data":{},"library":"amplitude-js\/6.1.0","ip_address":"50.47.143.67","is_attribution_event":false,"platform":"Web","amplitude_id":184912401156,"$schema":12,"processed_time":"2020-08-14 20:40:16.692900","idfa":null,"version_name":null,"device_manufacturer":null,"uuid":"5c5a098e-de6e-11ea-b669-020f23d7547d","device_type":null,"sample_rate":null,"event_properties":{"service-name":"upload-image"},"server_upload_time":"2020-08-14 20:40:15.392000","device_model":null,"$insert_id":"64468f26-2ec6-4cfd-bd7d-8c933efd5384","user_creation_time":"2020-08-14 20:38:16.066000","os_name":"Chrome","device_brand":null,"adid":null,"location_lng":null,"dma":"Seattle-Tacoma, WA","groups":{},"os_version":"84","group_properties":{},"app":277124,"device_carrier":null,"event_type":"failed-service","user_properties":{"Username":"jineshv@gmail.com"},"event_time":"2020-08-14 20:40:15.311000","session_id":1597437416026,"country":"United States","amplitude_attribution_ids":null,"server_received_time":"2020-08-14 20:40:15.386000","device_family":null,"client_event_time":"2020-08-14 20:40:15.311000","start_version":null,"location_lat":null,"user_id":"jineshv@gmail.com","paying":null,"client_upload_time":"2020-08-14 20:40:15.363000","language":"English","amplitude_event_type":null}
{"region":"Washington","event_id":6,"device_id":"XE6HAt2agxtdRrX4iVdnhk","city":"Kirkland","data":{},"library":"amplitude-js\/6.1.0","ip_address":"50.47.143.67","is_attribution_event":false,"platform":"Web","amplitude_id":184912401156,"$schema":12,"processed_time":"2020-08-14 20:41:09.680052","idfa":null,"version_name":null,"device_manufacturer":null,"uuid":"7c019d24-de6e-11ea-b669-020f23d7547d","device_type":null,"sample_rate":null,"event_properties":{"service-name":"summarizer-api"},"server_upload_time":"2020-08-14 20:41:07.815000","device_model":null,"$insert_id":"80a71688-ae5b-4df7-8a59-564fa26ecd61","user_creation_time":"2020-08-14 20:38:16.066000","os_name":"Chrome","device_brand":null,"adid":null,"location_lng":null,"dma":"Seattle-Tacoma, WA","groups":{},"os_version":"84","group_properties":{},"app":277124,"device_carrier":null,"event_type":"failed-service","user_properties":{"Username":"jineshv@gmail.com"},"event_time":"2020-08-14 20:41:07.767000","session_id":1597437416026,"country":"United States","amplitude_attribution_ids":null,"server_received_time":"2020-08-14 20:41:07.789000","device_family":null,"client_event_time":"2020-08-14 20:41:07.767000","start_version":null,"location_lat":null,"user_id":"jineshv@gmail.com","paying":null,"client_upload_time":"2020-08-14 20:41:07.767000","language":"English","amplitude_event_type":null}
{"region":"Washington","event_id":7,"device_id":"XE6HAt2agxtdRrX4iVdnhk","city":"Kirkland","data":{},"library":"amplitude-js\/6.1.0","ip_address":"50.47.143.67","is_attribution_event":false,"platform":"Web","amplitude_id":184912401156,"$schema":12,"processed_time":"2020-08-14 20:41:09.691131","idfa":null,"version_name":null,"device_manufacturer":null,"uuid":"7c01a940-de6e-11ea-b669-020f23d7547d","device_type":null,"sample_rate":null,"event_properties":{"article-link":"https:\/\/www.linkedin.com\/pulse\/we-need-more-edisons-than-einsteins-how-techniques-can-jinesh-varia\/","project-id":173478714},"server_upload_time":"2020-08-14 20:41:07.842000","device_model":null,"$insert_id":"e93fff0e-8df0-49b1-b04e-befa6cbf5cea","user_creation_time":"2020-08-14 20:38:16.066000","os_name":"Chrome","device_brand":null,"adid":null,"location_lng":null,"dma":"Seattle-Tacoma, WA","groups":{},"os_version":"84","group_properties":{},"app":277124,"device_carrier":null,"event_type":"failed-article","user_properties":{"Username":"jineshv@gmail.com"},"event_time":"2020-08-14 20:41:07.771000","session_id":1597437416026,"country":"United States","amplitude_attribution_ids":null,"server_received_time":"2020-08-14 20:41:07.834000","device_family":null,"client_event_time":"2020-08-14 20:41:07.771000","start_version":null,"location_lat":null,"user_id":"jineshv@gmail.com","paying":null,"client_upload_time":"2020-08-14 20:41:07.832000","language":"English","amplitude_event_type":null}
{"region":"Washington","event_id":8,"device_id":"XE6HAt2agxtdRrX4iVdnhk","city":"Kirkland","data":{},"library":"amplitude-js\/6.1.0","ip_address":"50.47.143.67","is_attribution_event":false,"platform":"Web","amplitude_id":184912401156,"$schema":12,"processed_time":"2020-08-14 20:41:09.691142","idfa":null,"version_name":null,"device_manufacturer":null,"uuid":"7c01b44e-de6e-11ea-b669-020f23d7547d","device_type":null,"sample_rate":null,"event_properties":{"service-name":"upload-image"},"server_upload_time":"2020-08-14 20:41:07.842000","device_model":null,"$insert_id":"a1c22c26-0b1b-40ce-bdd3-529b0707e529","user_creation_time":"2020-08-14 20:38:16.066000","os_name":"Chrome","device_brand":null,"adid":null,"location_lng":null,"dma":"Seattle-Tacoma, WA","groups":{},"os_version":"84","group_properties":{},"app":277124,"device_carrier":null,"event_type":"failed-service","user_properties":{"Username":"jineshv@gmail.com"},"event_time":"2020-08-14 20:41:07.796000","session_id":1597437416026,"country":"United States","amplitude_attribution_ids":null,"server_received_time":"2020-08-14 20:41:07.834000","device_family":null,"client_event_time":"2020-08-14 20:41:07.796000","start_version":null,"location_lat":null,"user_id":"jineshv@gmail.com","paying":null,"client_upload_time":"2020-08-14 20:41:07.832000","language":"English","amplitude_event_type":null}
{"region":"Washington","event_id":9,"device_id":"XE6HAt2agxtdRrX4iVdnhk","city":"Kirkland","data":{},"library":"amplitude-js\/6.1.0","ip_address":"50.47.143.67","is_attribution_event":false,"platform":"Web","amplitude_id":184912401156,"$schema":12,"processed_time":"2020-08-14 20:41:59.530601","idfa":null,"version_name":null,"device_manufacturer":null,"uuid":"99bad3e4-de6e-11ea-b669-020f23d7547d","device_type":null,"sample_rate":null,"event_properties":{"script":"<h2><strong>We need more Edisons than Einsteins\u200a-\u200aHow Edison's Techniques Can Accelerate New Industrial Revolution With&nbsp;IoT<\/strong><\/h2><ul><li>Published on October 23, 2018<\/li><\/ul><p><strong>Jinesh Varia<\/strong><\/p><p>Founder &amp; CEO, Cloud, IoT, Product Management, Ex-AWS, Board Advisor<\/p><p>&nbsp;<\/p><p>&nbsp;<\/p><p><i>In this new world of Industrial IoT, your Edisons will help you succeed.<\/i><\/p><p><strong>Inspiration<\/strong><\/p><p><i>\u201cWe only had about 1000 failures to invent a light bulb\u201d.<\/i> Thomas Edison\u2019s incremental problem-solving approach through experimentation made his inventions meaningful to the whole of society. From the motion picture camera, to the phonograph to the light bulb, his inventions are more product and customer-focused and takes practical constraints into consideration. We are on a on cusp of a new Industrial Revolution powered by Internet of Things. Access to real-time data from machines not only can make the machine better but everything around it safer"},"server_upload_time":"2020-08-14 20:41:59.172000","device_model":null,"$insert_id":"3daf7c98-c018-45b9-864a-c47b6aeb0a4e","user_creation_time":"2020-08-14 20:38:16.066000","os_name":"Chrome","device_brand":null,"adid":null,"location_lng":null,"dma":"Seattle-Tacoma, WA","groups":{},"os_version":"84","group_properties":{},"app":277124,"device_carrier":null,"event_type":"start-with-script","user_properties":{"Username":"jineshv@gmail.com"},"event_time":"2020-08-14 20:41:59.117000","session_id":1597437416026,"country":"United States","amplitude_attribution_ids":null,"server_received_time":"2020-08-14 20:41:59.159000","device_family":null,"client_event_time":"2020-08-14 20:41:59.117000","start_version":null,"location_lat":null,"user_id":"jineshv@gmail.com","paying":null,"client_upload_time":"2020-08-14 20:41:59.119000","language":"English","amplitude_event_type":null}
{"region":"Washington","event_id":10,"device_id":"XE6HAt2agxtdRrX4iVdnhk","city":"Kirkland","data":{},"library":"amplitude-js\/6.1.0","ip_address":"50.47.143.67","is_attribution_event":false,"platform":"Web","amplitude_id":184912401156,"$schema":12,"processed_time":"2020-08-14 20:47:55.884020","idfa":null,"version_name":null,"device_manufacturer":null,"uuid":"6e21f77a-de6f-11ea-b669-020f23d7547d","device_type":null,"sample_rate":null,"event_properties":{"track-name":"All We Know","project-id":801947046},"server_upload_time":"2020-08-14 20:47:54.268000","device_model":null,"$insert_id":"fd579116-cf87-4f2e-81b0-72c917a51e94","user_creation_time":"2020-08-14 20:38:16.066000","os_name":"Chrome","device_brand":null,"adid":null,"location_lng":null,"dma":"Seattle-Tacoma, WA","groups":{},"os_version":"84","group_properties":{},"app":277124,"device_carrier":null,"event_type":"track-selected","user_properties":{"Username":"jineshv@gmail.com"},"event_time":"2020-08-14 20:47:52.910000","session_id":1597437416026,"country":"United States","amplitude_attribution_ids":null,"server_received_time":"2020-08-14 20:47:54.254000","device_family":null,"client_event_time":"2020-08-14 20:47:52.910000","start_version":null,"location_lat":null,"user_id":"jineshv@gmail.com","paying":null,"client_upload_time":"2020-08-14 20:47:52.912000","language":"English","amplitude_event_type":null}
{"region":"Washington","event_id":11,"device_id":"XE6HAt2agxtdRrX4iVdnhk","city":"Kirkland","data":{},"library":"amplitude-js\/6.1.0","ip_address":"50.47.143.67","is_attribution_event":false,"platform":"Web","amplitude_id":184912401156,"$schema":12,"processed_time":"2020-08-14 20:47:59.374481","idfa":null,"version_name":null,"device_manufacturer":null,"uuid":"7037abd6-de6f-11ea-b669-020f23d7547d","device_type":null,"sample_rate":null,"event_properties":{"project-category":"We need more Edisons than Einsteins-How Edisons Techniques Can Accelerate New Industrial Revolution WithIoT","project-id":801947046,"save-type":"New Video","project-name":"We need more Edisons"},"server_upload_time":"2020-08-14 20:47:57.702000","device_model":null,"$insert_id":"a6cfa92f-8add-4210-b2e3-e2d8c503f0f8","user_creation_time":"2020-08-14 20:38:16.066000","os_name":"Chrome","device_brand":null,"adid":null,"location_lng":null,"dma":"Seattle-Tacoma, WA","groups":{},"os_version":"84","group_properties":{},"app":277124,"device_carrier":null,"event_type":"video-saved","user_properties":{"Username":"jineshv@gmail.com"},"event_time":"2020-08-14 20:47:57.666000","session_id":1597437416026,"country":"United States","amplitude_attribution_ids":null,"server_received_time":"2020-08-14 20:47:57.696000","device_family":null,"client_event_time":"2020-08-14 20:47:57.666000","start_version":null,"location_lat":null,"user_id":"jineshv@gmail.com","paying":null,"client_upload_time":"2020-08-14 20:47:57.670000","language":"English","amplitude_event_type":null}
{"region":"Washington","event_id":12,"device_id":"XE6HAt2agxtdRrX4iVdnhk","city":"Kirkland","data":{},"library":"amplitude-js\/6.1.0","ip_address":"50.47.143.67","is_attribution_event":false,"platform":"Web","amplitude_id":184912401156,"$schema":12,"processed_time":"2020-08-14 20:51:19.988005","idfa":null,"version_name":null,"device_manufacturer":null,"uuid":"e7caa194-de6f-11ea-b669-020f23d7547d","device_type":null,"sample_rate":null,"event_properties":{"service-name":"save-project"},"server_upload_time":"2020-08-14 20:51:18.528000","device_model":null,"$insert_id":"427f6886-7a9c-4362-a1f7-00b915467b41","user_creation_time":"2020-08-14 20:38:16.066000","os_name":"Chrome","device_brand":null,"adid":null,"location_lng":null,"dma":"Seattle-Tacoma, WA","groups":{},"os_version":"84","group_properties":{},"app":277124,"device_carrier":null,"event_type":"failed-service","user_properties":{"Username":"jineshv@gmail.com"},"event_time":"2020-08-14 20:51:18.406000","session_id":1597437416026,"country":"United States","amplitude_attribution_ids":null,"server_received_time":"2020-08-14 20:51:18.497000","device_family":null,"client_event_time":"2020-08-14 20:51:18.406000","start_version":null,"location_lat":null,"user_id":"jineshv@gmail.com","paying":null,"client_upload_time":"2020-08-14 20:51:18.410000","language":"English","amplitude_event_type":null}
{"region":"Washington","event_id":13,"device_id":"XE6HAt2agxtdRrX4iVdnhk","city":"Kirkland","data":{},"library":"amplitude-js\/6.1.0","ip_address":"50.47.143.67","is_attribution_event":false,"platform":"Web","amplitude_id":184912401156,"$schema":12,"processed_time":"2020-08-14 20:51:30.533110","idfa":null,"version_name":null,"device_manufacturer":null,"uuid":"ee0ff54a-de6f-11ea-b669-020f23d7547d","device_type":null,"sample_rate":null,"event_properties":{"backup-json":"https:\/\/brand-settings-images130431-pictory.s3.us-east-2.amazonaws.com\/public\/Google_113185945406070940029\/project\/801947046\/failed-save-backup.json"},"server_upload_time":"2020-08-14 20:51:29.452000","device_model":null,"$insert_id":"4bdf1c90-9967-4a06-9f98-3ca2c6cce521","user_creation_time":"2020-08-14 20:38:16.066000","os_name":"Chrome","device_brand":null,"adid":null,"location_lng":null,"dma":"Seattle-Tacoma, WA","groups":{},"os_version":"84","group_properties":{},"app":277124,"device_carrier":null,"event_type":"project-save-failed","user_properties":{"Username":"jineshv@gmail.com"},"event_time":"2020-08-14 20:51:29.426000","session_id":1597437416026,"country":"United States","amplitude_attribution_ids":null,"server_received_time":"2020-08-14 20:51:29.448000","device_family":null,"client_event_time":"2020-08-14 20:51:29.426000","start_version":null,"location_lat":null,"user_id":null,"paying":null,"client_upload_time":"2020-08-14 20:51:29.427000","language":"English","amplitude_event_type":null}
{"server_received_time":"2020-08-14 20:53:44.405000","groups":{},"device_model":null,"user_creation_time":"2020-05-17 00:13:14.288000","$schema":12,"location_lat":null,"adid":null,"app":277124,"paying":null,"session_id":1597438413824,"device_carrier":null,"user_properties":{"Username":"vikram@pictory.ai"},"platform":"Web","dma":"Seattle-Tacoma, WA","amplitude_event_type":null,"processed_time":"2020-08-14 20:53:45.700697","client_upload_time":"2020-08-14 20:53:44.350000","server_upload_time":"2020-08-14 20:53:44.420000","sample_rate":null,"amplitude_id":157956802362,"city":"Lake Stevens","device_family":null,"device_id":"Q7DEYHSryLp0H1aRz9RtrZ","version_name":null,"event_type":"saved-video-opened","device_brand":null,"region":"Washington","os_name":"Chrome","idfa":null,"device_type":null,"$insert_id":"8c8a1138-acf1-4b88-847c-480d4a75a690","country":"United States","user_id":"vikram@pictory.ai","device_manufacturer":null,"start_version":null,"location_lng":null,"library":"amplitude-js\/6.1.0","language":"English","event_id":2215,"os_version":"84","is_attribution_event":false,"event_time":"2020-08-14 20:53:44.350000","group_properties":{},"event_properties":{"project-name":"Sales Kick Off Exec"},"ip_address":"73.140.177.242","client_event_time":"2020-08-14 20:53:44.350000","uuid":"3e9e6848-de70-11ea-8203-029fa0556319","data":{},"amplitude_attribution_ids":null}
{"server_received_time":"2020-08-14 20:53:55.771000","groups":{},"device_model":null,"user_creation_time":"2020-05-17 00:13:14.288000","$schema":12,"location_lat":null,"adid":null,"app":277124,"paying":null,"session_id":1597438413824,"device_carrier":null,"user_properties":{"Username":"vikram@pictory.ai"},"platform":"Web","dma":"Seattle-Tacoma, WA","amplitude_event_type":null,"processed_time":"2020-08-14 20:53:57.042532","client_upload_time":"2020-08-14 20:53:55.749000","server_upload_time":"2020-08-14 20:53:55.784000","sample_rate":null,"amplitude_id":157956802362,"city":"Lake Stevens","device_family":null,"device_id":"Q7DEYHSryLp0H1aRz9RtrZ","version_name":null,"event_type":"saved-video-opened","device_brand":null,"region":"Washington","os_name":"Chrome","idfa":null,"device_type":null,"$insert_id":"8c4bdfbe-b035-4a64-919b-78948b0a6edb","country":"United States","user_id":"vikram@pictory.ai","device_manufacturer":null,"start_version":null,"location_lng":null,"library":"amplitude-js\/6.1.0","language":"English","event_id":2216,"os_version":"84","is_attribution_event":false,"event_time":"2020-08-14 20:53:55.748000","group_properties":{},"event_properties":{"project-name":"Sales Kick Off Exec","project-category":"Sales Kick Off Exec"},"ip_address":"73.140.177.242","client_event_time":"2020-08-14 20:53:55.748000","uuid":"45617396-de70-11ea-8203-029fa0556319","data":{},"amplitude_attribution_ids":null}
{"server_received_time":"2020-08-14 20:54:01.348000","groups":{},"device_model":null,"user_creation_time":"2020-05-17 00:13:14.288000","$schema":12,"location_lat":null,"adid":null,"app":277124,"paying":null,"session_id":1597438413824,"device_carrier":null,"user_properties":{"Username":"vikram@pictory.ai"},"platform":"Web","dma":"Seattle-Tacoma, WA","amplitude_event_type":null,"processed_time":"2020-08-14 20:54:02.584667","client_upload_time":"2020-08-14 20:54:01.327000","server_upload_time":"2020-08-14 20:54:01.362000","sample_rate":null,"amplitude_id":157956802362,"city":"Lake Stevens","device_family":null,"device_id":"Q7DEYHSryLp0H1aRz9RtrZ","version_name":null,"event_type":"track-sample-played","device_brand":null,"region":"Washington","os_name":"Chrome","idfa":null,"device_type":null,"$insert_id":"a61f71a3-2fe1-48d9-a361-7d5ae50f58ac","country":"United States","user_id":"vikram@pictory.ai","device_manufacturer":null,"start_version":null,"location_lng":null,"library":"amplitude-js\/6.1.0","language":"English","event_id":2217,"os_version":"84","is_attribution_event":false,"event_time":"2020-08-14 20:54:01.327000","group_properties":{},"event_properties":{"project-id":95415223,"track-name":"All We Know"},"ip_address":"73.140.177.242","client_event_time":"2020-08-14 20:54:01.327000","uuid":"48b05e0e-de70-11ea-8203-029fa0556319","data":{},"amplitude_attribution_ids":null}
