{"device_family":null,"language":"English","user_properties":{"Username":"tripviki@gmail.com"},"$insert_id":"bc7a2055-c5b5-4189-8cb8-673f5afbe449","group_properties":{},"event_properties":{"project-category":"Intro","project-name":"Vikash PM"},"region":"Telangana","server_received_time":"2020-08-11 15:39:42.013000","server_upload_time":"2020-08-11 15:39:42.032000","event_id":1,"device_id":"STTPJWSh2D-g1FHBGz-8LH","location_lat":null,"processed_time":"2020-08-11 15:39:42.553095","device_manufacturer":null,"app":277124,"country":"India","amplitude_event_type":null,"session_id":1597160320623,"os_version":"84","library":"amplitude-js\/6.1.0","$schema":12,"location_lng":null,"device_model":null,"groups":{},"user_id":"tripviki@gmail.com","data":{},"device_type":null,"paying":null,"platform":"Web","event_time":"2020-08-11 15:39:41.537000","client_event_time":"2020-08-11 15:39:41.537000","ip_address":"183.83.140.127","start_version":null,"version_name":null,"sample_rate":null,"client_upload_time":"2020-08-11 15:39:41.538000","device_brand":null,"amplitude_attribution_ids":null,"adid":null,"city":"Hyderabad","uuid":"e0002fe4-dbe8-11ea-a1f1-0a55f860b39f","dma":null,"user_creation_time":"2020-07-31 10:41:07.911000","os_name":"Chrome","device_carrier":null,"idfa":null,"is_attribution_event":false,"event_type":"saved-video-opened","amplitude_id":181607702172}
