{"paying":null,"server_upload_time":"2020-08-08 19:33:59.258000","location_lng":null,"amplitude_attribution_ids":null,"device_model":"iPhone","device_id":"KfuM0aceW9IxmSgArgMi0s","device_brand":null,"event_id":1,"country":"United States","os_version":"12","idfa":null,"session_id":1596915088286,"$insert_id":"c1ca613b-8f79-4b62-9ef6-2f5abac66872","language":"English","platform":"Web","start_version":null,"device_carrier":null,"device_type":null,"app":277124,"amplitude_id":183538006753,"user_creation_time":"2020-08-08 19:33:41.821000","sample_rate":null,"server_received_time":"2020-08-08 19:33:59.255000","amplitude_event_type":null,"user_id":null,"ip_address":"172.58.169.120","region":"Florida","client_upload_time":"2020-08-08 19:33:57.530000","data":{"first_event":true},"event_time":"2020-08-08 19:33:41.821000","adid":null,"city":"Tampa","dma":"Tampa-St Petersburg (Sarasota), FL","event_properties":{"login-via":"Google"},"os_name":"Mobile Safari","uuid":"1bd5e302-d9ae-11ea-8d45-02409862028f","user_properties":{},"groups":{},"device_family":"Apple iPhone","location_lat":null,"is_attribution_event":false,"$schema":12,"version_name":null,"device_manufacturer":"Apple","client_event_time":"2020-08-08 19:33:41.821000","event_type":"user-login","library":"amplitude-js\/6.1.0","processed_time":"2020-08-08 19:34:00.363503","group_properties":{}}
{"paying":null,"server_upload_time":"2020-08-08 19:35:35.037000","location_lng":null,"amplitude_attribution_ids":null,"device_model":"iPhone","device_id":"KfuM0aceW9IxmSgArgMi0s","device_brand":null,"event_id":2,"country":"United States","os_version":"12","idfa":null,"session_id":1596915088286,"$insert_id":"2b4cca10-4b06-47f2-91a4-255b3e76179b","language":"English","platform":"Web","start_version":null,"device_carrier":null,"device_type":null,"app":277124,"amplitude_id":183538006753,"user_creation_time":"2020-08-08 19:33:41.821000","sample_rate":null,"server_received_time":"2020-08-08 19:35:35.028000","amplitude_event_type":null,"user_id":"jnevaeh426@gmail.com","ip_address":"172.58.169.120","region":"Florida","client_upload_time":"2020-08-08 19:35:34.367000","data":{},"event_time":"2020-08-08 19:35:34.366000","adid":null,"city":"Tampa","dma":"Tampa-St Petersburg (Sarasota), FL","event_properties":{"provider":"Google"},"os_name":"Mobile Safari","uuid":"55319d08-d9ae-11ea-8d45-02409862028f","user_properties":{"Username":"jnevaeh426@gmail.com"},"groups":{},"device_family":"Apple iPhone","location_lat":null,"is_attribution_event":false,"$schema":12,"version_name":null,"device_manufacturer":"Apple","client_event_time":"2020-08-08 19:35:34.366000","event_type":"user-signup","library":"amplitude-js\/6.1.0","processed_time":"2020-08-08 19:35:36.524758","group_properties":{}}
{"paying":null,"server_upload_time":"2020-08-08 19:35:35.325000","location_lng":null,"amplitude_attribution_ids":null,"device_model":"iPhone","device_id":"KfuM0aceW9IxmSgArgMi0s","device_brand":null,"event_id":3,"country":"United States","os_version":"12","idfa":null,"session_id":1596915088286,"$insert_id":"cf2b4bb8-fd58-4a3a-bde8-d58574ffa46d","language":"English","platform":"Web","start_version":null,"device_carrier":null,"device_type":null,"app":277124,"amplitude_id":183538006753,"user_creation_time":"2020-08-08 19:33:41.821000","sample_rate":null,"server_received_time":"2020-08-08 19:35:35.315000","amplitude_event_type":null,"user_id":"jnevaeh426@gmail.com","ip_address":"172.58.169.120","region":"Florida","client_upload_time":"2020-08-08 19:35:35.175000","data":{},"event_time":"2020-08-08 19:35:34.371000","adid":null,"city":"Tampa","dma":"Tampa-St Petersburg (Sarasota), FL","event_properties":{},"os_name":"Mobile Safari","uuid":"5531a55a-d9ae-11ea-8d45-02409862028f","user_properties":{"Username":"jnevaeh426@gmail.com"},"groups":{},"device_family":"Apple iPhone","location_lat":null,"is_attribution_event":false,"$schema":12,"version_name":null,"device_manufacturer":"Apple","client_event_time":"2020-08-08 19:35:34.371000","event_type":"trial-activated","library":"amplitude-js\/6.1.0","processed_time":"2020-08-08 19:35:36.531479","group_properties":{}}
{"paying":null,"server_upload_time":"2020-08-08 19:36:26.024000","location_lng":null,"amplitude_attribution_ids":null,"device_model":"iPhone","device_id":"KfuM0aceW9IxmSgArgMi0s","device_brand":null,"event_id":4,"country":"United States","os_version":"12","idfa":null,"session_id":1596915088286,"$insert_id":"41f488bd-efb7-4bd7-9180-a5b35e9102e9","language":"English","platform":"Web","start_version":null,"device_carrier":null,"device_type":null,"app":277124,"amplitude_id":183538006753,"user_creation_time":"2020-08-08 19:33:41.821000","sample_rate":null,"server_received_time":"2020-08-08 19:36:26.007000","amplitude_event_type":null,"user_id":"jnevaeh426@gmail.com","ip_address":"172.58.169.120","region":"Florida","client_upload_time":"2020-08-08 19:36:25.856000","data":{},"event_time":"2020-08-08 19:36:25.855000","adid":null,"city":"Tampa","dma":"Tampa-St Petersburg (Sarasota), FL","event_properties":{"script":"<p>I would like to make an Intro for my YouTube channel<\/p>"},"os_name":"Mobile Safari","uuid":"73298aaa-d9ae-11ea-8d45-02409862028f","user_properties":{"Username":"jnevaeh426@gmail.com"},"groups":{},"device_family":"Apple iPhone","location_lat":null,"is_attribution_event":false,"$schema":12,"version_name":null,"device_manufacturer":"Apple","client_event_time":"2020-08-08 19:36:25.855000","event_type":"start-with-script","library":"amplitude-js\/6.1.0","processed_time":"2020-08-08 19:36:26.800146","group_properties":{}}
{"paying":null,"server_upload_time":"2020-08-08 19:36:36.127000","location_lng":null,"amplitude_attribution_ids":null,"device_model":"iPhone","device_id":"KfuM0aceW9IxmSgArgMi0s","device_brand":null,"event_id":5,"country":"United States","os_version":"12","idfa":null,"session_id":1596915088286,"$insert_id":"0637f9fb-9f10-42c0-a764-c79b9ee87ac2","language":"English","platform":"Web","start_version":null,"device_carrier":null,"device_type":null,"app":277124,"amplitude_id":183538006753,"user_creation_time":"2020-08-08 19:33:41.821000","sample_rate":null,"server_received_time":"2020-08-08 19:36:36.123000","amplitude_event_type":null,"user_id":"jnevaeh426@gmail.com","ip_address":"172.58.169.120","region":"Florida","client_upload_time":"2020-08-08 19:36:35.991000","data":{},"event_time":"2020-08-08 19:36:35.990000","adid":null,"city":"Tampa","dma":"Tampa-St Petersburg (Sarasota), FL","event_properties":{"save-type":"New Video","project-name":"I would like to make","project-id":19499277,"project-category":"I would like to make an Intro for my YouTube channel"},"os_name":"Mobile Safari","uuid":"79a6497c-d9ae-11ea-8d45-02409862028f","user_properties":{"Username":"jnevaeh426@gmail.com"},"groups":{},"device_family":"Apple iPhone","location_lat":null,"is_attribution_event":false,"$schema":12,"version_name":null,"device_manufacturer":"Apple","client_event_time":"2020-08-08 19:36:35.990000","event_type":"video-saved","library":"amplitude-js\/6.1.0","processed_time":"2020-08-08 19:36:37.683691","group_properties":{}}
{"paying":null,"server_upload_time":"2020-08-08 19:36:40.075000","location_lng":null,"amplitude_attribution_ids":null,"device_model":"iPhone","device_id":"KfuM0aceW9IxmSgArgMi0s","device_brand":null,"event_id":6,"country":"United States","os_version":"12","idfa":null,"session_id":1596915088286,"$insert_id":"7bfaae0c-d020-4dbd-9a42-f3ba6d5497b4","language":"English","platform":"Web","start_version":null,"device_carrier":null,"device_type":null,"app":277124,"amplitude_id":183538006753,"user_creation_time":"2020-08-08 19:33:41.821000","sample_rate":null,"server_received_time":"2020-08-08 19:36:40.070000","amplitude_event_type":null,"user_id":"jnevaeh426@gmail.com","ip_address":"172.58.169.120","region":"Florida","client_upload_time":"2020-08-08 19:36:39.774000","data":{},"event_time":"2020-08-08 19:36:39.773000","adid":null,"city":"Tampa","dma":"Tampa-St Petersburg (Sarasota), FL","event_properties":{"track-name":"Bustling Life","project-id":19499277},"os_name":"Mobile Safari","uuid":"7c231e00-d9ae-11ea-8d45-02409862028f","user_properties":{"Username":"jnevaeh426@gmail.com"},"groups":{},"device_family":"Apple iPhone","location_lat":null,"is_attribution_event":false,"$schema":12,"version_name":null,"device_manufacturer":"Apple","client_event_time":"2020-08-08 19:36:39.773000","event_type":"track-selected","library":"amplitude-js\/6.1.0","processed_time":"2020-08-08 19:36:41.853083","group_properties":{}}
{"paying":null,"server_upload_time":"2020-08-08 19:36:41.648000","location_lng":null,"amplitude_attribution_ids":null,"device_model":"iPhone","device_id":"KfuM0aceW9IxmSgArgMi0s","device_brand":null,"event_id":7,"country":"United States","os_version":"12","idfa":null,"session_id":1596915088286,"$insert_id":"e5d60d48-862a-418f-9678-948e0d630c6f","language":"English","platform":"Web","start_version":null,"device_carrier":null,"device_type":null,"app":277124,"amplitude_id":183538006753,"user_creation_time":"2020-08-08 19:33:41.821000","sample_rate":null,"server_received_time":"2020-08-08 19:36:41.642000","amplitude_event_type":null,"user_id":"jnevaeh426@gmail.com","ip_address":"172.58.169.120","region":"Florida","client_upload_time":"2020-08-08 19:36:41.503000","data":{},"event_time":"2020-08-08 19:36:41.497000","adid":null,"city":"Tampa","dma":"Tampa-St Petersburg (Sarasota), FL","event_properties":{"save-type":"Saved Video","project-name":"I would like to make","project-id":19499277,"project-category":"I would like to make an Intro for my YouTube channel"},"os_name":"Mobile Safari","uuid":"7d297146-d9ae-11ea-8d45-02409862028f","user_properties":{"Username":"jnevaeh426@gmail.com"},"groups":{},"device_family":"Apple iPhone","location_lat":null,"is_attribution_event":false,"$schema":12,"version_name":null,"device_manufacturer":"Apple","client_event_time":"2020-08-08 19:36:41.497000","event_type":"video-saved","library":"amplitude-js\/6.1.0","processed_time":"2020-08-08 19:36:43.574492","group_properties":{}}
{"paying":null,"server_upload_time":"2020-08-08 19:37:33.370000","location_lng":null,"amplitude_attribution_ids":null,"device_model":"iPhone","device_id":"KfuM0aceW9IxmSgArgMi0s","device_brand":null,"event_id":8,"country":"United States","os_version":"12","idfa":null,"session_id":1596915088286,"$insert_id":"4772d156-b0e4-4064-a440-4abe50176d6e","language":"English","platform":"Web","start_version":null,"device_carrier":null,"device_type":null,"app":277124,"amplitude_id":183538006753,"user_creation_time":"2020-08-08 19:33:41.821000","sample_rate":null,"server_received_time":"2020-08-08 19:37:33.359000","amplitude_event_type":null,"user_id":"jnevaeh426@gmail.com","ip_address":"172.58.169.120","region":"Florida","client_upload_time":"2020-08-08 19:37:33.094000","data":{},"event_time":"2020-08-08 19:37:33.093000","adid":null,"city":"Tampa","dma":"Tampa-St Petersburg (Sarasota), FL","event_properties":{"total-video-time-in-minutes":"0.08","total-scenes":1,"total-videos":1,"track-name":"Bustling Life","total-time-to-generate-in-seconds":64,"total-video-time-in-seconds":5,"total-images":0,"total-sub-scenes":0,"total-time-to-generate-in-minutes":"1.07","project-id":19499277,"total-scenes-with-original-image":1},"os_name":"Mobile Safari","uuid":"9b87f4f0-d9ae-11ea-8d45-02409862028f","user_properties":{"Username":"jnevaeh426@gmail.com"},"groups":{},"device_family":"Apple iPhone","location_lat":null,"is_attribution_event":false,"$schema":12,"version_name":null,"device_manufacturer":"Apple","client_event_time":"2020-08-08 19:37:33.093000","event_type":"generate-clicked","library":"amplitude-js\/6.1.0","processed_time":"2020-08-08 19:37:34.562005","group_properties":{}}
{"paying":null,"server_upload_time":"2020-08-08 19:37:59.581000","location_lng":null,"amplitude_attribution_ids":null,"device_model":"iPhone","device_id":"KfuM0aceW9IxmSgArgMi0s","device_brand":null,"event_id":9,"country":"United States","os_version":"12","idfa":null,"session_id":1596915088286,"$insert_id":"2842eca3-93d7-4ffc-994d-f296344a63d7","language":"English","platform":"Web","start_version":null,"device_carrier":null,"device_type":null,"app":277124,"amplitude_id":183538006753,"user_creation_time":"2020-08-08 19:33:41.821000","sample_rate":null,"server_received_time":"2020-08-08 19:37:59.573000","amplitude_event_type":null,"user_id":"jnevaeh426@gmail.com","ip_address":"172.58.169.120","region":"Florida","client_upload_time":"2020-08-08 19:37:59.437000","data":{},"event_time":"2020-08-08 19:37:59.436000","adid":null,"city":"Tampa","dma":"Tampa-St Petersburg (Sarasota), FL","event_properties":{"script":"<p>A video for youtube<\/p>"},"os_name":"Mobile Safari","uuid":"aacee432-d9ae-11ea-8d45-02409862028f","user_properties":{"Username":"jnevaeh426@gmail.com"},"groups":{},"device_family":"Apple iPhone","location_lat":null,"is_attribution_event":false,"$schema":12,"version_name":null,"device_manufacturer":"Apple","client_event_time":"2020-08-08 19:37:59.436000","event_type":"start-with-script","library":"amplitude-js\/6.1.0","processed_time":"2020-08-08 19:38:00.150095","group_properties":{}}
{"paying":null,"server_upload_time":"2020-08-08 19:38:07.786000","location_lng":null,"amplitude_attribution_ids":null,"device_model":"iPhone","device_id":"KfuM0aceW9IxmSgArgMi0s","device_brand":null,"event_id":10,"country":"United States","os_version":"12","idfa":null,"session_id":1596915088286,"$insert_id":"64c9fa47-91fe-46ab-ad32-7a4ff42c4998","language":"English","platform":"Web","start_version":null,"device_carrier":null,"device_type":null,"app":277124,"amplitude_id":183538006753,"user_creation_time":"2020-08-08 19:33:41.821000","sample_rate":null,"server_received_time":"2020-08-08 19:38:07.774000","amplitude_event_type":null,"user_id":"jnevaeh426@gmail.com","ip_address":"172.58.169.120","region":"Florida","client_upload_time":"2020-08-08 19:38:07.639000","data":{},"event_time":"2020-08-08 19:38:07.638000","adid":null,"city":"Tampa","dma":"Tampa-St Petersburg (Sarasota), FL","event_properties":{"save-type":"New Video","project-name":"A video for youtube","project-id":582751404,"project-category":"A video for youtube"},"os_name":"Mobile Safari","uuid":"afa85fb0-d9ae-11ea-8d45-02409862028f","user_properties":{"Username":"jnevaeh426@gmail.com"},"groups":{},"device_family":"Apple iPhone","location_lat":null,"is_attribution_event":false,"$schema":12,"version_name":null,"device_manufacturer":"Apple","client_event_time":"2020-08-08 19:38:07.638000","event_type":"video-saved","library":"amplitude-js\/6.1.0","processed_time":"2020-08-08 19:38:08.287238","group_properties":{}}
{"paying":null,"server_upload_time":"2020-08-08 19:38:08.471000","location_lng":null,"amplitude_attribution_ids":null,"device_model":"iPhone","device_id":"KfuM0aceW9IxmSgArgMi0s","device_brand":null,"event_id":11,"country":"United States","os_version":"12","idfa":null,"session_id":1596915088286,"$insert_id":"a8cd58b3-6770-491f-8517-41be4d1be651","language":"English","platform":"Web","start_version":null,"device_carrier":null,"device_type":null,"app":277124,"amplitude_id":183538006753,"user_creation_time":"2020-08-08 19:33:41.821000","sample_rate":null,"server_received_time":"2020-08-08 19:38:08.460000","amplitude_event_type":null,"user_id":"jnevaeh426@gmail.com","ip_address":"172.58.169.120","region":"Florida","client_upload_time":"2020-08-08 19:38:08.322000","data":{},"event_time":"2020-08-08 19:38:07.950000","adid":null,"city":"Tampa","dma":"Tampa-St Petersburg (Sarasota), FL","event_properties":{"track-name":"Above Earth","project-id":582751404},"os_name":"Mobile Safari","uuid":"b0f1f1e2-d9ae-11ea-8d45-02409862028f","user_properties":{"Username":"jnevaeh426@gmail.com"},"groups":{},"device_family":"Apple iPhone","location_lat":null,"is_attribution_event":false,"$schema":12,"version_name":null,"device_manufacturer":"Apple","client_event_time":"2020-08-08 19:38:07.950000","event_type":"track-selected","library":"amplitude-js\/6.1.0","processed_time":"2020-08-08 19:38:10.446419","group_properties":{}}
{"paying":null,"server_upload_time":"2020-08-08 19:38:09.781000","location_lng":null,"amplitude_attribution_ids":null,"device_model":"iPhone","device_id":"KfuM0aceW9IxmSgArgMi0s","device_brand":null,"event_id":12,"country":"United States","os_version":"12","idfa":null,"session_id":1596915088286,"$insert_id":"62c95100-964a-4e58-abde-11b7df07105a","language":"English","platform":"Web","start_version":null,"device_carrier":null,"device_type":null,"app":277124,"amplitude_id":183538006753,"user_creation_time":"2020-08-08 19:33:41.821000","sample_rate":null,"server_received_time":"2020-08-08 19:38:09.765000","amplitude_event_type":null,"user_id":"jnevaeh426@gmail.com","ip_address":"172.58.169.120","region":"Florida","client_upload_time":"2020-08-08 19:38:09.628000","data":{},"event_time":"2020-08-08 19:38:09.627000","adid":null,"city":"Tampa","dma":"Tampa-St Petersburg (Sarasota), FL","event_properties":{"save-type":"Saved Video","project-name":"A video for youtube","project-id":582751404,"project-category":"A video for youtube"},"os_name":"Mobile Safari","uuid":"b0f1fa70-d9ae-11ea-8d45-02409862028f","user_properties":{"Username":"jnevaeh426@gmail.com"},"groups":{},"device_family":"Apple iPhone","location_lat":null,"is_attribution_event":false,"$schema":12,"version_name":null,"device_manufacturer":"Apple","client_event_time":"2020-08-08 19:38:09.627000","event_type":"video-saved","library":"amplitude-js\/6.1.0","processed_time":"2020-08-08 19:38:10.448446","group_properties":{}}
{"paying":null,"server_upload_time":"2020-08-08 19:38:17.328000","location_lng":null,"amplitude_attribution_ids":null,"device_model":"iPhone","device_id":"KfuM0aceW9IxmSgArgMi0s","device_brand":null,"event_id":13,"country":"United States","os_version":"12","idfa":null,"session_id":1596915088286,"$insert_id":"25f7877b-2b50-4210-b78e-9b33361b85eb","language":"English","platform":"Web","start_version":null,"device_carrier":null,"device_type":null,"app":277124,"amplitude_id":183538006753,"user_creation_time":"2020-08-08 19:33:41.821000","sample_rate":null,"server_received_time":"2020-08-08 19:38:17.294000","amplitude_event_type":null,"user_id":"jnevaeh426@gmail.com","ip_address":"172.58.169.120","region":"Florida","client_upload_time":"2020-08-08 19:38:17.154000","data":{},"event_time":"2020-08-08 19:38:17.153000","adid":null,"city":"Tampa","dma":"Tampa-St Petersburg (Sarasota), FL","event_properties":{"project-id":582751404},"os_name":"Mobile Safari","uuid":"b5b26f18-d9ae-11ea-8d45-02409862028f","user_properties":{"Username":"jnevaeh426@gmail.com"},"groups":{},"device_family":"Apple iPhone","location_lat":null,"is_attribution_event":false,"$schema":12,"version_name":null,"device_manufacturer":"Apple","client_event_time":"2020-08-08 19:38:17.153000","event_type":"upload-clicked","library":"amplitude-js\/6.1.0","processed_time":"2020-08-08 19:38:18.425489","group_properties":{}}
{"paying":null,"server_upload_time":"2020-08-08 19:40:34.541000","location_lng":null,"amplitude_attribution_ids":null,"device_model":"iPhone","device_id":"KfuM0aceW9IxmSgArgMi0s","device_brand":null,"event_id":14,"country":"United States","os_version":"12","idfa":null,"session_id":1596915088286,"$insert_id":"9515a94d-3f94-4667-85cd-392acfcdf205","language":"English","platform":"Web","start_version":null,"device_carrier":null,"device_type":null,"app":277124,"amplitude_id":183538006753,"user_creation_time":"2020-08-08 19:33:41.821000","sample_rate":null,"server_received_time":"2020-08-08 19:40:34.535000","amplitude_event_type":null,"user_id":"jnevaeh426@gmail.com","ip_address":"172.58.169.120","region":"Florida","client_upload_time":"2020-08-08 19:40:32.903000","data":{},"event_time":"2020-08-08 19:40:32.900000","adid":null,"city":"Tampa","dma":"Tampa-St Petersburg (Sarasota), FL","event_properties":{"image-url":"https:\/\/brand-settings-images130431-pictory.s3.us-east-2.amazonaws.com\/public\/Google_111583441512204431974\/images\/3DD8EC38-C156-48EC-B5DE-5FD2AED17A0A.jpeg","upload-type":"browsed","project-id":582751404},"os_name":"Mobile Safari","uuid":"07bd1ccc-d9af-11ea-8d45-02409862028f","user_properties":{"Username":"jnevaeh426@gmail.com"},"groups":{},"device_family":"Apple iPhone","location_lat":null,"is_attribution_event":false,"$schema":12,"version_name":null,"device_manufacturer":"Apple","client_event_time":"2020-08-08 19:40:32.900000","event_type":"image-upload","library":"amplitude-js\/6.1.0","processed_time":"2020-08-08 19:40:36.167541","group_properties":{}}
{"paying":null,"server_upload_time":"2020-08-08 19:41:10.398000","location_lng":null,"amplitude_attribution_ids":null,"device_model":"iPhone","device_id":"KfuM0aceW9IxmSgArgMi0s","device_brand":null,"event_id":15,"country":"United States","os_version":"12","idfa":null,"session_id":1596915088286,"$insert_id":"e67b9d83-e0c7-4814-aaf6-2b5f3ed692a7","language":"English","platform":"Web","start_version":null,"device_carrier":null,"device_type":null,"app":277124,"amplitude_id":183538006753,"user_creation_time":"2020-08-08 19:33:41.821000","sample_rate":null,"server_received_time":"2020-08-08 19:41:10.387000","amplitude_event_type":null,"user_id":"jnevaeh426@gmail.com","ip_address":"172.58.169.120","region":"Florida","client_upload_time":"2020-08-08 19:40:42.454000","data":{},"event_time":"2020-08-08 19:40:42.453000","adid":null,"city":"Tampa","dma":"Tampa-St Petersburg (Sarasota), FL","event_properties":{"image-url":"https:\/\/brand-settings-images130431-pictory.s3.us-east-2.amazonaws.com\/public\/Google_111583441512204431974\/images\/2146CC98-47B9-49FF-959A-CB858B823A72.jpeg","project-id":582751404},"os_name":"Mobile Safari","uuid":"1db8af32-d9af-11ea-8d45-02409862028f","user_properties":{"Username":"jnevaeh426@gmail.com"},"groups":{},"device_family":"Apple iPhone","location_lat":null,"is_attribution_event":false,"$schema":12,"version_name":null,"device_manufacturer":"Apple","client_event_time":"2020-08-08 19:40:42.453000","event_type":"image-upload","library":"amplitude-js\/6.1.0","processed_time":"2020-08-08 19:41:12.953101","group_properties":{}}
{"paying":null,"server_upload_time":"2020-08-08 19:41:11.056000","location_lng":null,"amplitude_attribution_ids":null,"device_model":"iPhone","device_id":"KfuM0aceW9IxmSgArgMi0s","device_brand":null,"event_id":16,"country":"United States","os_version":"12","idfa":null,"session_id":1596915088286,"$insert_id":"84c8bb18-ff05-4a7f-9c63-40dbdd9d31b0","language":"English","platform":"Web","start_version":null,"device_carrier":null,"device_type":null,"app":277124,"amplitude_id":183538006753,"user_creation_time":"2020-08-08 19:33:41.821000","sample_rate":null,"server_received_time":"2020-08-08 19:41:11.049000","amplitude_event_type":null,"user_id":"jnevaeh426@gmail.com","ip_address":"172.58.169.120","region":"Florida","client_upload_time":"2020-08-08 19:41:10.433000","data":{},"event_time":"2020-08-08 19:40:52.636000","adid":null,"city":"Tampa","dma":"Tampa-St Petersburg (Sarasota), FL","event_properties":{"source":"Visuals","project-id":582751404},"os_name":"Mobile Safari","uuid":"1db8baea-d9af-11ea-8d45-02409862028f","user_properties":{"Username":"jnevaeh426@gmail.com"},"groups":{},"device_family":"Apple iPhone","location_lat":null,"is_attribution_event":false,"$schema":12,"version_name":null,"device_manufacturer":"Apple","client_event_time":"2020-08-08 19:40:52.636000","event_type":"recent-clicked","library":"amplitude-js\/6.1.0","processed_time":"2020-08-08 19:41:12.956062","group_properties":{}}
{"paying":null,"server_upload_time":"2020-08-08 19:41:11.056000","location_lng":null,"amplitude_attribution_ids":null,"device_model":"iPhone","device_id":"KfuM0aceW9IxmSgArgMi0s","device_brand":null,"event_id":17,"country":"United States","os_version":"12","idfa":null,"session_id":1596915088286,"$insert_id":"141e93a3-08e3-48b7-9863-302276219095","language":"English","platform":"Web","start_version":null,"device_carrier":null,"device_type":null,"app":277124,"amplitude_id":183538006753,"user_creation_time":"2020-08-08 19:33:41.821000","sample_rate":null,"server_received_time":"2020-08-08 19:41:11.049000","amplitude_event_type":null,"user_id":"jnevaeh426@gmail.com","ip_address":"172.58.169.120","region":"Florida","client_upload_time":"2020-08-08 19:41:10.433000","data":{},"event_time":"2020-08-08 19:41:04.150000","adid":null,"city":"Tampa","dma":"Tampa-St Petersburg (Sarasota), FL","event_properties":{"project-id":582751404},"os_name":"Mobile Safari","uuid":"1db8c2a6-d9af-11ea-8d45-02409862028f","user_properties":{"Username":"jnevaeh426@gmail.com"},"groups":{},"device_family":"Apple iPhone","location_lat":null,"is_attribution_event":false,"$schema":12,"version_name":null,"device_manufacturer":"Apple","client_event_time":"2020-08-08 19:41:04.150000","event_type":"upload-clicked","library":"amplitude-js\/6.1.0","processed_time":"2020-08-08 19:41:12.956070","group_properties":{}}
{"paying":null,"server_upload_time":"2020-08-08 19:41:11.510000","location_lng":null,"amplitude_attribution_ids":null,"device_model":"iPhone","device_id":"KfuM0aceW9IxmSgArgMi0s","device_brand":null,"event_id":18,"country":"United States","os_version":"12","idfa":null,"session_id":1596915088286,"$insert_id":"bc8e994d-46a3-4aea-b5ad-06dae390abab","language":"English","platform":"Web","start_version":null,"device_carrier":null,"device_type":null,"app":277124,"amplitude_id":183538006753,"user_creation_time":"2020-08-08 19:33:41.821000","sample_rate":null,"server_received_time":"2020-08-08 19:41:11.503000","amplitude_event_type":null,"user_id":"jnevaeh426@gmail.com","ip_address":"172.58.169.120","region":"Florida","client_upload_time":"2020-08-08 19:41:11.348000","data":{},"event_time":"2020-08-08 19:41:11.347000","adid":null,"city":"Tampa","dma":"Tampa-St Petersburg (Sarasota), FL","event_properties":{"project-id":582751404},"os_name":"Mobile Safari","uuid":"1db8c9f4-d9af-11ea-8d45-02409862028f","user_properties":{"Username":"jnevaeh426@gmail.com"},"groups":{},"device_family":"Apple iPhone","location_lat":null,"is_attribution_event":false,"$schema":12,"version_name":null,"device_manufacturer":"Apple","client_event_time":"2020-08-08 19:41:11.347000","event_type":"upload-clicked","library":"amplitude-js\/6.1.0","processed_time":"2020-08-08 19:41:12.958270","group_properties":{}}
{"paying":null,"server_upload_time":"2020-08-08 19:41:38.057000","location_lng":null,"amplitude_attribution_ids":null,"device_model":"iPhone","device_id":"KfuM0aceW9IxmSgArgMi0s","device_brand":null,"event_id":19,"country":"United States","os_version":"12","idfa":null,"session_id":1596915088286,"$insert_id":"2cb5c39d-d116-4fbe-a9c4-37e7ed99530e","language":"English","platform":"Web","start_version":null,"device_carrier":null,"device_type":null,"app":277124,"amplitude_id":183538006753,"user_creation_time":"2020-08-08 19:33:41.821000","sample_rate":null,"server_received_time":"2020-08-08 19:41:38.049000","amplitude_event_type":null,"user_id":"jnevaeh426@gmail.com","ip_address":"172.58.169.120","region":"Florida","client_upload_time":"2020-08-08 19:41:37.910000","data":{},"event_time":"2020-08-08 19:41:37.909000","adid":null,"city":"Tampa","dma":"Tampa-St Petersburg (Sarasota), FL","event_properties":{"image-url":"https:\/\/brand-settings-images130431-pictory.s3.us-east-2.amazonaws.com\/public\/Google_111583441512204431974\/images\/9E52E71C-3816-4E0B-9656-E0F1B39DCE2E.jpeg","upload-type":"browsed","project-id":582751404},"os_name":"Mobile Safari","uuid":"2d64d622-d9af-11ea-8d45-02409862028f","user_properties":{"Username":"jnevaeh426@gmail.com"},"groups":{},"device_family":"Apple iPhone","location_lat":null,"is_attribution_event":false,"$schema":12,"version_name":null,"device_manufacturer":"Apple","client_event_time":"2020-08-08 19:41:37.909000","event_type":"image-upload","library":"amplitude-js\/6.1.0","processed_time":"2020-08-08 19:41:39.238976","group_properties":{}}
{"paying":null,"server_upload_time":"2020-08-08 19:41:40.439000","location_lng":null,"amplitude_attribution_ids":null,"device_model":"iPhone","device_id":"KfuM0aceW9IxmSgArgMi0s","device_brand":null,"event_id":20,"country":"United States","os_version":"12","idfa":null,"session_id":1596915088286,"$insert_id":"20869b1a-3088-46d2-8eda-f9d95b248caa","language":"English","platform":"Web","start_version":null,"device_carrier":null,"device_type":null,"app":277124,"amplitude_id":183538006753,"user_creation_time":"2020-08-08 19:33:41.821000","sample_rate":null,"server_received_time":"2020-08-08 19:41:40.426000","amplitude_event_type":null,"user_id":"jnevaeh426@gmail.com","ip_address":"172.58.169.120","region":"Florida","client_upload_time":"2020-08-08 19:41:40.291000","data":{},"event_time":"2020-08-08 19:41:40.290000","adid":null,"city":"Tampa","dma":"Tampa-St Petersburg (Sarasota), FL","event_properties":{"image-url":"https:\/\/brand-settings-images130431-pictory.s3.us-east-2.amazonaws.com\/public\/Google_111583441512204431974\/images\/2CCC631B-7923-4F95-82DA-CCB2606B3C4D.jpeg","project-id":582751404},"os_name":"Mobile Safari","uuid":"3028f29e-d9af-11ea-8d45-02409862028f","user_properties":{"Username":"jnevaeh426@gmail.com"},"groups":{},"device_family":"Apple iPhone","location_lat":null,"is_attribution_event":false,"$schema":12,"version_name":null,"device_manufacturer":"Apple","client_event_time":"2020-08-08 19:41:40.290000","event_type":"image-upload","library":"amplitude-js\/6.1.0","processed_time":"2020-08-08 19:41:43.875898","group_properties":{}}
{"paying":null,"server_upload_time":"2020-08-08 19:41:41.864000","location_lng":null,"amplitude_attribution_ids":null,"device_model":"iPhone","device_id":"KfuM0aceW9IxmSgArgMi0s","device_brand":null,"event_id":21,"country":"United States","os_version":"12","idfa":null,"session_id":1596915088286,"$insert_id":"e9c74aee-6509-40db-ba6c-f4556637829f","language":"English","platform":"Web","start_version":null,"device_carrier":null,"device_type":null,"app":277124,"amplitude_id":183538006753,"user_creation_time":"2020-08-08 19:33:41.821000","sample_rate":null,"server_received_time":"2020-08-08 19:41:41.853000","amplitude_event_type":null,"user_id":"jnevaeh426@gmail.com","ip_address":"172.58.169.120","region":"Florida","client_upload_time":"2020-08-08 19:41:41.696000","data":{},"event_time":"2020-08-08 19:41:41.696000","adid":null,"city":"Tampa","dma":"Tampa-St Petersburg (Sarasota), FL","event_properties":{"image-url":"https:\/\/brand-settings-images130431-pictory.s3.us-east-2.amazonaws.com\/public\/Google_111583441512204431974\/images\/A5D1B203-F7D3-491D-B44E-BA9577F636C4.jpeg","project-id":582751404},"os_name":"Mobile Safari","uuid":"3028faaa-d9af-11ea-8d45-02409862028f","user_properties":{"Username":"jnevaeh426@gmail.com"},"groups":{},"device_family":"Apple iPhone","location_lat":null,"is_attribution_event":false,"$schema":12,"version_name":null,"device_manufacturer":"Apple","client_event_time":"2020-08-08 19:41:41.696000","event_type":"image-upload","library":"amplitude-js\/6.1.0","processed_time":"2020-08-08 19:41:43.877315","group_properties":{}}
{"paying":null,"server_upload_time":"2020-08-08 19:41:57.738000","location_lng":null,"amplitude_attribution_ids":null,"device_model":"iPhone","device_id":"KfuM0aceW9IxmSgArgMi0s","device_brand":null,"event_id":22,"country":"United States","os_version":"12","idfa":null,"session_id":1596915088286,"$insert_id":"617c29dc-e0a0-430a-8eef-5e6e83e4bb8e","language":"English","platform":"Web","start_version":null,"device_carrier":null,"device_type":null,"app":277124,"amplitude_id":183538006753,"user_creation_time":"2020-08-08 19:33:41.821000","sample_rate":null,"server_received_time":"2020-08-08 19:41:57.732000","amplitude_event_type":null,"user_id":"jnevaeh426@gmail.com","ip_address":"172.58.169.120","region":"Florida","client_upload_time":"2020-08-08 19:41:57.559000","data":{},"event_time":"2020-08-08 19:41:57.559000","adid":null,"city":"Tampa","dma":"Tampa-St Petersburg (Sarasota), FL","event_properties":{"project-id":582751404},"os_name":"Mobile Safari","uuid":"39af9570-d9af-11ea-8d45-02409862028f","user_properties":{"Username":"jnevaeh426@gmail.com"},"groups":{},"device_family":"Apple iPhone","location_lat":null,"is_attribution_event":false,"$schema":12,"version_name":null,"device_manufacturer":"Apple","client_event_time":"2020-08-08 19:41:57.559000","event_type":"voice-over-clicked","library":"amplitude-js\/6.1.0","processed_time":"2020-08-08 19:41:59.911544","group_properties":{}}
{"paying":null,"server_upload_time":"2020-08-08 19:42:23.819000","location_lng":null,"amplitude_attribution_ids":null,"device_model":"iPhone","device_id":"KfuM0aceW9IxmSgArgMi0s","device_brand":null,"event_id":23,"country":"United States","os_version":"12","idfa":null,"session_id":1596915088286,"$insert_id":"23195572-92f0-4de6-b67c-23d6eeb4ffc8","language":"English","platform":"Web","start_version":null,"device_carrier":null,"device_type":null,"app":277124,"amplitude_id":183538006753,"user_creation_time":"2020-08-08 19:33:41.821000","sample_rate":null,"server_received_time":"2020-08-08 19:42:23.792000","amplitude_event_type":null,"user_id":"jnevaeh426@gmail.com","ip_address":"172.58.169.120","region":"Florida","client_upload_time":"2020-08-08 19:42:23.592000","data":{},"event_time":"2020-08-08 19:42:23.591000","adid":null,"city":"Tampa","dma":"Tampa-St Petersburg (Sarasota), FL","event_properties":{"project-id":582751404},"os_name":"Mobile Safari","uuid":"48a0db34-d9af-11ea-8d45-02409862028f","user_properties":{"Username":"jnevaeh426@gmail.com"},"groups":{},"device_family":"Apple iPhone","location_lat":null,"is_attribution_event":false,"$schema":12,"version_name":null,"device_manufacturer":"Apple","client_event_time":"2020-08-08 19:42:23.591000","event_type":"voice-over-clicked","library":"amplitude-js\/6.1.0","processed_time":"2020-08-08 19:42:24.928508","group_properties":{}}
{"paying":null,"server_upload_time":"2020-08-08 19:42:26.643000","location_lng":null,"amplitude_attribution_ids":null,"device_model":"iPhone","device_id":"KfuM0aceW9IxmSgArgMi0s","device_brand":null,"event_id":24,"country":"United States","os_version":"12","idfa":null,"session_id":1596915088286,"$insert_id":"547f2168-483e-4a93-a9c1-3d246be83466","language":"English","platform":"Web","start_version":null,"device_carrier":null,"device_type":null,"app":277124,"amplitude_id":183538006753,"user_creation_time":"2020-08-08 19:33:41.821000","sample_rate":null,"server_received_time":"2020-08-08 19:42:26.637000","amplitude_event_type":null,"user_id":"jnevaeh426@gmail.com","ip_address":"172.58.169.120","region":"Florida","client_upload_time":"2020-08-08 19:42:26.494000","data":{},"event_time":"2020-08-08 19:42:26.493000","adid":null,"city":"Tampa","dma":"Tampa-St Petersburg (Sarasota), FL","event_properties":{"save-type":"Saved Video","project-name":"A video for youtube","project-id":582751404,"project-category":"A video for youtube"},"os_name":"Mobile Safari","uuid":"4ad52914-d9af-11ea-8d45-02409862028f","user_properties":{"Username":"jnevaeh426@gmail.com"},"groups":{},"device_family":"Apple iPhone","location_lat":null,"is_attribution_event":false,"$schema":12,"version_name":null,"device_manufacturer":"Apple","client_event_time":"2020-08-08 19:42:26.493000","event_type":"video-saved","library":"amplitude-js\/6.1.0","processed_time":"2020-08-08 19:42:28.630457","group_properties":{}}
{"paying":null,"server_upload_time":"2020-08-08 19:44:42.627000","location_lng":null,"amplitude_attribution_ids":null,"device_model":"iPhone","device_id":"KfuM0aceW9IxmSgArgMi0s","device_brand":null,"event_id":25,"country":"United States","os_version":"12","idfa":null,"session_id":1596915088286,"$insert_id":"a6a75ebe-f59d-49ed-8779-eb9a5813278d","language":"English","platform":"Web","start_version":null,"device_carrier":null,"device_type":null,"app":277124,"amplitude_id":183538006753,"user_creation_time":"2020-08-08 19:33:41.821000","sample_rate":null,"server_received_time":"2020-08-08 19:44:42.611000","amplitude_event_type":null,"user_id":"jnevaeh426@gmail.com","ip_address":"172.58.169.120","region":"Florida","client_upload_time":"2020-08-08 19:44:19.358000","data":{},"event_time":"2020-08-08 19:44:19.343000","adid":null,"city":"Tampa","dma":"Tampa-St Petersburg (Sarasota), FL","event_properties":{"service-name":"get-video-progress"},"os_name":"Mobile Safari","uuid":"9bf9ee9c-d9af-11ea-8d45-02409862028f","user_properties":{"Username":"jnevaeh426@gmail.com"},"groups":{},"device_family":"Apple iPhone","location_lat":null,"is_attribution_event":false,"$schema":12,"version_name":null,"device_manufacturer":"Apple","client_event_time":"2020-08-08 19:44:19.343000","event_type":"failed-service","library":"amplitude-js\/6.1.0","processed_time":"2020-08-08 19:44:44.813072","group_properties":{}}
{"paying":null,"server_upload_time":"2020-08-08 19:44:43.408000","location_lng":null,"amplitude_attribution_ids":null,"device_model":"iPhone","device_id":"KfuM0aceW9IxmSgArgMi0s","device_brand":null,"event_id":26,"country":"United States","os_version":"12","idfa":null,"session_id":1596915088286,"$insert_id":"4bfb387f-a521-46b4-ae8f-cc71de2b33d5","language":"English","platform":"Web","start_version":null,"device_carrier":null,"device_type":null,"app":277124,"amplitude_id":183538006753,"user_creation_time":"2020-08-08 19:33:41.821000","sample_rate":null,"server_received_time":"2020-08-08 19:44:43.390000","amplitude_event_type":null,"user_id":"jnevaeh426@gmail.com","ip_address":"172.58.169.120","region":"Florida","client_upload_time":"2020-08-08 19:44:42.753000","data":{},"event_time":"2020-08-08 19:44:41.862000","adid":null,"city":"Tampa","dma":"Tampa-St Petersburg (Sarasota), FL","event_properties":{"service-name":"save-project"},"os_name":"Mobile Safari","uuid":"9bf9fcc0-d9af-11ea-8d45-02409862028f","user_properties":{"Username":"jnevaeh426@gmail.com"},"groups":{},"device_family":"Apple iPhone","location_lat":null,"is_attribution_event":false,"$schema":12,"version_name":null,"device_manufacturer":"Apple","client_event_time":"2020-08-08 19:44:41.862000","event_type":"failed-service","library":"amplitude-js\/6.1.0","processed_time":"2020-08-08 19:44:44.826608","group_properties":{}}
{"paying":null,"server_upload_time":"2020-08-08 19:44:52.044000","location_lng":null,"amplitude_attribution_ids":null,"device_model":"iPhone","device_id":"KfuM0aceW9IxmSgArgMi0s","device_brand":null,"event_id":27,"country":"United States","os_version":"12","idfa":null,"session_id":1596915088286,"$insert_id":"e0d63ca9-c2c7-4437-8090-01c15e25d94b","language":"English","platform":"Web","start_version":null,"device_carrier":null,"device_type":null,"app":277124,"amplitude_id":183538006753,"user_creation_time":"2020-08-08 19:33:41.821000","sample_rate":null,"server_received_time":"2020-08-08 19:44:52.040000","amplitude_event_type":null,"user_id":null,"ip_address":"172.58.169.120","region":"Florida","client_upload_time":"2020-08-08 19:44:48.205000","data":{},"event_time":"2020-08-08 19:44:48.204000","adid":null,"city":"Tampa","dma":"Tampa-St Petersburg (Sarasota), FL","event_properties":{"backup-json":"https:\/\/brand-settings-images130431-pictory.s3.us-east-2.amazonaws.com\/public\/Google_111583441512204431974\/project\/582751404\/failed-save-backup.json"},"os_name":"Mobile Safari","uuid":"a172b926-d9af-11ea-8d45-02409862028f","user_properties":{"Username":"jnevaeh426@gmail.com"},"groups":{},"device_family":"Apple iPhone","location_lat":null,"is_attribution_event":false,"$schema":12,"version_name":null,"device_manufacturer":"Apple","client_event_time":"2020-08-08 19:44:48.204000","event_type":"project-save-failed","library":"amplitude-js\/6.1.0","processed_time":"2020-08-08 19:44:53.944866","group_properties":{}}
{"paying":null,"server_upload_time":"2020-08-08 19:45:05.612000","location_lng":null,"amplitude_attribution_ids":null,"device_model":"iPhone","device_id":"KfuM0aceW9IxmSgArgMi0s","device_brand":null,"event_id":28,"country":"United States","os_version":"12","idfa":null,"session_id":1596915088286,"$insert_id":"936ae87f-8707-4e0a-942c-d3ff7bf10bd7","language":"English","platform":"Web","start_version":null,"device_carrier":null,"device_type":null,"app":277124,"amplitude_id":183538006753,"user_creation_time":"2020-08-08 19:33:41.821000","sample_rate":null,"server_received_time":"2020-08-08 19:45:05.609000","amplitude_event_type":null,"user_id":null,"ip_address":"172.58.169.120","region":"Florida","client_upload_time":"2020-08-08 19:44:56.526000","data":{},"event_time":"2020-08-08 19:44:56.526000","adid":null,"city":"Tampa","dma":"Tampa-St Petersburg (Sarasota), FL","event_properties":{"track-name":"Above Earth","project-id":582751404},"os_name":"Mobile Safari","uuid":"a9cc9c68-d9af-11ea-8d45-02409862028f","user_properties":{"Username":"jnevaeh426@gmail.com"},"groups":{},"device_family":"Apple iPhone","location_lat":null,"is_attribution_event":false,"$schema":12,"version_name":null,"device_manufacturer":"Apple","client_event_time":"2020-08-08 19:44:56.526000","event_type":"track-sample-played","library":"amplitude-js\/6.1.0","processed_time":"2020-08-08 19:45:07.968027","group_properties":{}}
{"paying":null,"server_upload_time":"2020-08-08 19:45:09.214000","location_lng":null,"amplitude_attribution_ids":null,"device_model":"iPhone","device_id":"KfuM0aceW9IxmSgArgMi0s","device_brand":null,"event_id":29,"country":"United States","os_version":"12","idfa":null,"session_id":1596915088286,"$insert_id":"669ae116-7fae-4dd5-b184-4789f2d57a3f","language":"English","platform":"Web","start_version":null,"device_carrier":null,"device_type":null,"app":277124,"amplitude_id":183538006753,"user_creation_time":"2020-08-08 19:33:41.821000","sample_rate":null,"server_received_time":"2020-08-08 19:45:09.211000","amplitude_event_type":null,"user_id":null,"ip_address":"172.58.169.120","region":"Florida","client_upload_time":"2020-08-08 19:45:05.653000","data":{},"event_time":"2020-08-08 19:45:03.129000","adid":null,"city":"Tampa","dma":"Tampa-St Petersburg (Sarasota), FL","event_properties":{"track-name":"Above Earth","project-id":582751404},"os_name":"Mobile Safari","uuid":"abda865a-d9af-11ea-8d45-02409862028f","user_properties":{"Username":"jnevaeh426@gmail.com"},"groups":{},"device_family":"Apple iPhone","location_lat":null,"is_attribution_event":false,"$schema":12,"version_name":null,"device_manufacturer":"Apple","client_event_time":"2020-08-08 19:45:03.129000","event_type":"track-sample-played","library":"amplitude-js\/6.1.0","processed_time":"2020-08-08 19:45:11.403775","group_properties":{}}
{"paying":null,"server_upload_time":"2020-08-08 19:45:11.850000","location_lng":null,"amplitude_attribution_ids":null,"device_model":"iPhone","device_id":"KfuM0aceW9IxmSgArgMi0s","device_brand":null,"event_id":30,"country":"United States","os_version":"12","idfa":null,"session_id":1596915088286,"$insert_id":"89fd012e-1061-417f-a331-9773e4c1d22a","language":"English","platform":"Web","start_version":null,"device_carrier":null,"device_type":null,"app":277124,"amplitude_id":183538006753,"user_creation_time":"2020-08-08 19:33:41.821000","sample_rate":null,"server_received_time":"2020-08-08 19:45:11.846000","amplitude_event_type":null,"user_id":null,"ip_address":"172.58.169.120","region":"Florida","client_upload_time":"2020-08-08 19:45:09.301000","data":{},"event_time":"2020-08-08 19:45:07.576000","adid":null,"city":"Tampa","dma":"Tampa-St Petersburg (Sarasota), FL","event_properties":{"backup-json":"https:\/\/brand-settings-images130431-pictory.s3.us-east-2.amazonaws.com\/public\/Google_111583441512204431974\/project\/582751404\/failed-save-backup.json"},"os_name":"Mobile Safari","uuid":"ad757484-d9af-11ea-8d45-02409862028f","user_properties":{"Username":"jnevaeh426@gmail.com"},"groups":{},"device_family":"Apple iPhone","location_lat":null,"is_attribution_event":false,"$schema":12,"version_name":null,"device_manufacturer":"Apple","client_event_time":"2020-08-08 19:45:07.576000","event_type":"project-save-failed","library":"amplitude-js\/6.1.0","processed_time":"2020-08-08 19:45:14.093752","group_properties":{}}
{"paying":null,"server_upload_time":"2020-08-08 19:45:23.882000","location_lng":null,"amplitude_attribution_ids":null,"device_model":"iPhone","device_id":"KfuM0aceW9IxmSgArgMi0s","device_brand":null,"event_id":31,"country":"United States","os_version":"12","idfa":null,"session_id":1596915088286,"$insert_id":"d0af0070-4f42-4ce0-9077-2f72e3d051ab","language":"English","platform":"Web","start_version":null,"device_carrier":null,"device_type":null,"app":277124,"amplitude_id":183538006753,"user_creation_time":"2020-08-08 19:33:41.821000","sample_rate":null,"server_received_time":"2020-08-08 19:45:23.873000","amplitude_event_type":null,"user_id":null,"ip_address":"172.58.169.120","region":"Florida","client_upload_time":"2020-08-08 19:45:23.567000","data":{},"event_time":"2020-08-08 19:45:23.566000","adid":null,"city":"Tampa","dma":"Tampa-St Petersburg (Sarasota), FL","event_properties":{"source":"Audio","project-id":582751404},"os_name":"Mobile Safari","uuid":"b4ad6d10-d9af-11ea-8d45-02409862028f","user_properties":{"Username":"jnevaeh426@gmail.com"},"groups":{},"device_family":"Apple iPhone","location_lat":null,"is_attribution_event":false,"$schema":12,"version_name":null,"device_manufacturer":"Apple","client_event_time":"2020-08-08 19:45:23.566000","event_type":"recent-clicked","library":"amplitude-js\/6.1.0","processed_time":"2020-08-08 19:45:26.203860","group_properties":{}}
{"paying":null,"server_upload_time":"2020-08-08 19:46:22.080000","location_lng":null,"amplitude_attribution_ids":null,"device_model":"iPhone","device_id":"KfuM0aceW9IxmSgArgMi0s","device_brand":null,"event_id":32,"country":"United States","os_version":"12","idfa":null,"session_id":1596915088286,"$insert_id":"414bfc4e-74af-4fa5-90ef-097f8053e6ba","language":"English","platform":"Web","start_version":null,"device_carrier":null,"device_type":null,"app":277124,"amplitude_id":183538006753,"user_creation_time":"2020-08-08 19:33:41.821000","sample_rate":null,"server_received_time":"2020-08-08 19:46:22.075000","amplitude_event_type":null,"user_id":null,"ip_address":"172.58.169.120","region":"Florida","client_upload_time":"2020-08-08 19:46:21.905000","data":{},"event_time":"2020-08-08 19:46:21.904000","adid":null,"city":"Tampa","dma":"Tampa-St Petersburg (Sarasota), FL","event_properties":{"save-type":"Saved Video","project-name":"A video for youtube","project-id":582751404,"project-category":"A video for youtube"},"os_name":"Mobile Safari","uuid":"d712eae2-d9af-11ea-8d45-02409862028f","user_properties":{"Username":"jnevaeh426@gmail.com"},"groups":{},"device_family":"Apple iPhone","location_lat":null,"is_attribution_event":false,"$schema":12,"version_name":null,"device_manufacturer":"Apple","client_event_time":"2020-08-08 19:46:21.904000","event_type":"video-saved","library":"amplitude-js\/6.1.0","processed_time":"2020-08-08 19:46:23.931746","group_properties":{}}
