{"user_properties":{},"event_id":1,"sample_rate":null,"client_upload_time":"2020-08-13 07:52:59.641000","amplitude_id":184599489781,"session_id":1597305166411,"amplitude_attribution_ids":null,"user_id":null,"user_creation_time":"2020-08-13 13:25:42.178000","adid":null,"data":{"first_event":true},"os_name":"Chrome","app":277124,"$schema":12,"dma":"Charlotte, NC","device_carrier":null,"event_properties":{"login-via":"Google"},"uuid":"a0a03a98-dd68-11ea-bdf8-02bf4bd03601","idfa":null,"client_event_time":"2020-08-13 07:52:59.639000","os_version":"84","group_properties":{},"device_manufacturer":null,"country":"United States","$insert_id":"5b33c18d-ba9d-448c-9201-8b049834d022","device_family":null,"region":"North Carolina","city":"Charlotte","location_lat":null,"device_type":null,"device_id":"mgMwrDqF1gklXztbTxB-Bp","is_attribution_event":false,"server_upload_time":"2020-08-13 13:26:42.185000","version_name":null,"amplitude_event_type":null,"event_time":"2020-08-13 13:25:42.178000","processed_time":"2020-08-13 13:26:43.050718","device_model":null,"event_type":"user-login","library":"amplitude-js\/6.1.0","ip_address":"174.108.96.40","language":"English","paying":null,"device_brand":null,"server_received_time":"2020-08-13 13:26:42.180000","start_version":null,"location_lng":null,"groups":{},"platform":"Web"}
