{"user_properties":{"Username":"abid@pictory.ai"},"ip_address":"49.204.190.29","language":"English","adid":null,"amplitude_event_type":null,"device_manufacturer":null,"city":"Hyderabad","$insert_id":"81570aac-6aea-4806-92a9-a054663d6a3a","user_id":"abid@pictory.ai","session_id":1597653356337,"client_event_time":"2020-08-17 10:03:12.297000","amplitude_id":158692843342,"version_name":null,"location_lng":null,"location_lat":null,"uuid":"e61e0fb8-e070-11ea-9240-060ba06f65ac","country":"India","processed_time":"2020-08-17 10:03:29.051326","device_type":null,"start_version":null,"library":"amplitude-js\/6.1.0","server_received_time":"2020-08-17 10:03:12.012000","device_carrier":null,"idfa":null,"server_upload_time":"2020-08-17 10:03:12.025000","app":277124,"amplitude_attribution_ids":null,"platform":"Web","os_name":"Chrome","sample_rate":null,"device_family":null,"event_type":"previous-button-pressed","os_version":"84","device_brand":null,"region":"Telangana","event_id":17,"dma":null,"device_model":null,"event_properties":{"project-id":180679194,"article-link":"https:\/\/www.trywingman.com\/blog-posts\/sales-pipeline-visibility-still-flying-blind"},"user_creation_time":"2020-05-16 05:42:39.430000","event_time":"2020-08-17 10:03:12.297000","client_upload_time":"2020-08-17 10:03:12.301000","groups":{},"$schema":12,"device_id":"Bz5osEivh_iBC2KWtfGJMV","paying":null,"is_attribution_event":false,"data":{},"group_properties":{}}
{"user_properties":{"Username":"abid@pictory.ai"},"ip_address":"49.204.190.29","language":"English","adid":null,"amplitude_event_type":null,"device_manufacturer":null,"city":"Hyderabad","$insert_id":"008e625a-fe29-4625-b4a3-d22885d730e6","user_id":"abid@pictory.ai","session_id":1597653356337,"client_event_time":"2020-08-17 10:03:32.012000","amplitude_id":158692843342,"version_name":null,"location_lng":null,"location_lat":null,"uuid":"ee851692-e070-11ea-9240-060ba06f65ac","country":"India","processed_time":"2020-08-17 10:03:43.142693","device_type":null,"start_version":null,"library":"amplitude-js\/6.1.0","server_received_time":"2020-08-17 10:03:31.708000","device_carrier":null,"idfa":null,"server_upload_time":"2020-08-17 10:03:31.714000","app":277124,"amplitude_attribution_ids":null,"platform":"Web","os_name":"Chrome","sample_rate":null,"device_family":null,"event_type":"start-with-article","os_version":"84","device_brand":null,"region":"Telangana","event_id":18,"dma":null,"device_model":null,"event_properties":{"project-id":924089435,"article-link":"https:\/\/www.trywingman.com\/blog-posts\/improve-your-remote-sales-team-outreach-pitch"},"user_creation_time":"2020-05-16 05:42:39.430000","event_time":"2020-08-17 10:03:32.012000","client_upload_time":"2020-08-17 10:03:32.013000","groups":{},"$schema":12,"device_id":"Bz5osEivh_iBC2KWtfGJMV","paying":null,"is_attribution_event":false,"data":{},"group_properties":{}}
{"user_properties":{"Username":"abid@pictory.ai"},"ip_address":"49.204.190.29","language":"English","adid":null,"amplitude_event_type":null,"device_manufacturer":null,"city":"Hyderabad","$insert_id":"17bae4fe-393a-4196-a2c8-94411b69535e","user_id":"abid@pictory.ai","session_id":1597653356337,"client_event_time":"2020-08-17 10:06:11.906000","amplitude_id":158692843342,"version_name":null,"location_lng":null,"location_lat":null,"uuid":"4858f238-e071-11ea-9240-060ba06f65ac","country":"India","processed_time":"2020-08-17 10:06:13.834155","device_type":null,"start_version":null,"library":"amplitude-js\/6.1.0","server_received_time":"2020-08-17 10:06:12.205000","device_carrier":null,"idfa":null,"server_upload_time":"2020-08-17 10:06:12.212000","app":277124,"amplitude_attribution_ids":null,"platform":"Web","os_name":"Chrome","sample_rate":null,"device_family":null,"event_type":"previous-button-pressed","os_version":"84","device_brand":null,"region":"Telangana","event_id":19,"dma":null,"device_model":null,"event_properties":{"project-id":924089435,"article-link":"https:\/\/www.trywingman.com\/blog-posts\/improve-your-remote-sales-team-outreach-pitch"},"user_creation_time":"2020-05-16 05:42:39.430000","event_time":"2020-08-17 10:06:11.906000","client_upload_time":"2020-08-17 10:06:11.907000","groups":{},"$schema":12,"device_id":"Bz5osEivh_iBC2KWtfGJMV","paying":null,"is_attribution_event":false,"data":{},"group_properties":{}}
{"user_properties":{"Username":"abid@pictory.ai"},"ip_address":"49.204.190.29","language":"English","adid":null,"amplitude_event_type":null,"device_manufacturer":null,"city":"Hyderabad","$insert_id":"89e75c37-1988-404d-8b46-94332d46cc1d","user_id":"abid@pictory.ai","session_id":1597653356337,"client_event_time":"2020-08-17 10:07:28.464000","amplitude_id":158692843342,"version_name":null,"location_lng":null,"location_lat":null,"uuid":"74e069bc-e071-11ea-9240-060ba06f65ac","country":"India","processed_time":"2020-08-17 10:07:28.515504","device_type":null,"start_version":null,"library":"amplitude-js\/6.1.0","server_received_time":"2020-08-17 10:07:28.160000","device_carrier":null,"idfa":null,"server_upload_time":"2020-08-17 10:07:28.177000","app":277124,"amplitude_attribution_ids":null,"platform":"Web","os_name":"Chrome","sample_rate":null,"device_family":null,"event_type":"start-with-article","os_version":"84","device_brand":null,"region":"Telangana","event_id":20,"dma":null,"device_model":null,"event_properties":{"project-id":460571658,"article-link":"https:\/\/www.trywingman.com\/blog-posts\/b2b-selling-in-2020-ebook"},"user_creation_time":"2020-05-16 05:42:39.430000","event_time":"2020-08-17 10:07:28.464000","client_upload_time":"2020-08-17 10:07:28.467000","groups":{},"$schema":12,"device_id":"Bz5osEivh_iBC2KWtfGJMV","paying":null,"is_attribution_event":false,"data":{},"group_properties":{}}
{"user_properties":{"Username":"abid@pictory.ai"},"ip_address":"49.204.190.29","language":"English","adid":null,"amplitude_event_type":null,"device_manufacturer":null,"city":"Hyderabad","$insert_id":"cc14352a-96b3-4dbb-aa77-4d0fa79783c9","user_id":"abid@pictory.ai","session_id":1597653356337,"client_event_time":"2020-08-17 10:11:50.601000","amplitude_id":158692843342,"version_name":null,"location_lng":null,"location_lat":null,"uuid":"12edf19c-e072-11ea-9240-060ba06f65ac","country":"India","processed_time":"2020-08-17 10:11:53.686754","device_type":null,"start_version":null,"library":"amplitude-js\/6.1.0","server_received_time":"2020-08-17 10:11:50.883000","device_carrier":null,"idfa":null,"server_upload_time":"2020-08-17 10:11:50.890000","app":277124,"amplitude_attribution_ids":null,"platform":"Web","os_name":"Chrome","sample_rate":null,"device_family":null,"event_type":"previous-button-pressed","os_version":"84","device_brand":null,"region":"Telangana","event_id":21,"dma":null,"device_model":null,"event_properties":{"project-id":460571658,"article-link":"https:\/\/www.trywingman.com\/blog-posts\/b2b-selling-in-2020-ebook"},"user_creation_time":"2020-05-16 05:42:39.430000","event_time":"2020-08-17 10:11:50.601000","client_upload_time":"2020-08-17 10:11:50.603000","groups":{},"$schema":12,"device_id":"Bz5osEivh_iBC2KWtfGJMV","paying":null,"is_attribution_event":false,"data":{},"group_properties":{}}
{"user_properties":{"Username":"abid@pictory.ai"},"ip_address":"49.204.190.29","language":"English","adid":null,"amplitude_event_type":null,"device_manufacturer":null,"city":"Hyderabad","$insert_id":"907670f2-33ef-4dbe-aca0-dd1b1597d332","user_id":"abid@pictory.ai","session_id":1597653356337,"client_event_time":"2020-08-17 10:13:16.783000","amplitude_id":158692843342,"version_name":null,"location_lng":null,"location_lat":null,"uuid":"455a7bf0-e072-11ea-9240-060ba06f65ac","country":"India","processed_time":"2020-08-17 10:13:18.278592","device_type":null,"start_version":null,"library":"amplitude-js\/6.1.0","server_received_time":"2020-08-17 10:13:16.478000","device_carrier":null,"idfa":null,"server_upload_time":"2020-08-17 10:13:16.483000","app":277124,"amplitude_attribution_ids":null,"platform":"Web","os_name":"Chrome","sample_rate":null,"device_family":null,"event_type":"start-with-article","os_version":"84","device_brand":null,"region":"Telangana","event_id":22,"dma":null,"device_model":null,"event_properties":{"project-id":391718764,"article-link":"https:\/\/zinrelo.com\/why-every-business-needs-customer-loyalty-program.html"},"user_creation_time":"2020-05-16 05:42:39.430000","event_time":"2020-08-17 10:13:16.783000","client_upload_time":"2020-08-17 10:13:16.784000","groups":{},"$schema":12,"device_id":"Bz5osEivh_iBC2KWtfGJMV","paying":null,"is_attribution_event":false,"data":{},"group_properties":{}}
{"region":"Telangana","groups":{},"processed_time":"2020-08-17 10:18:51.378686","device_type":null,"language":"English","dma":null,"device_family":null,"client_event_time":"2020-08-17 10:18:48.473000","event_properties":{"article-link":"https:\/\/zinrelo.com\/why-every-business-needs-customer-loyalty-program.html","project-id":391718764},"$schema":12,"event_id":23,"device_carrier":null,"amplitude_attribution_ids":null,"ip_address":"49.204.190.29","user_creation_time":"2020-05-16 05:42:39.430000","start_version":null,"amplitude_event_type":null,"country":"India","server_received_time":"2020-08-17 10:18:48.173000","idfa":null,"uuid":"0be224e4-e073-11ea-bc7e-06750dec6fb1","$insert_id":"b5c6b502-94b4-4b13-ac0b-9d5854d1bc10","event_type":"previous-button-pressed","group_properties":{},"location_lat":null,"server_upload_time":"2020-08-17 10:18:48.186000","client_upload_time":"2020-08-17 10:18:48.474000","platform":"Web","app":277124,"os_version":"84","version_name":null,"user_id":"abid@pictory.ai","city":"Hyderabad","device_id":"Bz5osEivh_iBC2KWtfGJMV","location_lng":null,"event_time":"2020-08-17 10:18:48.473000","library":"amplitude-js\/6.1.0","device_model":null,"os_name":"Chrome","data":{},"paying":null,"sample_rate":null,"user_properties":{"Username":"abid@pictory.ai"},"amplitude_id":158692843342,"is_attribution_event":false,"session_id":1597653356337,"device_manufacturer":null,"device_brand":null,"adid":null}
{"region":"Telangana","groups":{},"processed_time":"2020-08-17 10:19:16.808767","device_type":null,"language":"English","dma":null,"device_family":null,"client_event_time":"2020-08-17 10:19:14.970000","event_properties":{"article-link":"https:\/\/www.innominds.com\/blog\/drive-business-value-sustainability-with-digital-twins","project-id":177691212},"$schema":12,"event_id":24,"device_carrier":null,"amplitude_attribution_ids":null,"ip_address":"49.204.190.29","user_creation_time":"2020-05-16 05:42:39.430000","start_version":null,"amplitude_event_type":null,"country":"India","server_received_time":"2020-08-17 10:19:14.665000","idfa":null,"uuid":"1b0e73fa-e073-11ea-bc7e-06750dec6fb1","$insert_id":"114f8568-ba9b-4fac-a228-46e15d7a66b3","event_type":"start-with-article","group_properties":{},"location_lat":null,"server_upload_time":"2020-08-17 10:19:14.674000","client_upload_time":"2020-08-17 10:19:14.972000","platform":"Web","app":277124,"os_version":"84","version_name":null,"user_id":"abid@pictory.ai","city":"Hyderabad","device_id":"Bz5osEivh_iBC2KWtfGJMV","location_lng":null,"event_time":"2020-08-17 10:19:14.970000","library":"amplitude-js\/6.1.0","device_model":null,"os_name":"Chrome","data":{},"paying":null,"sample_rate":null,"user_properties":{"Username":"abid@pictory.ai"},"amplitude_id":158692843342,"is_attribution_event":false,"session_id":1597653356337,"device_manufacturer":null,"device_brand":null,"adid":null}
{"language":"English","amplitude_attribution_ids":null,"user_properties":{"Username":"shailendra@pictory.ai"},"dma":null,"amplitude_id":157876700889,"idfa":null,"uuid":"57ad5a90-e075-11ea-8147-0258ecf7db0d","region":"Telangana","country":"India","ip_address":"183.83.37.189","user_id":"shailendra@pictory.ai","event_properties":{"article-link":"https:\/\/www.covid-gyan.in\/content\/bats-belfry-friends-or-foes","project-id":958494986},"event_time":"2020-08-17 10:35:16.448000","data":{},"groups":{},"device_family":null,"device_model":null,"platform":"Web","$insert_id":"91e84a52-e1fb-4f0f-83b3-c0b044b9d106","device_carrier":null,"location_lat":null,"device_type":null,"device_manufacturer":null,"is_attribution_event":false,"os_name":"Chrome","group_properties":{},"library":"amplitude-js\/6.1.0","server_upload_time":"2020-08-17 10:35:16.592000","location_lng":null,"start_version":null,"amplitude_event_type":null,"$schema":12,"event_type":"start-with-article","app":277124,"user_creation_time":"2020-05-17 16:12:56.601000","city":"Hyderabad","version_name":null,"sample_rate":null,"client_event_time":"2020-08-17 10:35:16.448000","server_received_time":"2020-08-17 10:35:16.584000","paying":null,"client_upload_time":"2020-08-17 10:35:16.450000","session_id":1597660471371,"adid":null,"device_id":"cliqvuUZ3MCp6JqDeAVbfR","device_brand":null,"os_version":"78","event_id":279,"processed_time":"2020-08-17 10:35:17.518436"}
{"language":"English","amplitude_attribution_ids":null,"user_properties":{"Username":"shailendra@pictory.ai"},"dma":null,"amplitude_id":157876700889,"idfa":null,"uuid":"5ec00594-e075-11ea-8147-0258ecf7db0d","region":"Telangana","country":"India","ip_address":"183.83.37.189","user_id":"shailendra@pictory.ai","event_properties":{"article-link":"https:\/\/www.covid-gyan.in\/content\/bats-belfry-friends-or-foes","project-id":958494986,"total-selected-sentences":12},"event_time":"2020-08-17 10:35:27.601000","data":{},"groups":{},"device_family":null,"device_model":null,"platform":"Web","$insert_id":"fcc21460-a24d-4a1b-ad9a-e705c851edfc","device_carrier":null,"location_lat":null,"device_type":null,"device_manufacturer":null,"is_attribution_event":false,"os_name":"Chrome","group_properties":{},"library":"amplitude-js\/6.1.0","server_upload_time":"2020-08-17 10:35:27.748000","location_lng":null,"start_version":null,"amplitude_event_type":null,"$schema":12,"event_type":"next-button-pressed","app":277124,"user_creation_time":"2020-05-17 16:12:56.601000","city":"Hyderabad","version_name":null,"sample_rate":null,"client_event_time":"2020-08-17 10:35:27.601000","server_received_time":"2020-08-17 10:35:27.735000","paying":null,"client_upload_time":"2020-08-17 10:35:27.602000","session_id":1597660471371,"adid":null,"device_id":"cliqvuUZ3MCp6JqDeAVbfR","device_brand":null,"os_version":"78","event_id":280,"processed_time":"2020-08-17 10:35:29.382714"}
{"language":"English","amplitude_attribution_ids":null,"user_properties":{"Username":"shailendra@pictory.ai"},"dma":null,"amplitude_id":157876700889,"idfa":null,"uuid":"69815e1a-e075-11ea-8147-0258ecf7db0d","region":"Telangana","country":"India","ip_address":"183.83.37.189","user_id":"shailendra@pictory.ai","event_properties":{"project-id":958494986,"track-name":"All We Know"},"event_time":"2020-08-17 10:35:44.981000","data":{},"groups":{},"device_family":null,"device_model":null,"platform":"Web","$insert_id":"e7ec93b5-da50-4a38-9e9e-7c8a9a77824e","device_carrier":null,"location_lat":null,"device_type":null,"device_manufacturer":null,"is_attribution_event":false,"os_name":"Chrome","group_properties":{},"library":"amplitude-js\/6.1.0","server_upload_time":"2020-08-17 10:35:45.120000","location_lng":null,"start_version":null,"amplitude_event_type":null,"$schema":12,"event_type":"track-deselected","app":277124,"user_creation_time":"2020-05-17 16:12:56.601000","city":"Hyderabad","version_name":null,"sample_rate":null,"client_event_time":"2020-08-17 10:35:44.981000","server_received_time":"2020-08-17 10:35:45.115000","paying":null,"client_upload_time":"2020-08-17 10:35:44.982000","session_id":1597660471371,"adid":null,"device_id":"cliqvuUZ3MCp6JqDeAVbfR","device_brand":null,"os_version":"78","event_id":281,"processed_time":"2020-08-17 10:35:47.422693"}
{"language":"English","amplitude_attribution_ids":null,"user_properties":{"Username":"shailendra@pictory.ai"},"dma":null,"amplitude_id":157876700889,"idfa":null,"uuid":"6b7a7ff8-e075-11ea-8147-0258ecf7db0d","region":"Telangana","country":"India","ip_address":"183.83.37.189","user_id":"shailendra@pictory.ai","event_properties":{"project-id":958494986,"track-name":"All We Know"},"event_time":"2020-08-17 10:35:47.825000","data":{},"groups":{},"device_family":null,"device_model":null,"platform":"Web","$insert_id":"ba06c2e6-4d01-4d3d-8a3d-2ed45fb09943","device_carrier":null,"location_lat":null,"device_type":null,"device_manufacturer":null,"is_attribution_event":false,"os_name":"Chrome","group_properties":{},"library":"amplitude-js\/6.1.0","server_upload_time":"2020-08-17 10:35:47.971000","location_lng":null,"start_version":null,"amplitude_event_type":null,"$schema":12,"event_type":"track-selected","app":277124,"user_creation_time":"2020-05-17 16:12:56.601000","city":"Hyderabad","version_name":null,"sample_rate":null,"client_event_time":"2020-08-17 10:35:47.825000","server_received_time":"2020-08-17 10:35:47.959000","paying":null,"client_upload_time":"2020-08-17 10:35:47.826000","session_id":1597660471371,"adid":null,"device_id":"cliqvuUZ3MCp6JqDeAVbfR","device_brand":null,"os_version":"78","event_id":282,"processed_time":"2020-08-17 10:35:50.736015"}
{"language":"English","amplitude_attribution_ids":null,"user_properties":{"Username":"shailendra@pictory.ai"},"dma":null,"amplitude_id":157876700889,"idfa":null,"uuid":"6f4f1d64-e075-11ea-8147-0258ecf7db0d","region":"Telangana","country":"India","ip_address":"183.83.37.189","user_id":"shailendra@pictory.ai","event_properties":{"project-category":"Bats in the belfry","project-id":958494986,"save-type":"New Video","project-name":"Bats in the belfry"},"event_time":"2020-08-17 10:35:54.765000","data":{},"groups":{},"device_family":null,"device_model":null,"platform":"Web","$insert_id":"4aa5b511-3d0e-4a4e-ac36-6e5175ce1bd2","device_carrier":null,"location_lat":null,"device_type":null,"device_manufacturer":null,"is_attribution_event":false,"os_name":"Chrome","group_properties":{},"library":"amplitude-js\/6.1.0","server_upload_time":"2020-08-17 10:35:54.909000","location_lng":null,"start_version":null,"amplitude_event_type":null,"$schema":12,"event_type":"video-saved","app":277124,"user_creation_time":"2020-05-17 16:12:56.601000","city":"Hyderabad","version_name":null,"sample_rate":null,"client_event_time":"2020-08-17 10:35:54.765000","server_received_time":"2020-08-17 10:35:54.903000","paying":null,"client_upload_time":"2020-08-17 10:35:54.767000","session_id":1597660471371,"adid":null,"device_id":"cliqvuUZ3MCp6JqDeAVbfR","device_brand":null,"os_version":"78","event_id":283,"processed_time":"2020-08-17 10:35:57.165340"}
{"language":"English","amplitude_attribution_ids":null,"user_properties":{"Username":"shailendra@pictory.ai"},"dma":null,"amplitude_id":157876700889,"idfa":null,"uuid":"6f4f2b24-e075-11ea-8147-0258ecf7db0d","region":"Telangana","country":"India","ip_address":"183.83.37.189","user_id":"shailendra@pictory.ai","event_properties":{"project-category":"Bats in the belfry","project-id":958494986,"save-type":"Saved Video","project-name":"Bats in the belfry"},"event_time":"2020-08-17 10:35:55.252000","data":{},"groups":{},"device_family":null,"device_model":null,"platform":"Web","$insert_id":"c15d003a-73ff-405a-9e3c-3bfff22f5bf3","device_carrier":null,"location_lat":null,"device_type":null,"device_manufacturer":null,"is_attribution_event":false,"os_name":"Chrome","group_properties":{},"library":"amplitude-js\/6.1.0","server_upload_time":"2020-08-17 10:35:56.155000","location_lng":null,"start_version":null,"amplitude_event_type":null,"$schema":12,"event_type":"video-saved","app":277124,"user_creation_time":"2020-05-17 16:12:56.601000","city":"Hyderabad","version_name":null,"sample_rate":null,"client_event_time":"2020-08-17 10:35:55.252000","server_received_time":"2020-08-17 10:35:56.150000","paying":null,"client_upload_time":"2020-08-17 10:35:56.010000","session_id":1597660471371,"adid":null,"device_id":"cliqvuUZ3MCp6JqDeAVbfR","device_brand":null,"os_version":"78","event_id":284,"processed_time":"2020-08-17 10:35:57.167912"}
{"language":"English","amplitude_attribution_ids":null,"user_properties":{"Username":"shailendra@pictory.ai"},"dma":null,"amplitude_id":157876700889,"idfa":null,"uuid":"ecd11698-e075-11ea-8147-0258ecf7db0d","region":"Telangana","country":"India","ip_address":"183.83.37.189","user_id":"shailendra@pictory.ai","event_properties":{"search-type":"All","project-id":958494986,"search-term":"Mammal,Bat"},"event_time":"2020-08-17 10:39:26.722000","data":{},"groups":{},"device_family":null,"device_model":null,"platform":"Web","$insert_id":"8dc91e84-5662-477b-bc92-b40aa4c43363","device_carrier":null,"location_lat":null,"device_type":null,"device_manufacturer":null,"is_attribution_event":false,"os_name":"Chrome","group_properties":{},"library":"amplitude-js\/6.1.0","server_upload_time":"2020-08-17 10:39:27.482000","location_lng":null,"start_version":null,"amplitude_event_type":null,"$schema":12,"event_type":"asset-searched","app":277124,"user_creation_time":"2020-05-17 16:12:56.601000","city":"Hyderabad","version_name":null,"sample_rate":null,"client_event_time":"2020-08-17 10:39:26.722000","server_received_time":"2020-08-17 10:39:27.477000","paying":null,"client_upload_time":"2020-08-17 10:39:26.724000","session_id":1597660471371,"adid":null,"device_id":"cliqvuUZ3MCp6JqDeAVbfR","device_brand":null,"os_version":"78","event_id":285,"processed_time":"2020-08-17 10:39:27.766022"}
{"language":"English","amplitude_attribution_ids":null,"user_properties":{"Username":"shailendra@pictory.ai"},"dma":null,"amplitude_id":157876700889,"idfa":null,"uuid":"f4b06576-e075-11ea-8147-0258ecf7db0d","region":"Telangana","country":"India","ip_address":"183.83.37.189","user_id":"shailendra@pictory.ai","event_properties":{"search-type":"All","project-id":958494986,"search-term":"Mammal,Bat"},"event_time":"2020-08-17 10:39:39.337000","data":{},"groups":{},"device_family":null,"device_model":null,"platform":"Web","$insert_id":"5fa415cb-e9a7-416b-bdd8-67f00728f540","device_carrier":null,"location_lat":null,"device_type":null,"device_manufacturer":null,"is_attribution_event":false,"os_name":"Chrome","group_properties":{},"library":"amplitude-js\/6.1.0","server_upload_time":"2020-08-17 10:39:39.497000","location_lng":null,"start_version":null,"amplitude_event_type":null,"$schema":12,"event_type":"asset-searched","app":277124,"user_creation_time":"2020-05-17 16:12:56.601000","city":"Hyderabad","version_name":null,"sample_rate":null,"client_event_time":"2020-08-17 10:39:39.337000","server_received_time":"2020-08-17 10:39:39.489000","paying":null,"client_upload_time":"2020-08-17 10:39:39.338000","session_id":1597660471371,"adid":null,"device_id":"cliqvuUZ3MCp6JqDeAVbfR","device_brand":null,"os_version":"78","event_id":286,"processed_time":"2020-08-17 10:39:40.938296"}
{"language":"English","amplitude_attribution_ids":null,"user_properties":{"Username":"shailendra@pictory.ai"},"dma":null,"amplitude_id":157876700889,"idfa":null,"uuid":"05582e54-e076-11ea-8147-0258ecf7db0d","region":"Telangana","country":"India","ip_address":"183.83.37.189","user_id":"shailendra@pictory.ai","event_properties":{"article-link":"https:\/\/www.covid-gyan.in\/content\/bats-belfry-friends-or-foes","project-id":958494986,"total-selected-sentences":12},"event_time":"2020-08-17 10:40:06.825000","data":{},"groups":{},"device_family":null,"device_model":null,"platform":"Web","$insert_id":"daae73ca-ee4d-4f95-b0b6-9a44590dfd4a","device_carrier":null,"location_lat":null,"device_type":null,"device_manufacturer":null,"is_attribution_event":false,"os_name":"Chrome","group_properties":{},"library":"amplitude-js\/6.1.0","server_upload_time":"2020-08-17 10:40:06.972000","location_lng":null,"start_version":null,"amplitude_event_type":null,"$schema":12,"event_type":"next-button-pressed","app":277124,"user_creation_time":"2020-05-17 16:12:56.601000","city":"Hyderabad","version_name":null,"sample_rate":null,"client_event_time":"2020-08-17 10:40:06.825000","server_received_time":"2020-08-17 10:40:06.964000","paying":null,"client_upload_time":"2020-08-17 10:40:06.826000","session_id":1597660471371,"adid":null,"device_id":"cliqvuUZ3MCp6JqDeAVbfR","device_brand":null,"os_version":"78","event_id":287,"processed_time":"2020-08-17 10:40:08.871623"}
{"language":"English","amplitude_attribution_ids":null,"user_properties":{"Username":"shailendra@pictory.ai"},"dma":null,"amplitude_id":157876700889,"idfa":null,"uuid":"0e00644a-e076-11ea-8147-0258ecf7db0d","region":"Telangana","country":"India","ip_address":"183.83.37.189","user_id":"shailendra@pictory.ai","event_properties":{"project-id":958494986,"track-name":"All We Know"},"event_time":"2020-08-17 10:40:22.715000","data":{},"groups":{},"device_family":null,"device_model":null,"platform":"Web","$insert_id":"cfc7ddfc-a826-404b-89c5-14b8866d3526","device_carrier":null,"location_lat":null,"device_type":null,"device_manufacturer":null,"is_attribution_event":false,"os_name":"Chrome","group_properties":{},"library":"amplitude-js\/6.1.0","server_upload_time":"2020-08-17 10:40:22.860000","location_lng":null,"start_version":null,"amplitude_event_type":null,"$schema":12,"event_type":"track-deselected","app":277124,"user_creation_time":"2020-05-17 16:12:56.601000","city":"Hyderabad","version_name":null,"sample_rate":null,"client_event_time":"2020-08-17 10:40:22.715000","server_received_time":"2020-08-17 10:40:22.850000","paying":null,"client_upload_time":"2020-08-17 10:40:22.716000","session_id":1597660471371,"adid":null,"device_id":"cliqvuUZ3MCp6JqDeAVbfR","device_brand":null,"os_version":"78","event_id":288,"processed_time":"2020-08-17 10:40:23.399402"}
{"language":"English","amplitude_attribution_ids":null,"user_properties":{"Username":"shailendra@pictory.ai"},"dma":null,"amplitude_id":157876700889,"idfa":null,"uuid":"0fe33012-e076-11ea-8147-0258ecf7db0d","region":"Telangana","country":"India","ip_address":"183.83.37.189","user_id":"shailendra@pictory.ai","event_properties":{"project-id":958494986,"track-name":"All We Know"},"event_time":"2020-08-17 10:40:25.593000","data":{},"groups":{},"device_family":null,"device_model":null,"platform":"Web","$insert_id":"5a4debb8-1d21-4340-8740-84e3e2d23d62","device_carrier":null,"location_lat":null,"device_type":null,"device_manufacturer":null,"is_attribution_event":false,"os_name":"Chrome","group_properties":{},"library":"amplitude-js\/6.1.0","server_upload_time":"2020-08-17 10:40:25.749000","location_lng":null,"start_version":null,"amplitude_event_type":null,"$schema":12,"event_type":"track-selected","app":277124,"user_creation_time":"2020-05-17 16:12:56.601000","city":"Hyderabad","version_name":null,"sample_rate":null,"client_event_time":"2020-08-17 10:40:25.593000","server_received_time":"2020-08-17 10:40:25.733000","paying":null,"client_upload_time":"2020-08-17 10:40:25.594000","session_id":1597660471371,"adid":null,"device_id":"cliqvuUZ3MCp6JqDeAVbfR","device_brand":null,"os_version":"78","event_id":289,"processed_time":"2020-08-17 10:40:26.569116"}
{"language":"English","amplitude_attribution_ids":null,"user_properties":{"Username":"shailendra@pictory.ai"},"dma":null,"amplitude_id":157876700889,"idfa":null,"uuid":"111b61ca-e076-11ea-8147-0258ecf7db0d","region":"Telangana","country":"India","ip_address":"183.83.37.189","user_id":"shailendra@pictory.ai","event_properties":{"project-category":"Bats in the belfry","project-id":958494986,"save-type":"New Video","project-name":"Bats in the belfry"},"event_time":"2020-08-17 10:40:27.665000","data":{},"groups":{},"device_family":null,"device_model":null,"platform":"Web","$insert_id":"92677539-b91f-4e3d-96d9-502bb6537c63","device_carrier":null,"location_lat":null,"device_type":null,"device_manufacturer":null,"is_attribution_event":false,"os_name":"Chrome","group_properties":{},"library":"amplitude-js\/6.1.0","server_upload_time":"2020-08-17 10:40:27.816000","location_lng":null,"start_version":null,"amplitude_event_type":null,"$schema":12,"event_type":"video-saved","app":277124,"user_creation_time":"2020-05-17 16:12:56.601000","city":"Hyderabad","version_name":null,"sample_rate":null,"client_event_time":"2020-08-17 10:40:27.665000","server_received_time":"2020-08-17 10:40:27.807000","paying":null,"client_upload_time":"2020-08-17 10:40:27.665000","session_id":1597660471371,"adid":null,"device_id":"cliqvuUZ3MCp6JqDeAVbfR","device_brand":null,"os_version":"78","event_id":290,"processed_time":"2020-08-17 10:40:28.604763"}
{"language":"English","amplitude_attribution_ids":null,"user_properties":{"Username":"shailendra@pictory.ai"},"dma":null,"amplitude_id":157876700889,"idfa":null,"uuid":"183455f2-e076-11ea-8147-0258ecf7db0d","region":"Telangana","country":"India","ip_address":"183.83.37.189","user_id":"shailendra@pictory.ai","event_properties":{"project-category":"Bats in the belfry","project-id":958494986,"save-type":"Saved Video","project-name":"Bats in the belfry"},"event_time":"2020-08-17 10:40:38.415000","data":{},"groups":{},"device_family":null,"device_model":null,"platform":"Web","$insert_id":"f663d73a-c34c-477e-b5b8-ac179af6846e","device_carrier":null,"location_lat":null,"device_type":null,"device_manufacturer":null,"is_attribution_event":false,"os_name":"Chrome","group_properties":{},"library":"amplitude-js\/6.1.0","server_upload_time":"2020-08-17 10:40:38.560000","location_lng":null,"start_version":null,"amplitude_event_type":null,"$schema":12,"event_type":"video-saved","app":277124,"user_creation_time":"2020-05-17 16:12:56.601000","city":"Hyderabad","version_name":null,"sample_rate":null,"client_event_time":"2020-08-17 10:40:38.415000","server_received_time":"2020-08-17 10:40:38.554000","paying":null,"client_upload_time":"2020-08-17 10:40:38.415000","session_id":1597660471371,"adid":null,"device_id":"cliqvuUZ3MCp6JqDeAVbfR","device_brand":null,"os_version":"78","event_id":291,"processed_time":"2020-08-17 10:40:40.515455"}
