{"language":"English","country":"United Arab Emirates","uuid":"f9e2de0e-dd26-11ea-81f3-02d9bf6089f8","server_received_time":"2020-08-13 05:36:44.677000","group_properties":{},"device_model":null,"$insert_id":"bd90627e-07a6-4895-a8e6-74808b48849f","os_version":"84","paying":null,"event_time":"2020-08-13 05:36:44.493000","client_upload_time":"2020-08-13 05:36:44.497000","idfa":null,"adid":null,"location_lat":null,"platform":"Web","$schema":12,"groups":{},"server_upload_time":"2020-08-13 05:36:44.690000","amplitude_event_type":null,"event_id":1,"session_id":1597296921409,"client_event_time":"2020-08-13 05:36:44.493000","version_name":null,"start_version":null,"device_id":"E_YDcn6UqLiHp-qumZbiW4","ip_address":"86.98.86.254","device_carrier":null,"app":277124,"library":"amplitude-js\/6.1.0","city":"Dubai","processed_time":"2020-08-13 05:36:45.935211","os_name":"Chrome","amplitude_attribution_ids":null,"user_properties":{"Username":"nadine.laze@startupbootcamp.org"},"event_type":"track-deselected","event_properties":{"track-name":"All We Know","project-id":63525832},"device_family":null,"user_creation_time":"2020-08-12 08:08:36.643000","device_manufacturer":null,"user_id":"nadine.laze@startupbootcamp.org","sample_rate":null,"amplitude_id":184311762798,"location_lng":null,"region":"Dubai","device_type":null,"is_attribution_event":false,"data":{},"device_brand":null,"dma":null}
{"language":"English","country":"United Arab Emirates","uuid":"fc81fef6-dd26-11ea-81f3-02d9bf6089f8","server_received_time":"2020-08-13 05:36:48.630000","group_properties":{},"device_model":null,"$insert_id":"fa844676-8760-4002-bc83-f9f7de24c328","os_version":"84","paying":null,"event_time":"2020-08-13 05:36:48.458000","client_upload_time":"2020-08-13 05:36:48.462000","idfa":null,"adid":null,"location_lat":null,"platform":"Web","$schema":12,"groups":{},"server_upload_time":"2020-08-13 05:36:48.637000","amplitude_event_type":null,"event_id":2,"session_id":1597296921409,"client_event_time":"2020-08-13 05:36:48.458000","version_name":null,"start_version":null,"device_id":"E_YDcn6UqLiHp-qumZbiW4","ip_address":"86.98.86.254","device_carrier":null,"app":277124,"library":"amplitude-js\/6.1.0","city":"Dubai","processed_time":"2020-08-13 05:36:50.323652","os_name":"Chrome","amplitude_attribution_ids":null,"user_properties":{"Username":"nadine.laze@startupbootcamp.org"},"event_type":"track-selected","event_properties":{"track-name":"All We Know","project-id":63525832},"device_family":null,"user_creation_time":"2020-08-12 08:08:36.643000","device_manufacturer":null,"user_id":"nadine.laze@startupbootcamp.org","sample_rate":null,"amplitude_id":184311762798,"location_lng":null,"region":"Dubai","device_type":null,"is_attribution_event":false,"data":{},"device_brand":null,"dma":null}
{"language":"English","country":"United Arab Emirates","uuid":"fd84b8de-dd26-11ea-81f3-02d9bf6089f8","server_received_time":"2020-08-13 05:36:51.412000","group_properties":{},"device_model":null,"$insert_id":"4a604b88-031d-49a7-bdd0-4cf8ad8c39aa","os_version":"84","paying":null,"event_time":"2020-08-13 05:36:51.241000","client_upload_time":"2020-08-13 05:36:51.245000","idfa":null,"adid":null,"location_lat":null,"platform":"Web","$schema":12,"groups":{},"server_upload_time":"2020-08-13 05:36:51.426000","amplitude_event_type":null,"event_id":3,"session_id":1597296921409,"client_event_time":"2020-08-13 05:36:51.241000","version_name":null,"start_version":null,"device_id":"E_YDcn6UqLiHp-qumZbiW4","ip_address":"86.98.86.254","device_carrier":null,"app":277124,"library":"amplitude-js\/6.1.0","city":"Dubai","processed_time":"2020-08-13 05:36:52.113308","os_name":"Chrome","amplitude_attribution_ids":null,"user_properties":{"Username":"nadine.laze@startupbootcamp.org"},"event_type":"video-saved","event_properties":{"project-id":63525832,"project-name":"An intense 3-month p(3)","save-type":"New Video","project-category":"An intense 3-month program supporting entrepreneurs to scale their industry-changing technology businesses"},"device_family":null,"user_creation_time":"2020-08-12 08:08:36.643000","device_manufacturer":null,"user_id":"nadine.laze@startupbootcamp.org","sample_rate":null,"amplitude_id":184311762798,"location_lng":null,"region":"Dubai","device_type":null,"is_attribution_event":false,"data":{},"device_brand":null,"dma":null}
{"language":"English","country":"United Arab Emirates","uuid":"0658d3be-dd27-11ea-81f3-02d9bf6089f8","server_received_time":"2020-08-13 05:37:04.695000","group_properties":{},"device_model":null,"$insert_id":"7cf3f497-23ee-43e5-b3dc-e059da44f82a","os_version":"84","paying":null,"event_time":"2020-08-13 05:37:04.527000","client_upload_time":"2020-08-13 05:37:04.529000","idfa":null,"adid":null,"location_lat":null,"platform":"Web","$schema":12,"groups":{},"server_upload_time":"2020-08-13 05:37:04.702000","amplitude_event_type":null,"event_id":4,"session_id":1597296921409,"client_event_time":"2020-08-13 05:37:04.527000","version_name":null,"start_version":null,"device_id":"E_YDcn6UqLiHp-qumZbiW4","ip_address":"86.98.86.254","device_carrier":null,"app":277124,"library":"amplitude-js\/6.1.0","city":"Dubai","processed_time":"2020-08-13 05:37:06.843835","os_name":"Chrome","amplitude_attribution_ids":null,"user_properties":{"Username":"nadine.laze@startupbootcamp.org"},"event_type":"failed-service","event_properties":{"service-name":"search-all-assets"},"device_family":null,"user_creation_time":"2020-08-12 08:08:36.643000","device_manufacturer":null,"user_id":"nadine.laze@startupbootcamp.org","sample_rate":null,"amplitude_id":184311762798,"location_lng":null,"region":"Dubai","device_type":null,"is_attribution_event":false,"data":{},"device_brand":null,"dma":null}
