{"device_id":"OUCBg2mUwaazol7PV4fThX","start_version":null,"city":"Seattle","location_lat":null,"user_id":"terry.polyak@insperity.com","version_name":null,"server_upload_time":"2020-08-06 02:47:29.714000","platform":"Web","device_family":null,"dma":"Seattle-Tacoma, WA","os_version":"84","event_id":1,"is_attribution_event":false,"region":"Washington","$insert_id":"641ced55-cc2d-44e5-98ac-f59ed4e9b709","paying":null,"event_type":"app-crash","device_manufacturer":null,"client_event_time":"2020-08-06 02:47:29.202000","ip_address":"67.170.16.182","device_model":null,"library":"amplitude-js\/6.1.0","uuid":"2c686bde-d78f-11ea-848b-06e8fd8c7535","country":"United States","client_upload_time":"2020-08-06 02:47:29.205000","server_received_time":"2020-08-06 02:47:29.699000","device_type":null,"os_name":"Chrome","user_creation_time":"2020-08-03 13:09:15.623000","device_brand":null,"device_carrier":null,"user_properties":{"Username":"terry.polyak@insperity.com"},"amplitude_attribution_ids":null,"event_time":"2020-08-06 02:47:29.202000","processed_time":"2020-08-06 02:47:31.370691","event_properties":{"error-info":"https:\/\/brand-settings-images130431-pictory.s3.us-east-2.amazonaws.com\/public\/dacac6d2-859f-4b00-a13a-ffe6304fb487\/errors\/application\/1596682045971-crash.txt"},"app":277124,"adid":null,"amplitude_id":182260950305,"$schema":12,"location_lng":null,"amplitude_event_type":null,"groups":{},"sample_rate":null,"session_id":1596682017954,"idfa":null,"data":{},"language":"English","group_properties":{}}
