{"device_manufacturer":null,"groups":{},"amplitude_event_type":null,"os_version":"84","device_family":null,"device_id":"L11X6MpFe2GYwKVf6kkIdM","device_brand":null,"city":"Hyderabad","region":"Telangana","event_time":"2020-08-02 13:59:19.497000","version_name":null,"user_creation_time":"2020-08-02 07:07:16.958000","server_received_time":"2020-08-02 15:21:07.068000","processed_time":"2020-08-02 15:21:09.545492","event_properties":{"total-video-time-in-minutes":"2.62","total-scenes-with-original-image":20,"total-time-to-generate-in-minutes":"8.40","total-images":1,"total-time-to-generate-in-seconds":504,"total-video-time-in-seconds":157,"project-id":664893570,"total-videos":19,"total-scenes":20,"total-sub-scenes":11,"track-name":"Fly With My Dreams"},"event_type":"generate-clicked","$schema":12,"user_id":"praveencapri@gmail.com","sample_rate":null,"device_carrier":null,"amplitude_attribution_ids":null,"os_name":"Chrome Mobile","$insert_id":"be54f0f0-cd4f-47e5-8d5b-337fce592477","group_properties":{},"start_version":null,"amplitude_id":182009921658,"device_type":null,"country":"India","client_upload_time":"2020-08-02 15:21:03.267000","platform":"Web","client_event_time":"2020-08-02 13:59:19.497000","session_id":1596375216916,"language":"English","device_model":null,"location_lng":null,"ip_address":"223.228.106.253","library":"amplitude-js\/6.1.0","uuid":"cadc3f02-d4d3-11ea-92ef-0619c0101558","app":277124,"dma":null,"user_properties":{"Username":"praveencapri@gmail.com"},"server_upload_time":"2020-08-02 15:21:07.073000","event_id":3,"data":{},"idfa":null,"paying":null,"adid":null,"location_lat":null,"is_attribution_event":false}
{"device_manufacturer":null,"groups":{},"amplitude_event_type":null,"os_version":"84","device_family":null,"device_id":"L11X6MpFe2GYwKVf6kkIdM","device_brand":null,"city":"Hyderabad","region":"Telangana","event_time":"2020-08-02 13:59:20.702000","version_name":null,"user_creation_time":"2020-08-02 07:07:16.958000","server_received_time":"2020-08-02 15:21:07.068000","processed_time":"2020-08-02 15:21:09.545497","event_properties":{"service-name":"generate-video"},"event_type":"failed-service","$schema":12,"user_id":"praveencapri@gmail.com","sample_rate":null,"device_carrier":null,"amplitude_attribution_ids":null,"os_name":"Chrome Mobile","$insert_id":"30a9cb68-e336-4b72-b753-2e2af14d87c1","group_properties":{},"start_version":null,"amplitude_id":182009921658,"device_type":null,"country":"India","client_upload_time":"2020-08-02 15:21:03.267000","platform":"Web","client_event_time":"2020-08-02 13:59:20.702000","session_id":1596375216916,"language":"English","device_model":null,"location_lng":null,"ip_address":"223.228.106.253","library":"amplitude-js\/6.1.0","uuid":"cadc47ea-d4d3-11ea-92ef-0619c0101558","app":277124,"dma":null,"user_properties":{"Username":"praveencapri@gmail.com"},"server_upload_time":"2020-08-02 15:21:07.073000","event_id":4,"data":{},"idfa":null,"paying":null,"adid":null,"location_lat":null,"is_attribution_event":false}
{"device_manufacturer":null,"groups":{},"amplitude_event_type":null,"os_version":"84","device_family":null,"device_id":"L11X6MpFe2GYwKVf6kkIdM","device_brand":null,"city":"Hyderabad","region":"Telangana","event_time":"2020-08-02 15:21:03.252000","version_name":null,"user_creation_time":"2020-08-02 07:07:16.958000","server_received_time":"2020-08-02 15:21:07.068000","processed_time":"2020-08-02 15:21:09.545499","event_properties":{"article-link":"https:\/\/www.innominds.com\/blog\/how-ai-helps-in-precision-agriculture-connected-farm-experience-better-crop-yield","project-id":664893570},"event_type":"preview-clicked","$schema":12,"user_id":"praveencapri@gmail.com","sample_rate":null,"device_carrier":null,"amplitude_attribution_ids":null,"os_name":"Chrome Mobile","$insert_id":"f6cd2605-9adb-4976-8aa1-abf2ed9e1433","group_properties":{},"start_version":null,"amplitude_id":182009921658,"device_type":null,"country":"India","client_upload_time":"2020-08-02 15:21:03.267000","platform":"Web","client_event_time":"2020-08-02 15:21:03.252000","session_id":1596381663252,"language":"English","device_model":null,"location_lng":null,"ip_address":"223.228.106.253","library":"amplitude-js\/6.1.0","uuid":"cadc4ede-d4d3-11ea-92ef-0619c0101558","app":277124,"dma":null,"user_properties":{"Username":"praveencapri@gmail.com"},"server_upload_time":"2020-08-02 15:21:07.073000","event_id":5,"data":{},"idfa":null,"paying":null,"adid":null,"location_lat":null,"is_attribution_event":false}
{"device_manufacturer":null,"groups":{},"amplitude_event_type":null,"os_version":"84","device_family":null,"device_id":"L11X6MpFe2GYwKVf6kkIdM","device_brand":null,"city":"Hyderabad","region":"Telangana","event_time":"2020-08-02 15:24:07.410000","version_name":null,"user_creation_time":"2020-08-02 07:07:16.958000","server_received_time":"2020-08-02 15:24:11.163000","processed_time":"2020-08-02 15:24:13.704535","event_properties":{"total-video-time-in-minutes":"2.62","total-scenes-with-original-image":20,"total-time-to-generate-in-minutes":"0.00","total-images":1,"total-time-to-generate-in-seconds":0,"total-video-time-in-seconds":157,"project-id":664893570,"total-videos":19,"total-scenes":20,"total-sub-scenes":11,"track-name":"Fly With My Dreams"},"event_type":"generate-clicked","$schema":12,"user_id":"praveencapri@gmail.com","sample_rate":null,"device_carrier":null,"amplitude_attribution_ids":null,"os_name":"Chrome Mobile","$insert_id":"33fa71a9-4937-4e49-9440-6a44a432f50f","group_properties":{},"start_version":null,"amplitude_id":182009921658,"device_type":null,"country":"India","client_upload_time":"2020-08-02 15:24:07.419000","platform":"Web","client_event_time":"2020-08-02 15:24:07.410000","session_id":1596381663252,"language":"English","device_model":null,"location_lng":null,"ip_address":"223.228.72.181","library":"amplitude-js\/6.1.0","uuid":"38a42da6-d4d4-11ea-92ef-0619c0101558","app":277124,"dma":null,"user_properties":{"Username":"praveencapri@gmail.com"},"server_upload_time":"2020-08-02 15:24:11.263000","event_id":6,"data":{},"idfa":null,"paying":null,"adid":null,"location_lat":null,"is_attribution_event":false}
{"device_manufacturer":null,"groups":{},"amplitude_event_type":null,"os_version":"84","device_family":null,"device_id":"L11X6MpFe2GYwKVf6kkIdM","device_brand":null,"city":"Hyderabad","region":"Telangana","event_time":"2020-08-02 15:28:45.825000","version_name":null,"user_creation_time":"2020-08-02 07:07:16.958000","server_received_time":"2020-08-02 15:28:49.543000","processed_time":"2020-08-02 15:28:50.491168","event_properties":{"time-taken-in-minutes":"2.58","time-taken-in-seconds":155,"project-id":664893570},"event_type":"video-generated","$schema":12,"user_id":"praveencapri@gmail.com","sample_rate":null,"device_carrier":null,"amplitude_attribution_ids":null,"os_name":"Chrome Mobile","$insert_id":"ab6c97de-1790-4644-a1a5-bb12134653cb","group_properties":{},"start_version":null,"amplitude_id":182009921658,"device_type":null,"country":"India","client_upload_time":"2020-08-02 15:28:45.834000","platform":"Web","client_event_time":"2020-08-02 15:28:45.825000","session_id":1596381663252,"language":"English","device_model":null,"location_lng":null,"ip_address":"223.228.106.253","library":"amplitude-js\/6.1.0","uuid":"dd960532-d4d4-11ea-92ef-0619c0101558","app":277124,"dma":null,"user_properties":{"Username":"praveencapri@gmail.com"},"server_upload_time":"2020-08-02 15:28:49.551000","event_id":7,"data":{},"idfa":null,"paying":null,"adid":null,"location_lat":null,"is_attribution_event":false}
{"device_manufacturer":null,"groups":{},"amplitude_event_type":null,"os_version":"84","device_family":null,"device_id":"L11X6MpFe2GYwKVf6kkIdM","device_brand":null,"city":"Hyderabad","region":"Telangana","event_time":"2020-08-02 15:28:58.365000","version_name":null,"user_creation_time":"2020-08-02 07:07:16.958000","server_received_time":"2020-08-02 15:29:01.460000","processed_time":"2020-08-02 15:29:03.454441","event_properties":{"project-category":"How AI Helps In Precision Agriculture Connected Farm Experience  Better Crop Yield","save-type":"Saved Video","project-name":"How AI Helps In Precision Agriculture Connected Farm Experience  Better Crop Yield","project-id":664893570},"event_type":"video-saved","$schema":12,"user_id":"praveencapri@gmail.com","sample_rate":null,"device_carrier":null,"amplitude_attribution_ids":null,"os_name":"Chrome Mobile","$insert_id":"c2531e33-0608-4957-8ce1-ffe75e769b47","group_properties":{},"start_version":null,"amplitude_id":182009921658,"device_type":null,"country":"India","client_upload_time":"2020-08-02 15:28:58.369000","platform":"Web","client_event_time":"2020-08-02 15:28:58.365000","session_id":1596381663252,"language":"English","device_model":null,"location_lng":null,"ip_address":"223.228.106.253","library":"amplitude-js\/6.1.0","uuid":"e55c074e-d4d4-11ea-92ef-0619c0101558","app":277124,"dma":null,"user_properties":{"Username":"praveencapri@gmail.com"},"server_upload_time":"2020-08-02 15:29:01.474000","event_id":8,"data":{},"idfa":null,"paying":null,"adid":null,"location_lat":null,"is_attribution_event":false}
{"device_manufacturer":null,"groups":{},"amplitude_event_type":null,"os_version":"84","device_family":null,"device_id":"L11X6MpFe2GYwKVf6kkIdM","device_brand":null,"city":"Hyderabad","region":"Telangana","event_time":"2020-08-02 15:29:04.248000","version_name":null,"user_creation_time":"2020-08-02 07:07:16.958000","server_received_time":"2020-08-02 15:29:07.351000","processed_time":"2020-08-02 15:29:09.497818","event_properties":{"video-name":"\u201cAgriculture is our wisest pursuit, because it will in the end, contribute most to real <strong>wealth<\/strong>, good morals &amp; happiness.\u201d \u2013 Thomas Jefferson.mp4","article-link":"https:\/\/www.innominds.com\/blog\/how-ai-helps-in-precision-agriculture-connected-farm-experience-better-crop-yield","video-link":"https:\/\/video.pictory.ai\/5gv","project-id":664893570},"event_type":"video-downloaded","$schema":12,"user_id":"praveencapri@gmail.com","sample_rate":null,"device_carrier":null,"amplitude_attribution_ids":null,"os_name":"Chrome Mobile","$insert_id":"4289d712-fab2-43b1-872a-fa2543dd2ed2","group_properties":{},"start_version":null,"amplitude_id":182009921658,"device_type":null,"country":"India","client_upload_time":"2020-08-02 15:29:04.253000","platform":"Web","client_event_time":"2020-08-02 15:29:04.248000","session_id":1596381663252,"language":"English","device_model":null,"location_lng":null,"ip_address":"223.228.106.253","library":"amplitude-js\/6.1.0","uuid":"e8efc044-d4d4-11ea-92ef-0619c0101558","app":277124,"dma":null,"user_properties":{"Username":"praveencapri@gmail.com"},"server_upload_time":"2020-08-02 15:29:07.362000","event_id":9,"data":{},"idfa":null,"paying":null,"adid":null,"location_lat":null,"is_attribution_event":false}
