{"device_type":null,"region":"Washington","device_brand":null,"sample_rate":null,"dma":"Seattle-Tacoma, WA","device_model":null,"library":"amplitude-js\/6.1.0","platform":"Web","version_name":null,"language":"English","adid":null,"uuid":"522f4a0a-dfea-11ea-85a8-028bdd65f5ef","amplitude_attribution_ids":null,"user_id":"vishal.chalana@gmail.com","device_id":"Pi_CS-9QLqonExKbpU0JaZ","amplitude_event_type":null,"data":{},"amplitude_id":158548835963,"ip_address":"73.239.8.13","event_id":8,"device_family":null,"session_id":1597600561671,"device_carrier":null,"event_time":"2020-08-16 18:00:06.915000","user_creation_time":"2020-05-15 18:13:57.730000","client_upload_time":"2020-08-16 18:00:06.977000","city":"Kirkland","processed_time":"2020-08-16 18:00:08.311577","event_type":"user-login","group_properties":{},"$schema":12,"idfa":null,"server_upload_time":"2020-08-16 18:00:07.047000","app":277124,"$insert_id":"9f534a77-58b7-4ee3-8b47-00d8e083958a","is_attribution_event":false,"start_version":null,"event_properties":{"login-via":"Pictory"},"location_lng":null,"groups":{},"client_event_time":"2020-08-16 18:00:06.915000","location_lat":null,"country":"United States","os_name":"Chrome","server_received_time":"2020-08-16 18:00:07.016000","os_version":"84","device_manufacturer":null,"user_properties":{"Username":"vishal.chalana@gmail.com"},"paying":null}
{"device_type":null,"region":"Washington","device_brand":null,"sample_rate":null,"dma":"Seattle-Tacoma, WA","device_model":null,"library":"amplitude-js\/6.1.0","platform":"Web","version_name":null,"language":"English","adid":null,"uuid":"57d6870c-dfea-11ea-85a8-028bdd65f5ef","amplitude_attribution_ids":null,"user_id":"vishal.chalana@gmail.com","device_id":"Pi_CS-9QLqonExKbpU0JaZ","amplitude_event_type":null,"data":{},"amplitude_id":158548835963,"ip_address":"73.239.8.13","event_id":9,"device_family":null,"session_id":1597600561671,"device_carrier":null,"event_time":"2020-08-16 18:00:17.119000","user_creation_time":"2020-05-15 18:13:57.730000","client_upload_time":"2020-08-16 18:00:17.120000","city":"Kirkland","processed_time":"2020-08-16 18:00:17.729406","event_type":"user-login","group_properties":{},"$schema":12,"idfa":null,"server_upload_time":"2020-08-16 18:00:17.165000","app":277124,"$insert_id":"baae6b26-3e95-476b-824e-fcd25333c558","is_attribution_event":false,"start_version":null,"event_properties":{"login-via":"Google"},"location_lng":null,"groups":{},"client_event_time":"2020-08-16 18:00:17.119000","location_lat":null,"country":"United States","os_name":"Chrome","server_received_time":"2020-08-16 18:00:17.158000","os_version":"84","device_manufacturer":null,"user_properties":{"Username":"vishal.chalana@gmail.com"},"paying":null}
{"location_lat":null,"device_id":"kUkXIpAKEYaakZ3yQwYnmA","device_model":null,"device_type":null,"group_properties":{},"uuid":"582c3602-dfea-11ea-ae41-06c321dd09bd","is_attribution_event":false,"library":"amplitude-js\/6.1.0","event_time":"2020-08-16 18:00:15.544000","client_upload_time":"2020-08-16 18:00:15.570000","amplitude_id":157876700889,"event_type":"generate-clicked","adid":null,"amplitude_attribution_ids":null,"region":"Telangana","server_received_time":"2020-08-16 18:00:16.290000","city":"Hyderabad","data":{},"device_family":null,"user_creation_time":"2020-05-17 16:12:56.601000","paying":null,"os_version":"80","server_upload_time":"2020-08-16 18:00:16.298000","ip_address":"183.83.37.189","platform":"Web","language":"English","groups":{},"$insert_id":"63c0fe24-0370-41ea-a52d-5c0f8e456d40","event_properties":{"total-scenes":6,"track-name":"All We Know","project-id":286026964,"total-video-time-in-seconds":37,"total-time-to-generate-in-seconds":200,"total-time-to-generate-in-minutes":"3.33","total-scenes-with-original-image":6,"total-sub-scenes":1,"total-video-time-in-minutes":"0.62","total-images":5,"total-videos":1},"user_id":"shailendra@pictory.ai","location_lng":null,"$schema":12,"start_version":null,"processed_time":"2020-08-16 18:00:18.375472","amplitude_event_type":null,"app":277124,"sample_rate":null,"os_name":"Chrome","device_manufacturer":null,"user_properties":{"Username":"shailendra@pictory.ai"},"device_brand":null,"version_name":null,"event_id":16,"device_carrier":null,"session_id":1597600205224,"client_event_time":"2020-08-16 18:00:15.544000","idfa":null,"country":"India","dma":null}
{"device_family":null,"event_id":1,"amplitude_id":158589205788,"device_id":"QWQq-YnmBhh-C3I3tzN1nu","amplitude_attribution_ids":null,"group_properties":{},"library":"amplitude-js\/6.1.0","user_creation_time":"2020-05-15 20:33:50.158000","server_upload_time":"2020-08-16 18:00:36.550000","location_lat":null,"country":"United States","os_version":"84","device_type":null,"user_properties":{"Username":"vishal@pictory.ai"},"session_id":1597600825498,"client_upload_time":"2020-08-16 18:00:36.478000","device_model":null,"user_id":"vishal@pictory.ai","$insert_id":"0ac9c989-156f-454b-87e5-c86f8f446381","device_carrier":null,"dma":"Seattle-Tacoma, WA","city":"Kirkland","event_type":"subscription-page-visited","groups":{},"processed_time":"2020-08-16 18:00:38.835706","app":277124,"version_name":null,"device_manufacturer":null,"start_version":null,"adid":null,"language":"English","device_brand":null,"sample_rate":null,"platform":"Web","location_lng":null,"client_event_time":"2020-08-16 18:00:36.478000","$schema":12,"ip_address":"73.239.8.13","event_time":"2020-08-16 18:00:36.478000","paying":null,"event_properties":{},"uuid":"646b0e84-dfea-11ea-89c5-0abb52d9bb77","amplitude_event_type":null,"region":"Washington","idfa":null,"data":{},"is_attribution_event":false,"os_name":"Chrome","server_received_time":"2020-08-16 18:00:36.514000"}
{"location_lat":null,"device_id":"kUkXIpAKEYaakZ3yQwYnmA","device_model":null,"device_type":null,"group_properties":{},"uuid":"809043a4-dfea-11ea-ae41-06c321dd09bd","is_attribution_event":false,"library":"amplitude-js\/6.1.0","event_time":"2020-08-16 18:01:23.647000","client_upload_time":"2020-08-16 18:01:23.648000","amplitude_id":157876700889,"event_type":"video-generation-canceled","adid":null,"amplitude_attribution_ids":null,"region":"Telangana","server_received_time":"2020-08-16 18:01:23.782000","city":"Hyderabad","data":{},"device_family":null,"user_creation_time":"2020-05-17 16:12:56.601000","paying":null,"os_version":"80","server_upload_time":"2020-08-16 18:01:23.795000","ip_address":"183.83.37.189","platform":"Web","language":"English","groups":{},"$insert_id":"75af7a99-24f3-42ba-abe8-940c36dbbde2","event_properties":{},"user_id":"shailendra@pictory.ai","location_lng":null,"$schema":12,"start_version":null,"processed_time":"2020-08-16 18:01:26.076134","amplitude_event_type":null,"app":277124,"sample_rate":null,"os_name":"Chrome","device_manufacturer":null,"user_properties":{"Username":"shailendra@pictory.ai"},"device_brand":null,"version_name":null,"event_id":17,"device_carrier":null,"session_id":1597600205224,"client_event_time":"2020-08-16 18:01:23.647000","idfa":null,"country":"India","dma":null}
{"location_lat":null,"device_id":"kUkXIpAKEYaakZ3yQwYnmA","device_model":null,"device_type":null,"group_properties":{},"uuid":"8eb20580-dfea-11ea-ae41-06c321dd09bd","is_attribution_event":false,"library":"amplitude-js\/6.1.0","event_time":"2020-08-16 18:01:45.878000","client_upload_time":"2020-08-16 18:01:45.879000","amplitude_id":157876700889,"event_type":"generate-clicked","adid":null,"amplitude_attribution_ids":null,"region":"Telangana","server_received_time":"2020-08-16 18:01:46.039000","city":"Hyderabad","data":{},"device_family":null,"user_creation_time":"2020-05-17 16:12:56.601000","paying":null,"os_version":"80","server_upload_time":"2020-08-16 18:01:46.055000","ip_address":"183.83.37.189","platform":"Web","language":"English","groups":{},"$insert_id":"558a1c07-d25e-471b-9ead-e27a05f258ce","event_properties":{"total-scenes":6,"track-name":"All We Know","project-id":286026964,"total-video-time-in-seconds":37,"total-time-to-generate-in-seconds":19,"total-time-to-generate-in-minutes":"0.32","total-scenes-with-original-image":6,"total-sub-scenes":1,"total-video-time-in-minutes":"0.62","total-images":5,"total-videos":1},"user_id":"shailendra@pictory.ai","location_lng":null,"$schema":12,"start_version":null,"processed_time":"2020-08-16 18:01:49.778270","amplitude_event_type":null,"app":277124,"sample_rate":null,"os_name":"Chrome","device_manufacturer":null,"user_properties":{"Username":"shailendra@pictory.ai"},"device_brand":null,"version_name":null,"event_id":18,"device_carrier":null,"session_id":1597600205224,"client_event_time":"2020-08-16 18:01:45.878000","idfa":null,"country":"India","dma":null}
{"location_lat":null,"device_id":"kUkXIpAKEYaakZ3yQwYnmA","device_model":null,"device_type":null,"group_properties":{},"uuid":"b0e64e86-dfea-11ea-ae41-06c321dd09bd","is_attribution_event":false,"library":"amplitude-js\/6.1.0","event_time":"2020-08-16 18:02:45.862000","client_upload_time":"2020-08-16 18:02:45.863000","amplitude_id":157876700889,"event_type":"video-generation-canceled","adid":null,"amplitude_attribution_ids":null,"region":"Telangana","server_received_time":"2020-08-16 18:02:45.992000","city":"Hyderabad","data":{},"device_family":null,"user_creation_time":"2020-05-17 16:12:56.601000","paying":null,"os_version":"80","server_upload_time":"2020-08-16 18:02:45.997000","ip_address":"183.83.37.189","platform":"Web","language":"English","groups":{},"$insert_id":"a6d56e36-d010-49a4-b571-31dee5596bdc","event_properties":{},"user_id":"shailendra@pictory.ai","location_lng":null,"$schema":12,"start_version":null,"processed_time":"2020-08-16 18:02:47.156515","amplitude_event_type":null,"app":277124,"sample_rate":null,"os_name":"Chrome","device_manufacturer":null,"user_properties":{"Username":"shailendra@pictory.ai"},"device_brand":null,"version_name":null,"event_id":19,"device_carrier":null,"session_id":1597600205224,"client_event_time":"2020-08-16 18:02:45.862000","idfa":null,"country":"India","dma":null}
{"app":277124,"$schema":12,"processed_time":"2020-08-16 18:04:18.411363","user_properties":{},"data":{"first_event":true},"groups":{},"country":"United States","server_received_time":"2020-08-16 18:04:16.390000","session_id":1597601053401,"start_version":null,"language":"English","amplitude_attribution_ids":null,"$insert_id":"a4de05cc-81ad-48aa-85f7-2dd980c6cb1f","client_upload_time":"2020-08-16 18:04:16.336000","client_event_time":"2020-08-16 18:04:16.335000","adid":null,"region":"Washington","device_type":null,"event_properties":{"login-via":"Google"},"device_family":null,"location_lng":null,"device_manufacturer":null,"uuid":"e72f2170-dfea-11ea-a48e-0ad7c77a379f","location_lat":null,"version_name":null,"device_carrier":null,"dma":"Seattle-Tacoma, WA","idfa":null,"paying":null,"event_type":"user-login","library":"amplitude-js\/6.1.0","os_name":"Chrome","server_upload_time":"2020-08-16 18:04:16.400000","platform":"Web","city":"Kirkland","os_version":"84","user_creation_time":"2020-08-16 18:04:16.335000","amplitude_event_type":null,"event_id":1,"amplitude_id":185286559566,"ip_address":"73.239.8.13","group_properties":{},"device_id":"LjQdpnXQrdSx8-P4rPd5u4","device_brand":null,"user_id":null,"is_attribution_event":false,"sample_rate":null,"device_model":null,"event_time":"2020-08-16 18:04:16.335000"}
{"device_id":"di52F25FnH_eyjWPJBtJMW","event_time":"2020-08-16 18:04:25.669000","$schema":12,"sample_rate":null,"version_name":null,"event_id":1,"amplitude_event_type":null,"amplitude_id":158589205788,"data":{},"app":277124,"event_type":"subscription-page-visited","location_lng":null,"adid":null,"device_model":null,"processed_time":"2020-08-16 18:04:28.495470","region":"Washington","language":"English","client_upload_time":"2020-08-16 18:04:25.669000","device_family":null,"os_name":"Chrome","is_attribution_event":false,"groups":{},"start_version":null,"city":"Kirkland","$insert_id":"ea69d10f-cd20-409d-8e62-1249f7cd22fa","library":"amplitude-js\/6.1.0","device_carrier":null,"user_id":"vishal@pictory.ai","device_type":null,"client_event_time":"2020-08-16 18:04:25.669000","dma":"Seattle-Tacoma, WA","location_lat":null,"user_properties":{"Username":"vishal@pictory.ai"},"os_version":"84","amplitude_attribution_ids":null,"user_creation_time":"2020-05-15 20:33:50.158000","paying":null,"device_brand":null,"uuid":"ed4cffb4-dfea-11ea-b21a-0aad0ce8aa55","session_id":1597601057292,"event_properties":{},"server_received_time":"2020-08-16 18:04:25.708000","group_properties":{},"country":"United States","platform":"Web","server_upload_time":"2020-08-16 18:04:25.717000","ip_address":"73.239.8.13","device_manufacturer":null,"idfa":null}
{"device_id":"di52F25FnH_eyjWPJBtJMW","event_time":"2020-08-16 18:06:02.927000","$schema":12,"sample_rate":null,"version_name":null,"event_id":2,"amplitude_event_type":null,"amplitude_id":158589205788,"data":{},"app":277124,"event_type":"user-signup","location_lng":null,"adid":null,"device_model":null,"processed_time":"2020-08-16 18:06:03.982061","region":"Washington","language":"English","client_upload_time":"2020-08-16 18:06:02.928000","device_family":null,"os_name":"Chrome","is_attribution_event":false,"groups":{},"start_version":null,"city":"Kirkland","$insert_id":"6847b6f6-175c-4bdc-8b09-2abeee984f4f","library":"amplitude-js\/6.1.0","device_carrier":null,"user_id":"vishal@pictory.ai","device_type":null,"client_event_time":"2020-08-16 18:06:02.927000","dma":"Seattle-Tacoma, WA","location_lat":null,"user_properties":{"Username":"vishal@pictory.ai"},"os_version":"84","amplitude_attribution_ids":null,"user_creation_time":"2020-05-15 20:33:50.158000","paying":null,"device_brand":null,"uuid":"2633b1e2-dfeb-11ea-b21a-0aad0ce8aa55","session_id":1597601057292,"event_properties":{"provider":"pictory"},"server_received_time":"2020-08-16 18:06:02.978000","group_properties":{},"country":"United States","platform":"Web","server_upload_time":"2020-08-16 18:06:02.989000","ip_address":"73.239.8.13","device_manufacturer":null,"idfa":null}
{"device_id":"di52F25FnH_eyjWPJBtJMW","event_time":"2020-08-16 18:06:14.839000","$schema":12,"sample_rate":null,"version_name":null,"event_id":3,"amplitude_event_type":null,"amplitude_id":185286897865,"data":{"first_event":true},"app":277124,"event_type":"user-login","location_lng":null,"adid":null,"device_model":null,"processed_time":"2020-08-16 18:06:16.271328","region":"Washington","language":"English","client_upload_time":"2020-08-16 18:06:14.912000","device_family":null,"os_name":"Chrome","is_attribution_event":false,"groups":{},"start_version":null,"city":"Kirkland","$insert_id":"ec761401-064e-4734-af53-6d6bf49ac9ff","library":"amplitude-js\/6.1.0","device_carrier":null,"user_id":"pictory@yopmail.com","device_type":null,"client_event_time":"2020-08-16 18:06:14.839000","dma":"Seattle-Tacoma, WA","location_lat":null,"user_properties":{"Username":"pictory@yopmail.com"},"os_version":"84","amplitude_attribution_ids":null,"user_creation_time":"2020-08-16 18:06:14.839000","paying":null,"device_brand":null,"uuid":"2d5e71be-dfeb-11ea-b21a-0aad0ce8aa55","session_id":1597601057292,"event_properties":{"login-via":"Pictory"},"server_received_time":"2020-08-16 18:06:14.957000","group_properties":{},"country":"United States","platform":"Web","server_upload_time":"2020-08-16 18:06:14.969000","ip_address":"73.239.8.13","device_manufacturer":null,"idfa":null}
{"device_id":"di52F25FnH_eyjWPJBtJMW","event_time":"2020-08-16 18:06:38.463000","$schema":12,"sample_rate":null,"version_name":null,"event_id":4,"amplitude_event_type":null,"amplitude_id":185286897865,"data":{"first_event":true},"app":277124,"event_type":"trial-activated","location_lng":null,"adid":null,"device_model":null,"processed_time":"2020-08-16 18:06:41.778311","region":"Washington","language":"English","client_upload_time":"2020-08-16 18:06:38.464000","device_family":null,"os_name":"Chrome","is_attribution_event":false,"groups":{},"start_version":null,"city":"Kirkland","$insert_id":"ff651a8f-23b6-4c15-a984-9ef11f5bb9a8","library":"amplitude-js\/6.1.0","device_carrier":null,"user_id":"pictory@yopmail.com","device_type":null,"client_event_time":"2020-08-16 18:06:38.463000","dma":"Seattle-Tacoma, WA","location_lat":null,"user_properties":{"Username":"pictory@yopmail.com"},"os_version":"84","amplitude_attribution_ids":null,"user_creation_time":"2020-08-16 18:06:38.463000","paying":null,"device_brand":null,"uuid":"3cb96a56-dfeb-11ea-b21a-0aad0ce8aa55","session_id":1597601057292,"event_properties":{},"server_received_time":"2020-08-16 18:06:38.509000","group_properties":{},"country":"United States","platform":"Web","server_upload_time":"2020-08-16 18:06:38.532000","ip_address":"73.239.8.13","device_manufacturer":null,"idfa":null}
{"device_id":"di52F25FnH_eyjWPJBtJMW","event_time":"2020-08-16 18:07:08.149000","$schema":12,"sample_rate":null,"version_name":null,"event_id":5,"amplitude_event_type":null,"amplitude_id":185286897865,"data":{},"app":277124,"event_type":"start-with-article","location_lng":null,"adid":null,"device_model":null,"processed_time":"2020-08-16 18:07:10.049373","region":"Washington","language":"English","client_upload_time":"2020-08-16 18:07:08.149000","device_family":null,"os_name":"Chrome","is_attribution_event":false,"groups":{},"start_version":null,"city":"Kirkland","$insert_id":"d5cc268d-5527-4041-ad88-521028b6fe97","library":"amplitude-js\/6.1.0","device_carrier":null,"user_id":"pictory@yopmail.com","device_type":null,"client_event_time":"2020-08-16 18:07:08.149000","dma":"Seattle-Tacoma, WA","location_lat":null,"user_properties":{"Username":"pictory@yopmail.com"},"os_version":"84","amplitude_attribution_ids":null,"user_creation_time":"2020-08-16 18:06:38.463000","paying":null,"device_brand":null,"uuid":"4d8d03e2-dfeb-11ea-b21a-0aad0ce8aa55","session_id":1597601057292,"event_properties":{"article-link":"https:\/\/www.winshuttle.com\/blog\/increasing-operational-excellence-in-finance-with-better-data-processes\/","project-id":711237616},"server_received_time":"2020-08-16 18:07:08.197000","group_properties":{},"country":"United States","platform":"Web","server_upload_time":"2020-08-16 18:07:08.236000","ip_address":"73.239.8.13","device_manufacturer":null,"idfa":null}
{"device_id":"di52F25FnH_eyjWPJBtJMW","event_time":"2020-08-16 18:07:13.414000","$schema":12,"sample_rate":null,"version_name":null,"event_id":6,"amplitude_event_type":null,"amplitude_id":185286897865,"data":{},"app":277124,"event_type":"next-button-pressed","location_lng":null,"adid":null,"device_model":null,"processed_time":"2020-08-16 18:07:16.304597","region":"Washington","language":"English","client_upload_time":"2020-08-16 18:07:13.414000","device_family":null,"os_name":"Chrome","is_attribution_event":false,"groups":{},"start_version":null,"city":"Kirkland","$insert_id":"2b6e77a9-5c52-4889-a6a2-c2db7ede8398","library":"amplitude-js\/6.1.0","device_carrier":null,"user_id":"pictory@yopmail.com","device_type":null,"client_event_time":"2020-08-16 18:07:13.414000","dma":"Seattle-Tacoma, WA","location_lat":null,"user_properties":{"Username":"pictory@yopmail.com"},"os_version":"84","amplitude_attribution_ids":null,"user_creation_time":"2020-08-16 18:06:38.463000","paying":null,"device_brand":null,"uuid":"51538208-dfeb-11ea-b21a-0aad0ce8aa55","session_id":1597601057292,"event_properties":{"article-link":"https:\/\/www.winshuttle.com\/blog\/increasing-operational-excellence-in-finance-with-better-data-processes\/","project-id":711237616,"total-selected-sentences":5},"server_received_time":"2020-08-16 18:07:13.471000","group_properties":{},"country":"United States","platform":"Web","server_upload_time":"2020-08-16 18:07:13.483000","ip_address":"73.239.8.13","device_manufacturer":null,"idfa":null}
{"device_id":"di52F25FnH_eyjWPJBtJMW","event_time":"2020-08-16 18:07:20.815000","$schema":12,"sample_rate":null,"version_name":null,"event_id":7,"amplitude_event_type":null,"amplitude_id":185286897865,"data":{},"app":277124,"event_type":"track-selected","location_lng":null,"adid":null,"device_model":null,"processed_time":"2020-08-16 18:07:22.587557","region":"Washington","language":"English","client_upload_time":"2020-08-16 18:07:20.815000","device_family":null,"os_name":"Chrome","is_attribution_event":false,"groups":{},"start_version":null,"city":"Kirkland","$insert_id":"b8b17177-f99c-42ca-b507-7b19810c8b45","library":"amplitude-js\/6.1.0","device_carrier":null,"user_id":"pictory@yopmail.com","device_type":null,"client_event_time":"2020-08-16 18:07:20.815000","dma":"Seattle-Tacoma, WA","location_lat":null,"user_properties":{"Username":"pictory@yopmail.com"},"os_version":"84","amplitude_attribution_ids":null,"user_creation_time":"2020-08-16 18:06:38.463000","paying":null,"device_brand":null,"uuid":"550fb8d0-dfeb-11ea-b21a-0aad0ce8aa55","session_id":1597601057292,"event_properties":{"project-id":711237616,"track-name":"All We Know"},"server_received_time":"2020-08-16 18:07:20.862000","group_properties":{},"country":"United States","platform":"Web","server_upload_time":"2020-08-16 18:07:20.876000","ip_address":"73.239.8.13","device_manufacturer":null,"idfa":null}
{"device_id":"di52F25FnH_eyjWPJBtJMW","event_time":"2020-08-16 18:07:21.120000","$schema":12,"sample_rate":null,"version_name":null,"event_id":8,"amplitude_event_type":null,"amplitude_id":185286897865,"data":{},"app":277124,"event_type":"video-saved","location_lng":null,"adid":null,"device_model":null,"processed_time":"2020-08-16 18:07:22.590033","region":"Washington","language":"English","client_upload_time":"2020-08-16 18:07:21.120000","device_family":null,"os_name":"Chrome","is_attribution_event":false,"groups":{},"start_version":null,"city":"Kirkland","$insert_id":"aa69a06d-9a23-4b31-8927-8b126ac21132","library":"amplitude-js\/6.1.0","device_carrier":null,"user_id":"pictory@yopmail.com","device_type":null,"client_event_time":"2020-08-16 18:07:21.120000","dma":"Seattle-Tacoma, WA","location_lat":null,"user_properties":{"Username":"pictory@yopmail.com"},"os_version":"84","amplitude_attribution_ids":null,"user_creation_time":"2020-08-16 18:06:38.463000","paying":null,"device_brand":null,"uuid":"550fc69a-dfeb-11ea-b21a-0aad0ce8aa55","session_id":1597601057292,"event_properties":{"project-name":"Increasing operation","project-id":711237616,"project-category":"Increasing operation","save-type":"New Video"},"server_received_time":"2020-08-16 18:07:21.161000","group_properties":{},"country":"United States","platform":"Web","server_upload_time":"2020-08-16 18:07:21.170000","ip_address":"73.239.8.13","device_manufacturer":null,"idfa":null}
{"device_id":"di52F25FnH_eyjWPJBtJMW","event_time":"2020-08-16 18:07:24.569000","$schema":12,"sample_rate":null,"version_name":null,"event_id":9,"amplitude_event_type":null,"amplitude_id":185286897865,"data":{},"app":277124,"event_type":"video-saved","location_lng":null,"adid":null,"device_model":null,"processed_time":"2020-08-16 18:07:26.829220","region":"Washington","language":"English","client_upload_time":"2020-08-16 18:07:24.570000","device_family":null,"os_name":"Chrome","is_attribution_event":false,"groups":{},"start_version":null,"city":"Kirkland","$insert_id":"375cfa72-a021-45ac-86f3-fdf4d8325feb","library":"amplitude-js\/6.1.0","device_carrier":null,"user_id":"pictory@yopmail.com","device_type":null,"client_event_time":"2020-08-16 18:07:24.569000","dma":"Seattle-Tacoma, WA","location_lat":null,"user_properties":{"Username":"pictory@yopmail.com"},"os_version":"84","amplitude_attribution_ids":null,"user_creation_time":"2020-08-16 18:06:38.463000","paying":null,"device_brand":null,"uuid":"579a0c54-dfeb-11ea-b21a-0aad0ce8aa55","session_id":1597601057292,"event_properties":{"project-name":"Increasing operation","project-id":711237616,"project-category":"Increasing operation","save-type":"Saved Video"},"server_received_time":"2020-08-16 18:07:24.622000","group_properties":{},"country":"United States","platform":"Web","server_upload_time":"2020-08-16 18:07:24.628000","ip_address":"73.239.8.13","device_manufacturer":null,"idfa":null}
{"device_id":"di52F25FnH_eyjWPJBtJMW","event_time":"2020-08-16 18:07:35.172000","$schema":12,"sample_rate":null,"version_name":null,"event_id":10,"amplitude_event_type":null,"amplitude_id":185286897865,"data":{},"app":277124,"event_type":"voice-over-clicked","location_lng":null,"adid":null,"device_model":null,"processed_time":"2020-08-16 18:07:35.859391","region":"Washington","language":"English","client_upload_time":"2020-08-16 18:07:35.172000","device_family":null,"os_name":"Chrome","is_attribution_event":false,"groups":{},"start_version":null,"city":"Kirkland","$insert_id":"fe81df2e-79d5-496b-ac39-59dee6b029d6","library":"amplitude-js\/6.1.0","device_carrier":null,"user_id":"pictory@yopmail.com","device_type":null,"client_event_time":"2020-08-16 18:07:35.172000","dma":"Seattle-Tacoma, WA","location_lat":null,"user_properties":{"Username":"pictory@yopmail.com"},"os_version":"84","amplitude_attribution_ids":null,"user_creation_time":"2020-08-16 18:06:38.463000","paying":null,"device_brand":null,"uuid":"5cf96ef6-dfeb-11ea-b21a-0aad0ce8aa55","session_id":1597601057292,"event_properties":{"project-id":711237616},"server_received_time":"2020-08-16 18:07:35.228000","group_properties":{},"country":"United States","platform":"Web","server_upload_time":"2020-08-16 18:07:35.243000","ip_address":"73.239.8.13","device_manufacturer":null,"idfa":null}
{"device_id":"di52F25FnH_eyjWPJBtJMW","event_time":"2020-08-16 18:07:43.679000","$schema":12,"sample_rate":null,"version_name":null,"event_id":11,"amplitude_event_type":null,"amplitude_id":185286897865,"data":{},"app":277124,"event_type":"voice-selected","location_lng":null,"adid":null,"device_model":null,"processed_time":"2020-08-16 18:07:45.901025","region":"Washington","language":"English","client_upload_time":"2020-08-16 18:07:43.680000","device_family":null,"os_name":"Chrome","is_attribution_event":false,"groups":{},"start_version":null,"city":"Kirkland","$insert_id":"770e3cd5-a007-4c52-81e7-02c0eb36aebb","library":"amplitude-js\/6.1.0","device_carrier":null,"user_id":"pictory@yopmail.com","device_type":null,"client_event_time":"2020-08-16 18:07:43.679000","dma":"Seattle-Tacoma, WA","location_lat":null,"user_properties":{"Username":"pictory@yopmail.com"},"os_version":"84","amplitude_attribution_ids":null,"user_creation_time":"2020-08-16 18:06:38.463000","paying":null,"device_brand":null,"uuid":"62f358bc-dfeb-11ea-b21a-0aad0ce8aa55","session_id":1597601057292,"event_properties":{"name":"Joanna","country":"US English","project-id":711237616},"server_received_time":"2020-08-16 18:07:43.724000","group_properties":{},"country":"United States","platform":"Web","server_upload_time":"2020-08-16 18:07:43.730000","ip_address":"73.239.8.13","device_manufacturer":null,"idfa":null}
{"device_id":"di52F25FnH_eyjWPJBtJMW","event_time":"2020-08-16 18:07:44.744000","$schema":12,"sample_rate":null,"version_name":null,"event_id":12,"amplitude_event_type":null,"amplitude_id":185286897865,"data":{},"app":277124,"event_type":"video-saved","location_lng":null,"adid":null,"device_model":null,"processed_time":"2020-08-16 18:07:47.054934","region":"Washington","language":"English","client_upload_time":"2020-08-16 18:07:44.744000","device_family":null,"os_name":"Chrome","is_attribution_event":false,"groups":{},"start_version":null,"city":"Kirkland","$insert_id":"9a74b5a3-deeb-4c42-8386-d1c171bec797","library":"amplitude-js\/6.1.0","device_carrier":null,"user_id":"pictory@yopmail.com","device_type":null,"client_event_time":"2020-08-16 18:07:44.744000","dma":"Seattle-Tacoma, WA","location_lat":null,"user_properties":{"Username":"pictory@yopmail.com"},"os_version":"84","amplitude_attribution_ids":null,"user_creation_time":"2020-08-16 18:06:38.463000","paying":null,"device_brand":null,"uuid":"63a82788-dfeb-11ea-b21a-0aad0ce8aa55","session_id":1597601057292,"event_properties":{"project-name":"Increasing operation","project-id":711237616,"project-category":"Increasing operation","save-type":"Saved Video"},"server_received_time":"2020-08-16 18:07:44.801000","group_properties":{},"country":"United States","platform":"Web","server_upload_time":"2020-08-16 18:07:44.820000","ip_address":"73.239.8.13","device_manufacturer":null,"idfa":null}
{"device_id":"di52F25FnH_eyjWPJBtJMW","event_time":"2020-08-16 18:07:58.258000","$schema":12,"sample_rate":null,"version_name":null,"event_id":13,"amplitude_event_type":null,"amplitude_id":185286897865,"data":{},"app":277124,"event_type":"generate-clicked","location_lng":null,"adid":null,"device_model":null,"processed_time":"2020-08-16 18:07:59.321555","region":"Washington","language":"English","client_upload_time":"2020-08-16 18:07:58.259000","device_family":null,"os_name":"Chrome","is_attribution_event":false,"groups":{},"start_version":null,"city":"Kirkland","$insert_id":"4fb7b8a2-70fb-4dca-913d-681aa61da74f","library":"amplitude-js\/6.1.0","device_carrier":null,"user_id":"pictory@yopmail.com","device_type":null,"client_event_time":"2020-08-16 18:07:58.258000","dma":"Seattle-Tacoma, WA","location_lat":null,"user_properties":{"Username":"pictory@yopmail.com"},"os_version":"84","amplitude_attribution_ids":null,"user_creation_time":"2020-08-16 18:06:38.463000","paying":null,"device_brand":null,"uuid":"6af4dea0-dfeb-11ea-b21a-0aad0ce8aa55","session_id":1597601057292,"event_properties":{"track-name":"All We Know","total-scenes":6,"total-time-to-generate-in-seconds":43,"total-scenes-with-original-image":6,"total-video-time-in-seconds":54.795,"total-video-time-in-minutes":"0.91","project-id":711237616,"total-time-to-generate-in-minutes":"0.72","voice-track-name":"Joanna, female","total-sub-scenes":3,"total-videos":2,"total-images":4},"server_received_time":"2020-08-16 18:07:58.308000","group_properties":{},"country":"United States","platform":"Web","server_upload_time":"2020-08-16 18:07:58.342000","ip_address":"73.239.8.13","device_manufacturer":null,"idfa":null}
{"device_id":"di52F25FnH_eyjWPJBtJMW","event_time":"2020-08-16 18:17:19.912000","$schema":12,"sample_rate":null,"version_name":null,"event_id":14,"amplitude_event_type":null,"amplitude_id":185286897865,"data":{},"app":277124,"event_type":"video-generation-canceled","location_lng":null,"adid":null,"device_model":null,"processed_time":"2020-08-16 18:17:22.410991","region":"Washington","language":"English","client_upload_time":"2020-08-16 18:17:19.913000","device_family":null,"os_name":"Chrome","is_attribution_event":false,"groups":{},"start_version":null,"city":"Kirkland","$insert_id":"97f6d831-29f8-45fb-9b6f-36c2b3dcbe64","library":"amplitude-js\/6.1.0","device_carrier":null,"user_id":"pictory@yopmail.com","device_type":null,"client_event_time":"2020-08-16 18:17:19.912000","dma":"Seattle-Tacoma, WA","location_lat":null,"user_properties":{"Username":"pictory@yopmail.com"},"os_version":"84","amplitude_attribution_ids":null,"user_creation_time":"2020-08-16 18:06:38.463000","paying":null,"device_brand":null,"uuid":"ba95ff56-dfec-11ea-87c4-0aad0ce8aa55","session_id":1597601057292,"event_properties":{},"server_received_time":"2020-08-16 18:17:19.980000","group_properties":{},"country":"United States","platform":"Web","server_upload_time":"2020-08-16 18:17:19.988000","ip_address":"73.239.8.13","device_manufacturer":null,"idfa":null}
{"device_id":"di52F25FnH_eyjWPJBtJMW","event_time":"2020-08-16 18:30:37.823000","$schema":12,"sample_rate":null,"version_name":null,"event_id":15,"amplitude_event_type":null,"amplitude_id":185286897865,"data":{},"app":277124,"event_type":"generate-clicked","location_lng":null,"adid":null,"device_model":null,"processed_time":"2020-08-16 18:30:39.669247","region":"Washington","language":"English","client_upload_time":"2020-08-16 18:30:37.824000","device_family":null,"os_name":"Chrome","is_attribution_event":false,"groups":{},"start_version":null,"city":"Kirkland","$insert_id":"7225b285-c4ce-4050-badf-e44e83069cf0","library":"amplitude-js\/6.1.0","device_carrier":null,"user_id":"pictory@yopmail.com","device_type":null,"client_event_time":"2020-08-16 18:30:37.823000","dma":"Seattle-Tacoma, WA","location_lat":null,"user_properties":{"Username":"pictory@yopmail.com"},"os_version":"84","amplitude_attribution_ids":null,"user_creation_time":"2020-08-16 18:06:38.463000","paying":null,"device_brand":null,"uuid":"95cae3c4-dfee-11ea-87c4-0aad0ce8aa55","session_id":1597601057292,"event_properties":{"track-name":"All We Know","total-scenes":6,"total-time-to-generate-in-seconds":25,"total-scenes-with-original-image":6,"total-video-time-in-seconds":54.795,"total-video-time-in-minutes":"0.91","project-id":711237616,"total-time-to-generate-in-minutes":"0.42","voice-track-name":"Joanna, female","total-sub-scenes":3,"total-videos":2,"total-images":4},"server_received_time":"2020-08-16 18:30:37.856000","group_properties":{},"country":"United States","platform":"Web","server_upload_time":"2020-08-16 18:30:37.864000","ip_address":"73.239.8.13","device_manufacturer":null,"idfa":null}
{"device_id":"di52F25FnH_eyjWPJBtJMW","event_time":"2020-08-16 18:32:11.332000","$schema":12,"sample_rate":null,"version_name":null,"event_id":16,"amplitude_event_type":null,"amplitude_id":185286897865,"data":{},"app":277124,"event_type":"video-generated","location_lng":null,"adid":null,"device_model":null,"processed_time":"2020-08-16 18:32:13.104072","region":"Washington","language":"English","client_upload_time":"2020-08-16 18:32:11.334000","device_family":null,"os_name":"Chrome","is_attribution_event":false,"groups":{},"start_version":null,"city":"Kirkland","$insert_id":"5965af32-1787-496f-95e2-2fbde87b007f","library":"amplitude-js\/6.1.0","device_carrier":null,"user_id":"pictory@yopmail.com","device_type":null,"client_event_time":"2020-08-16 18:32:11.332000","dma":"Seattle-Tacoma, WA","location_lat":null,"user_properties":{"Username":"pictory@yopmail.com"},"os_version":"84","amplitude_attribution_ids":null,"user_creation_time":"2020-08-16 18:06:38.463000","paying":null,"device_brand":null,"uuid":"cd78b12a-dfee-11ea-87c4-0aad0ce8aa55","session_id":1597601057292,"event_properties":{"project-id":711237616,"time-taken-in-seconds":99,"time-taken-in-minutes":"1.65"},"server_received_time":"2020-08-16 18:32:11.361000","group_properties":{},"country":"United States","platform":"Web","server_upload_time":"2020-08-16 18:32:11.371000","ip_address":"73.239.8.13","device_manufacturer":null,"idfa":null}
{"device_id":"di52F25FnH_eyjWPJBtJMW","event_time":"2020-08-16 18:32:13.447000","$schema":12,"sample_rate":null,"version_name":null,"event_id":17,"amplitude_event_type":null,"amplitude_id":185286897865,"data":{},"app":277124,"event_type":"video-saved","location_lng":null,"adid":null,"device_model":null,"processed_time":"2020-08-16 18:32:14.506232","region":"Washington","language":"English","client_upload_time":"2020-08-16 18:32:13.448000","device_family":null,"os_name":"Chrome","is_attribution_event":false,"groups":{},"start_version":null,"city":"Kirkland","$insert_id":"b321326d-edc2-45c2-8435-c01c248be24f","library":"amplitude-js\/6.1.0","device_carrier":null,"user_id":"pictory@yopmail.com","device_type":null,"client_event_time":"2020-08-16 18:32:13.447000","dma":"Seattle-Tacoma, WA","location_lat":null,"user_properties":{"Username":"pictory@yopmail.com"},"os_version":"84","amplitude_attribution_ids":null,"user_creation_time":"2020-08-16 18:06:38.463000","paying":null,"device_brand":null,"uuid":"ce534c4a-dfee-11ea-87c4-0aad0ce8aa55","session_id":1597601057292,"event_properties":{"project-name":"Increasing operation","project-id":711237616,"project-category":"Increasing operation","save-type":"Saved Video"},"server_received_time":"2020-08-16 18:32:13.477000","group_properties":{},"country":"United States","platform":"Web","server_upload_time":"2020-08-16 18:32:13.484000","ip_address":"73.239.8.13","device_manufacturer":null,"idfa":null}
{"device_id":"di52F25FnH_eyjWPJBtJMW","event_time":"2020-08-16 18:32:19.674000","$schema":12,"sample_rate":null,"version_name":null,"event_id":18,"amplitude_event_type":null,"amplitude_id":185286897865,"data":{},"app":277124,"event_type":"video-downloaded","location_lng":null,"adid":null,"device_model":null,"processed_time":"2020-08-16 18:32:21.286857","region":"Washington","language":"English","client_upload_time":"2020-08-16 18:32:19.675000","device_family":null,"os_name":"Chrome","is_attribution_event":false,"groups":{},"start_version":null,"city":"Kirkland","$insert_id":"917f329d-c4c8-4ff6-87c3-e6603ba2497d","library":"amplitude-js\/6.1.0","device_carrier":null,"user_id":"pictory@yopmail.com","device_type":null,"client_event_time":"2020-08-16 18:32:19.674000","dma":"Seattle-Tacoma, WA","location_lat":null,"user_properties":{"Username":"pictory@yopmail.com"},"os_version":"84","amplitude_attribution_ids":null,"user_creation_time":"2020-08-16 18:06:38.463000","paying":null,"device_brand":null,"uuid":"d25a5ebe-dfee-11ea-87c4-0aad0ce8aa55","session_id":1597601057292,"event_properties":{"article-link":"https:\/\/www.winshuttle.com\/blog\/increasing-operational-excellence-in-finance-with-better-data-processes\/","project-id":711237616,"video-name":"Increasing operational excellence in Finance with better data processes.mp4","video-link":"https:\/\/video.pictory.ai\/dqn"},"server_received_time":"2020-08-16 18:32:19.719000","group_properties":{},"country":"United States","platform":"Web","server_upload_time":"2020-08-16 18:32:19.726000","ip_address":"73.239.8.13","device_manufacturer":null,"idfa":null}
{"device_id":"di52F25FnH_eyjWPJBtJMW","event_time":"2020-08-16 18:35:04.606000","$schema":12,"sample_rate":null,"version_name":null,"event_id":19,"amplitude_event_type":null,"amplitude_id":185286897865,"data":{},"app":277124,"event_type":"video-saved","location_lng":null,"adid":null,"device_model":null,"processed_time":"2020-08-16 18:35:05.966732","region":"Washington","language":"English","client_upload_time":"2020-08-16 18:35:04.607000","device_family":null,"os_name":"Chrome","is_attribution_event":false,"groups":{},"start_version":null,"city":"Kirkland","$insert_id":"3516ddd4-a88a-459e-9b70-526f7ea7e1a5","library":"amplitude-js\/6.1.0","device_carrier":null,"user_id":"pictory@yopmail.com","device_type":null,"client_event_time":"2020-08-16 18:35:04.606000","dma":"Seattle-Tacoma, WA","location_lat":null,"user_properties":{"Username":"pictory@yopmail.com"},"os_version":"84","amplitude_attribution_ids":null,"user_creation_time":"2020-08-16 18:06:38.463000","paying":null,"device_brand":null,"uuid":"3483c5bc-dfef-11ea-87c4-0aad0ce8aa55","session_id":1597601057292,"event_properties":{"project-name":"Increasing operation","project-id":711237616,"project-category":"Increasing operation","save-type":"Saved Video"},"server_received_time":"2020-08-16 18:35:04.647000","group_properties":{},"country":"United States","platform":"Web","server_upload_time":"2020-08-16 18:35:04.678000","ip_address":"73.239.8.13","device_manufacturer":null,"idfa":null}
{"device_id":"di52F25FnH_eyjWPJBtJMW","event_time":"2020-08-16 18:35:22.491000","$schema":12,"sample_rate":null,"version_name":null,"event_id":20,"amplitude_event_type":null,"amplitude_id":185286897865,"data":{},"app":277124,"event_type":"generate-clicked","location_lng":null,"adid":null,"device_model":null,"processed_time":"2020-08-16 18:35:24.166025","region":"Washington","language":"English","client_upload_time":"2020-08-16 18:35:22.492000","device_family":null,"os_name":"Chrome","is_attribution_event":false,"groups":{},"start_version":null,"city":"Kirkland","$insert_id":"3b8e184d-e8b9-4559-bea6-b2666e562556","library":"amplitude-js\/6.1.0","device_carrier":null,"user_id":"pictory@yopmail.com","device_type":null,"client_event_time":"2020-08-16 18:35:22.491000","dma":"Seattle-Tacoma, WA","location_lat":null,"user_properties":{"Username":"pictory@yopmail.com"},"os_version":"84","amplitude_attribution_ids":null,"user_creation_time":"2020-08-16 18:06:38.463000","paying":null,"device_brand":null,"uuid":"3f5f0500-dfef-11ea-87c4-0aad0ce8aa55","session_id":1597601057292,"event_properties":{"track-name":"All We Know","total-scenes":6,"total-time-to-generate-in-seconds":29,"total-scenes-with-original-image":6,"total-video-time-in-seconds":54.795,"total-video-time-in-minutes":"0.91","project-id":711237616,"total-time-to-generate-in-minutes":"0.48","voice-track-name":"Joanna, female","total-sub-scenes":3,"total-videos":0,"total-images":6},"server_received_time":"2020-08-16 18:35:22.530000","group_properties":{},"country":"United States","platform":"Web","server_upload_time":"2020-08-16 18:35:22.535000","ip_address":"73.239.8.13","device_manufacturer":null,"idfa":null}
{"device_id":"di52F25FnH_eyjWPJBtJMW","event_time":"2020-08-16 18:37:51.613000","$schema":12,"sample_rate":null,"version_name":null,"event_id":21,"amplitude_event_type":null,"amplitude_id":185286897865,"data":{},"app":277124,"event_type":"video-generated","location_lng":null,"adid":null,"device_model":null,"processed_time":"2020-08-16 18:37:52.906967","region":"Washington","language":"English","client_upload_time":"2020-08-16 18:37:51.614000","device_family":null,"os_name":"Chrome","is_attribution_event":false,"groups":{},"start_version":null,"city":"Kirkland","$insert_id":"5b9f364f-6dbd-42ab-8183-a1747082db30","library":"amplitude-js\/6.1.0","device_carrier":null,"user_id":"pictory@yopmail.com","device_type":null,"client_event_time":"2020-08-16 18:37:51.613000","dma":"Seattle-Tacoma, WA","location_lat":null,"user_properties":{"Username":"pictory@yopmail.com"},"os_version":"84","amplitude_attribution_ids":null,"user_creation_time":"2020-08-16 18:06:38.463000","paying":null,"device_brand":null,"uuid":"9805450c-dfef-11ea-87c4-0aad0ce8aa55","session_id":1597601057292,"event_properties":{"project-id":711237616,"time-taken-in-seconds":154,"time-taken-in-minutes":"2.57"},"server_received_time":"2020-08-16 18:37:51.650000","group_properties":{},"country":"United States","platform":"Web","server_upload_time":"2020-08-16 18:37:51.659000","ip_address":"73.239.8.13","device_manufacturer":null,"idfa":null}
{"device_id":"di52F25FnH_eyjWPJBtJMW","event_time":"2020-08-16 18:37:52.688000","$schema":12,"sample_rate":null,"version_name":null,"event_id":22,"amplitude_event_type":null,"amplitude_id":185286897865,"data":{},"app":277124,"event_type":"video-saved","location_lng":null,"adid":null,"device_model":null,"processed_time":"2020-08-16 18:37:54.604741","region":"Washington","language":"English","client_upload_time":"2020-08-16 18:37:52.689000","device_family":null,"os_name":"Chrome","is_attribution_event":false,"groups":{},"start_version":null,"city":"Kirkland","$insert_id":"112e5638-a133-4cdf-a239-7adb79d76a9c","library":"amplitude-js\/6.1.0","device_carrier":null,"user_id":"pictory@yopmail.com","device_type":null,"client_event_time":"2020-08-16 18:37:52.688000","dma":"Seattle-Tacoma, WA","location_lat":null,"user_properties":{"Username":"pictory@yopmail.com"},"os_version":"84","amplitude_attribution_ids":null,"user_creation_time":"2020-08-16 18:06:38.463000","paying":null,"device_brand":null,"uuid":"99095dee-dfef-11ea-87c4-0aad0ce8aa55","session_id":1597601057292,"event_properties":{"project-name":"Increasing operation","project-id":711237616,"project-category":"Increasing operation","save-type":"Saved Video"},"server_received_time":"2020-08-16 18:37:52.725000","group_properties":{},"country":"United States","platform":"Web","server_upload_time":"2020-08-16 18:37:52.750000","ip_address":"73.239.8.13","device_manufacturer":null,"idfa":null}
{"device_id":"di52F25FnH_eyjWPJBtJMW","event_time":"2020-08-16 18:37:57.521000","$schema":12,"sample_rate":null,"version_name":null,"event_id":23,"amplitude_event_type":null,"amplitude_id":185286897865,"data":{},"app":277124,"event_type":"video-downloaded","location_lng":null,"adid":null,"device_model":null,"processed_time":"2020-08-16 18:37:59.879275","region":"Washington","language":"English","client_upload_time":"2020-08-16 18:37:57.521000","device_family":null,"os_name":"Chrome","is_attribution_event":false,"groups":{},"start_version":null,"city":"Kirkland","$insert_id":"3930ba8a-f975-42c0-a482-8165dea5c2ef","library":"amplitude-js\/6.1.0","device_carrier":null,"user_id":"pictory@yopmail.com","device_type":null,"client_event_time":"2020-08-16 18:37:57.521000","dma":"Seattle-Tacoma, WA","location_lat":null,"user_properties":{"Username":"pictory@yopmail.com"},"os_version":"84","amplitude_attribution_ids":null,"user_creation_time":"2020-08-16 18:06:38.463000","paying":null,"device_brand":null,"uuid":"9c2f5c9e-dfef-11ea-87c4-0aad0ce8aa55","session_id":1597601057292,"event_properties":{"article-link":"https:\/\/www.winshuttle.com\/blog\/increasing-operational-excellence-in-finance-with-better-data-processes\/","project-id":711237616,"video-name":"Increasing operational excellence in Finance with better data processes.mp4","video-link":"https:\/\/video.pictory.ai\/fd2"},"server_received_time":"2020-08-16 18:37:57.572000","group_properties":{},"country":"United States","platform":"Web","server_upload_time":"2020-08-16 18:37:57.584000","ip_address":"73.239.8.13","device_manufacturer":null,"idfa":null}
