{"amplitude_event_type":null,"location_lng":null,"device_brand":null,"platform":"Web","start_version":null,"$schema":12,"paying":null,"amplitude_attribution_ids":null,"device_manufacturer":null,"event_properties":{"project-category":"How AI Helps In Precision Agriculture Connected Farm Experience  Better Crop Yield","project-name":"How AI Helps In Precision Agriculture Connected Farm Experience  Better Crop Yield"},"device_carrier":null,"version_name":null,"app":277124,"dma":null,"country":"India","adid":null,"language":"English","groups":{},"event_time":"2020-08-14 04:50:28.808000","$insert_id":"79084530-db6e-449f-a670-b96010fab99f","region":"Telangana","event_type":"saved-video-opened","device_id":"FvjOK9CEKCuX17h8Sev8MC","amplitude_id":182009921658,"location_lat":null,"os_version":"84","data":{},"user_creation_time":"2020-08-02 07:07:16.958000","library":"amplitude-js\/6.1.0","idfa":null,"sample_rate":null,"uuid":"ae244994-dde9-11ea-bfeb-065e6989b11d","client_upload_time":"2020-08-14 04:50:28.810000","city":"Hyderabad","server_received_time":"2020-08-14 04:50:29.199000","processed_time":"2020-08-14 04:50:30.735853","user_id":"praveencapri@gmail.com","event_id":1,"os_name":"Chrome","device_model":null,"ip_address":"116.74.243.77","client_event_time":"2020-08-14 04:50:28.808000","device_family":null,"is_attribution_event":false,"group_properties":{},"server_upload_time":"2020-08-14 04:50:29.205000","session_id":1597380598985,"device_type":null,"user_properties":{"Username":"praveencapri@gmail.com"}}
{"amplitude_event_type":null,"location_lng":null,"device_brand":null,"platform":"Web","start_version":null,"$schema":12,"paying":null,"amplitude_attribution_ids":null,"device_manufacturer":null,"event_properties":{},"device_carrier":null,"version_name":null,"app":277124,"dma":null,"country":"India","adid":null,"language":"English","groups":{},"event_time":"2020-08-14 04:50:47.050000","$insert_id":"8cae3226-db40-4a95-8edb-132abb92c09a","region":"Telangana","event_type":"preview-clicked","device_id":"FvjOK9CEKCuX17h8Sev8MC","amplitude_id":182009921658,"location_lat":null,"os_version":"84","data":{},"user_creation_time":"2020-08-02 07:07:16.958000","library":"amplitude-js\/6.1.0","idfa":null,"sample_rate":null,"uuid":"b8aef88c-dde9-11ea-bfeb-065e6989b11d","client_upload_time":"2020-08-14 04:50:47.051000","city":"Hyderabad","server_received_time":"2020-08-14 04:50:47.558000","processed_time":"2020-08-14 04:50:48.387483","user_id":"praveencapri@gmail.com","event_id":2,"os_name":"Chrome","device_model":null,"ip_address":"116.74.243.77","client_event_time":"2020-08-14 04:50:47.050000","device_family":null,"is_attribution_event":false,"group_properties":{},"server_upload_time":"2020-08-14 04:50:47.564000","session_id":1597380598985,"device_type":null,"user_properties":{"Username":"praveencapri@gmail.com"}}
{"amplitude_event_type":null,"location_lng":null,"device_brand":null,"platform":"Web","start_version":null,"$schema":12,"paying":null,"amplitude_attribution_ids":null,"device_manufacturer":null,"event_properties":{"article-link":"https:\/\/www.innominds.com\/blog\/how-ai-helps-in-precision-agriculture-connected-farm-experience-better-crop-yield","project-id":664893570},"device_carrier":null,"version_name":null,"app":277124,"dma":null,"country":"India","adid":null,"language":"English","groups":{},"event_time":"2020-08-14 04:50:57.273000","$insert_id":"c65f5597-6b4e-4ed8-a1af-8e44e85bec72","region":"Telangana","event_type":"preview-clicked","device_id":"FvjOK9CEKCuX17h8Sev8MC","amplitude_id":182009921658,"location_lat":null,"os_version":"84","data":{},"user_creation_time":"2020-08-02 07:07:16.958000","library":"amplitude-js\/6.1.0","idfa":null,"sample_rate":null,"uuid":"bf82e02e-dde9-11ea-bfeb-065e6989b11d","client_upload_time":"2020-08-14 04:50:57.275000","city":"Hyderabad","server_received_time":"2020-08-14 04:50:57.730000","processed_time":"2020-08-14 04:50:59.845981","user_id":"praveencapri@gmail.com","event_id":3,"os_name":"Chrome","device_model":null,"ip_address":"116.74.243.77","client_event_time":"2020-08-14 04:50:57.273000","device_family":null,"is_attribution_event":false,"group_properties":{},"server_upload_time":"2020-08-14 04:50:57.740000","session_id":1597380598985,"device_type":null,"user_properties":{"Username":"praveencapri@gmail.com"}}
{"amplitude_id":182009921658,"is_attribution_event":false,"os_version":"84","event_properties":{"service-name":"Downloadd-Video-Resources"},"user_id":"praveencapri@gmail.com","language":"English","amplitude_event_type":null,"server_received_time":"2020-08-14 04:54:03.635000","location_lat":null,"session_id":1597380598985,"device_family":null,"device_type":null,"client_upload_time":"2020-08-14 04:54:01.824000","event_type":"resource-download-failed","city":"Hyderabad","$schema":12,"event_id":4,"device_id":"FvjOK9CEKCuX17h8Sev8MC","platform":"Web","country":"India","paying":null,"device_carrier":null,"client_event_time":"2020-08-14 04:54:01.821000","user_creation_time":"2020-08-02 07:07:16.958000","user_properties":{"Username":"praveencapri@gmail.com"},"amplitude_attribution_ids":null,"library":"amplitude-js\/6.1.0","idfa":null,"device_model":null,"device_brand":null,"region":"Telangana","ip_address":"116.74.243.77","device_manufacturer":null,"sample_rate":null,"app":277124,"group_properties":{},"processed_time":"2020-08-14 04:54:04.427260","version_name":null,"uuid":"2d830680-ddea-11ea-9f1a-02b42a7a715c","dma":null,"event_time":"2020-08-14 04:54:01.821000","os_name":"Chrome","$insert_id":"cd276992-35fc-4692-bbf9-3a366188d7f3","start_version":null,"server_upload_time":"2020-08-14 04:54:03.642000","groups":{},"adid":null,"location_lng":null,"data":{}}
{"amplitude_id":182009921658,"is_attribution_event":false,"os_version":"84","event_properties":{"project-id":664893570,"total-time":"2:40","paused-time":"0:48"},"user_id":"praveencapri@gmail.com","language":"English","amplitude_event_type":null,"server_received_time":"2020-08-14 04:55:19.015000","location_lat":null,"session_id":1597380598985,"device_family":null,"device_type":null,"client_upload_time":"2020-08-14 04:55:18.445000","event_type":"preview-paused","city":"Hyderabad","$schema":12,"event_id":5,"device_id":"FvjOK9CEKCuX17h8Sev8MC","platform":"Web","country":"India","paying":null,"device_carrier":null,"client_event_time":"2020-08-14 04:54:50.957000","user_creation_time":"2020-08-02 07:07:16.958000","user_properties":{"Username":"praveencapri@gmail.com"},"amplitude_attribution_ids":null,"library":"amplitude-js\/6.1.0","idfa":null,"device_model":null,"device_brand":null,"region":"Telangana","ip_address":"116.74.243.77","device_manufacturer":null,"sample_rate":null,"app":277124,"group_properties":{},"processed_time":"2020-08-14 04:55:19.923788","version_name":null,"uuid":"5a7f09ea-ddea-11ea-9f1a-02b42a7a715c","dma":null,"event_time":"2020-08-14 04:54:50.957000","os_name":"Chrome","$insert_id":"43ee1370-dcc6-4f18-8324-5fd1740cc092","start_version":null,"server_upload_time":"2020-08-14 04:55:19.019000","groups":{},"adid":null,"location_lng":null,"data":{}}
{"amplitude_id":182009921658,"is_attribution_event":false,"os_version":"84","event_properties":{"project-id":664893570,"closed-time":"2:40","total-time":"2:40"},"user_id":"praveencapri@gmail.com","language":"English","amplitude_event_type":null,"server_received_time":"2020-08-14 04:56:48.192000","location_lat":null,"session_id":1597380598985,"device_family":null,"device_type":null,"client_upload_time":"2020-08-14 04:56:47.807000","event_type":"preview-closed","city":"Hyderabad","$schema":12,"event_id":6,"device_id":"FvjOK9CEKCuX17h8Sev8MC","platform":"Web","country":"India","paying":null,"device_carrier":null,"client_event_time":"2020-08-14 04:56:47.799000","user_creation_time":"2020-08-02 07:07:16.958000","user_properties":{"Username":"praveencapri@gmail.com"},"amplitude_attribution_ids":null,"library":"amplitude-js\/6.1.0","idfa":null,"device_model":null,"device_brand":null,"region":"Telangana","ip_address":"116.74.243.77","device_manufacturer":null,"sample_rate":null,"app":277124,"group_properties":{},"processed_time":"2020-08-14 04:56:49.966572","version_name":null,"uuid":"9032cdf6-ddea-11ea-9f1a-02b42a7a715c","dma":null,"event_time":"2020-08-14 04:56:47.799000","os_name":"Chrome","$insert_id":"2381e823-f4e7-4ce0-932e-d9756a567793","start_version":null,"server_upload_time":"2020-08-14 04:56:48.198000","groups":{},"adid":null,"location_lng":null,"data":{}}
{"amplitude_id":182009921658,"is_attribution_event":false,"os_version":"84","event_properties":{"project-id":664893570,"source":"Visuals"},"user_id":"praveencapri@gmail.com","language":"English","amplitude_event_type":null,"server_received_time":"2020-08-14 04:57:43.521000","location_lat":null,"session_id":1597380598985,"device_family":null,"device_type":null,"client_upload_time":"2020-08-14 04:57:43.105000","event_type":"recent-clicked","city":"Hyderabad","$schema":12,"event_id":7,"device_id":"FvjOK9CEKCuX17h8Sev8MC","platform":"Web","country":"India","paying":null,"device_carrier":null,"client_event_time":"2020-08-14 04:57:43.103000","user_creation_time":"2020-08-02 07:07:16.958000","user_properties":{"Username":"praveencapri@gmail.com"},"amplitude_attribution_ids":null,"library":"amplitude-js\/6.1.0","idfa":null,"device_model":null,"device_brand":null,"region":"Telangana","ip_address":"116.74.243.77","device_manufacturer":null,"sample_rate":null,"app":277124,"group_properties":{},"processed_time":"2020-08-14 04:57:44.558987","version_name":null,"uuid":"b0bcb6e0-ddea-11ea-9f1a-02b42a7a715c","dma":null,"event_time":"2020-08-14 04:57:43.103000","os_name":"Chrome","$insert_id":"8036c789-aad6-49da-ac69-39372c5d3de2","start_version":null,"server_upload_time":"2020-08-14 04:57:43.532000","groups":{},"adid":null,"location_lng":null,"data":{}}
{"amplitude_id":182009921658,"is_attribution_event":false,"os_version":"84","event_properties":{"project-id":664893570,"search-term":"precision agriculture","search-type":"All"},"user_id":"praveencapri@gmail.com","language":"English","amplitude_event_type":null,"server_received_time":"2020-08-14 04:58:48.299000","location_lat":null,"session_id":1597380598985,"device_family":null,"device_type":null,"client_upload_time":"2020-08-14 04:58:47.918000","event_type":"asset-searched","city":"Hyderabad","$schema":12,"event_id":8,"device_id":"FvjOK9CEKCuX17h8Sev8MC","platform":"Web","country":"India","paying":null,"device_carrier":null,"client_event_time":"2020-08-14 04:58:47.916000","user_creation_time":"2020-08-02 07:07:16.958000","user_properties":{"Username":"praveencapri@gmail.com"},"amplitude_attribution_ids":null,"library":"amplitude-js\/6.1.0","idfa":null,"device_model":null,"device_brand":null,"region":"Telangana","ip_address":"116.74.243.77","device_manufacturer":null,"sample_rate":null,"app":277124,"group_properties":{},"processed_time":"2020-08-14 04:58:49.096799","version_name":null,"uuid":"d73378d6-ddea-11ea-9f1a-02b42a7a715c","dma":null,"event_time":"2020-08-14 04:58:47.916000","os_name":"Chrome","$insert_id":"708bd6f7-888e-4b3b-a6fb-9f1ed7648bf7","start_version":null,"server_upload_time":"2020-08-14 04:58:48.308000","groups":{},"adid":null,"location_lng":null,"data":{}}
{"amplitude_id":182009921658,"is_attribution_event":false,"os_version":"84","event_properties":{"project-id":664893570,"search-term":"precision agriculture","search-type":"All"},"user_id":"praveencapri@gmail.com","language":"English","amplitude_event_type":null,"server_received_time":"2020-08-14 04:59:18.730000","location_lat":null,"session_id":1597380598985,"device_family":null,"device_type":null,"client_upload_time":"2020-08-14 04:59:18.288000","event_type":"asset-searched","city":"Hyderabad","$schema":12,"event_id":9,"device_id":"FvjOK9CEKCuX17h8Sev8MC","platform":"Web","country":"India","paying":null,"device_carrier":null,"client_event_time":"2020-08-14 04:59:18.285000","user_creation_time":"2020-08-02 07:07:16.958000","user_properties":{"Username":"praveencapri@gmail.com"},"amplitude_attribution_ids":null,"library":"amplitude-js\/6.1.0","idfa":null,"device_model":null,"device_brand":null,"region":"Telangana","ip_address":"116.74.243.77","device_manufacturer":null,"sample_rate":null,"app":277124,"group_properties":{},"processed_time":"2020-08-14 04:59:19.797162","version_name":null,"uuid":"e981e98c-ddea-11ea-9f1a-02b42a7a715c","dma":null,"event_time":"2020-08-14 04:59:18.285000","os_name":"Chrome","$insert_id":"876d534f-c044-4790-a8fd-bd4db9978400","start_version":null,"server_upload_time":"2020-08-14 04:59:18.736000","groups":{},"adid":null,"location_lng":null,"data":{}}
{"amplitude_id":182009921658,"is_attribution_event":false,"os_version":"84","event_properties":{"project-id":664893570,"search-term":"smart  agriculture","search-type":"All"},"user_id":"praveencapri@gmail.com","language":"English","amplitude_event_type":null,"server_received_time":"2020-08-14 04:59:33.314000","location_lat":null,"session_id":1597380598985,"device_family":null,"device_type":null,"client_upload_time":"2020-08-14 04:59:32.928000","event_type":"asset-searched","city":"Hyderabad","$schema":12,"event_id":10,"device_id":"FvjOK9CEKCuX17h8Sev8MC","platform":"Web","country":"India","paying":null,"device_carrier":null,"client_event_time":"2020-08-14 04:59:32.926000","user_creation_time":"2020-08-02 07:07:16.958000","user_properties":{"Username":"praveencapri@gmail.com"},"amplitude_attribution_ids":null,"library":"amplitude-js\/6.1.0","idfa":null,"device_model":null,"device_brand":null,"region":"Telangana","ip_address":"116.74.243.77","device_manufacturer":null,"sample_rate":null,"app":277124,"group_properties":{},"processed_time":"2020-08-14 04:59:34.579384","version_name":null,"uuid":"f251dd88-ddea-11ea-9f1a-02b42a7a715c","dma":null,"event_time":"2020-08-14 04:59:32.926000","os_name":"Chrome","$insert_id":"bedf4f4d-0c2a-4aba-ab31-1d3ae5eebc16","start_version":null,"server_upload_time":"2020-08-14 04:59:33.319000","groups":{},"adid":null,"location_lng":null,"data":{}}
{"amplitude_id":182009921658,"is_attribution_event":false,"os_version":"84","event_properties":{"project-id":664893570,"search-term":"smart  agriculture","search-type":"All"},"user_id":"praveencapri@gmail.com","language":"English","amplitude_event_type":null,"server_received_time":"2020-08-14 04:59:58.242000","location_lat":null,"session_id":1597380598985,"device_family":null,"device_type":null,"client_upload_time":"2020-08-14 04:59:57.845000","event_type":"asset-searched","city":"Hyderabad","$schema":12,"event_id":11,"device_id":"FvjOK9CEKCuX17h8Sev8MC","platform":"Web","country":"India","paying":null,"device_carrier":null,"client_event_time":"2020-08-14 04:59:57.840000","user_creation_time":"2020-08-02 07:07:16.958000","user_properties":{"Username":"praveencapri@gmail.com"},"amplitude_attribution_ids":null,"library":"amplitude-js\/6.1.0","idfa":null,"device_model":null,"device_brand":null,"region":"Telangana","ip_address":"116.74.243.77","device_manufacturer":null,"sample_rate":null,"app":277124,"group_properties":{},"processed_time":"2020-08-14 04:59:59.923687","version_name":null,"uuid":"016c3142-ddeb-11ea-9f1a-02b42a7a715c","dma":null,"event_time":"2020-08-14 04:59:57.840000","os_name":"Chrome","$insert_id":"d853a378-51c6-4cc1-aa03-2e81013e2cf4","start_version":null,"server_upload_time":"2020-08-14 04:59:58.248000","groups":{},"adid":null,"location_lng":null,"data":{}}
