{"device_brand":null,"user_creation_time":"2020-08-08 17:21:39.910000","user_id":null,"group_properties":{},"version_name":null,"event_time":"2020-08-08 17:21:39.910000","event_properties":{"provider":"pictory"},"event_type":"user-signup","adid":null,"amplitude_id":183516775259,"os_name":"Chrome","app":277124,"dma":"Houston, TX","is_attribution_event":false,"idfa":null,"processed_time":"2020-08-08 17:21:30.984193","ip_address":"73.32.253.1","device_carrier":null,"language":"English","client_upload_time":"2020-08-08 17:21:39.912000","region":"Texas","event_id":1,"client_event_time":"2020-08-08 17:21:39.910000","sample_rate":null,"location_lat":null,"server_received_time":"2020-08-08 17:21:30.004000","amplitude_attribution_ids":null,"country":"United States","device_family":null,"$insert_id":"2fb99004-3d88-44a5-923e-6f50f2d0c1fb","data":{"first_event":true},"amplitude_event_type":null,"location_lng":null,"os_version":"83","start_version":null,"device_manufacturer":null,"paying":null,"platform":"Web","uuid":"99a5be8c-d99b-11ea-8680-0a261bf183b5","user_properties":{},"device_type":null,"$schema":12,"device_id":"VUYm405PZub7AT3m6kZLxh","groups":{},"city":"Houston","server_upload_time":"2020-08-08 17:21:30.014000","device_model":null,"session_id":1596907220103,"library":"amplitude-js\/6.1.0"}
