{"idfa":null,"is_attribution_event":false,"$insert_id":"a1296917-3723-4601-84d1-eb5bb71f0173","dma":"Seattle-Tacoma, WA","event_properties":{"project-category":"Business Needs Do No","save-type":"Saved Video","project-name":"Business Needs Do No","project-id":645038471},"location_lng":null,"uuid":"c1cff22e-d4fa-11ea-b7f9-0a6e01f51c4f","client_event_time":"2020-08-02 20:00:02.477000","amplitude_attribution_ids":null,"adid":null,"region":"Washington","os_name":"Chrome","ip_address":"73.239.8.13","device_manufacturer":null,"group_properties":{},"library":"amplitude-js\/6.1.0","language":"English","data":{},"session_id":1596398376036,"groups":{},"device_family":null,"paying":null,"location_lat":null,"start_version":null,"event_time":"2020-08-02 20:00:02.477000","amplitude_id":180678778909,"amplitude_event_type":null,"version_name":null,"client_upload_time":"2020-08-02 20:00:02.477000","server_upload_time":"2020-08-02 20:00:02.530000","processed_time":"2020-08-02 20:00:04.682584","device_brand":null,"sample_rate":null,"device_carrier":null,"country":"United States","event_type":"video-saved","city":"Seattle","platform":"Web","user_creation_time":"2020-07-27 19:18:41.418000","device_model":null,"user_properties":{"Username":"pictory80@yopmail.com"},"server_received_time":"2020-08-02 20:00:02.522000","$schema":12,"device_id":"GicABer-1qEjzL4p0t-8Jj","os_version":"84","device_type":null,"app":277124,"user_id":"pictory80@yopmail.com","event_id":808}
{"idfa":null,"is_attribution_event":false,"$insert_id":"f5053632-b16d-48eb-b06e-c121f5b3602e","dma":"Seattle-Tacoma, WA","event_properties":{"voice-track-name":"Kendra, female","total-scenes":6,"total-videos":1,"total-video-time-in-seconds":71.671,"total-images":5,"track-name":"All We Know","project-id":645038471,"total-video-time-in-minutes":"1.19","total-time-to-generate-in-seconds":43,"total-sub-scenes":5,"total-scenes-with-original-image":6,"total-time-to-generate-in-minutes":"0.72"},"location_lng":null,"uuid":"cf9d1256-d4fa-11ea-b7f9-0a6e01f51c4f","client_event_time":"2020-08-02 20:00:26.450000","amplitude_attribution_ids":null,"adid":null,"region":"Washington","os_name":"Chrome","ip_address":"73.239.8.13","device_manufacturer":null,"group_properties":{},"library":"amplitude-js\/6.1.0","language":"English","data":{},"session_id":1596398376036,"groups":{},"device_family":null,"paying":null,"location_lat":null,"start_version":null,"event_time":"2020-08-02 20:00:26.450000","amplitude_id":180678778909,"amplitude_event_type":null,"version_name":null,"client_upload_time":"2020-08-02 20:00:26.451000","server_upload_time":"2020-08-02 20:00:26.508000","processed_time":"2020-08-02 20:00:27.836021","device_brand":null,"sample_rate":null,"device_carrier":null,"country":"United States","event_type":"generate-clicked","city":"Seattle","platform":"Web","user_creation_time":"2020-07-27 19:18:41.418000","device_model":null,"user_properties":{"Username":"pictory80@yopmail.com"},"server_received_time":"2020-08-02 20:00:26.497000","$schema":12,"device_id":"GicABer-1qEjzL4p0t-8Jj","os_version":"84","device_type":null,"app":277124,"user_id":"pictory80@yopmail.com","event_id":809}
{"idfa":null,"is_attribution_event":false,"$insert_id":"ee06552c-7fee-47ca-82a8-842ad5e4ddf2","dma":"Seattle-Tacoma, WA","event_properties":{"time-taken-in-minutes":"2.10","time-taken-in-seconds":126,"project-id":645038471},"location_lng":null,"uuid":"16ebca6c-d4fb-11ea-b7f9-0a6e01f51c4f","client_event_time":"2020-08-02 20:02:25.324000","amplitude_attribution_ids":null,"adid":null,"region":"Washington","os_name":"Chrome","ip_address":"73.239.8.13","device_manufacturer":null,"group_properties":{},"library":"amplitude-js\/6.1.0","language":"English","data":{},"session_id":1596398376036,"groups":{},"device_family":null,"paying":null,"location_lat":null,"start_version":null,"event_time":"2020-08-02 20:02:25.324000","amplitude_id":180678778909,"amplitude_event_type":null,"version_name":null,"client_upload_time":"2020-08-02 20:02:25.325000","server_upload_time":"2020-08-02 20:02:25.384000","processed_time":"2020-08-02 20:02:27.482344","device_brand":null,"sample_rate":null,"device_carrier":null,"country":"United States","event_type":"video-generated","city":"Seattle","platform":"Web","user_creation_time":"2020-07-27 19:18:41.418000","device_model":null,"user_properties":{"Username":"pictory80@yopmail.com"},"server_received_time":"2020-08-02 20:02:25.373000","$schema":12,"device_id":"GicABer-1qEjzL4p0t-8Jj","os_version":"84","device_type":null,"app":277124,"user_id":"pictory80@yopmail.com","event_id":810}
{"idfa":null,"is_attribution_event":false,"$insert_id":"ebe4d4e4-02c0-4d47-b42a-485bf056971e","dma":"Seattle-Tacoma, WA","event_properties":{"project-category":"Business Needs Do No","save-type":"Saved Video","project-name":"Business Needs Do No","project-id":645038471},"location_lng":null,"uuid":"16ebd890-d4fb-11ea-b7f9-0a6e01f51c4f","client_event_time":"2020-08-02 20:02:26.505000","amplitude_attribution_ids":null,"adid":null,"region":"Washington","os_name":"Chrome","ip_address":"73.239.8.13","device_manufacturer":null,"group_properties":{},"library":"amplitude-js\/6.1.0","language":"English","data":{},"session_id":1596398376036,"groups":{},"device_family":null,"paying":null,"location_lat":null,"start_version":null,"event_time":"2020-08-02 20:02:26.505000","amplitude_id":180678778909,"amplitude_event_type":null,"version_name":null,"client_upload_time":"2020-08-02 20:02:26.506000","server_upload_time":"2020-08-02 20:02:26.570000","processed_time":"2020-08-02 20:02:27.489998","device_brand":null,"sample_rate":null,"device_carrier":null,"country":"United States","event_type":"video-saved","city":"Seattle","platform":"Web","user_creation_time":"2020-07-27 19:18:41.418000","device_model":null,"user_properties":{"Username":"pictory80@yopmail.com"},"server_received_time":"2020-08-02 20:02:26.556000","$schema":12,"device_id":"GicABer-1qEjzL4p0t-8Jj","os_version":"84","device_type":null,"app":277124,"user_id":"pictory80@yopmail.com","event_id":811}
{"idfa":null,"is_attribution_event":false,"$insert_id":"28d22ad9-5e96-44fc-a2fc-a51b6e7307cc","dma":"Seattle-Tacoma, WA","event_properties":{"project-category":"Increasing operational excellence in Finance with better data processes","project-name":"Increasing operational excellence in Finance with better data processes"},"location_lng":null,"uuid":"2613f756-d4fd-11ea-b7f9-0a6e01f51c4f","client_event_time":"2020-08-02 20:17:10.495000","amplitude_attribution_ids":null,"adid":null,"region":"Washington","os_name":"Chrome","ip_address":"73.239.8.13","device_manufacturer":null,"group_properties":{},"library":"amplitude-js\/6.1.0","language":"English","data":{},"session_id":1596398376036,"groups":{},"device_family":null,"paying":null,"location_lat":null,"start_version":null,"event_time":"2020-08-02 20:17:10.495000","amplitude_id":180678778909,"amplitude_event_type":null,"version_name":null,"client_upload_time":"2020-08-02 20:17:10.495000","server_upload_time":"2020-08-02 20:17:10.535000","processed_time":"2020-08-02 20:17:11.899932","device_brand":null,"sample_rate":null,"device_carrier":null,"country":"United States","event_type":"saved-video-opened","city":"Seattle","platform":"Web","user_creation_time":"2020-07-27 19:18:41.418000","device_model":null,"user_properties":{"Username":"pictory80@yopmail.com"},"server_received_time":"2020-08-02 20:17:10.523000","$schema":12,"device_id":"GicABer-1qEjzL4p0t-8Jj","os_version":"84","device_type":null,"app":277124,"user_id":"pictory80@yopmail.com","event_id":812}
{"idfa":null,"is_attribution_event":false,"$insert_id":"7a91c501-1d4e-4a0f-82df-ada7adfc5900","dma":"Seattle-Tacoma, WA","event_properties":{"search-type":"All","project-id":998036122,"search-term":"storyboard"},"location_lng":null,"uuid":"365476ea-d4fd-11ea-b7f9-0a6e01f51c4f","client_event_time":"2020-08-02 20:17:37.365000","amplitude_attribution_ids":null,"adid":null,"region":"Washington","os_name":"Chrome","ip_address":"73.239.8.13","device_manufacturer":null,"group_properties":{},"library":"amplitude-js\/6.1.0","language":"English","data":{},"session_id":1596398376036,"groups":{},"device_family":null,"paying":null,"location_lat":null,"start_version":null,"event_time":"2020-08-02 20:17:37.365000","amplitude_id":180678778909,"amplitude_event_type":null,"version_name":null,"client_upload_time":"2020-08-02 20:17:37.366000","server_upload_time":"2020-08-02 20:17:37.405000","processed_time":"2020-08-02 20:17:39.158516","device_brand":null,"sample_rate":null,"device_carrier":null,"country":"United States","event_type":"asset-searched","city":"Seattle","platform":"Web","user_creation_time":"2020-07-27 19:18:41.418000","device_model":null,"user_properties":{"Username":"pictory80@yopmail.com"},"server_received_time":"2020-08-02 20:17:37.399000","$schema":12,"device_id":"GicABer-1qEjzL4p0t-8Jj","os_version":"84","device_type":null,"app":277124,"user_id":"pictory80@yopmail.com","event_id":813}
{"idfa":null,"is_attribution_event":false,"$insert_id":"38cf008c-3ae5-4766-927a-9bfd1bf642f9","dma":"Seattle-Tacoma, WA","event_properties":{"search-type":"All","project-id":998036122,"search-term":"story of seasons"},"location_lng":null,"uuid":"3c8e4a68-d4fd-11ea-b7f9-0a6e01f51c4f","client_event_time":"2020-08-02 20:17:46.284000","amplitude_attribution_ids":null,"adid":null,"region":"Washington","os_name":"Chrome","ip_address":"73.239.8.13","device_manufacturer":null,"group_properties":{},"library":"amplitude-js\/6.1.0","language":"English","data":{},"session_id":1596398376036,"groups":{},"device_family":null,"paying":null,"location_lat":null,"start_version":null,"event_time":"2020-08-02 20:17:46.284000","amplitude_id":180678778909,"amplitude_event_type":null,"version_name":null,"client_upload_time":"2020-08-02 20:17:46.284000","server_upload_time":"2020-08-02 20:17:46.316000","processed_time":"2020-08-02 20:17:49.615303","device_brand":null,"sample_rate":null,"device_carrier":null,"country":"United States","event_type":"asset-searched","city":"Seattle","platform":"Web","user_creation_time":"2020-07-27 19:18:41.418000","device_model":null,"user_properties":{"Username":"pictory80@yopmail.com"},"server_received_time":"2020-08-02 20:17:46.311000","$schema":12,"device_id":"GicABer-1qEjzL4p0t-8Jj","os_version":"84","device_type":null,"app":277124,"user_id":"pictory80@yopmail.com","event_id":814}
{"idfa":null,"is_attribution_event":false,"$insert_id":"dccc9417-469f-4315-9082-1304a01771e0","dma":"Seattle-Tacoma, WA","event_properties":{"search-type":"All","project-id":998036122,"search-term":"what to watch"},"location_lng":null,"uuid":"968728e6-d4fd-11ea-b7f9-0a6e01f51c4f","client_event_time":"2020-08-02 20:20:18.424000","amplitude_attribution_ids":null,"adid":null,"region":"Washington","os_name":"Chrome","ip_address":"73.239.8.13","device_manufacturer":null,"group_properties":{},"library":"amplitude-js\/6.1.0","language":"English","data":{},"session_id":1596398376036,"groups":{},"device_family":null,"paying":null,"location_lat":null,"start_version":null,"event_time":"2020-08-02 20:20:18.424000","amplitude_id":180678778909,"amplitude_event_type":null,"version_name":null,"client_upload_time":"2020-08-02 20:20:18.425000","server_upload_time":"2020-08-02 20:20:18.469000","processed_time":"2020-08-02 20:20:20.558413","device_brand":null,"sample_rate":null,"device_carrier":null,"country":"United States","event_type":"asset-searched","city":"Seattle","platform":"Web","user_creation_time":"2020-07-27 19:18:41.418000","device_model":null,"user_properties":{"Username":"pictory80@yopmail.com"},"server_received_time":"2020-08-02 20:20:18.461000","$schema":12,"device_id":"GicABer-1qEjzL4p0t-8Jj","os_version":"84","device_type":null,"app":277124,"user_id":"pictory80@yopmail.com","event_id":815}
{"idfa":null,"is_attribution_event":false,"$insert_id":"97f7274f-0a38-4bd2-be91-2e0dd70254ec","dma":"Seattle-Tacoma, WA","event_properties":{},"location_lng":null,"uuid":"9ddb37c2-d4fd-11ea-b7f9-0a6e01f51c4f","client_event_time":"2020-08-02 20:20:30.975000","amplitude_attribution_ids":null,"adid":null,"region":"Washington","os_name":"Chrome","ip_address":"73.239.8.13","device_manufacturer":null,"group_properties":{},"library":"amplitude-js\/6.1.0","language":"English","data":{},"session_id":1596398376036,"groups":{},"device_family":null,"paying":null,"location_lat":null,"start_version":null,"event_time":"2020-08-02 20:20:30.975000","amplitude_id":180678778909,"amplitude_event_type":null,"version_name":null,"client_upload_time":"2020-08-02 20:20:30.975000","server_upload_time":"2020-08-02 20:20:31.015000","processed_time":"2020-08-02 20:20:32.894702","device_brand":null,"sample_rate":null,"device_carrier":null,"country":"United States","event_type":"generate-clicked-after-exceeding-quota","city":"Seattle","platform":"Web","user_creation_time":"2020-07-27 19:18:41.418000","device_model":null,"user_properties":{"Username":"pictory80@yopmail.com"},"server_received_time":"2020-08-02 20:20:31.008000","$schema":12,"device_id":"GicABer-1qEjzL4p0t-8Jj","os_version":"84","device_type":null,"app":277124,"user_id":"pictory80@yopmail.com","event_id":816}
{"idfa":null,"is_attribution_event":false,"$insert_id":"7ecc2305-add9-4762-9bbf-1f81382e4dec","dma":"Seattle-Tacoma, WA","event_properties":{"login-via":"Google"},"location_lng":null,"uuid":"c05a3852-d4fd-11ea-b7f9-0a6e01f51c4f","client_event_time":"2020-08-02 20:21:28.967000","amplitude_attribution_ids":null,"adid":null,"region":"Washington","os_name":"Chrome","ip_address":"73.239.8.13","device_manufacturer":null,"group_properties":{},"library":"amplitude-js\/6.1.0","language":"English","data":{},"session_id":1596398376036,"groups":{},"device_family":null,"paying":null,"location_lat":null,"start_version":null,"event_time":"2020-08-02 20:21:28.967000","amplitude_id":180678778909,"amplitude_event_type":null,"version_name":null,"client_upload_time":"2020-08-02 20:21:28.967000","server_upload_time":"2020-08-02 20:21:29.052000","processed_time":"2020-08-02 20:21:30.747046","device_brand":null,"sample_rate":null,"device_carrier":null,"country":"United States","event_type":"user-login","city":"Seattle","platform":"Web","user_creation_time":"2020-07-27 19:18:41.418000","device_model":null,"user_properties":{"Username":"pictory80@yopmail.com"},"server_received_time":"2020-08-02 20:21:29.011000","$schema":12,"device_id":"GicABer-1qEjzL4p0t-8Jj","os_version":"84","device_type":null,"app":277124,"user_id":"pictory80@yopmail.com","event_id":817}
{"idfa":null,"is_attribution_event":false,"$insert_id":"83ff3895-0635-4197-a9d0-c1a3f37afde9","dma":"Seattle-Tacoma, WA","event_properties":{"project-category":"5 Questions you must ask to nail your Product Messaging(1)","project-name":"5 Questions you must ask to nail your Product Messaging(1)"},"location_lng":null,"uuid":"ce872642-d4fd-11ea-b7f9-0a6e01f51c4f","client_event_time":"2020-08-02 20:21:53.299000","amplitude_attribution_ids":null,"adid":null,"region":"Washington","os_name":"Chrome","ip_address":"73.239.8.13","device_manufacturer":null,"group_properties":{},"library":"amplitude-js\/6.1.0","language":"English","data":{},"session_id":1596398376036,"groups":{},"device_family":null,"paying":null,"location_lat":null,"start_version":null,"event_time":"2020-08-02 20:21:53.299000","amplitude_id":158589205788,"amplitude_event_type":null,"version_name":null,"client_upload_time":"2020-08-02 20:21:53.299000","server_upload_time":"2020-08-02 20:21:53.350000","processed_time":"2020-08-02 20:21:54.519184","device_brand":null,"sample_rate":null,"device_carrier":null,"country":"United States","event_type":"saved-video-opened","city":"Seattle","platform":"Web","user_creation_time":"2020-05-15 20:33:50.158000","device_model":null,"user_properties":{"Username":"vishal@pictory.ai"},"server_received_time":"2020-08-02 20:21:53.340000","$schema":12,"device_id":"GicABer-1qEjzL4p0t-8Jj","os_version":"84","device_type":null,"app":277124,"user_id":"vishal@pictory.ai","event_id":818}
{"idfa":null,"is_attribution_event":false,"$insert_id":"6f8d4d88-2c07-41dd-84d8-edebc87e444e","dma":"Seattle-Tacoma, WA","event_properties":{"total-video-time-in-seconds":100,"total-scenes":17,"total-images":11,"total-scenes-with-original-image":17,"project-id":504916462,"total-video-time-in-minutes":"1.67","total-time-to-generate-in-seconds":6,"total-sub-scenes":3,"total-videos":6,"track-name":"Easy Bake Blues","total-time-to-generate-in-minutes":"0.10"},"location_lng":null,"uuid":"d33e74c4-d4fd-11ea-b7f9-0a6e01f51c4f","client_event_time":"2020-08-02 20:22:00.196000","amplitude_attribution_ids":null,"adid":null,"region":"Washington","os_name":"Chrome","ip_address":"73.239.8.13","device_manufacturer":null,"group_properties":{},"library":"amplitude-js\/6.1.0","language":"English","data":{},"session_id":1596398376036,"groups":{},"device_family":null,"paying":null,"location_lat":null,"start_version":null,"event_time":"2020-08-02 20:22:00.196000","amplitude_id":158589205788,"amplitude_event_type":null,"version_name":null,"client_upload_time":"2020-08-02 20:22:00.196000","server_upload_time":"2020-08-02 20:22:00.238000","processed_time":"2020-08-02 20:22:02.419435","device_brand":null,"sample_rate":null,"device_carrier":null,"country":"United States","event_type":"generate-clicked","city":"Seattle","platform":"Web","user_creation_time":"2020-05-15 20:33:50.158000","device_model":null,"user_properties":{"Username":"vishal@pictory.ai"},"server_received_time":"2020-08-02 20:22:00.226000","$schema":12,"device_id":"GicABer-1qEjzL4p0t-8Jj","os_version":"84","device_type":null,"app":277124,"user_id":"vishal@pictory.ai","event_id":819}
{"idfa":null,"is_attribution_event":false,"$insert_id":"165dad51-e910-450e-8461-408e98db0741","dma":"Seattle-Tacoma, WA","event_properties":{"time-taken-in-minutes":"2.38","time-taken-in-seconds":143,"project-id":504916462},"location_lng":null,"uuid":"27d96e6c-d4fe-11ea-b7f9-0a6e01f51c4f","client_event_time":"2020-08-02 20:24:24.045000","amplitude_attribution_ids":null,"adid":null,"region":"Washington","os_name":"Chrome","ip_address":"73.239.8.13","device_manufacturer":null,"group_properties":{},"library":"amplitude-js\/6.1.0","language":"English","data":{},"session_id":1596398376036,"groups":{},"device_family":null,"paying":null,"location_lat":null,"start_version":null,"event_time":"2020-08-02 20:24:24.045000","amplitude_id":158589205788,"amplitude_event_type":null,"version_name":null,"client_upload_time":"2020-08-02 20:24:24.046000","server_upload_time":"2020-08-02 20:24:24.091000","processed_time":"2020-08-02 20:24:24.372856","device_brand":null,"sample_rate":null,"device_carrier":null,"country":"United States","event_type":"video-generated","city":"Seattle","platform":"Web","user_creation_time":"2020-05-15 20:33:50.158000","device_model":null,"user_properties":{"Username":"vishal@pictory.ai"},"server_received_time":"2020-08-02 20:24:24.075000","$schema":12,"device_id":"GicABer-1qEjzL4p0t-8Jj","os_version":"84","device_type":null,"app":277124,"user_id":"vishal@pictory.ai","event_id":820}
{"idfa":null,"is_attribution_event":false,"$insert_id":"61b7f3fe-6ef0-4afa-ba91-46683f531a45","dma":"Seattle-Tacoma, WA","event_properties":{"project-category":"5 Questions you must ask to nail your Product Messaging(1)","save-type":"Saved Video","project-name":"5 Questions you must ask to nail your Product Messaging(1)","project-id":504916462},"location_lng":null,"uuid":"2936ad24-d4fe-11ea-b7f9-0a6e01f51c4f","client_event_time":"2020-08-02 20:24:24.969000","amplitude_attribution_ids":null,"adid":null,"region":"Washington","os_name":"Chrome","ip_address":"73.239.8.13","device_manufacturer":null,"group_properties":{},"library":"amplitude-js\/6.1.0","language":"English","data":{},"session_id":1596398376036,"groups":{},"device_family":null,"paying":null,"location_lat":null,"start_version":null,"event_time":"2020-08-02 20:24:24.969000","amplitude_id":158589205788,"amplitude_event_type":null,"version_name":null,"client_upload_time":"2020-08-02 20:24:24.970000","server_upload_time":"2020-08-02 20:24:25.025000","processed_time":"2020-08-02 20:24:26.674200","device_brand":null,"sample_rate":null,"device_carrier":null,"country":"United States","event_type":"video-saved","city":"Seattle","platform":"Web","user_creation_time":"2020-05-15 20:33:50.158000","device_model":null,"user_properties":{"Username":"vishal@pictory.ai"},"server_received_time":"2020-08-02 20:24:25.007000","$schema":12,"device_id":"GicABer-1qEjzL4p0t-8Jj","os_version":"84","device_type":null,"app":277124,"user_id":"vishal@pictory.ai","event_id":821}
{"idfa":null,"is_attribution_event":false,"$insert_id":"4051ac17-f273-471e-b552-bb60fca1a6ff","dma":"Seattle-Tacoma, WA","event_properties":{},"location_lng":null,"uuid":"253b34fa-d4ff-11ea-b7f9-0a6e01f51c4f","client_event_time":"2020-08-02 20:31:23.700000","amplitude_attribution_ids":null,"adid":null,"region":"Washington","os_name":"Chrome","ip_address":"73.239.8.13","device_manufacturer":null,"group_properties":{},"library":"amplitude-js\/6.1.0","language":"English","data":{},"session_id":1596398376036,"groups":{},"device_family":null,"paying":null,"location_lat":null,"start_version":null,"event_time":"2020-08-02 20:31:23.700000","amplitude_id":158589205788,"amplitude_event_type":null,"version_name":null,"client_upload_time":"2020-08-02 20:31:23.701000","server_upload_time":"2020-08-02 20:31:23.744000","processed_time":"2020-08-02 20:31:29.505790","device_brand":null,"sample_rate":null,"device_carrier":null,"country":"United States","event_type":"user-details-updated","city":"Seattle","platform":"Web","user_creation_time":"2020-05-15 20:33:50.158000","device_model":null,"user_properties":{"Username":"vishal@pictory.ai"},"server_received_time":"2020-08-02 20:31:23.734000","$schema":12,"device_id":"GicABer-1qEjzL4p0t-8Jj","os_version":"84","device_type":null,"app":277124,"user_id":"vishal@pictory.ai","event_id":822}
{"idfa":null,"is_attribution_event":false,"$insert_id":"3c4fe90e-179f-4b32-b2da-4a789cf5aa12","dma":"Seattle-Tacoma, WA","event_properties":{"project-category":"Lack of visibility hurts multi-cloud success(7)","project-name":"Lack of visibility hurts multi-cloud success(7)"},"location_lng":null,"uuid":"40377af2-d4ff-11ea-b7f9-0a6e01f51c4f","client_event_time":"2020-08-02 20:32:12.877000","amplitude_attribution_ids":null,"adid":null,"region":"Washington","os_name":"Chrome","ip_address":"73.239.8.13","device_manufacturer":null,"group_properties":{},"library":"amplitude-js\/6.1.0","language":"English","data":{},"session_id":1596398376036,"groups":{},"device_family":null,"paying":null,"location_lat":null,"start_version":null,"event_time":"2020-08-02 20:32:12.877000","amplitude_id":158589205788,"amplitude_event_type":null,"version_name":null,"client_upload_time":"2020-08-02 20:32:12.877000","server_upload_time":"2020-08-02 20:32:12.915000","processed_time":"2020-08-02 20:32:14.743169","device_brand":null,"sample_rate":null,"device_carrier":null,"country":"United States","event_type":"saved-video-opened","city":"Seattle","platform":"Web","user_creation_time":"2020-05-15 20:33:50.158000","device_model":null,"user_properties":{"Username":"vishal@pictory.ai"},"server_received_time":"2020-08-02 20:32:12.909000","$schema":12,"device_id":"GicABer-1qEjzL4p0t-8Jj","os_version":"84","device_type":null,"app":277124,"user_id":"vishal@pictory.ai","event_id":823}
{"idfa":null,"is_attribution_event":false,"$insert_id":"2391c679-6502-4d0c-b4a3-94ef1f045676","dma":"Seattle-Tacoma, WA","event_properties":{"article-link":"https:\/\/www.winshuttle.com\/blog\/thriving-in-the-new-normal\/","project-id":216239930},"location_lng":null,"uuid":"7b27a1b4-d4ff-11ea-b7f9-0a6e01f51c4f","client_event_time":"2020-08-02 20:33:52.234000","amplitude_attribution_ids":null,"adid":null,"region":"Washington","os_name":"Chrome","ip_address":"73.239.8.13","device_manufacturer":null,"group_properties":{},"library":"amplitude-js\/6.1.0","language":"English","data":{},"session_id":1596398376036,"groups":{},"device_family":null,"paying":null,"location_lat":null,"start_version":null,"event_time":"2020-08-02 20:33:52.234000","amplitude_id":158589205788,"amplitude_event_type":null,"version_name":null,"client_upload_time":"2020-08-02 20:33:52.235000","server_upload_time":"2020-08-02 20:33:52.282000","processed_time":"2020-08-02 20:33:53.630976","device_brand":null,"sample_rate":null,"device_carrier":null,"country":"United States","event_type":"start-with-article","city":"Seattle","platform":"Web","user_creation_time":"2020-05-15 20:33:50.158000","device_model":null,"user_properties":{"Username":"vishal@pictory.ai"},"server_received_time":"2020-08-02 20:33:52.268000","$schema":12,"device_id":"GicABer-1qEjzL4p0t-8Jj","os_version":"84","device_type":null,"app":277124,"user_id":"vishal@pictory.ai","event_id":824}
{"idfa":null,"is_attribution_event":false,"$insert_id":"30de237a-9063-4545-89bb-36f4aaa0b874","dma":"Seattle-Tacoma, WA","event_properties":{"article-link":"https:\/\/www.winshuttle.com\/blog\/thriving-in-the-new-normal\/","total-selected-sentences":5,"project-id":216239930},"location_lng":null,"uuid":"8170fcc8-d4ff-11ea-b7f9-0a6e01f51c4f","client_event_time":"2020-08-02 20:34:01.502000","amplitude_attribution_ids":null,"adid":null,"region":"Washington","os_name":"Chrome","ip_address":"73.239.8.13","device_manufacturer":null,"group_properties":{},"library":"amplitude-js\/6.1.0","language":"English","data":{},"session_id":1596398376036,"groups":{},"device_family":null,"paying":null,"location_lat":null,"start_version":null,"event_time":"2020-08-02 20:34:01.502000","amplitude_id":158589205788,"amplitude_event_type":null,"version_name":null,"client_upload_time":"2020-08-02 20:34:01.503000","server_upload_time":"2020-08-02 20:34:01.604000","processed_time":"2020-08-02 20:34:04.172217","device_brand":null,"sample_rate":null,"device_carrier":null,"country":"United States","event_type":"next-button-pressed","city":"Seattle","platform":"Web","user_creation_time":"2020-05-15 20:33:50.158000","device_model":null,"user_properties":{"Username":"vishal@pictory.ai"},"server_received_time":"2020-08-02 20:34:01.569000","$schema":12,"device_id":"GicABer-1qEjzL4p0t-8Jj","os_version":"84","device_type":null,"app":277124,"user_id":"vishal@pictory.ai","event_id":825}
{"idfa":null,"is_attribution_event":false,"$insert_id":"9553058d-5db0-4c9c-8255-136ab5da9736","dma":"Seattle-Tacoma, WA","event_properties":{"track-name":"All We Know","project-id":216239930},"location_lng":null,"uuid":"84fd01a2-d4ff-11ea-b7f9-0a6e01f51c4f","client_event_time":"2020-08-02 20:34:07.559000","amplitude_attribution_ids":null,"adid":null,"region":"Washington","os_name":"Chrome","ip_address":"73.239.8.13","device_manufacturer":null,"group_properties":{},"library":"amplitude-js\/6.1.0","language":"English","data":{},"session_id":1596398376036,"groups":{},"device_family":null,"paying":null,"location_lat":null,"start_version":null,"event_time":"2020-08-02 20:34:07.559000","amplitude_id":158589205788,"amplitude_event_type":null,"version_name":null,"client_upload_time":"2020-08-02 20:34:07.560000","server_upload_time":"2020-08-02 20:34:07.599000","processed_time":"2020-08-02 20:34:10.124770","device_brand":null,"sample_rate":null,"device_carrier":null,"country":"United States","event_type":"track-deselected","city":"Seattle","platform":"Web","user_creation_time":"2020-05-15 20:33:50.158000","device_model":null,"user_properties":{"Username":"vishal@pictory.ai"},"server_received_time":"2020-08-02 20:34:07.591000","$schema":12,"device_id":"GicABer-1qEjzL4p0t-8Jj","os_version":"84","device_type":null,"app":277124,"user_id":"vishal@pictory.ai","event_id":826}
{"idfa":null,"is_attribution_event":false,"$insert_id":"6a36f1e3-003d-4510-81d7-fe56784b85c3","dma":"Seattle-Tacoma, WA","event_properties":{"track-name":"All We Know","project-id":216239930},"location_lng":null,"uuid":"84fd09e0-d4ff-11ea-b7f9-0a6e01f51c4f","client_event_time":"2020-08-02 20:34:08.968000","amplitude_attribution_ids":null,"adid":null,"region":"Washington","os_name":"Chrome","ip_address":"73.239.8.13","device_manufacturer":null,"group_properties":{},"library":"amplitude-js\/6.1.0","language":"English","data":{},"session_id":1596398376036,"groups":{},"device_family":null,"paying":null,"location_lat":null,"start_version":null,"event_time":"2020-08-02 20:34:08.968000","amplitude_id":158589205788,"amplitude_event_type":null,"version_name":null,"client_upload_time":"2020-08-02 20:34:08.969000","server_upload_time":"2020-08-02 20:34:09.019000","processed_time":"2020-08-02 20:34:10.127442","device_brand":null,"sample_rate":null,"device_carrier":null,"country":"United States","event_type":"track-selected","city":"Seattle","platform":"Web","user_creation_time":"2020-05-15 20:33:50.158000","device_model":null,"user_properties":{"Username":"vishal@pictory.ai"},"server_received_time":"2020-08-02 20:34:09.014000","$schema":12,"device_id":"GicABer-1qEjzL4p0t-8Jj","os_version":"84","device_type":null,"app":277124,"user_id":"vishal@pictory.ai","event_id":827}
{"idfa":null,"is_attribution_event":false,"$insert_id":"24bccce3-570e-46e3-852b-8dd5fca1ffa4","dma":"Seattle-Tacoma, WA","event_properties":{"project-category":"Thriving in the new","save-type":"New Video","project-name":"Thriving in the new","project-id":216239930},"location_lng":null,"uuid":"86151750-d4ff-11ea-b7f9-0a6e01f51c4f","client_event_time":"2020-08-02 20:34:09.566000","amplitude_attribution_ids":null,"adid":null,"region":"Washington","os_name":"Chrome","ip_address":"73.239.8.13","device_manufacturer":null,"group_properties":{},"library":"amplitude-js\/6.1.0","language":"English","data":{},"session_id":1596398376036,"groups":{},"device_family":null,"paying":null,"location_lat":null,"start_version":null,"event_time":"2020-08-02 20:34:09.566000","amplitude_id":158589205788,"amplitude_event_type":null,"version_name":null,"client_upload_time":"2020-08-02 20:34:09.567000","server_upload_time":"2020-08-02 20:34:09.610000","processed_time":"2020-08-02 20:34:11.955237","device_brand":null,"sample_rate":null,"device_carrier":null,"country":"United States","event_type":"video-saved","city":"Seattle","platform":"Web","user_creation_time":"2020-05-15 20:33:50.158000","device_model":null,"user_properties":{"Username":"vishal@pictory.ai"},"server_received_time":"2020-08-02 20:34:09.598000","$schema":12,"device_id":"GicABer-1qEjzL4p0t-8Jj","os_version":"84","device_type":null,"app":277124,"user_id":"vishal@pictory.ai","event_id":828}
{"idfa":null,"is_attribution_event":false,"$insert_id":"fb0c6397-8249-486a-910b-81c68af058c4","dma":"Seattle-Tacoma, WA","event_properties":{"project-category":"Thriving in the new","save-type":"Saved Video","project-name":"Thriving in the new","project-id":216239930},"location_lng":null,"uuid":"8a8fa5a2-d4ff-11ea-b7f9-0a6e01f51c4f","client_event_time":"2020-08-02 20:34:18.249000","amplitude_attribution_ids":null,"adid":null,"region":"Washington","os_name":"Chrome","ip_address":"73.239.8.13","device_manufacturer":null,"group_properties":{},"library":"amplitude-js\/6.1.0","language":"English","data":{},"session_id":1596398376036,"groups":{},"device_family":null,"paying":null,"location_lat":null,"start_version":null,"event_time":"2020-08-02 20:34:18.249000","amplitude_id":158589205788,"amplitude_event_type":null,"version_name":null,"client_upload_time":"2020-08-02 20:34:18.249000","server_upload_time":"2020-08-02 20:34:18.300000","processed_time":"2020-08-02 20:34:19.470674","device_brand":null,"sample_rate":null,"device_carrier":null,"country":"United States","event_type":"video-saved","city":"Seattle","platform":"Web","user_creation_time":"2020-05-15 20:33:50.158000","device_model":null,"user_properties":{"Username":"vishal@pictory.ai"},"server_received_time":"2020-08-02 20:34:18.278000","$schema":12,"device_id":"GicABer-1qEjzL4p0t-8Jj","os_version":"84","device_type":null,"app":277124,"user_id":"vishal@pictory.ai","event_id":829}
{"idfa":null,"is_attribution_event":false,"$insert_id":"e00ba542-8548-4ccf-b84e-c7d7297ab712","dma":"Seattle-Tacoma, WA","event_properties":{"article-link":"https:\/\/www.winshuttle.com\/blog\/thriving-in-the-new-normal\/","project-id":216239930},"location_lng":null,"uuid":"92b9bdf8-d4ff-11ea-b7f9-0a6e01f51c4f","client_event_time":"2020-08-02 20:34:30.882000","amplitude_attribution_ids":null,"adid":null,"region":"Washington","os_name":"Chrome","ip_address":"73.239.8.13","device_manufacturer":null,"group_properties":{},"library":"amplitude-js\/6.1.0","language":"English","data":{},"session_id":1596398376036,"groups":{},"device_family":null,"paying":null,"location_lat":null,"start_version":null,"event_time":"2020-08-02 20:34:30.882000","amplitude_id":158589205788,"amplitude_event_type":null,"version_name":null,"client_upload_time":"2020-08-02 20:34:30.882000","server_upload_time":"2020-08-02 20:34:30.934000","processed_time":"2020-08-02 20:34:33.171961","device_brand":null,"sample_rate":null,"device_carrier":null,"country":"United States","event_type":"preview-clicked","city":"Seattle","platform":"Web","user_creation_time":"2020-05-15 20:33:50.158000","device_model":null,"user_properties":{"Username":"vishal@pictory.ai"},"server_received_time":"2020-08-02 20:34:30.928000","$schema":12,"device_id":"GicABer-1qEjzL4p0t-8Jj","os_version":"84","device_type":null,"app":277124,"user_id":"vishal@pictory.ai","event_id":830}
{"idfa":null,"is_attribution_event":false,"$insert_id":"381235b8-4943-40c8-8c0e-a1cf53d30e3d","dma":"Seattle-Tacoma, WA","event_properties":{"service-name":"Downloadd-Video-Resources"},"location_lng":null,"uuid":"92b9c550-d4ff-11ea-b7f9-0a6e01f51c4f","client_event_time":"2020-08-02 20:34:31.015000","amplitude_attribution_ids":null,"adid":null,"region":"Washington","os_name":"Chrome","ip_address":"73.239.8.13","device_manufacturer":null,"group_properties":{},"library":"amplitude-js\/6.1.0","language":"English","data":{},"session_id":1596398376036,"groups":{},"device_family":null,"paying":null,"location_lat":null,"start_version":null,"event_time":"2020-08-02 20:34:31.015000","amplitude_id":158589205788,"amplitude_event_type":null,"version_name":null,"client_upload_time":"2020-08-02 20:34:31.015000","server_upload_time":"2020-08-02 20:34:31.063000","processed_time":"2020-08-02 20:34:33.174376","device_brand":null,"sample_rate":null,"device_carrier":null,"country":"United States","event_type":"resource-download-failed","city":"Seattle","platform":"Web","user_creation_time":"2020-05-15 20:33:50.158000","device_model":null,"user_properties":{"Username":"vishal@pictory.ai"},"server_received_time":"2020-08-02 20:34:31.055000","$schema":12,"device_id":"GicABer-1qEjzL4p0t-8Jj","os_version":"84","device_type":null,"app":277124,"user_id":"vishal@pictory.ai","event_id":831}
{"idfa":null,"is_attribution_event":false,"$insert_id":"0fac804a-3145-418f-a43b-869f8abb6ef7","dma":"Seattle-Tacoma, WA","event_properties":{"closed-time":"0:19","total-time":"0:50","project-id":216239930},"location_lng":null,"uuid":"9e499792-d4ff-11ea-b7f9-0a6e01f51c4f","client_event_time":"2020-08-02 20:34:51.014000","amplitude_attribution_ids":null,"adid":null,"region":"Washington","os_name":"Chrome","ip_address":"73.239.8.13","device_manufacturer":null,"group_properties":{},"library":"amplitude-js\/6.1.0","language":"English","data":{},"session_id":1596398376036,"groups":{},"device_family":null,"paying":null,"location_lat":null,"start_version":null,"event_time":"2020-08-02 20:34:51.014000","amplitude_id":158589205788,"amplitude_event_type":null,"version_name":null,"client_upload_time":"2020-08-02 20:34:51.014000","server_upload_time":"2020-08-02 20:34:51.075000","processed_time":"2020-08-02 20:34:52.567508","device_brand":null,"sample_rate":null,"device_carrier":null,"country":"United States","event_type":"preview-closed","city":"Seattle","platform":"Web","user_creation_time":"2020-05-15 20:33:50.158000","device_model":null,"user_properties":{"Username":"vishal@pictory.ai"},"server_received_time":"2020-08-02 20:34:51.069000","$schema":12,"device_id":"GicABer-1qEjzL4p0t-8Jj","os_version":"84","device_type":null,"app":277124,"user_id":"vishal@pictory.ai","event_id":832}
{"idfa":null,"is_attribution_event":false,"$insert_id":"c1ee8740-e733-4592-95b6-5227a19eee3a","dma":"Seattle-Tacoma, WA","event_properties":{"project-id":216239930},"location_lng":null,"uuid":"9f7db530-d4ff-11ea-b7f9-0a6e01f51c4f","client_event_time":"2020-08-02 20:34:52.262000","amplitude_attribution_ids":null,"adid":null,"region":"Washington","os_name":"Chrome","ip_address":"73.239.8.13","device_manufacturer":null,"group_properties":{},"library":"amplitude-js\/6.1.0","language":"English","data":{},"session_id":1596398376036,"groups":{},"device_family":null,"paying":null,"location_lat":null,"start_version":null,"event_time":"2020-08-02 20:34:52.262000","amplitude_id":158589205788,"amplitude_event_type":null,"version_name":null,"client_upload_time":"2020-08-02 20:34:52.262000","server_upload_time":"2020-08-02 20:34:52.302000","processed_time":"2020-08-02 20:34:54.598417","device_brand":null,"sample_rate":null,"device_carrier":null,"country":"United States","event_type":"voice-over-clicked","city":"Seattle","platform":"Web","user_creation_time":"2020-05-15 20:33:50.158000","device_model":null,"user_properties":{"Username":"vishal@pictory.ai"},"server_received_time":"2020-08-02 20:34:52.294000","$schema":12,"device_id":"GicABer-1qEjzL4p0t-8Jj","os_version":"84","device_type":null,"app":277124,"user_id":"vishal@pictory.ai","event_id":833}
{"idfa":null,"is_attribution_event":false,"$insert_id":"80242085-51c4-4068-bd1e-51d2fadcd47c","dma":"Seattle-Tacoma, WA","event_properties":{"name":"Matthew","country":"US English","project-id":216239930},"location_lng":null,"uuid":"a30fc148-d4ff-11ea-b7f9-0a6e01f51c4f","client_event_time":"2020-08-02 20:34:57.900000","amplitude_attribution_ids":null,"adid":null,"region":"Washington","os_name":"Chrome","ip_address":"73.239.8.13","device_manufacturer":null,"group_properties":{},"library":"amplitude-js\/6.1.0","language":"English","data":{},"session_id":1596398376036,"groups":{},"device_family":null,"paying":null,"location_lat":null,"start_version":null,"event_time":"2020-08-02 20:34:57.900000","amplitude_id":158589205788,"amplitude_event_type":null,"version_name":null,"client_upload_time":"2020-08-02 20:34:57.901000","server_upload_time":"2020-08-02 20:34:57.948000","processed_time":"2020-08-02 20:35:00.594500","device_brand":null,"sample_rate":null,"device_carrier":null,"country":"United States","event_type":"voice-selected","city":"Seattle","platform":"Web","user_creation_time":"2020-05-15 20:33:50.158000","device_model":null,"user_properties":{"Username":"vishal@pictory.ai"},"server_received_time":"2020-08-02 20:34:57.941000","$schema":12,"device_id":"GicABer-1qEjzL4p0t-8Jj","os_version":"84","device_type":null,"app":277124,"user_id":"vishal@pictory.ai","event_id":834}
{"idfa":null,"is_attribution_event":false,"$insert_id":"1b1cfcb8-4e80-43a5-b7fc-267865cb5b38","dma":"Seattle-Tacoma, WA","event_properties":{"project-category":"Thriving in the new","save-type":"Saved Video","project-name":"Thriving in the new","project-id":216239930},"location_lng":null,"uuid":"a30fd00c-d4ff-11ea-b7f9-0a6e01f51c4f","client_event_time":"2020-08-02 20:34:58.590000","amplitude_attribution_ids":null,"adid":null,"region":"Washington","os_name":"Chrome","ip_address":"73.239.8.13","device_manufacturer":null,"group_properties":{},"library":"amplitude-js\/6.1.0","language":"English","data":{},"session_id":1596398376036,"groups":{},"device_family":null,"paying":null,"location_lat":null,"start_version":null,"event_time":"2020-08-02 20:34:58.590000","amplitude_id":158589205788,"amplitude_event_type":null,"version_name":null,"client_upload_time":"2020-08-02 20:34:58.591000","server_upload_time":"2020-08-02 20:34:58.632000","processed_time":"2020-08-02 20:35:00.596815","device_brand":null,"sample_rate":null,"device_carrier":null,"country":"United States","event_type":"video-saved","city":"Seattle","platform":"Web","user_creation_time":"2020-05-15 20:33:50.158000","device_model":null,"user_properties":{"Username":"vishal@pictory.ai"},"server_received_time":"2020-08-02 20:34:58.627000","$schema":12,"device_id":"GicABer-1qEjzL4p0t-8Jj","os_version":"84","device_type":null,"app":277124,"user_id":"vishal@pictory.ai","event_id":835}
{"idfa":null,"is_attribution_event":false,"$insert_id":"3b9d5cbd-d29d-4fc6-9058-f7dc0b382cf0","dma":"Seattle-Tacoma, WA","event_properties":{"track-name":"Fly With My Dreams","project-id":216239930},"location_lng":null,"uuid":"a42a2fe6-d4ff-11ea-b7f9-0a6e01f51c4f","client_event_time":"2020-08-02 20:35:01.624000","amplitude_attribution_ids":null,"adid":null,"region":"Washington","os_name":"Chrome","ip_address":"73.239.8.13","device_manufacturer":null,"group_properties":{},"library":"amplitude-js\/6.1.0","language":"English","data":{},"session_id":1596398376036,"groups":{},"device_family":null,"paying":null,"location_lat":null,"start_version":null,"event_time":"2020-08-02 20:35:01.624000","amplitude_id":158589205788,"amplitude_event_type":null,"version_name":null,"client_upload_time":"2020-08-02 20:35:01.624000","server_upload_time":"2020-08-02 20:35:01.672000","processed_time":"2020-08-02 20:35:02.427047","device_brand":null,"sample_rate":null,"device_carrier":null,"country":"United States","event_type":"track-selected","city":"Seattle","platform":"Web","user_creation_time":"2020-05-15 20:33:50.158000","device_model":null,"user_properties":{"Username":"vishal@pictory.ai"},"server_received_time":"2020-08-02 20:35:01.664000","$schema":12,"device_id":"GicABer-1qEjzL4p0t-8Jj","os_version":"84","device_type":null,"app":277124,"user_id":"vishal@pictory.ai","event_id":836}
{"idfa":null,"is_attribution_event":false,"$insert_id":"89d9525d-ddaf-4332-aa60-5ae59e0aa2ce","dma":"Seattle-Tacoma, WA","event_properties":{"project-category":"Thriving in the new","save-type":"Saved Video","project-name":"Thriving in the new","project-id":216239930},"location_lng":null,"uuid":"a53366d2-d4ff-11ea-b7f9-0a6e01f51c4f","client_event_time":"2020-08-02 20:35:02.219000","amplitude_attribution_ids":null,"adid":null,"region":"Washington","os_name":"Chrome","ip_address":"73.239.8.13","device_manufacturer":null,"group_properties":{},"library":"amplitude-js\/6.1.0","language":"English","data":{},"session_id":1596398376036,"groups":{},"device_family":null,"paying":null,"location_lat":null,"start_version":null,"event_time":"2020-08-02 20:35:02.219000","amplitude_id":158589205788,"amplitude_event_type":null,"version_name":null,"client_upload_time":"2020-08-02 20:35:02.219000","server_upload_time":"2020-08-02 20:35:02.264000","processed_time":"2020-08-02 20:35:04.179044","device_brand":null,"sample_rate":null,"device_carrier":null,"country":"United States","event_type":"video-saved","city":"Seattle","platform":"Web","user_creation_time":"2020-05-15 20:33:50.158000","device_model":null,"user_properties":{"Username":"vishal@pictory.ai"},"server_received_time":"2020-08-02 20:35:02.256000","$schema":12,"device_id":"GicABer-1qEjzL4p0t-8Jj","os_version":"84","device_type":null,"app":277124,"user_id":"vishal@pictory.ai","event_id":837}
{"idfa":null,"is_attribution_event":false,"$insert_id":"e0b14e0a-735a-47ef-9a07-4a7bb790659e","dma":"Seattle-Tacoma, WA","event_properties":{"article-link":"https:\/\/www.winshuttle.com\/blog\/thriving-in-the-new-normal\/","project-id":216239930},"location_lng":null,"uuid":"a5338a22-d4ff-11ea-b7f9-0a6e01f51c4f","client_event_time":"2020-08-02 20:35:02.834000","amplitude_attribution_ids":null,"adid":null,"region":"Washington","os_name":"Chrome","ip_address":"73.239.8.13","device_manufacturer":null,"group_properties":{},"library":"amplitude-js\/6.1.0","language":"English","data":{},"session_id":1596398376036,"groups":{},"device_family":null,"paying":null,"location_lat":null,"start_version":null,"event_time":"2020-08-02 20:35:02.834000","amplitude_id":158589205788,"amplitude_event_type":null,"version_name":null,"client_upload_time":"2020-08-02 20:35:02.834000","server_upload_time":"2020-08-02 20:35:02.880000","processed_time":"2020-08-02 20:35:04.195027","device_brand":null,"sample_rate":null,"device_carrier":null,"country":"United States","event_type":"preview-clicked","city":"Seattle","platform":"Web","user_creation_time":"2020-05-15 20:33:50.158000","device_model":null,"user_properties":{"Username":"vishal@pictory.ai"},"server_received_time":"2020-08-02 20:35:02.874000","$schema":12,"device_id":"GicABer-1qEjzL4p0t-8Jj","os_version":"84","device_type":null,"app":277124,"user_id":"vishal@pictory.ai","event_id":838}
{"idfa":null,"is_attribution_event":false,"$insert_id":"97d4182e-deca-41cb-a276-0da989701ceb","dma":"Seattle-Tacoma, WA","event_properties":{"service-name":"Downloadd-Video-Resources"},"location_lng":null,"uuid":"a9558a88-d4ff-11ea-b7f9-0a6e01f51c4f","client_event_time":"2020-08-02 20:35:08.581000","amplitude_attribution_ids":null,"adid":null,"region":"Washington","os_name":"Chrome","ip_address":"73.239.8.13","device_manufacturer":null,"group_properties":{},"library":"amplitude-js\/6.1.0","language":"English","data":{},"session_id":1596398376036,"groups":{},"device_family":null,"paying":null,"location_lat":null,"start_version":null,"event_time":"2020-08-02 20:35:08.581000","amplitude_id":158589205788,"amplitude_event_type":null,"version_name":null,"client_upload_time":"2020-08-02 20:35:08.581000","server_upload_time":"2020-08-02 20:35:08.646000","processed_time":"2020-08-02 20:35:11.098088","device_brand":null,"sample_rate":null,"device_carrier":null,"country":"United States","event_type":"resource-download-failed","city":"Seattle","platform":"Web","user_creation_time":"2020-05-15 20:33:50.158000","device_model":null,"user_properties":{"Username":"vishal@pictory.ai"},"server_received_time":"2020-08-02 20:35:08.634000","$schema":12,"device_id":"GicABer-1qEjzL4p0t-8Jj","os_version":"84","device_type":null,"app":277124,"user_id":"vishal@pictory.ai","event_id":839}
{"idfa":null,"is_attribution_event":false,"$insert_id":"6fba6c07-bfac-4c4f-9d5c-b3bda1b86fe7","dma":"Seattle-Tacoma, WA","event_properties":{"article-link":"https:\/\/www.winshuttle.com\/blog\/m3-b9-gunter-meet-celonis\/","project-id":819518337},"location_lng":null,"uuid":"251b9f54-d500-11ea-b7f9-0a6e01f51c4f","client_event_time":"2020-08-02 20:38:38.150000","amplitude_attribution_ids":null,"adid":null,"region":"Washington","os_name":"Chrome","ip_address":"73.239.8.13","device_manufacturer":null,"group_properties":{},"library":"amplitude-js\/6.1.0","language":"English","data":{},"session_id":1596398376036,"groups":{},"device_family":null,"paying":null,"location_lat":null,"start_version":null,"event_time":"2020-08-02 20:38:38.150000","amplitude_id":158589205788,"amplitude_event_type":null,"version_name":null,"client_upload_time":"2020-08-02 20:38:38.150000","server_upload_time":"2020-08-02 20:38:38.185000","processed_time":"2020-08-02 20:38:38.763221","device_brand":null,"sample_rate":null,"device_carrier":null,"country":"United States","event_type":"start-with-article","city":"Seattle","platform":"Web","user_creation_time":"2020-05-15 20:33:50.158000","device_model":null,"user_properties":{"Username":"vishal@pictory.ai"},"server_received_time":"2020-08-02 20:38:38.166000","$schema":12,"device_id":"GicABer-1qEjzL4p0t-8Jj","os_version":"84","device_type":null,"app":277124,"user_id":"vishal@pictory.ai","event_id":840}
{"idfa":null,"is_attribution_event":false,"$insert_id":"33a658af-2eb0-42ed-b1ca-2fc377f774f4","dma":"Seattle-Tacoma, WA","event_properties":{"article-link":"https:\/\/www.winshuttle.com\/blog\/m3-b9-gunter-meet-celonis\/","total-selected-sentences":8,"project-id":819518337},"location_lng":null,"uuid":"287b3efc-d500-11ea-b7f9-0a6e01f51c4f","client_event_time":"2020-08-02 20:38:42.615000","amplitude_attribution_ids":null,"adid":null,"region":"Washington","os_name":"Chrome","ip_address":"73.239.8.13","device_manufacturer":null,"group_properties":{},"library":"amplitude-js\/6.1.0","language":"English","data":{},"session_id":1596398376036,"groups":{},"device_family":null,"paying":null,"location_lat":null,"start_version":null,"event_time":"2020-08-02 20:38:42.615000","amplitude_id":158589205788,"amplitude_event_type":null,"version_name":null,"client_upload_time":"2020-08-02 20:38:42.615000","server_upload_time":"2020-08-02 20:38:42.642000","processed_time":"2020-08-02 20:38:44.416969","device_brand":null,"sample_rate":null,"device_carrier":null,"country":"United States","event_type":"next-button-pressed","city":"Seattle","platform":"Web","user_creation_time":"2020-05-15 20:33:50.158000","device_model":null,"user_properties":{"Username":"vishal@pictory.ai"},"server_received_time":"2020-08-02 20:38:42.635000","$schema":12,"device_id":"GicABer-1qEjzL4p0t-8Jj","os_version":"84","device_type":null,"app":277124,"user_id":"vishal@pictory.ai","event_id":841}
{"idfa":null,"is_attribution_event":false,"$insert_id":"c8f0cb2c-c34c-4ff7-86b3-4a3ef2ba0da5","dma":"Seattle-Tacoma, WA","event_properties":{"track-name":"All We Know","project-id":819518337},"location_lng":null,"uuid":"2b69cb6a-d500-11ea-b7f9-0a6e01f51c4f","client_event_time":"2020-08-02 20:38:48.602000","amplitude_attribution_ids":null,"adid":null,"region":"Washington","os_name":"Chrome","ip_address":"73.239.8.13","device_manufacturer":null,"group_properties":{},"library":"amplitude-js\/6.1.0","language":"English","data":{},"session_id":1596398376036,"groups":{},"device_family":null,"paying":null,"location_lat":null,"start_version":null,"event_time":"2020-08-02 20:38:48.602000","amplitude_id":158589205788,"amplitude_event_type":null,"version_name":null,"client_upload_time":"2020-08-02 20:38:48.603000","server_upload_time":"2020-08-02 20:38:48.630000","processed_time":"2020-08-02 20:38:49.336691","device_brand":null,"sample_rate":null,"device_carrier":null,"country":"United States","event_type":"track-deselected","city":"Seattle","platform":"Web","user_creation_time":"2020-05-15 20:33:50.158000","device_model":null,"user_properties":{"Username":"vishal@pictory.ai"},"server_received_time":"2020-08-02 20:38:48.618000","$schema":12,"device_id":"GicABer-1qEjzL4p0t-8Jj","os_version":"84","device_type":null,"app":277124,"user_id":"vishal@pictory.ai","event_id":842}
{"idfa":null,"is_attribution_event":false,"$insert_id":"7aa15e00-b9f2-40bc-9ad7-dba16901bff3","dma":"Seattle-Tacoma, WA","event_properties":{"track-name":"All We Know","project-id":819518337},"location_lng":null,"uuid":"2c5b8cb6-d500-11ea-b7f9-0a6e01f51c4f","client_event_time":"2020-08-02 20:38:49.404000","amplitude_attribution_ids":null,"adid":null,"region":"Washington","os_name":"Chrome","ip_address":"73.239.8.13","device_manufacturer":null,"group_properties":{},"library":"amplitude-js\/6.1.0","language":"English","data":{},"session_id":1596398376036,"groups":{},"device_family":null,"paying":null,"location_lat":null,"start_version":null,"event_time":"2020-08-02 20:38:49.404000","amplitude_id":158589205788,"amplitude_event_type":null,"version_name":null,"client_upload_time":"2020-08-02 20:38:49.405000","server_upload_time":"2020-08-02 20:38:49.437000","processed_time":"2020-08-02 20:38:50.929647","device_brand":null,"sample_rate":null,"device_carrier":null,"country":"United States","event_type":"track-selected","city":"Seattle","platform":"Web","user_creation_time":"2020-05-15 20:33:50.158000","device_model":null,"user_properties":{"Username":"vishal@pictory.ai"},"server_received_time":"2020-08-02 20:38:49.420000","$schema":12,"device_id":"GicABer-1qEjzL4p0t-8Jj","os_version":"84","device_type":null,"app":277124,"user_id":"vishal@pictory.ai","event_id":843}
{"idfa":null,"is_attribution_event":false,"$insert_id":"52b9bec1-be7c-470b-8411-e1c48ef5b4d5","dma":"Seattle-Tacoma, WA","event_properties":{"project-category":"M3-B9 GUNTER","save-type":"New Video","project-name":"M3-B9 GUNTER","project-id":819518337},"location_lng":null,"uuid":"2c5b997c-d500-11ea-b7f9-0a6e01f51c4f","client_event_time":"2020-08-02 20:38:49.931000","amplitude_attribution_ids":null,"adid":null,"region":"Washington","os_name":"Chrome","ip_address":"73.239.8.13","device_manufacturer":null,"group_properties":{},"library":"amplitude-js\/6.1.0","language":"English","data":{},"session_id":1596398376036,"groups":{},"device_family":null,"paying":null,"location_lat":null,"start_version":null,"event_time":"2020-08-02 20:38:49.931000","amplitude_id":158589205788,"amplitude_event_type":null,"version_name":null,"client_upload_time":"2020-08-02 20:38:49.931000","server_upload_time":"2020-08-02 20:38:49.956000","processed_time":"2020-08-02 20:38:50.933917","device_brand":null,"sample_rate":null,"device_carrier":null,"country":"United States","event_type":"video-saved","city":"Seattle","platform":"Web","user_creation_time":"2020-05-15 20:33:50.158000","device_model":null,"user_properties":{"Username":"vishal@pictory.ai"},"server_received_time":"2020-08-02 20:38:49.946000","$schema":12,"device_id":"GicABer-1qEjzL4p0t-8Jj","os_version":"84","device_type":null,"app":277124,"user_id":"vishal@pictory.ai","event_id":844}
{"idfa":null,"is_attribution_event":false,"$insert_id":"b7b9eed9-367b-4a25-afa6-c0f9d69c50fb","dma":"Seattle-Tacoma, WA","event_properties":{"project-category":"M3-B9 GUNTER","save-type":"Saved Video","project-name":"M3-B9 GUNTER","project-id":819518337},"location_lng":null,"uuid":"397eda6a-d500-11ea-b7f9-0a6e01f51c4f","client_event_time":"2020-08-02 20:39:11.291000","amplitude_attribution_ids":null,"adid":null,"region":"Washington","os_name":"Chrome","ip_address":"73.239.8.13","device_manufacturer":null,"group_properties":{},"library":"amplitude-js\/6.1.0","language":"English","data":{},"session_id":1596398376036,"groups":{},"device_family":null,"paying":null,"location_lat":null,"start_version":null,"event_time":"2020-08-02 20:39:11.291000","amplitude_id":158589205788,"amplitude_event_type":null,"version_name":null,"client_upload_time":"2020-08-02 20:39:11.292000","server_upload_time":"2020-08-02 20:39:11.323000","processed_time":"2020-08-02 20:39:12.965144","device_brand":null,"sample_rate":null,"device_carrier":null,"country":"United States","event_type":"video-saved","city":"Seattle","platform":"Web","user_creation_time":"2020-05-15 20:33:50.158000","device_model":null,"user_properties":{"Username":"vishal@pictory.ai"},"server_received_time":"2020-08-02 20:39:11.309000","$schema":12,"device_id":"GicABer-1qEjzL4p0t-8Jj","os_version":"84","device_type":null,"app":277124,"user_id":"vishal@pictory.ai","event_id":845}
