{"device_family":null,"dma":null,"location_lng":null,"client_event_time":"2020-08-02 17:20:50.906000","adid":null,"$schema":12,"user_properties":{},"device_model":null,"event_time":"2020-08-02 17:20:50.906000","amplitude_event_type":null,"version_name":null,"os_version":"84","paying":null,"start_version":null,"client_upload_time":"2020-08-02 17:20:50.908000","is_attribution_event":false,"groups":{},"library":"amplitude-js\/6.1.0","city":"Warangal","event_id":1,"language":"English","device_brand":null,"idfa":null,"device_carrier":null,"data":{"first_event":true},"device_id":"uCl4hRGUWtyf-eDOsWcVvY","event_type":"user-signup","session_id":1596388803938,"server_received_time":"2020-08-02 17:20:51.712000","server_upload_time":"2020-08-02 17:20:51.729000","sample_rate":null,"device_type":null,"location_lat":null,"$insert_id":"b9d89356-51f2-445f-8b00-211f524fd924","user_creation_time":"2020-08-02 17:20:50.906000","app":277124,"user_id":null,"event_properties":{"provider":"pictory"},"device_manufacturer":null,"uuid":"942a7a80-d4e4-11ea-9f0d-0a04847fde2b","country":"India","amplitude_id":182094760334,"group_properties":{},"processed_time":"2020-08-02 17:21:19.364310","os_name":"Chrome","amplitude_attribution_ids":null,"platform":"Web","ip_address":"124.123.114.240","region":"Telangana"}
{"device_family":null,"dma":null,"location_lng":null,"client_event_time":"2020-08-02 17:21:22.497000","adid":null,"$schema":12,"user_properties":{"Username":"101112@getnada.com"},"device_model":null,"event_time":"2020-08-02 17:21:22.497000","amplitude_event_type":null,"version_name":null,"os_version":"84","paying":null,"start_version":null,"client_upload_time":"2020-08-02 17:21:22.777000","is_attribution_event":false,"groups":{},"library":"amplitude-js\/6.1.0","city":"Warangal","event_id":2,"language":"English","device_brand":null,"idfa":null,"device_carrier":null,"data":{},"device_id":"uCl4hRGUWtyf-eDOsWcVvY","event_type":"user-login","session_id":1596388803938,"server_received_time":"2020-08-02 17:21:23.040000","server_upload_time":"2020-08-02 17:21:23.045000","sample_rate":null,"device_type":null,"location_lat":null,"$insert_id":"4c5677f7-7990-45d2-a1f9-d62c86476ae5","user_creation_time":"2020-08-02 17:20:50.906000","app":277124,"user_id":"101112@getnada.com","event_properties":{"login-via":"Pictory"},"device_manufacturer":null,"uuid":"a113da0c-d4e4-11ea-9f0d-0a04847fde2b","country":"India","amplitude_id":182094760334,"group_properties":{},"processed_time":"2020-08-02 17:21:40.840317","os_name":"Chrome","amplitude_attribution_ids":null,"platform":"Web","ip_address":"124.123.114.240","region":"Telangana"}
