{"amplitude_attribution_ids":null,"language":"English","is_attribution_event":false,"app":277124,"version_name":null,"start_version":null,"os_name":"Chrome","user_id":null,"amplitude_event_type":null,"device_manufacturer":null,"processed_time":"2020-08-07 22:17:31.315377","event_type":"user-signup","paying":null,"platform":"Web","device_type":null,"adid":null,"country":"United States","groups":{},"city":"Kirkland","uuid":"c92175f2-d8fb-11ea-82f0-02a6add71501","dma":"Seattle-Tacoma, WA","idfa":null,"amplitude_id":183363421839,"device_carrier":null,"$schema":12,"device_model":null,"event_id":1,"server_upload_time":"2020-08-07 22:17:30.398000","sample_rate":null,"user_properties":{},"event_properties":{"provider":"pictory"},"location_lng":null,"session_id":1596838585068,"device_id":"I9514jl453EddEvJEi1L7a","user_creation_time":"2020-08-07 22:17:25.167000","library":"amplitude-js\/6.1.0","location_lat":null,"os_version":"84","$insert_id":"44fc7ef4-d0b4-4de7-8546-efcaeae35964","region":"Washington","client_upload_time":"2020-08-07 22:17:25.171000","client_event_time":"2020-08-07 22:17:25.167000","device_family":null,"ip_address":"67.182.147.135","server_received_time":"2020-08-07 22:17:30.396000","event_time":"2020-08-07 22:17:25.167000","group_properties":{},"data":{"first_event":true},"device_brand":null}
{"amplitude_attribution_ids":null,"language":"English","is_attribution_event":false,"app":277124,"version_name":null,"start_version":null,"os_name":"Chrome","user_id":"knelson@plaingood.com","amplitude_event_type":null,"device_manufacturer":null,"processed_time":"2020-08-07 22:18:21.152112","event_type":"user-login","paying":null,"platform":"Web","device_type":null,"adid":null,"country":"United States","groups":{},"city":"Kirkland","uuid":"e6ed5c36-d8fb-11ea-82f0-02a6add71501","dma":"Seattle-Tacoma, WA","idfa":null,"amplitude_id":183363421839,"device_carrier":null,"$schema":12,"device_model":null,"event_id":2,"server_upload_time":"2020-08-07 22:18:19.409000","sample_rate":null,"user_properties":{"Username":"knelson@plaingood.com"},"event_properties":{"login-via":"Pictory"},"location_lng":null,"session_id":1596838585068,"device_id":"I9514jl453EddEvJEi1L7a","user_creation_time":"2020-08-07 22:17:25.167000","library":"amplitude-js\/6.1.0","location_lat":null,"os_version":"84","$insert_id":"079287ad-c16b-45b4-a1e1-d8437ec259cf","region":"Washington","client_upload_time":"2020-08-07 22:18:14.273000","client_event_time":"2020-08-07 22:18:14.223000","device_family":null,"ip_address":"67.182.147.135","server_received_time":"2020-08-07 22:18:19.398000","event_time":"2020-08-07 22:18:14.223000","group_properties":{},"data":{},"device_brand":null}
{"amplitude_attribution_ids":null,"language":"English","is_attribution_event":false,"app":277124,"version_name":null,"start_version":null,"os_name":"Chrome","user_id":"knelson@plaingood.com","amplitude_event_type":null,"device_manufacturer":null,"processed_time":"2020-08-07 22:23:01.894487","event_type":"trial-activated","paying":null,"platform":"Web","device_type":null,"adid":null,"country":"United States","groups":{},"city":"Kirkland","uuid":"8e487ab0-d8fc-11ea-82f0-02a6add71501","dma":"Seattle-Tacoma, WA","idfa":null,"amplitude_id":183363421839,"device_carrier":null,"$schema":12,"device_model":null,"event_id":3,"server_upload_time":"2020-08-07 22:23:00.487000","sample_rate":null,"user_properties":{"Username":"knelson@plaingood.com"},"event_properties":{},"location_lng":null,"session_id":1596838585068,"device_id":"I9514jl453EddEvJEi1L7a","user_creation_time":"2020-08-07 22:17:25.167000","library":"amplitude-js\/6.1.0","location_lat":null,"os_version":"84","$insert_id":"15c6f7a3-11bd-4c74-ad5f-b7e781f8c7a8","region":"Washington","client_upload_time":"2020-08-07 22:22:55.276000","client_event_time":"2020-08-07 22:22:55.274000","device_family":null,"ip_address":"67.182.147.135","server_received_time":"2020-08-07 22:23:00.478000","event_time":"2020-08-07 22:22:55.274000","group_properties":{},"data":{},"device_brand":null}
