{"amplitude_event_type":null,"groups":{},"is_attribution_event":false,"version_name":null,"client_upload_time":"2020-08-06 07:22:00.553000","app":277124,"$schema":12,"os_version":"83","location_lat":null,"country":"United States","sample_rate":null,"adid":null,"device_brand":null,"session_id":1596698383381,"os_name":"Silk","platform":"Web","amplitude_attribution_ids":null,"event_properties":{"provider":"Google"},"server_upload_time":"2020-08-06 07:22:01.534000","city":"'Ewa Beach","group_properties":{},"start_version":null,"data":{"first_event":true},"device_id":"H-XnqaEkM4ldimtLZyOlBG","device_model":null,"paying":null,"user_properties":{"Username":"imsugasgirlfriend@gmail.com"},"processed_time":"2020-08-06 07:22:01.758864","user_id":"imsugasgirlfriend@gmail.com","client_event_time":"2020-08-06 07:22:00.544000","region":"Hawaii","server_received_time":"2020-08-06 07:22:01.524000","dma":"Honolulu, HI","uuid":"85842322-d7b5-11ea-8c49-0a85604097d6","amplitude_id":182983068523,"idfa":null,"event_type":"user-signup","language":"English","ip_address":"75.85.20.231","device_family":null,"event_id":1,"$insert_id":"befdcd08-478d-4da8-a8dc-88a0d66e9c03","library":"amplitude-js\/6.1.0","device_manufacturer":null,"event_time":"2020-08-06 07:22:00.544000","location_lng":null,"user_creation_time":"2020-08-06 07:22:00.544000","device_type":null,"device_carrier":null}
{"amplitude_event_type":null,"groups":{},"is_attribution_event":false,"version_name":null,"client_upload_time":"2020-08-06 07:22:00.952000","app":277124,"$schema":12,"os_version":"83","location_lat":null,"country":"United States","sample_rate":null,"adid":null,"device_brand":null,"session_id":1596698383381,"os_name":"Silk","platform":"Web","amplitude_attribution_ids":null,"event_properties":{},"server_upload_time":"2020-08-06 07:22:01.668000","city":"'Ewa Beach","group_properties":{},"start_version":null,"data":{},"device_id":"H-XnqaEkM4ldimtLZyOlBG","device_model":null,"paying":null,"user_properties":{"Username":"imsugasgirlfriend@gmail.com"},"processed_time":"2020-08-06 07:22:03.890232","user_id":"imsugasgirlfriend@gmail.com","client_event_time":"2020-08-06 07:22:00.570000","region":"Hawaii","server_received_time":"2020-08-06 07:22:01.654000","dma":"Honolulu, HI","uuid":"86c70fec-d7b5-11ea-8c49-0a85604097d6","amplitude_id":182983068523,"idfa":null,"event_type":"trial-activated","language":"English","ip_address":"75.85.20.231","device_family":null,"event_id":2,"$insert_id":"a6ee3831-c461-4881-a71f-98529d9b6b4a","library":"amplitude-js\/6.1.0","device_manufacturer":null,"event_time":"2020-08-06 07:22:00.570000","location_lng":null,"user_creation_time":"2020-08-06 07:22:00.544000","device_type":null,"device_carrier":null}
{"os_version":"84","user_id":"marketing@zinrelo.com","device_model":null,"device_carrier":null,"processed_time":"2020-08-06 07:49:17.576008","data":{},"os_name":"Chrome","app":277124,"library":"amplitude-js\/6.1.0","event_time":"2020-08-06 07:49:15.571000","device_type":null,"server_received_time":"2020-08-06 07:49:16.580000","server_upload_time":"2020-08-06 07:49:16.593000","paying":null,"sample_rate":null,"group_properties":{},"amplitude_attribution_ids":null,"version_name":null,"client_upload_time":"2020-08-06 07:49:16.436000","session_id":1596700144904,"adid":null,"amplitude_id":174727268466,"country":"India","start_version":null,"device_brand":null,"user_properties":{"Username":"marketing@zinrelo.com"},"device_id":"o-mLGohJTf3cLdmEWknTpK","location_lng":null,"event_type":"user-login","groups":{},"event_id":214,"$schema":12,"event_properties":{"login-via":"Pictory"},"region":"Maharashtra","$insert_id":"1b8d5fba-043b-4f0e-bc1f-efc48ecca132","device_manufacturer":null,"language":"English","user_creation_time":"2020-07-02 08:54:44.362000","amplitude_event_type":null,"location_lat":null,"city":"Pune","idfa":null,"platform":"Web","device_family":null,"ip_address":"183.87.52.166","is_attribution_event":false,"client_event_time":"2020-08-06 07:49:15.571000","uuid":"5484c480-d7b9-11ea-a018-0619c0101558","dma":null}
{"os_version":"84","user_id":"marketing@zinrelo.com","device_model":null,"device_carrier":null,"processed_time":"2020-08-06 07:49:30.470787","data":{},"os_name":"Chrome","app":277124,"library":"amplitude-js\/6.1.0","event_time":"2020-08-06 07:49:29.041000","device_type":null,"server_received_time":"2020-08-06 07:49:29.185000","server_upload_time":"2020-08-06 07:49:29.217000","paying":null,"sample_rate":null,"group_properties":{},"amplitude_attribution_ids":null,"version_name":null,"client_upload_time":"2020-08-06 07:49:29.042000","session_id":1596700144904,"adid":null,"amplitude_id":174727268466,"country":"India","start_version":null,"device_brand":null,"user_properties":{"Username":"marketing@zinrelo.com"},"device_id":"o-mLGohJTf3cLdmEWknTpK","location_lng":null,"event_type":"saved-video-opened","groups":{},"event_id":215,"$schema":12,"event_properties":{"project-name":"Learn why every business needs a customer loyalty program","project-category":"Learn why every business needs a customer loyalty program"},"region":"Maharashtra","$insert_id":"df70580a-4354-4af0-bcbe-a11553a7522a","device_manufacturer":null,"language":"English","user_creation_time":"2020-07-02 08:54:44.362000","amplitude_event_type":null,"location_lat":null,"city":"Pune","idfa":null,"platform":"Web","device_family":null,"ip_address":"183.87.52.166","is_attribution_event":false,"client_event_time":"2020-08-06 07:49:29.041000","uuid":"5c3c08be-d7b9-11ea-a018-0619c0101558","dma":null}
{"os_version":"84","user_id":"marketing@zinrelo.com","device_model":null,"device_carrier":null,"processed_time":"2020-08-06 07:49:42.963032","data":{},"os_name":"Chrome","app":277124,"library":"amplitude-js\/6.1.0","event_time":"2020-08-06 07:49:41.566000","device_type":null,"server_received_time":"2020-08-06 07:49:41.712000","server_upload_time":"2020-08-06 07:49:41.733000","paying":null,"sample_rate":null,"group_properties":{},"amplitude_attribution_ids":null,"version_name":null,"client_upload_time":"2020-08-06 07:49:41.567000","session_id":1596700144904,"adid":null,"amplitude_id":174727268466,"country":"India","start_version":null,"device_brand":null,"user_properties":{"Username":"marketing@zinrelo.com"},"device_id":"o-mLGohJTf3cLdmEWknTpK","location_lng":null,"event_type":"saved-video-opened","groups":{},"event_id":216,"$schema":12,"event_properties":{"project-name":"LAFCO Rewards: A Success Story(1)","project-category":"LAFCO Rewards: A Success Story"},"region":"Maharashtra","$insert_id":"74031803-abde-45b6-af50-97d9b0083226","device_manufacturer":null,"language":"English","user_creation_time":"2020-07-02 08:54:44.362000","amplitude_event_type":null,"location_lat":null,"city":"Pune","idfa":null,"platform":"Web","device_family":null,"ip_address":"183.87.52.166","is_attribution_event":false,"client_event_time":"2020-08-06 07:49:41.566000","uuid":"63af3ab2-d7b9-11ea-a018-0619c0101558","dma":null}
