{"event_time":"2020-08-05 21:56:39.381000","country":"United States","amplitude_id":179343697202,"region":"North Carolina","device_model":null,"data":{},"version_name":null,"platform":"Web","os_version":"84","session_id":1596664593337,"group_properties":{},"city":"Greensboro","user_id":"spalmisano@medthink.com","device_carrier":null,"device_id":"8UNdxKVPRF_w3NxKBieVdG","server_upload_time":"2020-08-05 21:56:40.587000","$schema":12,"processed_time":"2020-08-05 21:56:41.760086","sample_rate":null,"device_manufacturer":null,"library":"amplitude-js\/6.1.0","location_lng":null,"ip_address":"173.94.112.121","server_received_time":"2020-08-05 21:56:40.564000","start_version":null,"os_name":"Chrome","device_type":null,"device_brand":null,"event_id":1,"user_creation_time":"2020-07-21 16:47:53.962000","groups":{},"location_lat":null,"amplitude_event_type":null,"device_family":null,"paying":null,"amplitude_attribution_ids":null,"client_upload_time":"2020-08-05 21:56:40.013000","client_event_time":"2020-08-05 21:56:39.381000","uuid":"8b8e7596-d766-11ea-9ab4-066181b8e150","$insert_id":"74fef994-a5fb-4be9-a132-d0c4ce4f7d5a","user_properties":{"Username":"spalmisano@medthink.com"},"event_type":"user-login","idfa":null,"app":277124,"dma":"Greensboro-Winston Salem, NC","adid":null,"is_attribution_event":false,"language":"English","event_properties":{"login-via":"Pictory"}}
{"event_time":"2020-08-05 21:56:47.755000","country":"United States","amplitude_id":179343697202,"region":"North Carolina","device_model":null,"data":{},"version_name":null,"platform":"Web","os_version":"84","session_id":1596664593337,"group_properties":{},"city":"Greensboro","user_id":"spalmisano@medthink.com","device_carrier":null,"device_id":"8UNdxKVPRF_w3NxKBieVdG","server_upload_time":"2020-08-05 21:56:48.545000","$schema":12,"processed_time":"2020-08-05 21:56:50.165640","sample_rate":null,"device_manufacturer":null,"library":"amplitude-js\/6.1.0","location_lng":null,"ip_address":"173.94.112.121","server_received_time":"2020-08-05 21:56:48.538000","start_version":null,"os_name":"Chrome","device_type":null,"device_brand":null,"event_id":2,"user_creation_time":"2020-07-21 16:47:53.962000","groups":{},"location_lat":null,"amplitude_event_type":null,"device_family":null,"paying":null,"amplitude_attribution_ids":null,"client_upload_time":"2020-08-05 21:56:47.756000","client_event_time":"2020-08-05 21:56:47.755000","uuid":"90a0c372-d766-11ea-9ab4-066181b8e150","$insert_id":"f1c32a7a-097d-4c47-b299-913eff242109","user_properties":{"Username":"spalmisano@medthink.com"},"event_type":"saved-video-opened","idfa":null,"app":277124,"dma":"Greensboro-Winston Salem, NC","adid":null,"is_attribution_event":false,"language":"English","event_properties":{"project-name":"Welcome our objectiv","project-category":"Welcome our objective is to show you how we can Shift the Current state of KOL and peer-to-peer engagement influence HCP Behavior and amplify the power of Imbruvica"}}
{"event_time":"2020-08-05 21:57:38.532000","country":"United States","amplitude_id":179343697202,"region":"North Carolina","device_model":null,"data":{},"version_name":null,"platform":"Web","os_version":"84","session_id":1596664593337,"group_properties":{},"city":"Greensboro","user_id":"spalmisano@medthink.com","device_carrier":null,"device_id":"8UNdxKVPRF_w3NxKBieVdG","server_upload_time":"2020-08-05 21:57:39.386000","$schema":12,"processed_time":"2020-08-05 21:57:40.448113","sample_rate":null,"device_manufacturer":null,"library":"amplitude-js\/6.1.0","location_lng":null,"ip_address":"173.94.112.121","server_received_time":"2020-08-05 21:57:39.352000","start_version":null,"os_name":"Chrome","device_type":null,"device_brand":null,"event_id":3,"user_creation_time":"2020-07-21 16:47:53.962000","groups":{},"location_lat":null,"amplitude_event_type":null,"device_family":null,"paying":null,"amplitude_attribution_ids":null,"client_upload_time":"2020-08-05 21:57:38.534000","client_event_time":"2020-08-05 21:57:38.532000","uuid":"ae9cfaa8-d766-11ea-9ab4-066181b8e150","$insert_id":"c0206e2e-4bd8-401b-acf3-a5d558d49f16","user_properties":{"Username":"spalmisano@medthink.com"},"event_type":"edit-scene-text","idfa":null,"app":277124,"dma":"Greensboro-Winston Salem, NC","adid":null,"is_attribution_event":false,"language":"English","event_properties":{"new-text":"...of Key Opinion Leader and peer-to-peer engagement, influence HCP behavior, and amplify the power of Imbruvica.","old-text":"...of Key Opinion Leader and peer-to-peer engagement, influence HCP Behavior, and amplify the power of Imbruvica."}}
{"event_time":"2020-08-05 21:57:40.993000","country":"United States","amplitude_id":179343697202,"region":"North Carolina","device_model":null,"data":{},"version_name":null,"platform":"Web","os_version":"84","session_id":1596664593337,"group_properties":{},"city":"Greensboro","user_id":"spalmisano@medthink.com","device_carrier":null,"device_id":"8UNdxKVPRF_w3NxKBieVdG","server_upload_time":"2020-08-05 21:57:41.532000","$schema":12,"processed_time":"2020-08-05 21:57:41.645610","sample_rate":null,"device_manufacturer":null,"library":"amplitude-js\/6.1.0","location_lng":null,"ip_address":"173.94.112.121","server_received_time":"2020-08-05 21:57:41.527000","start_version":null,"os_name":"Chrome","device_type":null,"device_brand":null,"event_id":4,"user_creation_time":"2020-07-21 16:47:53.962000","groups":{},"location_lat":null,"amplitude_event_type":null,"device_family":null,"paying":null,"amplitude_attribution_ids":null,"client_upload_time":"2020-08-05 21:57:40.994000","client_event_time":"2020-08-05 21:57:40.993000","uuid":"af53a262-d766-11ea-9ab4-066181b8e150","$insert_id":"3752ffeb-94f9-48e4-ac06-625a70f0fbc0","user_properties":{"Username":"spalmisano@medthink.com"},"event_type":"video-saved","idfa":null,"app":277124,"dma":"Greensboro-Winston Salem, NC","adid":null,"is_attribution_event":false,"language":"English","event_properties":{"project-name":"Welcome our objectiv","save-type":"Saved Video","project-id":300577409,"project-category":"Welcome our objective is to show you how we can Shift the Current state of KOL and peer-to-peer engagement influence HCP Behavior and amplify the power of Imbruvica"}}
{"event_time":"2020-08-05 21:58:40.830000","country":"United States","amplitude_id":179343697202,"region":"North Carolina","device_model":null,"data":{},"version_name":null,"platform":"Web","os_version":"84","session_id":1596664593337,"group_properties":{},"city":"Greensboro","user_id":"spalmisano@medthink.com","device_carrier":null,"device_id":"8UNdxKVPRF_w3NxKBieVdG","server_upload_time":"2020-08-05 21:58:41.631000","$schema":12,"processed_time":"2020-08-05 21:58:42.756207","sample_rate":null,"device_manufacturer":null,"library":"amplitude-js\/6.1.0","location_lng":null,"ip_address":"173.94.112.121","server_received_time":"2020-08-05 21:58:41.620000","start_version":null,"os_name":"Chrome","device_type":null,"device_brand":null,"event_id":5,"user_creation_time":"2020-07-21 16:47:53.962000","groups":{},"location_lat":null,"amplitude_event_type":null,"device_family":null,"paying":null,"amplitude_attribution_ids":null,"client_upload_time":"2020-08-05 21:58:40.831000","client_event_time":"2020-08-05 21:58:40.830000","uuid":"d3bf5a42-d766-11ea-9ab4-066181b8e150","$insert_id":"cdd840ea-9544-43a4-83f9-fa4ff7152284","user_properties":{"Username":"spalmisano@medthink.com"},"event_type":"edit-scene-text","idfa":null,"app":277124,"dma":"Greensboro-Winston Salem, NC","adid":null,"is_attribution_event":false,"language":"English","event_properties":{"new-text":"It is a big idea - that leverages physician insights, compelling narratives, powerful visuals ...","old-text":"It is a big idea -\u00a0that leverages physician insights, compelling narratives, powerful visuals ..."}}
{"event_time":"2020-08-05 21:58:42.566000","country":"United States","amplitude_id":179343697202,"region":"North Carolina","device_model":null,"data":{},"version_name":null,"platform":"Web","os_version":"84","session_id":1596664593337,"group_properties":{},"city":"Greensboro","user_id":"spalmisano@medthink.com","device_carrier":null,"device_id":"8UNdxKVPRF_w3NxKBieVdG","server_upload_time":"2020-08-05 21:58:43.100000","$schema":12,"processed_time":"2020-08-05 21:58:44.275058","sample_rate":null,"device_manufacturer":null,"library":"amplitude-js\/6.1.0","location_lng":null,"ip_address":"173.94.112.121","server_received_time":"2020-08-05 21:58:43.091000","start_version":null,"os_name":"Chrome","device_type":null,"device_brand":null,"event_id":6,"user_creation_time":"2020-07-21 16:47:53.962000","groups":{},"location_lat":null,"amplitude_event_type":null,"device_family":null,"paying":null,"amplitude_attribution_ids":null,"client_upload_time":"2020-08-05 21:58:42.566000","client_event_time":"2020-08-05 21:58:42.566000","uuid":"d4a8772c-d766-11ea-9ab4-066181b8e150","$insert_id":"025ee65d-0054-4914-bc18-5a4ac128d44f","user_properties":{"Username":"spalmisano@medthink.com"},"event_type":"video-saved","idfa":null,"app":277124,"dma":"Greensboro-Winston Salem, NC","adid":null,"is_attribution_event":false,"language":"English","event_properties":{"project-name":"Welcome our objectiv","save-type":"Saved Video","project-id":300577409,"project-category":"Welcome our objective is to show you how we can Shift the Current state of KOL and peer-to-peer engagement influence HCP Behavior and amplify the power of Imbruvica"}}
{"event_time":"2020-08-05 21:59:12.811000","country":"United States","amplitude_id":179343697202,"region":"North Carolina","device_model":null,"data":{},"version_name":null,"platform":"Web","os_version":"84","session_id":1596664593337,"group_properties":{},"city":"Greensboro","user_id":"spalmisano@medthink.com","device_carrier":null,"device_id":"8UNdxKVPRF_w3NxKBieVdG","server_upload_time":"2020-08-05 21:59:13.612000","$schema":12,"processed_time":"2020-08-05 21:59:14.597389","sample_rate":null,"device_manufacturer":null,"library":"amplitude-js\/6.1.0","location_lng":null,"ip_address":"173.94.112.121","server_received_time":"2020-08-05 21:59:13.604000","start_version":null,"os_name":"Chrome","device_type":null,"device_brand":null,"event_id":7,"user_creation_time":"2020-07-21 16:47:53.962000","groups":{},"location_lat":null,"amplitude_event_type":null,"device_family":null,"paying":null,"amplitude_attribution_ids":null,"client_upload_time":"2020-08-05 21:59:12.812000","client_event_time":"2020-08-05 21:59:12.811000","uuid":"e6bb9ce6-d766-11ea-9ab4-066181b8e150","$insert_id":"89bfd77e-2dd5-483d-9206-b43aa58448e4","user_properties":{"Username":"spalmisano@medthink.com"},"event_type":"edit-scene-text","idfa":null,"app":277124,"dma":"Greensboro-Winston Salem, NC","adid":null,"is_attribution_event":false,"language":"English","event_properties":{"new-text":"It is a big idea - that leverages physician insights, compelling narratives, powerful visuals,","old-text":"It is a big idea - that leverages physician insights, compelling narratives, powerful visuals ..."}}
{"event_time":"2020-08-05 21:59:14.311000","country":"United States","amplitude_id":179343697202,"region":"North Carolina","device_model":null,"data":{},"version_name":null,"platform":"Web","os_version":"84","session_id":1596664593337,"group_properties":{},"city":"Greensboro","user_id":"spalmisano@medthink.com","device_carrier":null,"device_id":"8UNdxKVPRF_w3NxKBieVdG","server_upload_time":"2020-08-05 21:59:14.874000","$schema":12,"processed_time":"2020-08-05 21:59:16.453933","sample_rate":null,"device_manufacturer":null,"library":"amplitude-js\/6.1.0","location_lng":null,"ip_address":"173.94.112.121","server_received_time":"2020-08-05 21:59:14.834000","start_version":null,"os_name":"Chrome","device_type":null,"device_brand":null,"event_id":8,"user_creation_time":"2020-07-21 16:47:53.962000","groups":{},"location_lat":null,"amplitude_event_type":null,"device_family":null,"paying":null,"amplitude_attribution_ids":null,"client_upload_time":"2020-08-05 21:59:14.312000","client_event_time":"2020-08-05 21:59:14.311000","uuid":"e7d7098a-d766-11ea-9ab4-066181b8e150","$insert_id":"da7a5938-a8a9-4d50-afe3-5e0268e6daa2","user_properties":{"Username":"spalmisano@medthink.com"},"event_type":"video-saved","idfa":null,"app":277124,"dma":"Greensboro-Winston Salem, NC","adid":null,"is_attribution_event":false,"language":"English","event_properties":{"project-name":"Welcome our objectiv","save-type":"Saved Video","project-id":300577409,"project-category":"Welcome our objective is to show you how we can Shift the Current state of KOL and peer-to-peer engagement influence HCP Behavior and amplify the power of Imbruvica"}}
{"event_time":"2020-08-05 21:59:50.518000","country":"United States","amplitude_id":179343697202,"region":"North Carolina","device_model":null,"data":{},"version_name":null,"platform":"Web","os_version":"84","session_id":1596664593337,"group_properties":{},"city":"Greensboro","user_id":"spalmisano@medthink.com","device_carrier":null,"device_id":"8UNdxKVPRF_w3NxKBieVdG","server_upload_time":"2020-08-05 21:59:51.324000","$schema":12,"processed_time":"2020-08-05 21:59:52.828480","sample_rate":null,"device_manufacturer":null,"library":"amplitude-js\/6.1.0","location_lng":null,"ip_address":"173.94.112.121","server_received_time":"2020-08-05 21:59:51.309000","start_version":null,"os_name":"Chrome","device_type":null,"device_brand":null,"event_id":9,"user_creation_time":"2020-07-21 16:47:53.962000","groups":{},"location_lat":null,"amplitude_event_type":null,"device_family":null,"paying":null,"amplitude_attribution_ids":null,"client_upload_time":"2020-08-05 21:59:50.518000","client_event_time":"2020-08-05 21:59:50.518000","uuid":"fd84761e-d766-11ea-9ab4-066181b8e150","$insert_id":"9f37f60b-48d7-458e-b4cd-276f5e85a11f","user_properties":{"Username":"spalmisano@medthink.com"},"event_type":"edit-scene-text","idfa":null,"app":277124,"dma":"Greensboro-Winston Salem, NC","adid":null,"is_attribution_event":false,"language":"English","event_properties":{"new-text":"It is a big idea - that leverages physician insights, compelling narratives, powerful visuals,","old-text":"It is a big idea - that leverages physician insights, compelling narratives, powerful visuals,&nbsp;..."}}
{"event_time":"2020-08-05 21:59:51.941000","country":"United States","amplitude_id":179343697202,"region":"North Carolina","device_model":null,"data":{},"version_name":null,"platform":"Web","os_version":"84","session_id":1596664593337,"group_properties":{},"city":"Greensboro","user_id":"spalmisano@medthink.com","device_carrier":null,"device_id":"8UNdxKVPRF_w3NxKBieVdG","server_upload_time":"2020-08-05 21:59:52.496000","$schema":12,"processed_time":"2020-08-05 21:59:54.799147","sample_rate":null,"device_manufacturer":null,"library":"amplitude-js\/6.1.0","location_lng":null,"ip_address":"173.94.112.121","server_received_time":"2020-08-05 21:59:52.475000","start_version":null,"os_name":"Chrome","device_type":null,"device_brand":null,"event_id":10,"user_creation_time":"2020-07-21 16:47:53.962000","groups":{},"location_lat":null,"amplitude_event_type":null,"device_family":null,"paying":null,"amplitude_attribution_ids":null,"client_upload_time":"2020-08-05 21:59:51.942000","client_event_time":"2020-08-05 21:59:51.941000","uuid":"feb1fa98-d766-11ea-9ab4-066181b8e150","$insert_id":"889e69a0-671a-4e0d-a997-9115a4b45b06","user_properties":{"Username":"spalmisano@medthink.com"},"event_type":"video-saved","idfa":null,"app":277124,"dma":"Greensboro-Winston Salem, NC","adid":null,"is_attribution_event":false,"language":"English","event_properties":{"project-name":"Welcome our objectiv","save-type":"Saved Video","project-id":300577409,"project-category":"Welcome our objective is to show you how we can Shift the Current state of KOL and peer-to-peer engagement influence HCP Behavior and amplify the power of Imbruvica"}}
