{"os_name":"Chrome","user_properties":{"Username":"vishal@pictory.ai"},"region":"Washington","idfa":null,"country":"United States","start_version":null,"session_id":1597600050691,"amplitude_attribution_ids":null,"$insert_id":"c05a53d5-e90d-4511-b10b-8c3d7da78b58","processed_time":"2020-08-16 17:48:40.088367","client_upload_time":"2020-08-16 17:48:39.510000","device_manufacturer":null,"is_attribution_event":false,"event_type":"subscription-page-visited","app":277124,"groups":{},"location_lat":null,"amplitude_id":158589205788,"dma":"Seattle-Tacoma, WA","device_type":null,"device_family":null,"$schema":12,"ip_address":"73.239.8.13","event_id":1,"user_creation_time":"2020-05-15 20:33:50.158000","os_version":"84","city":"Kirkland","platform":"Web","location_lng":null,"device_id":"j1RMfOaVwRBDobd5dqu434","user_id":"vishal@pictory.ai","uuid":"b7f24254-dfe8-11ea-948a-068a060df815","group_properties":{},"device_brand":null,"event_properties":{},"device_carrier":null,"version_name":null,"amplitude_event_type":null,"event_time":"2020-08-16 17:48:39.509000","client_event_time":"2020-08-16 17:48:39.509000","sample_rate":null,"data":{},"language":"English","adid":null,"library":"amplitude-js\/6.1.0","server_received_time":"2020-08-16 17:48:39.572000","device_model":null,"paying":null,"server_upload_time":"2020-08-16 17:48:39.584000"}
{"location_lat":null,"device_id":"kUkXIpAKEYaakZ3yQwYnmA","device_model":null,"device_type":null,"group_properties":{},"uuid":"00f52372-dfe9-11ea-ae41-06c321dd09bd","is_attribution_event":false,"library":"amplitude-js\/6.1.0","event_time":"2020-08-16 17:50:41.645000","client_upload_time":"2020-08-16 17:50:41.648000","amplitude_id":157876700889,"event_type":"start-with-article","adid":null,"amplitude_attribution_ids":null,"region":"Telangana","server_received_time":"2020-08-16 17:50:41.802000","city":"Hyderabad","data":{},"device_family":null,"user_creation_time":"2020-05-17 16:12:56.601000","paying":null,"os_version":"80","server_upload_time":"2020-08-16 17:50:41.815000","ip_address":"183.83.37.189","platform":"Web","language":"English","groups":{},"$insert_id":"03446817-0c45-4a49-8558-997ef4b1d923","event_properties":{"article-link":"https:\/\/www.corestack.io\/blog\/corestack-is-now-gdpr-compliant\/","project-id":286026964},"user_id":"shailendra@pictory.ai","location_lng":null,"$schema":12,"start_version":null,"processed_time":"2020-08-16 17:50:42.517065","amplitude_event_type":null,"app":277124,"sample_rate":null,"os_name":"Chrome","device_manufacturer":null,"user_properties":{"Username":"shailendra@pictory.ai"},"device_brand":null,"version_name":null,"event_id":1,"device_carrier":null,"session_id":1597600205224,"client_event_time":"2020-08-16 17:50:41.645000","idfa":null,"country":"India","dma":null}
{"location_lat":null,"device_id":"kUkXIpAKEYaakZ3yQwYnmA","device_model":null,"device_type":null,"group_properties":{},"uuid":"2bf7ea82-dfe9-11ea-ae41-06c321dd09bd","is_attribution_event":false,"library":"amplitude-js\/6.1.0","event_time":"2020-08-16 17:51:52.695000","client_upload_time":"2020-08-16 17:51:52.698000","amplitude_id":157876700889,"event_type":"next-button-pressed","adid":null,"amplitude_attribution_ids":null,"region":"Telangana","server_received_time":"2020-08-16 17:51:52.875000","city":"Hyderabad","data":{},"device_family":null,"user_creation_time":"2020-05-17 16:12:56.601000","paying":null,"os_version":"80","server_upload_time":"2020-08-16 17:51:52.883000","ip_address":"183.83.37.189","platform":"Web","language":"English","groups":{},"$insert_id":"fa70a5e7-a96c-4d54-ac31-102b7e244950","event_properties":{"article-link":"https:\/\/www.corestack.io\/blog\/corestack-is-now-gdpr-compliant\/","total-selected-sentences":5,"project-id":286026964},"user_id":"shailendra@pictory.ai","location_lng":null,"$schema":12,"start_version":null,"processed_time":"2020-08-16 17:51:54.686054","amplitude_event_type":null,"app":277124,"sample_rate":null,"os_name":"Chrome","device_manufacturer":null,"user_properties":{"Username":"shailendra@pictory.ai"},"device_brand":null,"version_name":null,"event_id":2,"device_carrier":null,"session_id":1597600205224,"client_event_time":"2020-08-16 17:51:52.695000","idfa":null,"country":"India","dma":null}
{"location_lat":null,"device_id":"kUkXIpAKEYaakZ3yQwYnmA","device_model":null,"device_type":null,"group_properties":{},"uuid":"3fa4159c-dfe9-11ea-ae41-06c321dd09bd","is_attribution_event":false,"library":"amplitude-js\/6.1.0","event_time":"2020-08-16 17:52:25.028000","client_upload_time":"2020-08-16 17:52:25.030000","amplitude_id":157876700889,"event_type":"video-saved","adid":null,"amplitude_attribution_ids":null,"region":"Telangana","server_received_time":"2020-08-16 17:52:25.183000","city":"Hyderabad","data":{},"device_family":null,"user_creation_time":"2020-05-17 16:12:56.601000","paying":null,"os_version":"80","server_upload_time":"2020-08-16 17:52:25.223000","ip_address":"183.83.37.189","platform":"Web","language":"English","groups":{},"$insert_id":"562acb02-724b-4666-ae6e-cd488f05eedc","event_properties":{"project-category":"CoreStack is now GDP","project-name":"CoreStack is now GDP","project-id":286026964,"save-type":"New Video"},"user_id":"shailendra@pictory.ai","location_lng":null,"$schema":12,"start_version":null,"processed_time":"2020-08-16 17:52:27.733291","amplitude_event_type":null,"app":277124,"sample_rate":null,"os_name":"Chrome","device_manufacturer":null,"user_properties":{"Username":"shailendra@pictory.ai"},"device_brand":null,"version_name":null,"event_id":3,"device_carrier":null,"session_id":1597600205224,"client_event_time":"2020-08-16 17:52:25.028000","idfa":null,"country":"India","dma":null}
{"location_lat":null,"device_id":"kUkXIpAKEYaakZ3yQwYnmA","device_model":null,"device_type":null,"group_properties":{},"uuid":"3fa41e20-dfe9-11ea-ae41-06c321dd09bd","is_attribution_event":false,"library":"amplitude-js\/6.1.0","event_time":"2020-08-16 17:52:26.626000","client_upload_time":"2020-08-16 17:52:26.627000","amplitude_id":157876700889,"event_type":"track-deselected","adid":null,"amplitude_attribution_ids":null,"region":"Telangana","server_received_time":"2020-08-16 17:52:26.777000","city":"Hyderabad","data":{},"device_family":null,"user_creation_time":"2020-05-17 16:12:56.601000","paying":null,"os_version":"80","server_upload_time":"2020-08-16 17:52:26.790000","ip_address":"183.83.37.189","platform":"Web","language":"English","groups":{},"$insert_id":"056879f4-450a-4cc9-b362-0241c690bd1b","event_properties":{"track-name":"All We Know","project-id":286026964},"user_id":"shailendra@pictory.ai","location_lng":null,"$schema":12,"start_version":null,"processed_time":"2020-08-16 17:52:27.738304","amplitude_event_type":null,"app":277124,"sample_rate":null,"os_name":"Chrome","device_manufacturer":null,"user_properties":{"Username":"shailendra@pictory.ai"},"device_brand":null,"version_name":null,"event_id":4,"device_carrier":null,"session_id":1597600205224,"client_event_time":"2020-08-16 17:52:26.626000","idfa":null,"country":"India","dma":null}
{"location_lat":null,"device_id":"kUkXIpAKEYaakZ3yQwYnmA","device_model":null,"device_type":null,"group_properties":{},"uuid":"4487b870-dfe9-11ea-ae41-06c321dd09bd","is_attribution_event":false,"library":"amplitude-js\/6.1.0","event_time":"2020-08-16 17:52:33.389000","client_upload_time":"2020-08-16 17:52:33.390000","amplitude_id":157876700889,"event_type":"track-selected","adid":null,"amplitude_attribution_ids":null,"region":"Telangana","server_received_time":"2020-08-16 17:52:33.539000","city":"Hyderabad","data":{},"device_family":null,"user_creation_time":"2020-05-17 16:12:56.601000","paying":null,"os_version":"80","server_upload_time":"2020-08-16 17:52:33.554000","ip_address":"183.83.37.189","platform":"Web","language":"English","groups":{},"$insert_id":"1f0f1e28-7f8d-42db-820a-208c0a96f2b7","event_properties":{"track-name":"All We Know","project-id":286026964},"user_id":"shailendra@pictory.ai","location_lng":null,"$schema":12,"start_version":null,"processed_time":"2020-08-16 17:52:35.840880","amplitude_event_type":null,"app":277124,"sample_rate":null,"os_name":"Chrome","device_manufacturer":null,"user_properties":{"Username":"shailendra@pictory.ai"},"device_brand":null,"version_name":null,"event_id":5,"device_carrier":null,"session_id":1597600205224,"client_event_time":"2020-08-16 17:52:33.389000","idfa":null,"country":"India","dma":null}
{"location_lat":null,"device_id":"kUkXIpAKEYaakZ3yQwYnmA","device_model":null,"device_type":null,"group_properties":{},"uuid":"459b823c-dfe9-11ea-ae41-06c321dd09bd","is_attribution_event":false,"library":"amplitude-js\/6.1.0","event_time":"2020-08-16 17:52:36.376000","client_upload_time":"2020-08-16 17:52:36.379000","amplitude_id":157876700889,"event_type":"video-saved","adid":null,"amplitude_attribution_ids":null,"region":"Telangana","server_received_time":"2020-08-16 17:52:36.560000","city":"Hyderabad","data":{},"device_family":null,"user_creation_time":"2020-05-17 16:12:56.601000","paying":null,"os_version":"80","server_upload_time":"2020-08-16 17:52:36.567000","ip_address":"183.83.37.189","platform":"Web","language":"English","groups":{},"$insert_id":"73cb9283-4bf0-498f-b06f-7fb08f54b537","event_properties":{"project-category":"CoreStack is now GDP","project-name":"CoreStack is now GDP","project-id":286026964,"save-type":"Saved Video"},"user_id":"shailendra@pictory.ai","location_lng":null,"$schema":12,"start_version":null,"processed_time":"2020-08-16 17:52:37.658205","amplitude_event_type":null,"app":277124,"sample_rate":null,"os_name":"Chrome","device_manufacturer":null,"user_properties":{"Username":"shailendra@pictory.ai"},"device_brand":null,"version_name":null,"event_id":6,"device_carrier":null,"session_id":1597600205224,"client_event_time":"2020-08-16 17:52:36.376000","idfa":null,"country":"India","dma":null}
{"event_time":"2020-08-16 17:53:42.367000","region":"Washington","device_model":null,"library":"amplitude-js\/6.1.0","client_event_time":"2020-08-16 17:53:42.367000","event_id":1,"user_properties":{"Username":"vishal@pictory.ai"},"amplitude_id":158589205788,"device_type":null,"sample_rate":null,"app":277124,"city":"Kirkland","country":"United States","idfa":null,"os_name":"Chrome","user_creation_time":"2020-05-15 20:33:50.158000","amplitude_attribution_ids":null,"device_brand":null,"server_upload_time":"2020-08-16 17:53:42.448000","processed_time":"2020-08-16 17:53:42.964976","start_version":null,"$insert_id":"ee584997-1d43-4885-bfd2-f617d1ae8bd6","session_id":1597600405404,"device_manufacturer":null,"data":{},"location_lat":null,"ip_address":"73.239.8.13","groups":{},"version_name":null,"device_id":"A8seFIAyHzp_TRxY-xp7rJ","dma":"Seattle-Tacoma, WA","paying":null,"device_family":null,"is_attribution_event":false,"adid":null,"location_lng":null,"user_id":"vishal@pictory.ai","amplitude_event_type":null,"$schema":12,"group_properties":{},"event_properties":{"project-id":995441564,"article-link":"https:\/\/www.prweb.com\/releases\/corestack_accepted_into_forbes_technology_council_forbes_technology_council_is_an_invitation_only_community_for_world_class_cios_ctos_and_technology_executives\/prweb16073133.htm"},"uuid":"6c8495dc-dfe9-11ea-a13c-06f74c0d6d1d","client_upload_time":"2020-08-16 17:53:42.368000","server_received_time":"2020-08-16 17:53:42.443000","event_type":"start-with-article","os_version":"84","platform":"Web","language":"English","device_carrier":null}
{"event_time":"2020-08-16 17:53:50.932000","region":"Washington","device_model":null,"library":"amplitude-js\/6.1.0","client_event_time":"2020-08-16 17:53:50.932000","event_id":2,"user_properties":{"Username":"vishal@pictory.ai"},"amplitude_id":158589205788,"device_type":null,"sample_rate":null,"app":277124,"city":"Kirkland","country":"United States","idfa":null,"os_name":"Chrome","user_creation_time":"2020-05-15 20:33:50.158000","amplitude_attribution_ids":null,"device_brand":null,"server_upload_time":"2020-08-16 17:53:51.021000","processed_time":"2020-08-16 17:53:52.172058","start_version":null,"$insert_id":"49e476c3-3289-4096-8861-e86a842c4c34","session_id":1597600405404,"device_manufacturer":null,"data":{},"location_lat":null,"ip_address":"73.239.8.13","groups":{},"version_name":null,"device_id":"A8seFIAyHzp_TRxY-xp7rJ","dma":"Seattle-Tacoma, WA","paying":null,"device_family":null,"is_attribution_event":false,"adid":null,"location_lng":null,"user_id":"vishal@pictory.ai","amplitude_event_type":null,"$schema":12,"group_properties":{},"event_properties":{"project-id":995441564,"article-link":"https:\/\/www.prweb.com\/releases\/corestack_accepted_into_forbes_technology_council_forbes_technology_council_is_an_invitation_only_community_for_world_class_cios_ctos_and_technology_executives\/prweb16073133.htm","total-selected-sentences":5},"uuid":"7205c5bc-dfe9-11ea-a13c-06f74c0d6d1d","client_upload_time":"2020-08-16 17:53:50.933000","server_received_time":"2020-08-16 17:53:51.010000","event_type":"next-button-pressed","os_version":"84","platform":"Web","language":"English","device_carrier":null}
{"event_time":"2020-08-16 17:53:57.714000","region":"Washington","device_model":null,"library":"amplitude-js\/6.1.0","client_event_time":"2020-08-16 17:53:57.714000","event_id":3,"user_properties":{"Username":"vishal@pictory.ai"},"amplitude_id":158589205788,"device_type":null,"sample_rate":null,"app":277124,"city":"Kirkland","country":"United States","idfa":null,"os_name":"Chrome","user_creation_time":"2020-05-15 20:33:50.158000","amplitude_attribution_ids":null,"device_brand":null,"server_upload_time":"2020-08-16 17:53:57.891000","processed_time":"2020-08-16 17:54:00.786372","start_version":null,"$insert_id":"7bed9c7a-2390-420c-bbde-dd70d30abff0","session_id":1597600405404,"device_manufacturer":null,"data":{},"location_lat":null,"ip_address":"73.239.8.13","groups":{},"version_name":null,"device_id":"A8seFIAyHzp_TRxY-xp7rJ","dma":"Seattle-Tacoma, WA","paying":null,"device_family":null,"is_attribution_event":false,"adid":null,"location_lng":null,"user_id":"vishal@pictory.ai","amplitude_event_type":null,"$schema":12,"group_properties":{},"event_properties":{"project-id":995441564,"track-name":"All We Know"},"uuid":"772468b4-dfe9-11ea-a13c-06f74c0d6d1d","client_upload_time":"2020-08-16 17:53:57.714000","server_received_time":"2020-08-16 17:53:57.875000","event_type":"track-deselected","os_version":"84","platform":"Web","language":"English","device_carrier":null}
{"event_time":"2020-08-16 17:53:58.697000","region":"Washington","device_model":null,"library":"amplitude-js\/6.1.0","client_event_time":"2020-08-16 17:53:58.697000","event_id":4,"user_properties":{"Username":"vishal@pictory.ai"},"amplitude_id":158589205788,"device_type":null,"sample_rate":null,"app":277124,"city":"Kirkland","country":"United States","idfa":null,"os_name":"Chrome","user_creation_time":"2020-05-15 20:33:50.158000","amplitude_attribution_ids":null,"device_brand":null,"server_upload_time":"2020-08-16 17:53:58.800000","processed_time":"2020-08-16 17:54:00.789359","start_version":null,"$insert_id":"956342cd-1295-457c-a8fb-400dd01e39aa","session_id":1597600405404,"device_manufacturer":null,"data":{},"location_lat":null,"ip_address":"73.239.8.13","groups":{},"version_name":null,"device_id":"A8seFIAyHzp_TRxY-xp7rJ","dma":"Seattle-Tacoma, WA","paying":null,"device_family":null,"is_attribution_event":false,"adid":null,"location_lng":null,"user_id":"vishal@pictory.ai","amplitude_event_type":null,"$schema":12,"group_properties":{},"event_properties":{"project-id":995441564,"track-name":"All We Know"},"uuid":"772476c4-dfe9-11ea-a13c-06f74c0d6d1d","client_upload_time":"2020-08-16 17:53:58.698000","server_received_time":"2020-08-16 17:53:58.790000","event_type":"track-selected","os_version":"84","platform":"Web","language":"English","device_carrier":null}
{"event_time":"2020-08-16 17:53:59.300000","region":"Washington","device_model":null,"library":"amplitude-js\/6.1.0","client_event_time":"2020-08-16 17:53:59.300000","event_id":5,"user_properties":{"Username":"vishal@pictory.ai"},"amplitude_id":158589205788,"device_type":null,"sample_rate":null,"app":277124,"city":"Kirkland","country":"United States","idfa":null,"os_name":"Chrome","user_creation_time":"2020-05-15 20:33:50.158000","amplitude_attribution_ids":null,"device_brand":null,"server_upload_time":"2020-08-16 17:53:59.502000","processed_time":"2020-08-16 17:54:00.792870","start_version":null,"$insert_id":"962b4bd5-8685-4f73-b00e-686e50247f6b","session_id":1597600405404,"device_manufacturer":null,"data":{},"location_lat":null,"ip_address":"73.239.8.13","groups":{},"version_name":null,"device_id":"A8seFIAyHzp_TRxY-xp7rJ","dma":"Seattle-Tacoma, WA","paying":null,"device_family":null,"is_attribution_event":false,"adid":null,"location_lng":null,"user_id":"vishal@pictory.ai","amplitude_event_type":null,"$schema":12,"group_properties":{},"event_properties":{"project-id":995441564,"save-type":"New Video","project-name":"CoreStack Accepted i","project-category":"CoreStack Accepted i"},"uuid":"7724842a-dfe9-11ea-a13c-06f74c0d6d1d","client_upload_time":"2020-08-16 17:53:59.300000","server_received_time":"2020-08-16 17:53:59.491000","event_type":"video-saved","os_version":"84","platform":"Web","language":"English","device_carrier":null}
{"event_time":"2020-08-16 17:54:02.947000","region":"Washington","device_model":null,"library":"amplitude-js\/6.1.0","client_event_time":"2020-08-16 17:54:02.947000","event_id":6,"user_properties":{"Username":"vishal@pictory.ai"},"amplitude_id":158589205788,"device_type":null,"sample_rate":null,"app":277124,"city":"Kirkland","country":"United States","idfa":null,"os_name":"Chrome","user_creation_time":"2020-05-15 20:33:50.158000","amplitude_attribution_ids":null,"device_brand":null,"server_upload_time":"2020-08-16 17:54:03.039000","processed_time":"2020-08-16 17:54:04.916175","start_version":null,"$insert_id":"e503c5b6-8771-4c32-ad24-cc782fecf6f7","session_id":1597600405404,"device_manufacturer":null,"data":{},"location_lat":null,"ip_address":"73.239.8.13","groups":{},"version_name":null,"device_id":"A8seFIAyHzp_TRxY-xp7rJ","dma":"Seattle-Tacoma, WA","paying":null,"device_family":null,"is_attribution_event":false,"adid":null,"location_lng":null,"user_id":"vishal@pictory.ai","amplitude_event_type":null,"$schema":12,"group_properties":{},"event_properties":{"project-id":995441564,"save-type":"Saved Video","project-name":"CoreStack Accepted i","project-category":"CoreStack Accepted i"},"uuid":"799fbbde-dfe9-11ea-a13c-06f74c0d6d1d","client_upload_time":"2020-08-16 17:54:02.948000","server_received_time":"2020-08-16 17:54:03.027000","event_type":"video-saved","os_version":"84","platform":"Web","language":"English","device_carrier":null}
{"location_lat":null,"device_id":"kUkXIpAKEYaakZ3yQwYnmA","device_model":null,"device_type":null,"group_properties":{},"uuid":"8ea8372c-dfe9-11ea-ae41-06c321dd09bd","is_attribution_event":false,"library":"amplitude-js\/6.1.0","event_time":"2020-08-16 17:54:37.044000","client_upload_time":"2020-08-16 17:54:37.045000","amplitude_id":157876700889,"event_type":"asset-searched","adid":null,"amplitude_attribution_ids":null,"region":"Telangana","server_received_time":"2020-08-16 17:54:37.737000","city":"Hyderabad","data":{},"device_family":null,"user_creation_time":"2020-05-17 16:12:56.601000","paying":null,"os_version":"80","server_upload_time":"2020-08-16 17:54:37.742000","ip_address":"183.83.37.189","platform":"Web","language":"English","groups":{},"$insert_id":"d3f2f16d-c6db-401a-a881-7e61c00ef411","event_properties":{"search-term":"priority","project-id":286026964,"search-type":"All"},"user_id":"shailendra@pictory.ai","location_lng":null,"$schema":12,"start_version":null,"processed_time":"2020-08-16 17:54:40.305754","amplitude_event_type":null,"app":277124,"sample_rate":null,"os_name":"Chrome","device_manufacturer":null,"user_properties":{"Username":"shailendra@pictory.ai"},"device_brand":null,"version_name":null,"event_id":7,"device_carrier":null,"session_id":1597600205224,"client_event_time":"2020-08-16 17:54:37.044000","idfa":null,"country":"India","dma":null}
{"location_lat":null,"device_id":"kUkXIpAKEYaakZ3yQwYnmA","device_model":null,"device_type":null,"group_properties":{},"uuid":"956d1e24-dfe9-11ea-ae41-06c321dd09bd","is_attribution_event":false,"library":"amplitude-js\/6.1.0","event_time":"2020-08-16 17:54:49.844000","client_upload_time":"2020-08-16 17:54:49.849000","amplitude_id":157876700889,"event_type":"asset-searched","adid":null,"amplitude_attribution_ids":null,"region":"Telangana","server_received_time":"2020-08-16 17:54:49.981000","city":"Hyderabad","data":{},"device_family":null,"user_creation_time":"2020-05-17 16:12:56.601000","paying":null,"os_version":"80","server_upload_time":"2020-08-16 17:54:50.011000","ip_address":"183.83.37.189","platform":"Web","language":"English","groups":{},"$insert_id":"c804627c-ee24-4029-ac0d-252b8638dd14","event_properties":{"search-term":"priority","project-id":286026964,"search-type":"All"},"user_id":"shailendra@pictory.ai","location_lng":null,"$schema":12,"start_version":null,"processed_time":"2020-08-16 17:54:51.562037","amplitude_event_type":null,"app":277124,"sample_rate":null,"os_name":"Chrome","device_manufacturer":null,"user_properties":{"Username":"shailendra@pictory.ai"},"device_brand":null,"version_name":null,"event_id":8,"device_carrier":null,"session_id":1597600205224,"client_event_time":"2020-08-16 17:54:49.844000","idfa":null,"country":"India","dma":null}
{"location_lat":null,"device_id":"kUkXIpAKEYaakZ3yQwYnmA","device_model":null,"device_type":null,"group_properties":{},"uuid":"b2860c1e-dfe9-11ea-ae41-06c321dd09bd","is_attribution_event":false,"library":"amplitude-js\/6.1.0","event_time":"2020-08-16 17:55:34.976000","client_upload_time":"2020-08-16 17:55:34.977000","amplitude_id":157876700889,"event_type":"asset-searched","adid":null,"amplitude_attribution_ids":null,"region":"Telangana","server_received_time":"2020-08-16 17:55:35.104000","city":"Hyderabad","data":{},"device_family":null,"user_creation_time":"2020-05-17 16:12:56.601000","paying":null,"os_version":"80","server_upload_time":"2020-08-16 17:55:35.112000","ip_address":"183.83.37.189","platform":"Web","language":"English","groups":{},"$insert_id":"a5a94bef-35bc-4528-a19e-fac93810db9b","event_properties":{"project-id":286026964,"search-type":"All"},"user_id":"shailendra@pictory.ai","location_lng":null,"$schema":12,"start_version":null,"processed_time":"2020-08-16 17:55:40.385527","amplitude_event_type":null,"app":277124,"sample_rate":null,"os_name":"Chrome","device_manufacturer":null,"user_properties":{"Username":"shailendra@pictory.ai"},"device_brand":null,"version_name":null,"event_id":9,"device_carrier":null,"session_id":1597600205224,"client_event_time":"2020-08-16 17:55:34.976000","idfa":null,"country":"India","dma":null}
{"location_lat":null,"device_id":"kUkXIpAKEYaakZ3yQwYnmA","device_model":null,"device_type":null,"group_properties":{},"uuid":"b44d1be6-dfe9-11ea-ae41-06c321dd09bd","is_attribution_event":false,"library":"amplitude-js\/6.1.0","event_time":"2020-08-16 17:55:38.279000","client_upload_time":"2020-08-16 17:55:38.280000","amplitude_id":157876700889,"event_type":"asset-searched","adid":null,"amplitude_attribution_ids":null,"region":"Telangana","server_received_time":"2020-08-16 17:55:38.412000","city":"Hyderabad","data":{},"device_family":null,"user_creation_time":"2020-05-17 16:12:56.601000","paying":null,"os_version":"80","server_upload_time":"2020-08-16 17:55:38.457000","ip_address":"183.83.37.189","platform":"Web","language":"English","groups":{},"$insert_id":"46962e60-d51b-4efb-a93e-93c56bb7a694","event_properties":{"project-id":286026964,"search-type":"All"},"user_id":"shailendra@pictory.ai","location_lng":null,"$schema":12,"start_version":null,"processed_time":"2020-08-16 17:55:43.362929","amplitude_event_type":null,"app":277124,"sample_rate":null,"os_name":"Chrome","device_manufacturer":null,"user_properties":{"Username":"shailendra@pictory.ai"},"device_brand":null,"version_name":null,"event_id":10,"device_carrier":null,"session_id":1597600205224,"client_event_time":"2020-08-16 17:55:38.279000","idfa":null,"country":"India","dma":null}
{"device_brand":null,"event_properties":{"article-link":"https:\/\/www.prweb.com\/releases\/corestack_accepted_into_forbes_technology_council_forbes_technology_council_is_an_invitation_only_community_for_world_class_cios_ctos_and_technology_executives\/prweb16073133.htm","video-name":"CoreStack Accepted into Forbes Technology Council, Forbes Technology Council Is an Invitation-Only Community for World-Class CIOs, CTOs, and Technology Executives"},"device_id":"2PX4upn4_ZOOqsjwLS-D_3","os_name":"Chrome","server_upload_time":"2020-08-16 17:55:47.937000","idfa":null,"device_model":null,"sample_rate":null,"start_version":null,"amplitude_event_type":null,"device_family":null,"event_type":"delete-video","$schema":12,"is_attribution_event":false,"event_time":"2020-08-16 17:55:47.851000","location_lat":null,"client_event_time":"2020-08-16 17:55:47.851000","version_name":null,"processed_time":"2020-08-16 17:55:49.559616","data":{},"device_carrier":null,"country":"United States","amplitude_id":158589205788,"app":277124,"groups":{},"user_id":"vishal@pictory.ai","location_lng":null,"group_properties":{},"$insert_id":"1834b9d3-df4a-42f2-be2c-425573e90d3f","paying":null,"session_id":1597600527888,"region":"Washington","adid":null,"event_id":1,"language":"English","city":"Kirkland","user_properties":{"Username":"vishal@pictory.ai"},"amplitude_attribution_ids":null,"os_version":"84","device_manufacturer":null,"client_upload_time":"2020-08-16 17:55:47.852000","dma":"Seattle-Tacoma, WA","ip_address":"73.239.8.13","uuid":"b7f691b4-dfe9-11ea-ab1f-0adeb755d839","device_type":null,"library":"amplitude-js\/6.1.0","platform":"Web","user_creation_time":"2020-05-15 20:33:50.158000","server_received_time":"2020-08-16 17:55:47.929000"}
{"device_brand":null,"event_properties":{"article-link":"https:\/\/www.prweb.com\/releases\/corestack_accepted_into_forbes_technology_council_forbes_technology_council_is_an_invitation_only_community_for_world_class_cios_ctos_and_technology_executives\/prweb16073133.htm","video-name":"CoreStack Accepted i"},"device_id":"2PX4upn4_ZOOqsjwLS-D_3","os_name":"Chrome","server_upload_time":"2020-08-16 17:55:56.635000","idfa":null,"device_model":null,"sample_rate":null,"start_version":null,"amplitude_event_type":null,"device_family":null,"event_type":"delete-video","$schema":12,"is_attribution_event":false,"event_time":"2020-08-16 17:55:56.540000","location_lat":null,"client_event_time":"2020-08-16 17:55:56.540000","version_name":null,"processed_time":"2020-08-16 17:55:57.830534","data":{},"device_carrier":null,"country":"United States","amplitude_id":158589205788,"app":277124,"groups":{},"user_id":"vishal@pictory.ai","location_lng":null,"group_properties":{},"$insert_id":"549ee568-78ea-40e6-988f-20b17faa3885","paying":null,"session_id":1597600527888,"region":"Washington","adid":null,"event_id":2,"language":"English","city":"Kirkland","user_properties":{"Username":"vishal@pictory.ai"},"amplitude_attribution_ids":null,"os_version":"84","device_manufacturer":null,"client_upload_time":"2020-08-16 17:55:56.541000","dma":"Seattle-Tacoma, WA","ip_address":"73.239.8.13","uuid":"bcec763e-dfe9-11ea-ab1f-0adeb755d839","device_type":null,"library":"amplitude-js\/6.1.0","platform":"Web","user_creation_time":"2020-05-15 20:33:50.158000","server_received_time":"2020-08-16 17:55:56.618000"}
{"location_lat":null,"device_id":"kUkXIpAKEYaakZ3yQwYnmA","device_model":null,"device_type":null,"group_properties":{},"uuid":"cd803cf6-dfe9-11ea-ae41-06c321dd09bd","is_attribution_event":false,"library":"amplitude-js\/6.1.0","event_time":"2020-08-16 17:56:24.805000","client_upload_time":"2020-08-16 17:56:24.806000","amplitude_id":157876700889,"event_type":"next-button-pressed","adid":null,"amplitude_attribution_ids":null,"region":"Telangana","server_received_time":"2020-08-16 17:56:24.962000","city":"Hyderabad","data":{},"device_family":null,"user_creation_time":"2020-05-17 16:12:56.601000","paying":null,"os_version":"80","server_upload_time":"2020-08-16 17:56:24.974000","ip_address":"183.83.37.189","platform":"Web","language":"English","groups":{},"$insert_id":"d0193467-306a-4a29-9099-239a55f273a2","event_properties":{"article-link":"https:\/\/www.corestack.io\/blog\/corestack-is-now-gdpr-compliant\/","total-selected-sentences":5,"project-id":286026964},"user_id":"shailendra@pictory.ai","location_lng":null,"$schema":12,"start_version":null,"processed_time":"2020-08-16 17:56:25.639731","amplitude_event_type":null,"app":277124,"sample_rate":null,"os_name":"Chrome","device_manufacturer":null,"user_properties":{"Username":"shailendra@pictory.ai"},"device_brand":null,"version_name":null,"event_id":11,"device_carrier":null,"session_id":1597600205224,"client_event_time":"2020-08-16 17:56:24.805000","idfa":null,"country":"India","dma":null}
{"location_lat":null,"device_id":"kUkXIpAKEYaakZ3yQwYnmA","device_model":null,"device_type":null,"group_properties":{},"uuid":"e3f3077a-dfe9-11ea-ae41-06c321dd09bd","is_attribution_event":false,"library":"amplitude-js\/6.1.0","event_time":"2020-08-16 17:56:59.935000","client_upload_time":"2020-08-16 17:57:00.032000","amplitude_id":157876700889,"event_type":"track-deselected","adid":null,"amplitude_attribution_ids":null,"region":"Telangana","server_received_time":"2020-08-16 17:57:01.648000","city":"Hyderabad","data":{},"device_family":null,"user_creation_time":"2020-05-17 16:12:56.601000","paying":null,"os_version":"80","server_upload_time":"2020-08-16 17:57:01.663000","ip_address":"183.83.37.189","platform":"Web","language":"English","groups":{},"$insert_id":"5dd299b6-e8ce-406d-8cf8-df5b9c580a22","event_properties":{"track-name":"All We Know","project-id":286026964},"user_id":"shailendra@pictory.ai","location_lng":null,"$schema":12,"start_version":null,"processed_time":"2020-08-16 17:57:03.310826","amplitude_event_type":null,"app":277124,"sample_rate":null,"os_name":"Chrome","device_manufacturer":null,"user_properties":{"Username":"shailendra@pictory.ai"},"device_brand":null,"version_name":null,"event_id":12,"device_carrier":null,"session_id":1597600205224,"client_event_time":"2020-08-16 17:56:59.935000","idfa":null,"country":"India","dma":null}
{"location_lat":null,"device_id":"kUkXIpAKEYaakZ3yQwYnmA","device_model":null,"device_type":null,"group_properties":{},"uuid":"e52ed1c8-dfe9-11ea-ae41-06c321dd09bd","is_attribution_event":false,"library":"amplitude-js\/6.1.0","event_time":"2020-08-16 17:57:03.684000","client_upload_time":"2020-08-16 17:57:03.720000","amplitude_id":157876700889,"event_type":"video-saved","adid":null,"amplitude_attribution_ids":null,"region":"Telangana","server_received_time":"2020-08-16 17:57:04.092000","city":"Hyderabad","data":{},"device_family":null,"user_creation_time":"2020-05-17 16:12:56.601000","paying":null,"os_version":"80","server_upload_time":"2020-08-16 17:57:04.098000","ip_address":"183.83.37.189","platform":"Web","language":"English","groups":{},"$insert_id":"441a37d9-8156-4c6d-8632-77d1a0d1a937","event_properties":{"project-category":"CoreStack is now GDP","project-name":"CoreStack is now GDP","project-id":286026964,"save-type":"New Video"},"user_id":"shailendra@pictory.ai","location_lng":null,"$schema":12,"start_version":null,"processed_time":"2020-08-16 17:57:05.371549","amplitude_event_type":null,"app":277124,"sample_rate":null,"os_name":"Chrome","device_manufacturer":null,"user_properties":{"Username":"shailendra@pictory.ai"},"device_brand":null,"version_name":null,"event_id":13,"device_carrier":null,"session_id":1597600205224,"client_event_time":"2020-08-16 17:57:03.684000","idfa":null,"country":"India","dma":null}
{"location_lat":null,"device_id":"kUkXIpAKEYaakZ3yQwYnmA","device_model":null,"device_type":null,"group_properties":{},"uuid":"e6ea40a6-dfe9-11ea-ae41-06c321dd09bd","is_attribution_event":false,"library":"amplitude-js\/6.1.0","event_time":"2020-08-16 17:57:06.981000","client_upload_time":"2020-08-16 17:57:06.983000","amplitude_id":157876700889,"event_type":"track-selected","adid":null,"amplitude_attribution_ids":null,"region":"Telangana","server_received_time":"2020-08-16 17:57:07.113000","city":"Hyderabad","data":{},"device_family":null,"user_creation_time":"2020-05-17 16:12:56.601000","paying":null,"os_version":"80","server_upload_time":"2020-08-16 17:57:07.127000","ip_address":"183.83.37.189","platform":"Web","language":"English","groups":{},"$insert_id":"349c6d5b-f2d5-4a68-a2c2-982dbba32914","event_properties":{"track-name":"All We Know","project-id":286026964},"user_id":"shailendra@pictory.ai","location_lng":null,"$schema":12,"start_version":null,"processed_time":"2020-08-16 17:57:08.288382","amplitude_event_type":null,"app":277124,"sample_rate":null,"os_name":"Chrome","device_manufacturer":null,"user_properties":{"Username":"shailendra@pictory.ai"},"device_brand":null,"version_name":null,"event_id":14,"device_carrier":null,"session_id":1597600205224,"client_event_time":"2020-08-16 17:57:06.981000","idfa":null,"country":"India","dma":null}
{"location_lat":null,"device_id":"kUkXIpAKEYaakZ3yQwYnmA","device_model":null,"device_type":null,"group_properties":{},"uuid":"e818c5f6-dfe9-11ea-ae41-06c321dd09bd","is_attribution_event":false,"library":"amplitude-js\/6.1.0","event_time":"2020-08-16 17:57:08.805000","client_upload_time":"2020-08-16 17:57:08.806000","amplitude_id":157876700889,"event_type":"video-saved","adid":null,"amplitude_attribution_ids":null,"region":"Telangana","server_received_time":"2020-08-16 17:57:08.939000","city":"Hyderabad","data":{},"device_family":null,"user_creation_time":"2020-05-17 16:12:56.601000","paying":null,"os_version":"80","server_upload_time":"2020-08-16 17:57:08.959000","ip_address":"183.83.37.189","platform":"Web","language":"English","groups":{},"$insert_id":"db98c91e-245f-4e57-a534-b60892cb2bec","event_properties":{"project-category":"CoreStack is now GDP","project-name":"CoreStack is now GDP","project-id":286026964,"save-type":"Saved Video"},"user_id":"shailendra@pictory.ai","location_lng":null,"$schema":12,"start_version":null,"processed_time":"2020-08-16 17:57:10.261959","amplitude_event_type":null,"app":277124,"sample_rate":null,"os_name":"Chrome","device_manufacturer":null,"user_properties":{"Username":"shailendra@pictory.ai"},"device_brand":null,"version_name":null,"event_id":15,"device_carrier":null,"session_id":1597600205224,"client_event_time":"2020-08-16 17:57:08.805000","idfa":null,"country":"India","dma":null}
{"device_type":null,"region":"Washington","device_brand":null,"sample_rate":null,"dma":"Seattle-Tacoma, WA","device_model":null,"library":"amplitude-js\/6.1.0","platform":"Web","version_name":null,"language":"English","adid":null,"uuid":"fe5842f6-dfe9-11ea-85a8-028bdd65f5ef","amplitude_attribution_ids":null,"user_id":"vishal@pictory.ai","device_id":"Pi_CS-9QLqonExKbpU0JaZ","amplitude_event_type":null,"data":{},"amplitude_id":158589205788,"ip_address":"73.239.8.13","event_id":1,"device_family":null,"session_id":1597600561671,"device_carrier":null,"event_time":"2020-08-16 17:57:45.548000","user_creation_time":"2020-05-15 20:33:50.158000","client_upload_time":"2020-08-16 17:57:45.549000","city":"Kirkland","processed_time":"2020-08-16 17:57:47.611521","event_type":"saved-video-opened","group_properties":{},"$schema":12,"idfa":null,"server_upload_time":"2020-08-16 17:57:45.641000","app":277124,"$insert_id":"d88454e6-c4c6-48a1-9412-22146368cacc","is_attribution_event":false,"start_version":null,"event_properties":{"project-name":"The Importance of Vi"},"location_lng":null,"groups":{},"client_event_time":"2020-08-16 17:57:45.548000","location_lat":null,"country":"United States","os_name":"Chrome","server_received_time":"2020-08-16 17:57:45.628000","os_version":"84","device_manufacturer":null,"user_properties":{"Username":"vishal@pictory.ai"},"paying":null}
{"device_type":null,"region":"Washington","device_brand":null,"sample_rate":null,"dma":"Seattle-Tacoma, WA","device_model":null,"library":"amplitude-js\/6.1.0","platform":"Web","version_name":null,"language":"English","adid":null,"uuid":"0100a3f4-dfea-11ea-85a8-028bdd65f5ef","amplitude_attribution_ids":null,"user_id":"vishal@pictory.ai","device_id":"Pi_CS-9QLqonExKbpU0JaZ","amplitude_event_type":null,"data":{},"amplitude_id":158589205788,"ip_address":"73.239.8.13","event_id":2,"device_family":null,"session_id":1597600561671,"device_carrier":null,"event_time":"2020-08-16 17:57:51.017000","user_creation_time":"2020-05-15 20:33:50.158000","client_upload_time":"2020-08-16 17:57:51.017000","city":"Kirkland","processed_time":"2020-08-16 17:57:52.074750","event_type":"next-button-pressed","group_properties":{},"$schema":12,"idfa":null,"server_upload_time":"2020-08-16 17:57:51.162000","app":277124,"$insert_id":"873e7f61-d336-43ac-9a44-8a37ed266c5a","is_attribution_event":false,"start_version":null,"event_properties":{"total-selected-sentences":14,"article-link":"https:\/\/digitalmarketinginstitute.com\/en-us\/blog\/the-importance-of-video-marketing","project-id":513620559},"location_lng":null,"groups":{},"client_event_time":"2020-08-16 17:57:51.017000","location_lat":null,"country":"United States","os_name":"Chrome","server_received_time":"2020-08-16 17:57:51.149000","os_version":"84","device_manufacturer":null,"user_properties":{"Username":"vishal@pictory.ai"},"paying":null}
{"device_type":null,"region":"Washington","device_brand":null,"sample_rate":null,"dma":"Seattle-Tacoma, WA","device_model":null,"library":"amplitude-js\/6.1.0","platform":"Web","version_name":null,"language":"English","adid":null,"uuid":"0b2cd6a4-dfea-11ea-85a8-028bdd65f5ef","amplitude_attribution_ids":null,"user_id":"vishal@pictory.ai","device_id":"Pi_CS-9QLqonExKbpU0JaZ","amplitude_event_type":null,"data":{},"amplitude_id":158589205788,"ip_address":"73.239.8.13","event_id":3,"device_family":null,"session_id":1597600561671,"device_carrier":null,"event_time":"2020-08-16 17:58:07.124000","user_creation_time":"2020-05-15 20:33:50.158000","client_upload_time":"2020-08-16 17:58:07.125000","city":"Kirkland","processed_time":"2020-08-16 17:58:09.113722","event_type":"track-deselected","group_properties":{},"$schema":12,"idfa":null,"server_upload_time":"2020-08-16 17:58:07.214000","app":277124,"$insert_id":"874e007f-f55f-4125-beb5-072e9d39582f","is_attribution_event":false,"start_version":null,"event_properties":{"project-id":513620559,"track-name":"All We Know"},"location_lng":null,"groups":{},"client_event_time":"2020-08-16 17:58:07.124000","location_lat":null,"country":"United States","os_name":"Chrome","server_received_time":"2020-08-16 17:58:07.207000","os_version":"84","device_manufacturer":null,"user_properties":{"Username":"vishal@pictory.ai"},"paying":null}
{"device_type":null,"region":"Washington","device_brand":null,"sample_rate":null,"dma":"Seattle-Tacoma, WA","device_model":null,"library":"amplitude-js\/6.1.0","platform":"Web","version_name":null,"language":"English","adid":null,"uuid":"0c30012a-dfea-11ea-85a8-028bdd65f5ef","amplitude_attribution_ids":null,"user_id":"vishal@pictory.ai","device_id":"Pi_CS-9QLqonExKbpU0JaZ","amplitude_event_type":null,"data":{},"amplitude_id":158589205788,"ip_address":"73.239.8.13","event_id":4,"device_family":null,"session_id":1597600561671,"device_carrier":null,"event_time":"2020-08-16 17:58:08.653000","user_creation_time":"2020-05-15 20:33:50.158000","client_upload_time":"2020-08-16 17:58:08.654000","city":"Kirkland","processed_time":"2020-08-16 17:58:10.833483","event_type":"track-selected","group_properties":{},"$schema":12,"idfa":null,"server_upload_time":"2020-08-16 17:58:08.747000","app":277124,"$insert_id":"fc177371-3d50-4a9c-9e49-bfe34a68ed91","is_attribution_event":false,"start_version":null,"event_properties":{"project-id":513620559,"track-name":"All We Know"},"location_lng":null,"groups":{},"client_event_time":"2020-08-16 17:58:08.653000","location_lat":null,"country":"United States","os_name":"Chrome","server_received_time":"2020-08-16 17:58:08.739000","os_version":"84","device_manufacturer":null,"user_properties":{"Username":"vishal@pictory.ai"},"paying":null}
{"device_type":null,"region":"Washington","device_brand":null,"sample_rate":null,"dma":"Seattle-Tacoma, WA","device_model":null,"library":"amplitude-js\/6.1.0","platform":"Web","version_name":null,"language":"English","adid":null,"uuid":"0c300e68-dfea-11ea-85a8-028bdd65f5ef","amplitude_attribution_ids":null,"user_id":"vishal@pictory.ai","device_id":"Pi_CS-9QLqonExKbpU0JaZ","amplitude_event_type":null,"data":{},"amplitude_id":158589205788,"ip_address":"73.239.8.13","event_id":5,"device_family":null,"session_id":1597600561671,"device_carrier":null,"event_time":"2020-08-16 17:58:09.685000","user_creation_time":"2020-05-15 20:33:50.158000","client_upload_time":"2020-08-16 17:58:09.686000","city":"Kirkland","processed_time":"2020-08-16 17:58:10.837344","event_type":"video-saved","group_properties":{},"$schema":12,"idfa":null,"server_upload_time":"2020-08-16 17:58:09.788000","app":277124,"$insert_id":"5a1051fe-96a2-49c3-bc01-fb3508cb5aea","is_attribution_event":false,"start_version":null,"event_properties":{"project-category":"The Importance of Vi","project-name":"The Importance of Vi","save-type":"New Video","project-id":513620559},"location_lng":null,"groups":{},"client_event_time":"2020-08-16 17:58:09.685000","location_lat":null,"country":"United States","os_name":"Chrome","server_received_time":"2020-08-16 17:58:09.783000","os_version":"84","device_manufacturer":null,"user_properties":{"Username":"vishal@pictory.ai"},"paying":null}
{"device_type":null,"region":"Washington","device_brand":null,"sample_rate":null,"dma":"Seattle-Tacoma, WA","device_model":null,"library":"amplitude-js\/6.1.0","platform":"Web","version_name":null,"language":"English","adid":null,"uuid":"14cdb516-dfea-11ea-85a8-028bdd65f5ef","amplitude_attribution_ids":null,"user_id":"vishal@pictory.ai","device_id":"Pi_CS-9QLqonExKbpU0JaZ","amplitude_event_type":null,"data":{},"amplitude_id":158589205788,"ip_address":"73.239.8.13","event_id":6,"device_family":null,"session_id":1597600561671,"device_carrier":null,"event_time":"2020-08-16 17:58:24.306000","user_creation_time":"2020-05-15 20:33:50.158000","client_upload_time":"2020-08-16 17:58:24.306000","city":"Kirkland","processed_time":"2020-08-16 17:58:25.268458","event_type":"video-saved","group_properties":{},"$schema":12,"idfa":null,"server_upload_time":"2020-08-16 17:58:24.409000","app":277124,"$insert_id":"81deb528-ac08-4723-9013-5790c44cde87","is_attribution_event":false,"start_version":null,"event_properties":{"project-category":"The Importance of Vi","project-name":"The Importance of Vi","save-type":"Saved Video","project-id":513620559},"location_lng":null,"groups":{},"client_event_time":"2020-08-16 17:58:24.306000","location_lat":null,"country":"United States","os_name":"Chrome","server_received_time":"2020-08-16 17:58:24.389000","os_version":"84","device_manufacturer":null,"user_properties":{"Username":"vishal@pictory.ai"},"paying":null}
{"device_type":null,"region":"Washington","device_brand":null,"sample_rate":null,"dma":"Seattle-Tacoma, WA","device_model":null,"library":"amplitude-js\/6.1.0","platform":"Web","version_name":null,"language":"English","adid":null,"uuid":"4b963dca-dfea-11ea-85a8-028bdd65f5ef","amplitude_attribution_ids":null,"user_id":"vishal@pictory.ai","device_id":"Pi_CS-9QLqonExKbpU0JaZ","amplitude_event_type":null,"data":{},"amplitude_id":158589205788,"ip_address":"73.239.8.13","event_id":7,"device_family":null,"session_id":1597600561671,"device_carrier":null,"event_time":"2020-08-16 17:59:55.816000","user_creation_time":"2020-05-15 20:33:50.158000","client_upload_time":"2020-08-16 17:59:55.818000","city":"Kirkland","processed_time":"2020-08-16 17:59:57.209840","event_type":"generate-clicked-after-exceeding-quota","group_properties":{},"$schema":12,"idfa":null,"server_upload_time":"2020-08-16 17:59:55.859000","app":277124,"$insert_id":"8cfc1ae2-e41a-4d09-b182-b6824c361334","is_attribution_event":false,"start_version":null,"event_properties":{},"location_lng":null,"groups":{},"client_event_time":"2020-08-16 17:59:55.816000","location_lat":null,"country":"United States","os_name":"Chrome","server_received_time":"2020-08-16 17:59:55.852000","os_version":"84","device_manufacturer":null,"user_properties":{"Username":"vishal@pictory.ai"},"paying":null}
