{"data":{},"app":277124,"version_name":null,"session_id":1597130633333,"dma":null,"platform":"Web","device_carrier":null,"server_upload_time":"2020-08-11 11:06:47.652000","device_id":"-R6m5uyYEW96Pa0hB_mjtz","start_version":null,"library":"amplitude-js\/6.1.0","device_brand":null,"processed_time":"2020-08-11 11:06:50.917074","client_event_time":"2020-08-11 11:06:46.934000","groups":{},"$schema":12,"server_received_time":"2020-08-11 11:06:47.644000","group_properties":{},"os_name":"Chrome","user_properties":{"Username":"tripviki@gmail.com"},"user_creation_time":"2020-07-31 10:41:07.911000","region":"Telangana","ip_address":"183.83.140.127","country":"India","language":"English","device_manufacturer":null,"event_properties":{"time-taken-in-seconds":464,"time-taken-in-minutes":"7.73","project-id":142154679},"sample_rate":null,"event_time":"2020-08-11 11:06:46.934000","adid":null,"is_attribution_event":false,"uuid":"c1bb7c30-dbc2-11ea-ae94-0a01e6b07691","event_id":2247,"client_upload_time":"2020-08-11 11:06:46.936000","os_version":"84","device_type":null,"amplitude_event_type":null,"$insert_id":"ea03678c-f47f-4575-a48b-75097005f9be","idfa":null,"device_model":null,"paying":null,"amplitude_attribution_ids":null,"city":"Hyderabad","event_type":"video-generated","user_id":"tripviki@gmail.com","location_lat":null,"device_family":null,"amplitude_id":181607702172,"location_lng":null}
{"data":{},"app":277124,"version_name":null,"session_id":1597130633333,"dma":null,"platform":"Web","device_carrier":null,"server_upload_time":"2020-08-11 11:06:51.691000","device_id":"-R6m5uyYEW96Pa0hB_mjtz","start_version":null,"library":"amplitude-js\/6.1.0","device_brand":null,"processed_time":"2020-08-11 11:06:54.175411","client_event_time":"2020-08-11 11:06:51.504000","groups":{},"$schema":12,"server_received_time":"2020-08-11 11:06:51.673000","group_properties":{},"os_name":"Chrome","user_properties":{"Username":"tripviki@gmail.com"},"user_creation_time":"2020-07-31 10:41:07.911000","region":"Telangana","ip_address":"183.83.140.127","country":"India","language":"English","device_manufacturer":null,"event_properties":{"project-category":"Intro","save-type":"Saved Video","project-name":"Vikash PM","project-id":142154679},"sample_rate":null,"event_time":"2020-08-11 11:06:51.504000","adid":null,"is_attribution_event":false,"uuid":"c3b1c558-dbc2-11ea-ae94-0a01e6b07691","event_id":2248,"client_upload_time":"2020-08-11 11:06:51.504000","os_version":"84","device_type":null,"amplitude_event_type":null,"$insert_id":"d79a5061-350a-48c0-aad9-543c61851bf7","idfa":null,"device_model":null,"paying":null,"amplitude_attribution_ids":null,"city":"Hyderabad","event_type":"video-saved","user_id":"tripviki@gmail.com","location_lat":null,"device_family":null,"amplitude_id":181607702172,"location_lng":null}
{"data":{},"app":277124,"version_name":null,"session_id":1597130633333,"dma":null,"platform":"Web","device_carrier":null,"server_upload_time":"2020-08-11 11:10:13.812000","device_id":"-R6m5uyYEW96Pa0hB_mjtz","start_version":null,"library":"amplitude-js\/6.1.0","device_brand":null,"processed_time":"2020-08-11 11:10:14.094052","client_event_time":"2020-08-11 11:10:13.017000","groups":{},"$schema":12,"server_received_time":"2020-08-11 11:10:13.808000","group_properties":{},"os_name":"Chrome","user_properties":{"Username":"tripviki@gmail.com"},"user_creation_time":"2020-07-31 10:41:07.911000","region":"Telangana","ip_address":"183.83.140.127","country":"India","language":"English","device_manufacturer":null,"event_properties":{"video-name":"<strong>Product management professional<\/strong>, having around 20 years of experience in Product, Project, Program, Delivery, and Engineering Management. .mp4","video-link":"https:\/\/video.pictory.ai\/b6x","project-id":142154679},"sample_rate":null,"event_time":"2020-08-11 11:10:13.017000","adid":null,"is_attribution_event":false,"uuid":"3adb0c52-dbc3-11ea-ae94-0a01e6b07691","event_id":2249,"client_upload_time":"2020-08-11 11:10:13.019000","os_version":"84","device_type":null,"amplitude_event_type":null,"$insert_id":"e13ea06f-0ea2-4586-826d-0fcffb95eabc","idfa":null,"device_model":null,"paying":null,"amplitude_attribution_ids":null,"city":"Hyderabad","event_type":"video-downloaded","user_id":"tripviki@gmail.com","location_lat":null,"device_family":null,"amplitude_id":181607702172,"location_lng":null}
