{"amplitude_attribution_ids":null,"language":"English","is_attribution_event":false,"app":277124,"version_name":null,"start_version":null,"os_name":"Chrome","user_id":"vikram@pictory.ai","amplitude_event_type":null,"device_manufacturer":null,"processed_time":"2020-08-07 15:51:34.877514","event_type":"subscription-page-visited","paying":null,"platform":"Web","device_type":null,"adid":null,"country":"United States","groups":{},"city":"Lake Stevens","uuid":"deed3e88-d8c5-11ea-be3e-02a6add71501","dma":"Seattle-Tacoma, WA","idfa":null,"amplitude_id":157956802362,"device_carrier":null,"$schema":12,"device_model":null,"event_id":1680,"server_upload_time":"2020-08-07 15:51:33.822000","sample_rate":null,"user_properties":{"Username":"vikram@pictory.ai"},"event_properties":{},"location_lng":null,"session_id":1596815486893,"device_id":"Q7DEYHSryLp0H1aRz9RtrZ","user_creation_time":"2020-05-17 00:13:14.288000","library":"amplitude-js\/6.1.0","location_lat":null,"os_version":"84","$insert_id":"2cde7dce-154f-4507-adf5-9fb4dcef6d22","region":"Washington","client_upload_time":"2020-08-07 15:51:33.788000","client_event_time":"2020-08-07 15:51:33.787000","device_family":null,"ip_address":"73.140.177.242","server_received_time":"2020-08-07 15:51:33.815000","event_time":"2020-08-07 15:51:33.787000","group_properties":{},"data":{},"device_brand":null}
{"location_lng":null,"event_id":1,"device_id":"eqLgzF_Q13A_Hs3sEPBxfY","user_id":"spalmisano@medthink.com","platform":"Web","library":"amplitude-js\/6.1.0","groups":{},"client_event_time":"2020-08-07 15:52:30.838000","group_properties":{},"client_upload_time":"2020-08-07 15:52:30.838000","amplitude_attribution_ids":null,"adid":null,"app":277124,"device_type":null,"server_received_time":"2020-08-07 15:52:30.927000","data":{},"ip_address":"173.94.112.121","event_properties":{"error-info":"https:\/\/brand-settings-images130431-pictory.s3.us-east-2.amazonaws.com\/public\/7edf8136-c092-4625-8a2e-4a370e98d70c\/errors\/application\/1596815550009-crash.txt"},"event_type":"app-crash","amplitude_id":179343697202,"user_properties":{"Username":"spalmisano@medthink.com"},"device_manufacturer":null,"os_version":"84","device_family":null,"device_model":null,"country":"United States","start_version":null,"processed_time":"2020-08-07 15:52:32.327515","os_name":"Chrome","sample_rate":null,"idfa":null,"amplitude_event_type":null,"paying":null,"server_upload_time":"2020-08-07 15:52:30.940000","version_name":null,"$insert_id":"8194193b-53af-4bf2-a309-3863df2b3813","region":"North Carolina","event_time":"2020-08-07 15:52:30.838000","city":"Greensboro","is_attribution_event":false,"session_id":1596815549151,"device_carrier":null,"language":"English","device_brand":null,"dma":"Greensboro-Winston Salem, NC","$schema":12,"location_lat":null,"user_creation_time":"2020-07-21 16:47:53.962000","uuid":"0127ec6e-d8c6-11ea-8cc3-02a122015811"}
