{"uuid":"15ef45a6-e083-11ea-be31-06e966b43606","amplitude_event_type":null,"device_brand":null,"event_type":"track-deselected","ip_address":"183.83.37.189","version_name":null,"amplitude_attribution_ids":null,"group_properties":{},"idfa":null,"device_family":null,"device_id":"hIembmCN8duBxLIMTu7kCI","device_carrier":null,"session_id":1597666393164,"city":"Hyderabad","$insert_id":"e291247e-9e21-4ac3-9f54-b10b6d1caad1","adid":null,"location_lat":null,"device_model":null,"country":"India","location_lng":null,"event_time":"2020-08-17 12:13:38.490000","app":277124,"data":{},"paying":null,"language":"English","client_upload_time":"2020-08-17 12:13:38.491000","user_creation_time":"2020-05-17 16:12:56.601000","os_name":"Chrome","device_manufacturer":null,"$schema":12,"client_event_time":"2020-08-17 12:13:38.490000","device_type":null,"is_attribution_event":false,"user_id":"shailendra@pictory.ai","user_properties":{"Username":"shailendra@pictory.ai"},"region":"Telangana","event_id":1,"os_version":"80","start_version":null,"library":"amplitude-js\/6.1.0","server_upload_time":"2020-08-17 12:13:38.631000","server_received_time":"2020-08-17 12:13:38.626000","amplitude_id":157876700889,"event_properties":{"project-id":286026964,"track-name":"All We Know"},"processed_time":"2020-08-17 12:13:40.170064","dma":null,"groups":{},"sample_rate":null,"platform":"Web"}
{"uuid":"16cc6058-e083-11ea-be31-06e966b43606","amplitude_event_type":null,"device_brand":null,"event_type":"track-selected","ip_address":"183.83.37.189","version_name":null,"amplitude_attribution_ids":null,"group_properties":{},"idfa":null,"device_family":null,"device_id":"hIembmCN8duBxLIMTu7kCI","device_carrier":null,"session_id":1597666393164,"city":"Hyderabad","$insert_id":"3e9f3d99-4c55-40db-9399-b4d6cd55c839","adid":null,"location_lat":null,"device_model":null,"country":"India","location_lng":null,"event_time":"2020-08-17 12:13:40.853000","app":277124,"data":{},"paying":null,"language":"English","client_upload_time":"2020-08-17 12:13:40.854000","user_creation_time":"2020-05-17 16:12:56.601000","os_name":"Chrome","device_manufacturer":null,"$schema":12,"client_event_time":"2020-08-17 12:13:40.853000","device_type":null,"is_attribution_event":false,"user_id":"shailendra@pictory.ai","user_properties":{"Username":"shailendra@pictory.ai"},"region":"Telangana","event_id":2,"os_version":"80","start_version":null,"library":"amplitude-js\/6.1.0","server_upload_time":"2020-08-17 12:13:41.002000","server_received_time":"2020-08-17 12:13:40.983000","amplitude_id":157876700889,"event_properties":{"project-id":286026964,"track-name":"All We Know"},"processed_time":"2020-08-17 12:13:41.615089","dma":null,"groups":{},"sample_rate":null,"platform":"Web"}
{"uuid":"1986e412-e083-11ea-be31-06e966b43606","amplitude_event_type":null,"device_brand":null,"event_type":"video-saved","ip_address":"183.83.37.189","version_name":null,"amplitude_attribution_ids":null,"group_properties":{},"idfa":null,"device_family":null,"device_id":"hIembmCN8duBxLIMTu7kCI","device_carrier":null,"session_id":1597666393164,"city":"Hyderabad","$insert_id":"5d168d26-0ea3-47b0-8dba-95ec4f3a97d2","adid":null,"location_lat":null,"device_model":null,"country":"India","location_lng":null,"event_time":"2020-08-17 12:13:43.872000","app":277124,"data":{},"paying":null,"language":"English","client_upload_time":"2020-08-17 12:13:43.874000","user_creation_time":"2020-05-17 16:12:56.601000","os_name":"Chrome","device_manufacturer":null,"$schema":12,"client_event_time":"2020-08-17 12:13:43.872000","device_type":null,"is_attribution_event":false,"user_id":"shailendra@pictory.ai","user_properties":{"Username":"shailendra@pictory.ai"},"region":"Telangana","event_id":3,"os_version":"80","start_version":null,"library":"amplitude-js\/6.1.0","server_upload_time":"2020-08-17 12:13:44.029000","server_received_time":"2020-08-17 12:13:44.019000","amplitude_id":157876700889,"event_properties":{"save-type":"New Video","project-id":286026964,"project-name":"CoreStack is now GDP","project-category":"CoreStack is now GDP"},"processed_time":"2020-08-17 12:13:46.196344","dma":null,"groups":{},"sample_rate":null,"platform":"Web"}
{"uuid":"1c2d7064-e083-11ea-be31-06e966b43606","amplitude_event_type":null,"device_brand":null,"event_type":"video-saved","ip_address":"183.83.37.189","version_name":null,"amplitude_attribution_ids":null,"group_properties":{},"idfa":null,"device_family":null,"device_id":"hIembmCN8duBxLIMTu7kCI","device_carrier":null,"session_id":1597666393164,"city":"Hyderabad","$insert_id":"32ab622c-d66e-4478-9dc8-d6446301b56d","adid":null,"location_lat":null,"device_model":null,"country":"India","location_lng":null,"event_time":"2020-08-17 12:13:49.740000","app":277124,"data":{},"paying":null,"language":"English","client_upload_time":"2020-08-17 12:13:49.740000","user_creation_time":"2020-05-17 16:12:56.601000","os_name":"Chrome","device_manufacturer":null,"$schema":12,"client_event_time":"2020-08-17 12:13:49.740000","device_type":null,"is_attribution_event":false,"user_id":"shailendra@pictory.ai","user_properties":{"Username":"shailendra@pictory.ai"},"region":"Telangana","event_id":4,"os_version":"80","start_version":null,"library":"amplitude-js\/6.1.0","server_upload_time":"2020-08-17 12:13:49.881000","server_received_time":"2020-08-17 12:13:49.873000","amplitude_id":157876700889,"event_properties":{"save-type":"Saved Video","project-id":286026964,"project-name":"CoreStack is now GDP","project-category":"CoreStack is now GDP"},"processed_time":"2020-08-17 12:13:50.637260","dma":null,"groups":{},"sample_rate":null,"platform":"Web"}
{"client_upload_time":"2020-08-17 12:20:13.280000","adid":null,"app":277124,"server_upload_time":"2020-08-17 12:20:09.623000","groups":{},"device_family":null,"location_lat":null,"library":"amplitude-js\/6.1.0","os_name":"Chrome","start_version":null,"os_version":"84","sample_rate":null,"device_brand":null,"event_properties":{"login-via":"Google"},"$insert_id":"d297a4e9-e3a2-41f9-905f-7d721304a53c","group_properties":{},"is_attribution_event":false,"data":{"first_event":true},"amplitude_event_type":null,"event_type":"user-login","user_creation_time":"2020-08-17 12:20:13.277000","device_id":"HtwREDZ1Alyungkoa8VuqO","server_received_time":"2020-08-17 12:20:09.621000","version_name":null,"device_manufacturer":null,"dma":null,"platform":"Web","location_lng":null,"device_type":null,"paying":null,"user_id":null,"language":"English","ip_address":"200.123.142.143","idfa":null,"session_id":1597666714426,"device_model":null,"processed_time":"2020-08-17 12:20:10.787824","city":"Buenos Aires","device_carrier":null,"amplitude_id":185437229541,"region":"Buenos Aires F.D.","client_event_time":"2020-08-17 12:20:13.277000","user_properties":{},"country":"Argentina","uuid":"feba26de-e083-11ea-b29b-0a15f158c099","$schema":12,"event_id":1,"amplitude_attribution_ids":null,"event_time":"2020-08-17 12:20:13.277000"}
{"client_event_time":"2020-08-17 12:20:47.407000","server_upload_time":"2020-08-17 12:20:43.729000","user_properties":{"Username":"viethoangtranduong@gmail.com"},"adid":null,"amplitude_attribution_ids":null,"amplitude_id":174246542447,"dma":null,"amplitude_event_type":null,"processed_time":"2020-08-17 12:20:45.079698","user_id":"viethoangtranduong@gmail.com","$schema":12,"library":"amplitude-js\/6.1.0","paying":null,"device_model":null,"city":"Buenos Aires","language":"English","$insert_id":"e270ec8f-0adc-48c4-b875-20ca7d27f8b8","os_version":"84","event_id":1,"device_manufacturer":null,"client_upload_time":"2020-08-17 12:20:47.408000","ip_address":"200.123.142.143","idfa":null,"server_received_time":"2020-08-17 12:20:43.724000","data":{},"app":277124,"country":"Argentina","sample_rate":null,"os_name":"Chrome","user_creation_time":"2020-06-29 17:11:44.666000","device_type":null,"device_id":"atF61MFsXiSsagqJw7fh20","is_attribution_event":false,"location_lng":null,"session_id":1597666819648,"event_properties":{"article-link":"https:\/\/www.corestack.io\/resource-centre\/cams-a-leading-financial-services-company-reduces-cloud-costs-by-60-using-corestack-platform\/","project-id":126532145},"region":"Buenos Aires F.D.","device_carrier":null,"group_properties":{},"start_version":null,"groups":{},"location_lat":null,"event_time":"2020-08-17 12:20:47.407000","device_brand":null,"device_family":null,"event_type":"start-with-article","uuid":"1330fe8a-e084-11ea-bec9-0696270f990f","version_name":null,"platform":"Web"}
