{"device_model":null,"app":277124,"amplitude_id":179343697202,"dma":"Greensboro-Winston Salem, NC","user_properties":{"Username":"spalmisano@medthink.com"},"device_id":"0kmccI74p4XgoAFbFKRVrn","user_id":"spalmisano@medthink.com","platform":"Web","device_carrier":null,"library":"amplitude-js\/6.1.0","idfa":null,"sample_rate":null,"server_received_time":"2020-08-06 14:08:11.574000","event_time":"2020-08-06 14:08:10.922000","ip_address":"173.94.112.121","is_attribution_event":false,"session_id":1596722890922,"group_properties":{},"event_type":"voice-over-clicked","start_version":null,"$insert_id":"b0f3c876-ebef-4e5b-a0bf-f42157ff3ad1","device_manufacturer":null,"location_lng":null,"data":{},"language":"English","server_upload_time":"2020-08-06 14:08:11.582000","device_brand":null,"country":"United States","paying":null,"device_family":null,"event_id":244,"uuid":"43c7acea-d7ee-11ea-8c6e-06a2c124c817","region":"North Carolina","city":"Greensboro","user_creation_time":"2020-07-21 16:47:53.962000","processed_time":"2020-08-06 14:08:12.850741","amplitude_event_type":null,"device_type":null,"os_name":"Chrome","amplitude_attribution_ids":null,"version_name":null,"client_event_time":"2020-08-06 14:08:10.922000","adid":null,"event_properties":{"project-id":300577409},"location_lat":null,"groups":{},"client_upload_time":"2020-08-06 14:08:10.927000","os_version":"84","$schema":12}
{"device_model":null,"app":277124,"amplitude_id":179343697202,"dma":"Greensboro-Winston Salem, NC","user_properties":{"Username":"spalmisano@medthink.com"},"device_id":"0kmccI74p4XgoAFbFKRVrn","user_id":"spalmisano@medthink.com","platform":"Web","device_carrier":null,"library":"amplitude-js\/6.1.0","idfa":null,"sample_rate":null,"server_received_time":"2020-08-06 14:10:13.113000","event_time":"2020-08-06 14:10:13.037000","ip_address":"173.94.112.121","is_attribution_event":false,"session_id":1596722890922,"group_properties":{},"event_type":"saved-video-opened","start_version":null,"$insert_id":"db81124c-3a77-458c-804e-8419853dce5f","device_manufacturer":null,"location_lng":null,"data":{},"language":"English","server_upload_time":"2020-08-06 14:10:13.144000","device_brand":null,"country":"United States","paying":null,"device_family":null,"event_id":245,"uuid":"8f51864a-d7ee-11ea-8c6e-06a2c124c817","region":"North Carolina","city":"Greensboro","user_creation_time":"2020-07-21 16:47:53.962000","processed_time":"2020-08-06 14:10:19.506108","amplitude_event_type":null,"device_type":null,"os_name":"Chrome","amplitude_attribution_ids":null,"version_name":null,"client_event_time":"2020-08-06 14:10:13.037000","adid":null,"event_properties":{"project-category":"The traditional model for Medical Affairs is increasingly redundantmoving away from a push model to a partnership model  with strategic and long-term engagement of stakeholders such as HCPs","project-name":"RFP Aug 2020"},"location_lat":null,"groups":{},"client_upload_time":"2020-08-06 14:10:13.042000","os_version":"84","$schema":12}
{"device_model":null,"app":277124,"amplitude_id":179343697202,"dma":"Greensboro-Winston Salem, NC","user_properties":{"Username":"spalmisano@medthink.com"},"device_id":"0kmccI74p4XgoAFbFKRVrn","user_id":"spalmisano@medthink.com","platform":"Web","device_carrier":null,"library":"amplitude-js\/6.1.0","idfa":null,"sample_rate":null,"server_received_time":"2020-08-06 14:10:29.701000","event_time":"2020-08-06 14:10:29.626000","ip_address":"173.94.112.121","is_attribution_event":false,"session_id":1596722890922,"group_properties":{},"event_type":"saved-video-opened","start_version":null,"$insert_id":"beb7d46f-af37-42e9-a4d4-0079497b1a29","device_manufacturer":null,"location_lng":null,"data":{},"language":"English","server_upload_time":"2020-08-06 14:10:29.714000","device_brand":null,"country":"United States","paying":null,"device_family":null,"event_id":246,"uuid":"989891ee-d7ee-11ea-8c6e-06a2c124c817","region":"North Carolina","city":"Greensboro","user_creation_time":"2020-07-21 16:47:53.962000","processed_time":"2020-08-06 14:10:35.065608","amplitude_event_type":null,"device_type":null,"os_name":"Chrome","amplitude_attribution_ids":null,"version_name":null,"client_event_time":"2020-08-06 14:10:29.626000","adid":null,"event_properties":{"project-category":"Welcome our objective is to show you how we can Shift the Current state of KOL and peer-to-peer engagement influence HCP Behavior and amplify the power of Imbruvica","project-name":"MedThink Communications"},"location_lat":null,"groups":{},"client_upload_time":"2020-08-06 14:10:29.626000","os_version":"84","$schema":12}
{"app":277124,"paying":null,"is_attribution_event":false,"location_lng":null,"user_id":"marketing@zinrelo.com","platform":"Web","event_time":"2020-08-06 14:33:47.158000","device_id":"u_AF9tpzOT_w2N274DuKbe","$schema":12,"sample_rate":null,"server_received_time":"2020-08-06 14:33:47.881000","user_properties":{"Username":"marketing@zinrelo.com"},"language":"English","amplitude_id":174727268466,"start_version":null,"idfa":null,"processed_time":"2020-08-06 14:33:49.976006","device_model":null,"event_properties":{"error-info":"https:\/\/brand-settings-images130431-pictory.s3.us-east-2.amazonaws.com\/public\/906a8d5e-b3f2-4387-a01f-df10d0418b52\/errors\/application\/1596724420582-crash.txt"},"amplitude_attribution_ids":null,"uuid":"d8054c5c-d7f1-11ea-abaa-06ced3e1a24d","device_manufacturer":null,"event_id":1603,"client_upload_time":"2020-08-06 14:33:47.159000","groups":{},"ip_address":"42.108.255.141","server_upload_time":"2020-08-06 14:33:47.894000","os_name":"Chrome","country":"India","os_version":"84","device_carrier":null,"dma":null,"data":{},"user_creation_time":"2020-07-02 08:54:44.362000","version_name":null,"city":"Pune","adid":null,"library":"amplitude-js\/6.1.0","client_event_time":"2020-08-06 14:33:47.158000","device_family":null,"event_type":"app-crash","region":"Maharashtra","device_type":null,"$insert_id":"d79cc49a-3334-43f4-b201-b9b87787834a","device_brand":null,"group_properties":{},"session_id":1596724417089,"amplitude_event_type":null,"location_lat":null}
{"device_model":null,"app":277124,"amplitude_id":179343697202,"dma":"Greensboro-Winston Salem, NC","user_properties":{"Username":"spalmisano@medthink.com"},"device_id":"0kmccI74p4XgoAFbFKRVrn","user_id":"spalmisano@medthink.com","platform":"Web","device_carrier":null,"library":"amplitude-js\/6.1.0","idfa":null,"sample_rate":null,"server_received_time":"2020-08-06 14:45:23.725000","event_time":"2020-08-06 14:45:23.185000","ip_address":"173.94.112.121","is_attribution_event":false,"session_id":1596725123185,"group_properties":{},"event_type":"saved-video-opened","start_version":null,"$insert_id":"fd2ac09a-6fbe-4c91-b757-12991a709998","device_manufacturer":null,"location_lng":null,"data":{},"language":"English","server_upload_time":"2020-08-06 14:45:23.745000","device_brand":null,"country":"United States","paying":null,"device_family":null,"event_id":247,"uuid":"76bbbfce-d7f3-11ea-8c6e-06a2c124c817","region":"North Carolina","city":"Greensboro","user_creation_time":"2020-07-21 16:47:53.962000","processed_time":"2020-08-06 14:45:25.758887","amplitude_event_type":null,"device_type":null,"os_name":"Chrome","amplitude_attribution_ids":null,"version_name":null,"client_event_time":"2020-08-06 14:45:23.185000","adid":null,"event_properties":{"project-category":"Welcome our objective is to show you how we can Shift the Current state of KOL and peer-to-peer engagement influence HCP Behavior and amplify the power of Imbruvica","project-name":"MedThink Communications"},"location_lat":null,"groups":{},"client_upload_time":"2020-08-06 14:45:23.188000","os_version":"84","$schema":12}
{"device_model":null,"app":277124,"amplitude_id":179343697202,"dma":"Greensboro-Winston Salem, NC","user_properties":{"Username":"spalmisano@medthink.com"},"device_id":"0kmccI74p4XgoAFbFKRVrn","user_id":"spalmisano@medthink.com","platform":"Web","device_carrier":null,"library":"amplitude-js\/6.1.0","idfa":null,"sample_rate":null,"server_received_time":"2020-08-06 14:45:33.887000","event_time":"2020-08-06 14:45:33.735000","ip_address":"173.94.112.121","is_attribution_event":false,"session_id":1596725123185,"group_properties":{},"event_type":"preview-clicked","start_version":null,"$insert_id":"1ca1a146-ac41-4669-83e6-78dbbfa9015d","device_manufacturer":null,"location_lng":null,"data":{},"language":"English","server_upload_time":"2020-08-06 14:45:33.899000","device_brand":null,"country":"United States","paying":null,"device_family":null,"event_id":248,"uuid":"7c9edde0-d7f3-11ea-8c6e-06a2c124c817","region":"North Carolina","city":"Greensboro","user_creation_time":"2020-07-21 16:47:53.962000","processed_time":"2020-08-06 14:45:35.611727","amplitude_event_type":null,"device_type":null,"os_name":"Chrome","amplitude_attribution_ids":null,"version_name":null,"client_event_time":"2020-08-06 14:45:33.735000","adid":null,"event_properties":{"project-id":300577409},"location_lat":null,"groups":{},"client_upload_time":"2020-08-06 14:45:33.736000","os_version":"84","$schema":12}
{"device_model":null,"app":277124,"amplitude_id":179343697202,"dma":"Greensboro-Winston Salem, NC","user_properties":{"Username":"spalmisano@medthink.com"},"device_id":"0kmccI74p4XgoAFbFKRVrn","user_id":"spalmisano@medthink.com","platform":"Web","device_carrier":null,"library":"amplitude-js\/6.1.0","idfa":null,"sample_rate":null,"server_received_time":"2020-08-06 14:45:43.859000","event_time":"2020-08-06 14:45:43.756000","ip_address":"173.94.112.121","is_attribution_event":false,"session_id":1596725123185,"group_properties":{},"event_type":"resource-download-failed","start_version":null,"$insert_id":"66a7aeca-803f-4c77-a935-e65a8c8e81df","device_manufacturer":null,"location_lng":null,"data":{},"language":"English","server_upload_time":"2020-08-06 14:45:43.868000","device_brand":null,"country":"United States","paying":null,"device_family":null,"event_id":249,"uuid":"88485734-d7f3-11ea-8c6e-06a2c124c817","region":"North Carolina","city":"Greensboro","user_creation_time":"2020-07-21 16:47:53.962000","processed_time":"2020-08-06 14:45:55.182215","amplitude_event_type":null,"device_type":null,"os_name":"Chrome","amplitude_attribution_ids":null,"version_name":null,"client_event_time":"2020-08-06 14:45:43.756000","adid":null,"event_properties":{"service-name":"Downloadd-Video-Resources"},"location_lat":null,"groups":{},"client_upload_time":"2020-08-06 14:45:43.760000","os_version":"84","$schema":12}
{"device_model":null,"app":277124,"amplitude_id":179343697202,"dma":"Greensboro-Winston Salem, NC","user_properties":{"Username":"spalmisano@medthink.com"},"device_id":"0kmccI74p4XgoAFbFKRVrn","user_id":"spalmisano@medthink.com","platform":"Web","device_carrier":null,"library":"amplitude-js\/6.1.0","idfa":null,"sample_rate":null,"server_received_time":"2020-08-06 14:45:44.026000","event_time":"2020-08-06 14:45:43.765000","ip_address":"173.94.112.121","is_attribution_event":false,"session_id":1596725123185,"group_properties":{},"event_type":"resource-download-failed","start_version":null,"$insert_id":"ab307bb4-d383-4837-9f9c-f3e869b3b57d","device_manufacturer":null,"location_lng":null,"data":{},"language":"English","server_upload_time":"2020-08-06 14:45:44.041000","device_brand":null,"country":"United States","paying":null,"device_family":null,"event_id":250,"uuid":"8848644a-d7f3-11ea-8c6e-06a2c124c817","region":"North Carolina","city":"Greensboro","user_creation_time":"2020-07-21 16:47:53.962000","processed_time":"2020-08-06 14:45:55.185357","amplitude_event_type":null,"device_type":null,"os_name":"Chrome","amplitude_attribution_ids":null,"version_name":null,"client_event_time":"2020-08-06 14:45:43.765000","adid":null,"event_properties":{"service-name":"Downloadd-Video-Resources"},"location_lat":null,"groups":{},"client_upload_time":"2020-08-06 14:45:43.950000","os_version":"84","$schema":12}
{"device_model":null,"app":277124,"amplitude_id":179343697202,"dma":"Greensboro-Winston Salem, NC","user_properties":{"Username":"spalmisano@medthink.com"},"device_id":"0kmccI74p4XgoAFbFKRVrn","user_id":"spalmisano@medthink.com","platform":"Web","device_carrier":null,"library":"amplitude-js\/6.1.0","idfa":null,"sample_rate":null,"server_received_time":"2020-08-06 14:45:44.026000","event_time":"2020-08-06 14:45:43.768000","ip_address":"173.94.112.121","is_attribution_event":false,"session_id":1596725123185,"group_properties":{},"event_type":"resource-download-failed","start_version":null,"$insert_id":"ccfb6a85-9f87-4756-bbe5-6635195625d6","device_manufacturer":null,"location_lng":null,"data":{},"language":"English","server_upload_time":"2020-08-06 14:45:44.041000","device_brand":null,"country":"United States","paying":null,"device_family":null,"event_id":251,"uuid":"88486f80-d7f3-11ea-8c6e-06a2c124c817","region":"North Carolina","city":"Greensboro","user_creation_time":"2020-07-21 16:47:53.962000","processed_time":"2020-08-06 14:45:55.185368","amplitude_event_type":null,"device_type":null,"os_name":"Chrome","amplitude_attribution_ids":null,"version_name":null,"client_event_time":"2020-08-06 14:45:43.768000","adid":null,"event_properties":{"service-name":"Downloadd-Video-Resources"},"location_lat":null,"groups":{},"client_upload_time":"2020-08-06 14:45:43.950000","os_version":"84","$schema":12}
{"device_model":null,"app":277124,"amplitude_id":179343697202,"dma":"Greensboro-Winston Salem, NC","user_properties":{"Username":"spalmisano@medthink.com"},"device_id":"0kmccI74p4XgoAFbFKRVrn","user_id":"spalmisano@medthink.com","platform":"Web","device_carrier":null,"library":"amplitude-js\/6.1.0","idfa":null,"sample_rate":null,"server_received_time":"2020-08-06 14:45:46.815000","event_time":"2020-08-06 14:45:46.730000","ip_address":"173.94.112.121","is_attribution_event":false,"session_id":1596725123185,"group_properties":{},"event_type":"resource-download-failed","start_version":null,"$insert_id":"7f6402d5-10ec-47c9-bd50-10ac8d7e57c7","device_manufacturer":null,"location_lng":null,"data":{},"language":"English","server_upload_time":"2020-08-06 14:45:46.825000","device_brand":null,"country":"United States","paying":null,"device_family":null,"event_id":252,"uuid":"899652b2-d7f3-11ea-8c6e-06a2c124c817","region":"North Carolina","city":"Greensboro","user_creation_time":"2020-07-21 16:47:53.962000","processed_time":"2020-08-06 14:45:57.364712","amplitude_event_type":null,"device_type":null,"os_name":"Chrome","amplitude_attribution_ids":null,"version_name":null,"client_event_time":"2020-08-06 14:45:46.730000","adid":null,"event_properties":{"service-name":"Downloadd-Video-Resources"},"location_lat":null,"groups":{},"client_upload_time":"2020-08-06 14:45:46.731000","os_version":"84","$schema":12}
