{"event_properties":{"script":"<p>\u201cOpen Enrollment\u201d will be here soon!<\/p><p>And your BIG QUESTION should be\u2026<\/p><p>\u201cHow can my business provide better benefits and CONTAIN Healthcare costs?<\/p><p>Only Insperity has \u201cWorkforce Optimization,\u201d our time-tested P.E.O. solution<\/p><p>To provide Fortune 500 Benefits AND contain Healthcare Costs.<\/p><p>&nbsp;<\/p><p>Insperity is THE BEST Nationwide P.E.O. to insulate Your Business from year-over-year increases.&nbsp;<\/p><p>We\u2019ll provide a Dedicated Service Team of Experts and incredible Technology to help increase productivity and lower turnover.&nbsp;<\/p><p>There is more, a LOT more---but let\u2019s have a business discussion to see if will for you, your business and your most valuable asset\u2026your employees.<\/p><p>It can\u2019t hurt to talk!<\/p><p>Insperity, HR that makes a difference.<\/p>"},"dma":"Seattle-Tacoma, WA","paying":null,"event_type":"start-with-script","server_received_time":"2020-08-05 00:54:30.441000","app":277124,"device_model":null,"city":"Seattle","device_family":null,"group_properties":{},"client_event_time":"2020-08-05 00:54:29.062000","device_type":null,"device_id":"veZn4AfOpfYXHoZoBWkflb","os_name":"Chrome","device_carrier":null,"server_upload_time":"2020-08-05 00:54:30.451000","processed_time":"2020-08-05 00:54:31.124029","location_lat":null,"ip_address":"67.170.16.182","os_version":"84","user_creation_time":"2020-08-03 13:09:15.623000","uuid":"38a68dc4-d6b6-11ea-a361-0a38010fda36","language":"English","adid":null,"event_time":"2020-08-05 00:54:29.062000","data":{},"idfa":null,"amplitude_event_type":null,"device_manufacturer":null,"$insert_id":"d84465cf-f281-4982-914f-600150992369","user_properties":{"Username":"terry.polyak@insperity.com"},"version_name":null,"client_upload_time":"2020-08-05 00:54:29.067000","start_version":null,"device_brand":null,"sample_rate":null,"amplitude_attribution_ids":null,"country":"United States","user_id":"terry.polyak@insperity.com","event_id":187,"region":"Washington","session_id":1596587098926,"platform":"Web","$schema":12,"library":"amplitude-js\/6.1.0","amplitude_id":182260950305,"is_attribution_event":false,"location_lng":null,"groups":{}}
{"event_properties":{"project-id":68947660,"track-name":"All We Know"},"dma":"Seattle-Tacoma, WA","paying":null,"event_type":"track-deselected","server_received_time":"2020-08-05 00:54:51.996000","app":277124,"device_model":null,"city":"Seattle","device_family":null,"group_properties":{},"client_event_time":"2020-08-05 00:54:50.746000","device_type":null,"device_id":"veZn4AfOpfYXHoZoBWkflb","os_name":"Chrome","device_carrier":null,"server_upload_time":"2020-08-05 00:54:52.001000","processed_time":"2020-08-05 00:54:52.659221","location_lat":null,"ip_address":"67.170.16.182","os_version":"84","user_creation_time":"2020-08-03 13:09:15.623000","uuid":"457e9e10-d6b6-11ea-a361-0a38010fda36","language":"English","adid":null,"event_time":"2020-08-05 00:54:50.746000","data":{},"idfa":null,"amplitude_event_type":null,"device_manufacturer":null,"$insert_id":"ec7a54d7-2c3c-4369-852b-699473a08fdb","user_properties":{"Username":"terry.polyak@insperity.com"},"version_name":null,"client_upload_time":"2020-08-05 00:54:50.749000","start_version":null,"device_brand":null,"sample_rate":null,"amplitude_attribution_ids":null,"country":"United States","user_id":"terry.polyak@insperity.com","event_id":188,"region":"Washington","session_id":1596587098926,"platform":"Web","$schema":12,"library":"amplitude-js\/6.1.0","amplitude_id":182260950305,"is_attribution_event":false,"location_lng":null,"groups":{}}
{"event_properties":{"project-id":68947660,"track-name":"All We Know"},"dma":"Seattle-Tacoma, WA","paying":null,"event_type":"track-selected","server_received_time":"2020-08-05 00:54:54.238000","app":277124,"device_model":null,"city":"Seattle","device_family":null,"group_properties":{},"client_event_time":"2020-08-05 00:54:52.975000","device_type":null,"device_id":"veZn4AfOpfYXHoZoBWkflb","os_name":"Chrome","device_carrier":null,"server_upload_time":"2020-08-05 00:54:54.248000","processed_time":"2020-08-05 00:54:55.109599","location_lat":null,"ip_address":"67.170.16.182","os_version":"84","user_creation_time":"2020-08-03 13:09:15.623000","uuid":"46f43458-d6b6-11ea-a361-0a38010fda36","language":"English","adid":null,"event_time":"2020-08-05 00:54:52.975000","data":{},"idfa":null,"amplitude_event_type":null,"device_manufacturer":null,"$insert_id":"e5e9df02-5bbf-4948-8caa-db4b571a7740","user_properties":{"Username":"terry.polyak@insperity.com"},"version_name":null,"client_upload_time":"2020-08-05 00:54:52.977000","start_version":null,"device_brand":null,"sample_rate":null,"amplitude_attribution_ids":null,"country":"United States","user_id":"terry.polyak@insperity.com","event_id":189,"region":"Washington","session_id":1596587098926,"platform":"Web","$schema":12,"library":"amplitude-js\/6.1.0","amplitude_id":182260950305,"is_attribution_event":false,"location_lng":null,"groups":{}}
{"event_properties":{"save-type":"New Video","project-id":68947660,"project-category":"Open Enrollment will be here soon","project-name":"Open Enrollment will"},"dma":"Seattle-Tacoma, WA","paying":null,"event_type":"video-saved","server_received_time":"2020-08-05 00:54:55.444000","app":277124,"device_model":null,"city":"Seattle","device_family":null,"group_properties":{},"client_event_time":"2020-08-05 00:54:54.196000","device_type":null,"device_id":"veZn4AfOpfYXHoZoBWkflb","os_name":"Chrome","device_carrier":null,"server_upload_time":"2020-08-05 00:54:55.451000","processed_time":"2020-08-05 00:54:57.841833","location_lat":null,"ip_address":"67.170.16.182","os_version":"84","user_creation_time":"2020-08-03 13:09:15.623000","uuid":"4895012a-d6b6-11ea-a361-0a38010fda36","language":"English","adid":null,"event_time":"2020-08-05 00:54:54.196000","data":{},"idfa":null,"amplitude_event_type":null,"device_manufacturer":null,"$insert_id":"ef1de570-3142-41ef-ab79-1fdbc176f87e","user_properties":{"Username":"terry.polyak@insperity.com"},"version_name":null,"client_upload_time":"2020-08-05 00:54:54.198000","start_version":null,"device_brand":null,"sample_rate":null,"amplitude_attribution_ids":null,"country":"United States","user_id":"terry.polyak@insperity.com","event_id":190,"region":"Washington","session_id":1596587098926,"platform":"Web","$schema":12,"library":"amplitude-js\/6.1.0","amplitude_id":182260950305,"is_attribution_event":false,"location_lng":null,"groups":{}}
{"event_properties":{"save-type":"Saved Video","project-id":68947660,"project-category":"Open Enrollment will be here soon","project-name":"Open Enrollment will"},"dma":"Seattle-Tacoma, WA","paying":null,"event_type":"video-saved","server_received_time":"2020-08-05 00:55:23.791000","app":277124,"device_model":null,"city":"Seattle","device_family":null,"group_properties":{},"client_event_time":"2020-08-05 00:55:22.525000","device_type":null,"device_id":"veZn4AfOpfYXHoZoBWkflb","os_name":"Chrome","device_carrier":null,"server_upload_time":"2020-08-05 00:55:23.809000","processed_time":"2020-08-05 00:55:25.973306","location_lat":null,"ip_address":"67.170.16.182","os_version":"84","user_creation_time":"2020-08-03 13:09:15.623000","uuid":"5959b4b0-d6b6-11ea-a361-0a38010fda36","language":"English","adid":null,"event_time":"2020-08-05 00:55:22.525000","data":{},"idfa":null,"amplitude_event_type":null,"device_manufacturer":null,"$insert_id":"1d1de06b-3597-49d1-8189-1665609289f6","user_properties":{"Username":"terry.polyak@insperity.com"},"version_name":null,"client_upload_time":"2020-08-05 00:55:22.526000","start_version":null,"device_brand":null,"sample_rate":null,"amplitude_attribution_ids":null,"country":"United States","user_id":"terry.polyak@insperity.com","event_id":191,"region":"Washington","session_id":1596587098926,"platform":"Web","$schema":12,"library":"amplitude-js\/6.1.0","amplitude_id":182260950305,"is_attribution_event":false,"location_lng":null,"groups":{}}
{"event_properties":{"project-id":68947660},"dma":"Seattle-Tacoma, WA","paying":null,"event_type":"preview-clicked","server_received_time":"2020-08-05 00:55:54.227000","app":277124,"device_model":null,"city":"Seattle","device_family":null,"group_properties":{},"client_event_time":"2020-08-05 00:55:52.976000","device_type":null,"device_id":"veZn4AfOpfYXHoZoBWkflb","os_name":"Chrome","device_carrier":null,"server_upload_time":"2020-08-05 00:55:54.237000","processed_time":"2020-08-05 00:55:56.100925","location_lat":null,"ip_address":"67.170.16.182","os_version":"84","user_creation_time":"2020-08-03 13:09:15.623000","uuid":"6b4f2aec-d6b6-11ea-a361-0a38010fda36","language":"English","adid":null,"event_time":"2020-08-05 00:55:52.976000","data":{},"idfa":null,"amplitude_event_type":null,"device_manufacturer":null,"$insert_id":"812574ae-9119-46cd-aaa2-8b9698c845bf","user_properties":{"Username":"terry.polyak@insperity.com"},"version_name":null,"client_upload_time":"2020-08-05 00:55:52.978000","start_version":null,"device_brand":null,"sample_rate":null,"amplitude_attribution_ids":null,"country":"United States","user_id":"terry.polyak@insperity.com","event_id":192,"region":"Washington","session_id":1596587098926,"platform":"Web","$schema":12,"library":"amplitude-js\/6.1.0","amplitude_id":182260950305,"is_attribution_event":false,"location_lng":null,"groups":{}}
{"event_properties":{"service-name":"Downloadd-Video-Resources"},"dma":"Seattle-Tacoma, WA","paying":null,"event_type":"resource-download-failed","server_received_time":"2020-08-05 00:55:58.934000","app":277124,"device_model":null,"city":"Seattle","device_family":null,"group_properties":{},"client_event_time":"2020-08-05 00:55:57.636000","device_type":null,"device_id":"veZn4AfOpfYXHoZoBWkflb","os_name":"Chrome","device_carrier":null,"server_upload_time":"2020-08-05 00:55:58.952000","processed_time":"2020-08-05 00:56:00.848451","location_lat":null,"ip_address":"67.170.16.182","os_version":"84","user_creation_time":"2020-08-03 13:09:15.623000","uuid":"6e225abe-d6b6-11ea-a361-0a38010fda36","language":"English","adid":null,"event_time":"2020-08-05 00:55:57.636000","data":{},"idfa":null,"amplitude_event_type":null,"device_manufacturer":null,"$insert_id":"9666c89b-6141-4a59-b289-49235ca0fa60","user_properties":{"Username":"terry.polyak@insperity.com"},"version_name":null,"client_upload_time":"2020-08-05 00:55:57.637000","start_version":null,"device_brand":null,"sample_rate":null,"amplitude_attribution_ids":null,"country":"United States","user_id":"terry.polyak@insperity.com","event_id":193,"region":"Washington","session_id":1596587098926,"platform":"Web","$schema":12,"library":"amplitude-js\/6.1.0","amplitude_id":182260950305,"is_attribution_event":false,"location_lng":null,"groups":{}}
{"event_properties":{"scene-number":5,"scene-text":"solution"},"dma":"Seattle-Tacoma, WA","paying":null,"event_type":"delete-scene","server_received_time":"2020-08-05 00:57:26.912000","app":277124,"device_model":null,"city":"Seattle","device_family":null,"group_properties":{},"client_event_time":"2020-08-05 00:57:25.656000","device_type":null,"device_id":"veZn4AfOpfYXHoZoBWkflb","os_name":"Chrome","device_carrier":null,"server_upload_time":"2020-08-05 00:57:26.930000","processed_time":"2020-08-05 00:57:27.555419","location_lat":null,"ip_address":"67.170.16.182","os_version":"84","user_creation_time":"2020-08-03 13:09:15.623000","uuid":"a1cf950c-d6b6-11ea-a361-0a38010fda36","language":"English","adid":null,"event_time":"2020-08-05 00:57:25.656000","data":{},"idfa":null,"amplitude_event_type":null,"device_manufacturer":null,"$insert_id":"e4c90004-cc8c-4e14-b1b7-f414d1585711","user_properties":{"Username":"terry.polyak@insperity.com"},"version_name":null,"client_upload_time":"2020-08-05 00:57:25.658000","start_version":null,"device_brand":null,"sample_rate":null,"amplitude_attribution_ids":null,"country":"United States","user_id":"terry.polyak@insperity.com","event_id":194,"region":"Washington","session_id":1596587098926,"platform":"Web","$schema":12,"library":"amplitude-js\/6.1.0","amplitude_id":182260950305,"is_attribution_event":false,"location_lng":null,"groups":{}}
{"event_properties":{"save-type":"Saved Video","project-id":68947660,"project-category":"Open Enrollment will be here soon","project-name":"Open Enrollment will"},"dma":"Seattle-Tacoma, WA","paying":null,"event_type":"video-saved","server_received_time":"2020-08-05 00:57:28.800000","app":277124,"device_model":null,"city":"Seattle","device_family":null,"group_properties":{},"client_event_time":"2020-08-05 00:57:27.550000","device_type":null,"device_id":"veZn4AfOpfYXHoZoBWkflb","os_name":"Chrome","device_carrier":null,"server_upload_time":"2020-08-05 00:57:28.821000","processed_time":"2020-08-05 00:57:30.579642","location_lat":null,"ip_address":"67.170.16.182","os_version":"84","user_creation_time":"2020-08-03 13:09:15.623000","uuid":"a39fb268-d6b6-11ea-a361-0a38010fda36","language":"English","adid":null,"event_time":"2020-08-05 00:57:27.550000","data":{},"idfa":null,"amplitude_event_type":null,"device_manufacturer":null,"$insert_id":"1ea45552-de6e-4ea0-be6d-9d2589312710","user_properties":{"Username":"terry.polyak@insperity.com"},"version_name":null,"client_upload_time":"2020-08-05 00:57:27.552000","start_version":null,"device_brand":null,"sample_rate":null,"amplitude_attribution_ids":null,"country":"United States","user_id":"terry.polyak@insperity.com","event_id":195,"region":"Washington","session_id":1596587098926,"platform":"Web","$schema":12,"library":"amplitude-js\/6.1.0","amplitude_id":182260950305,"is_attribution_event":false,"location_lng":null,"groups":{}}
{"event_properties":{"old-text":"to insulate Your Business from year-over-year increases.","new-text":"insulating Your Business from year-over-year increases."},"dma":"Seattle-Tacoma, WA","paying":null,"event_type":"edit-scene-text","server_received_time":"2020-08-05 00:58:22.614000","app":277124,"device_model":null,"city":"Seattle","device_family":null,"group_properties":{},"client_event_time":"2020-08-05 00:58:21.333000","device_type":null,"device_id":"veZn4AfOpfYXHoZoBWkflb","os_name":"Chrome","device_carrier":null,"server_upload_time":"2020-08-05 00:58:22.624000","processed_time":"2020-08-05 00:58:23.047833","location_lat":null,"ip_address":"67.170.16.182","os_version":"84","user_creation_time":"2020-08-03 13:09:15.623000","uuid":"c2e4f822-d6b6-11ea-a361-0a38010fda36","language":"English","adid":null,"event_time":"2020-08-05 00:58:21.333000","data":{},"idfa":null,"amplitude_event_type":null,"device_manufacturer":null,"$insert_id":"02e81df7-b05a-4b1f-aa9b-e21c8ce84669","user_properties":{"Username":"terry.polyak@insperity.com"},"version_name":null,"client_upload_time":"2020-08-05 00:58:21.334000","start_version":null,"device_brand":null,"sample_rate":null,"amplitude_attribution_ids":null,"country":"United States","user_id":"terry.polyak@insperity.com","event_id":196,"region":"Washington","session_id":1596587098926,"platform":"Web","$schema":12,"library":"amplitude-js\/6.1.0","amplitude_id":182260950305,"is_attribution_event":false,"location_lng":null,"groups":{}}
{"event_properties":{"save-type":"Saved Video","project-id":68947660,"project-category":"Open Enrollment will be here soon","project-name":"Open Enrollment will"},"dma":"Seattle-Tacoma, WA","paying":null,"event_type":"video-saved","server_received_time":"2020-08-05 00:58:25.505000","app":277124,"device_model":null,"city":"Seattle","device_family":null,"group_properties":{},"client_event_time":"2020-08-05 00:58:24.255000","device_type":null,"device_id":"veZn4AfOpfYXHoZoBWkflb","os_name":"Chrome","device_carrier":null,"server_upload_time":"2020-08-05 00:58:25.515000","processed_time":"2020-08-05 00:58:26.881053","location_lat":null,"ip_address":"67.170.16.182","os_version":"84","user_creation_time":"2020-08-03 13:09:15.623000","uuid":"c52e275c-d6b6-11ea-a361-0a38010fda36","language":"English","adid":null,"event_time":"2020-08-05 00:58:24.255000","data":{},"idfa":null,"amplitude_event_type":null,"device_manufacturer":null,"$insert_id":"68e5b454-72f7-45da-8391-0c181a985e79","user_properties":{"Username":"terry.polyak@insperity.com"},"version_name":null,"client_upload_time":"2020-08-05 00:58:24.256000","start_version":null,"device_brand":null,"sample_rate":null,"amplitude_attribution_ids":null,"country":"United States","user_id":"terry.polyak@insperity.com","event_id":197,"region":"Washington","session_id":1596587098926,"platform":"Web","$schema":12,"library":"amplitude-js\/6.1.0","amplitude_id":182260950305,"is_attribution_event":false,"location_lng":null,"groups":{}}
{"event_properties":{"save-type":"Saved Video","project-id":68947660,"project-category":"Open Enrollment will be here soon","project-name":"Open Enrollment will"},"dma":"Seattle-Tacoma, WA","paying":null,"event_type":"video-saved","server_received_time":"2020-08-05 00:58:36.359000","app":277124,"device_model":null,"city":"Seattle","device_family":null,"group_properties":{},"client_event_time":"2020-08-05 00:58:35.110000","device_type":null,"device_id":"veZn4AfOpfYXHoZoBWkflb","os_name":"Chrome","device_carrier":null,"server_upload_time":"2020-08-05 00:58:36.374000","processed_time":"2020-08-05 00:58:37.193794","location_lat":null,"ip_address":"67.170.16.182","os_version":"84","user_creation_time":"2020-08-03 13:09:15.623000","uuid":"cb51b25c-d6b6-11ea-a361-0a38010fda36","language":"English","adid":null,"event_time":"2020-08-05 00:58:35.110000","data":{},"idfa":null,"amplitude_event_type":null,"device_manufacturer":null,"$insert_id":"fba99171-ab17-4eeb-9428-d505d11756fc","user_properties":{"Username":"terry.polyak@insperity.com"},"version_name":null,"client_upload_time":"2020-08-05 00:58:35.111000","start_version":null,"device_brand":null,"sample_rate":null,"amplitude_attribution_ids":null,"country":"United States","user_id":"terry.polyak@insperity.com","event_id":198,"region":"Washington","session_id":1596587098926,"platform":"Web","$schema":12,"library":"amplitude-js\/6.1.0","amplitude_id":182260950305,"is_attribution_event":false,"location_lng":null,"groups":{}}
{"event_properties":{"save-type":"Saved Video","project-id":68947660,"project-category":"Open Enrollment will be here soon","project-name":"Open Enrollment will"},"dma":"Seattle-Tacoma, WA","paying":null,"event_type":"video-saved","server_received_time":"2020-08-05 00:59:13.171000","app":277124,"device_model":null,"city":"Seattle","device_family":null,"group_properties":{},"client_event_time":"2020-08-05 00:59:11.920000","device_type":null,"device_id":"veZn4AfOpfYXHoZoBWkflb","os_name":"Chrome","device_carrier":null,"server_upload_time":"2020-08-05 00:59:13.180000","processed_time":"2020-08-05 00:59:13.870708","location_lat":null,"ip_address":"67.170.16.182","os_version":"84","user_creation_time":"2020-08-03 13:09:15.623000","uuid":"e12fce10-d6b6-11ea-a361-0a38010fda36","language":"English","adid":null,"event_time":"2020-08-05 00:59:11.920000","data":{},"idfa":null,"amplitude_event_type":null,"device_manufacturer":null,"$insert_id":"3e3e54d2-515e-4a68-8c22-e5172c1bf318","user_properties":{"Username":"terry.polyak@insperity.com"},"version_name":null,"client_upload_time":"2020-08-05 00:59:11.921000","start_version":null,"device_brand":null,"sample_rate":null,"amplitude_attribution_ids":null,"country":"United States","user_id":"terry.polyak@insperity.com","event_id":199,"region":"Washington","session_id":1596587098926,"platform":"Web","$schema":12,"library":"amplitude-js\/6.1.0","amplitude_id":182260950305,"is_attribution_event":false,"location_lng":null,"groups":{}}
{"event_properties":{"save-type":"Saved Video","project-id":68947660,"project-category":"Open Enrollment will be here soon","project-name":"Open Enrollment will"},"dma":"Seattle-Tacoma, WA","paying":null,"event_type":"video-saved","server_received_time":"2020-08-05 00:59:19.134000","app":277124,"device_model":null,"city":"Seattle","device_family":null,"group_properties":{},"client_event_time":"2020-08-05 00:59:17.889000","device_type":null,"device_id":"veZn4AfOpfYXHoZoBWkflb","os_name":"Chrome","device_carrier":null,"server_upload_time":"2020-08-05 00:59:19.150000","processed_time":"2020-08-05 00:59:19.648116","location_lat":null,"ip_address":"67.170.16.182","os_version":"84","user_creation_time":"2020-08-03 13:09:15.623000","uuid":"e4a2121a-d6b6-11ea-a361-0a38010fda36","language":"English","adid":null,"event_time":"2020-08-05 00:59:17.889000","data":{},"idfa":null,"amplitude_event_type":null,"device_manufacturer":null,"$insert_id":"01f9ee67-fe0b-4a15-b2fe-803604fd8526","user_properties":{"Username":"terry.polyak@insperity.com"},"version_name":null,"client_upload_time":"2020-08-05 00:59:17.890000","start_version":null,"device_brand":null,"sample_rate":null,"amplitude_attribution_ids":null,"country":"United States","user_id":"terry.polyak@insperity.com","event_id":200,"region":"Washington","session_id":1596587098926,"platform":"Web","$schema":12,"library":"amplitude-js\/6.1.0","amplitude_id":182260950305,"is_attribution_event":false,"location_lng":null,"groups":{}}
{"event_properties":{"save-type":"Saved Video","project-id":68947660,"project-category":"Open Enrollment will be here soon","project-name":"Open Enrollment will"},"dma":"Seattle-Tacoma, WA","paying":null,"event_type":"video-saved","server_received_time":"2020-08-05 00:59:32.101000","app":277124,"device_model":null,"city":"Seattle","device_family":null,"group_properties":{},"client_event_time":"2020-08-05 00:59:30.853000","device_type":null,"device_id":"veZn4AfOpfYXHoZoBWkflb","os_name":"Chrome","device_carrier":null,"server_upload_time":"2020-08-05 00:59:32.108000","processed_time":"2020-08-05 00:59:33.716812","location_lat":null,"ip_address":"67.170.16.182","os_version":"84","user_creation_time":"2020-08-03 13:09:15.623000","uuid":"ed0465ac-d6b6-11ea-a361-0a38010fda36","language":"English","adid":null,"event_time":"2020-08-05 00:59:30.853000","data":{},"idfa":null,"amplitude_event_type":null,"device_manufacturer":null,"$insert_id":"5df0ad54-c91e-4139-8f9e-d64a51830890","user_properties":{"Username":"terry.polyak@insperity.com"},"version_name":null,"client_upload_time":"2020-08-05 00:59:30.854000","start_version":null,"device_brand":null,"sample_rate":null,"amplitude_attribution_ids":null,"country":"United States","user_id":"terry.polyak@insperity.com","event_id":201,"region":"Washington","session_id":1596587098926,"platform":"Web","$schema":12,"library":"amplitude-js\/6.1.0","amplitude_id":182260950305,"is_attribution_event":false,"location_lng":null,"groups":{}}
{"event_properties":{"save-type":"Saved Video","project-id":68947660,"project-category":"Open Enrollment will be here soon","project-name":"Open Enrollment will"},"dma":"Seattle-Tacoma, WA","paying":null,"event_type":"video-saved","server_received_time":"2020-08-05 00:59:41.798000","app":277124,"device_model":null,"city":"Seattle","device_family":null,"group_properties":{},"client_event_time":"2020-08-05 00:59:40.547000","device_type":null,"device_id":"veZn4AfOpfYXHoZoBWkflb","os_name":"Chrome","device_carrier":null,"server_upload_time":"2020-08-05 00:59:41.806000","processed_time":"2020-08-05 00:59:43.627939","location_lat":null,"ip_address":"67.170.16.182","os_version":"84","user_creation_time":"2020-08-03 13:09:15.623000","uuid":"f2ecbbf4-d6b6-11ea-a361-0a38010fda36","language":"English","adid":null,"event_time":"2020-08-05 00:59:40.547000","data":{},"idfa":null,"amplitude_event_type":null,"device_manufacturer":null,"$insert_id":"a4ad1d2b-05e3-4d0c-a73f-839685458797","user_properties":{"Username":"terry.polyak@insperity.com"},"version_name":null,"client_upload_time":"2020-08-05 00:59:40.549000","start_version":null,"device_brand":null,"sample_rate":null,"amplitude_attribution_ids":null,"country":"United States","user_id":"terry.polyak@insperity.com","event_id":202,"region":"Washington","session_id":1596587098926,"platform":"Web","$schema":12,"library":"amplitude-js\/6.1.0","amplitude_id":182260950305,"is_attribution_event":false,"location_lng":null,"groups":{}}
{"event_properties":{"save-type":"Saved Video","project-id":68947660,"project-category":"Open Enrollment will be here soon","project-name":"Open Enrollment will"},"dma":"Seattle-Tacoma, WA","paying":null,"event_type":"video-saved","server_received_time":"2020-08-05 00:59:52.739000","app":277124,"device_model":null,"city":"Seattle","device_family":null,"group_properties":{},"client_event_time":"2020-08-05 00:59:51.489000","device_type":null,"device_id":"veZn4AfOpfYXHoZoBWkflb","os_name":"Chrome","device_carrier":null,"server_upload_time":"2020-08-05 00:59:52.745000","processed_time":"2020-08-05 00:59:53.434480","location_lat":null,"ip_address":"67.170.16.182","os_version":"84","user_creation_time":"2020-08-03 13:09:15.623000","uuid":"f8c53452-d6b6-11ea-a361-0a38010fda36","language":"English","adid":null,"event_time":"2020-08-05 00:59:51.489000","data":{},"idfa":null,"amplitude_event_type":null,"device_manufacturer":null,"$insert_id":"77fba37f-7de7-4148-8a6b-2b7fcba1e937","user_properties":{"Username":"terry.polyak@insperity.com"},"version_name":null,"client_upload_time":"2020-08-05 00:59:51.490000","start_version":null,"device_brand":null,"sample_rate":null,"amplitude_attribution_ids":null,"country":"United States","user_id":"terry.polyak@insperity.com","event_id":203,"region":"Washington","session_id":1596587098926,"platform":"Web","$schema":12,"library":"amplitude-js\/6.1.0","amplitude_id":182260950305,"is_attribution_event":false,"location_lng":null,"groups":{}}
