{"ip_address":"73.12.0.232","user_creation_time":"2020-08-15 20:58:58.389000","device_family":null,"is_attribution_event":false,"$schema":12,"device_carrier":null,"os_version":"84","paying":null,"location_lng":null,"language":"English","sample_rate":null,"adid":null,"device_manufacturer":null,"event_type":"video-saved","processed_time":"2020-08-15 21:00:05.667502","group_properties":{},"dma":"Harrisonburg, VA","data":{},"device_type":null,"device_brand":null,"country":"United States","server_upload_time":"2020-08-15 21:00:04.773000","start_version":null,"app":277124,"version_name":null,"event_properties":{"project-name":"vhs video tapes abou","save-type":"New Video","project-id":334328026,"project-category":"vhs video tapes about fnaf"},"user_properties":{"Username":"botboy1919@gmail.com"},"event_id":4,"$insert_id":"e1464a12-fab1-44f4-ad07-de63a4a30a32","user_id":"botboy1919@gmail.com","device_model":null,"location_lat":null,"region":"Virginia","client_upload_time":"2020-08-15 21:00:04.790000","idfa":null,"city":"Harrisonburg","amplitude_id":185120850413,"groups":{},"library":"amplitude-js\/6.1.0","amplitude_attribution_ids":null,"client_event_time":"2020-08-15 21:00:04.788000","server_received_time":"2020-08-15 21:00:04.763000","uuid":"4b84cfd2-df3a-11ea-8b06-028f0a3814f3","platform":"Web","device_id":"syvV8qELOyW2WvnMOuKPQ0","amplitude_event_type":null,"os_name":"Chrome","session_id":1597525036246,"event_time":"2020-08-15 21:00:04.788000"}
{"ip_address":"73.12.0.232","user_creation_time":"2020-08-15 20:58:58.389000","device_family":null,"is_attribution_event":false,"$schema":12,"device_carrier":null,"os_version":"84","paying":null,"location_lng":null,"language":"English","sample_rate":null,"adid":null,"device_manufacturer":null,"event_type":"track-selected","processed_time":"2020-08-15 21:00:07.596613","group_properties":{},"dma":"Harrisonburg, VA","data":{},"device_type":null,"device_brand":null,"country":"United States","server_upload_time":"2020-08-15 21:00:06.583000","start_version":null,"app":277124,"version_name":null,"event_properties":{"project-id":334328026,"track-name":"Modern Project"},"user_properties":{"Username":"botboy1919@gmail.com"},"event_id":5,"$insert_id":"d2cedffe-69a9-4cda-bccf-c1d303e07c02","user_id":"botboy1919@gmail.com","device_model":null,"location_lat":null,"region":"Virginia","client_upload_time":"2020-08-15 21:00:06.605000","idfa":null,"city":"Harrisonburg","amplitude_id":185120850413,"groups":{},"library":"amplitude-js\/6.1.0","amplitude_attribution_ids":null,"client_event_time":"2020-08-15 21:00:06.604000","server_received_time":"2020-08-15 21:00:06.576000","uuid":"4ca6b628-df3a-11ea-8b06-028f0a3814f3","platform":"Web","device_id":"syvV8qELOyW2WvnMOuKPQ0","amplitude_event_type":null,"os_name":"Chrome","session_id":1597525036246,"event_time":"2020-08-15 21:00:06.604000"}
{"ip_address":"73.12.0.232","user_creation_time":"2020-08-15 20:58:58.389000","device_family":null,"is_attribution_event":false,"$schema":12,"device_carrier":null,"os_version":"84","paying":null,"location_lng":null,"language":"English","sample_rate":null,"adid":null,"device_manufacturer":null,"event_type":"video-saved","processed_time":"2020-08-15 21:00:09.221620","group_properties":{},"dma":"Harrisonburg, VA","data":{},"device_type":null,"device_brand":null,"country":"United States","server_upload_time":"2020-08-15 21:00:06.786000","start_version":null,"app":277124,"version_name":null,"event_properties":{"project-name":"vhs video tapes abou","save-type":"Saved Video","project-id":334328026,"project-category":"vhs video tapes about fnaf"},"user_properties":{"Username":"botboy1919@gmail.com"},"event_id":6,"$insert_id":"518a6b76-aeb1-44c6-9b83-580a65a29b76","user_id":"botboy1919@gmail.com","device_model":null,"location_lat":null,"region":"Virginia","client_upload_time":"2020-08-15 21:00:06.801000","idfa":null,"city":"Harrisonburg","amplitude_id":185120850413,"groups":{},"library":"amplitude-js\/6.1.0","amplitude_attribution_ids":null,"client_event_time":"2020-08-15 21:00:06.799000","server_received_time":"2020-08-15 21:00:06.774000","uuid":"4da5f2d2-df3a-11ea-8b06-028f0a3814f3","platform":"Web","device_id":"syvV8qELOyW2WvnMOuKPQ0","amplitude_event_type":null,"os_name":"Chrome","session_id":1597525036246,"event_time":"2020-08-15 21:00:06.799000"}
{"ip_address":"73.12.0.232","user_creation_time":"2020-08-15 20:58:58.389000","device_family":null,"is_attribution_event":false,"$schema":12,"device_carrier":null,"os_version":"84","paying":null,"location_lng":null,"language":"English","sample_rate":null,"adid":null,"device_manufacturer":null,"event_type":"video-saved","processed_time":"2020-08-15 21:00:26.228470","group_properties":{},"dma":"Harrisonburg, VA","data":{},"device_type":null,"device_brand":null,"country":"United States","server_upload_time":"2020-08-15 21:00:24.367000","start_version":null,"app":277124,"version_name":null,"event_properties":{"project-name":"vhs video tapes abo","save-type":"Saved Video","project-id":334328026,"project-category":"vhs video tapes about fnaf"},"user_properties":{"Username":"botboy1919@gmail.com"},"event_id":7,"$insert_id":"09f8d5ec-4e1b-4cfc-b181-5cb5620cc596","user_id":"botboy1919@gmail.com","device_model":null,"location_lat":null,"region":"Virginia","client_upload_time":"2020-08-15 21:00:24.384000","idfa":null,"city":"Harrisonburg","amplitude_id":185120850413,"groups":{},"library":"amplitude-js\/6.1.0","amplitude_attribution_ids":null,"client_event_time":"2020-08-15 21:00:24.378000","server_received_time":"2020-08-15 21:00:24.358000","uuid":"57c7d9c4-df3a-11ea-8b06-028f0a3814f3","platform":"Web","device_id":"syvV8qELOyW2WvnMOuKPQ0","amplitude_event_type":null,"os_name":"Chrome","session_id":1597525036246,"event_time":"2020-08-15 21:00:24.378000"}
{"ip_address":"73.12.0.232","user_creation_time":"2020-08-15 20:58:58.389000","device_family":null,"is_attribution_event":false,"$schema":12,"device_carrier":null,"os_version":"84","paying":null,"location_lng":null,"language":"English","sample_rate":null,"adid":null,"device_manufacturer":null,"event_type":"video-saved","processed_time":"2020-08-15 21:00:26.230921","group_properties":{},"dma":"Harrisonburg, VA","data":{},"device_type":null,"device_brand":null,"country":"United States","server_upload_time":"2020-08-15 21:00:25.709000","start_version":null,"app":277124,"version_name":null,"event_properties":{"project-name":"vhs video tapes abo","save-type":"Saved Video","project-id":334328026,"project-category":"vhs video tapes about fnaf"},"user_properties":{"Username":"botboy1919@gmail.com"},"event_id":8,"$insert_id":"82e73102-2d5e-40f9-a949-11a0ee32064a","user_id":"botboy1919@gmail.com","device_model":null,"location_lat":null,"region":"Virginia","client_upload_time":"2020-08-15 21:00:25.730000","idfa":null,"city":"Harrisonburg","amplitude_id":185120850413,"groups":{},"library":"amplitude-js\/6.1.0","amplitude_attribution_ids":null,"client_event_time":"2020-08-15 21:00:25.727000","server_received_time":"2020-08-15 21:00:25.699000","uuid":"57c7e66c-df3a-11ea-8b06-028f0a3814f3","platform":"Web","device_id":"syvV8qELOyW2WvnMOuKPQ0","amplitude_event_type":null,"os_name":"Chrome","session_id":1597525036246,"event_time":"2020-08-15 21:00:25.727000"}
{"ip_address":"73.12.0.232","user_creation_time":"2020-08-15 20:58:58.389000","device_family":null,"is_attribution_event":false,"$schema":12,"device_carrier":null,"os_version":"84","paying":null,"location_lng":null,"language":"English","sample_rate":null,"adid":null,"device_manufacturer":null,"event_type":"failed-service","processed_time":"2020-08-15 21:00:32.765178","group_properties":{},"dma":"Harrisonburg, VA","data":{},"device_type":null,"device_brand":null,"country":"United States","server_upload_time":"2020-08-15 21:00:29.330000","start_version":null,"app":277124,"version_name":null,"event_properties":{"service-name":"save-project"},"user_properties":{"Username":"botboy1919@gmail.com"},"event_id":9,"$insert_id":"de28ab68-4629-4601-aaba-f1b8c768c72f","user_id":"botboy1919@gmail.com","device_model":null,"location_lat":null,"region":"Virginia","client_upload_time":"2020-08-15 21:00:29.344000","idfa":null,"city":"Harrisonburg","amplitude_id":185120850413,"groups":{},"library":"amplitude-js\/6.1.0","amplitude_attribution_ids":null,"client_event_time":"2020-08-15 21:00:29.341000","server_received_time":"2020-08-15 21:00:29.316000","uuid":"5ba80a64-df3a-11ea-8b06-028f0a3814f3","platform":"Web","device_id":"syvV8qELOyW2WvnMOuKPQ0","amplitude_event_type":null,"os_name":"Chrome","session_id":1597525036246,"event_time":"2020-08-15 21:00:29.341000"}
{"ip_address":"73.12.0.232","user_creation_time":"2020-08-15 20:58:58.389000","device_family":null,"is_attribution_event":false,"$schema":12,"device_carrier":null,"os_version":"84","paying":null,"location_lng":null,"language":"English","sample_rate":null,"adid":null,"device_manufacturer":null,"event_type":"project-save-failed","processed_time":"2020-08-15 21:00:32.767471","group_properties":{},"dma":"Harrisonburg, VA","data":{},"device_type":null,"device_brand":null,"country":"United States","server_upload_time":"2020-08-15 21:00:29.669000","start_version":null,"app":277124,"version_name":null,"event_properties":{"backup-json":"https:\/\/brand-settings-images130431-pictory.s3.us-east-2.amazonaws.com\/public\/Google_105231564397125732018\/project\/334328026\/failed-save-backup.json"},"user_properties":{"Username":"botboy1919@gmail.com"},"event_id":10,"$insert_id":"b6879efa-6f26-44cf-b57a-8e1425b8edfa","user_id":null,"device_model":null,"location_lat":null,"region":"Virginia","client_upload_time":"2020-08-15 21:00:29.685000","idfa":null,"city":"Harrisonburg","amplitude_id":185120850413,"groups":{},"library":"amplitude-js\/6.1.0","amplitude_attribution_ids":null,"client_event_time":"2020-08-15 21:00:29.684000","server_received_time":"2020-08-15 21:00:29.662000","uuid":"5ba81734-df3a-11ea-8b06-028f0a3814f3","platform":"Web","device_id":"syvV8qELOyW2WvnMOuKPQ0","amplitude_event_type":null,"os_name":"Chrome","session_id":1597525036246,"event_time":"2020-08-15 21:00:29.684000"}
{"ip_address":"73.12.0.232","user_creation_time":"2020-08-15 20:58:58.389000","device_family":null,"is_attribution_event":false,"$schema":12,"device_carrier":null,"os_version":"84","paying":null,"location_lng":null,"language":"English","sample_rate":null,"adid":null,"device_manufacturer":null,"event_type":"recent-clicked","processed_time":"2020-08-15 21:00:34.033980","group_properties":{},"dma":"Harrisonburg, VA","data":{},"device_type":null,"device_brand":null,"country":"United States","server_upload_time":"2020-08-15 21:00:32.113000","start_version":null,"app":277124,"version_name":null,"event_properties":{"project-id":334328026,"source":"Visuals"},"user_properties":{"Username":"botboy1919@gmail.com"},"event_id":11,"$insert_id":"fc41f9c7-3e03-4958-a353-26d1631bba07","user_id":null,"device_model":null,"location_lat":null,"region":"Virginia","client_upload_time":"2020-08-15 21:00:32.134000","idfa":null,"city":"Harrisonburg","amplitude_id":185120850413,"groups":{},"library":"amplitude-js\/6.1.0","amplitude_attribution_ids":null,"client_event_time":"2020-08-15 21:00:32.130000","server_received_time":"2020-08-15 21:00:32.107000","uuid":"5c639cb6-df3a-11ea-8b06-028f0a3814f3","platform":"Web","device_id":"syvV8qELOyW2WvnMOuKPQ0","amplitude_event_type":null,"os_name":"Chrome","session_id":1597525036246,"event_time":"2020-08-15 21:00:32.130000"}
{"ip_address":"73.12.0.232","user_creation_time":"2020-08-15 20:58:58.389000","device_family":null,"is_attribution_event":false,"$schema":12,"device_carrier":null,"os_version":"84","paying":null,"location_lng":null,"language":"English","sample_rate":null,"adid":null,"device_manufacturer":null,"event_type":"upload-clicked","processed_time":"2020-08-15 21:00:34.036643","group_properties":{},"dma":"Harrisonburg, VA","data":{},"device_type":null,"device_brand":null,"country":"United States","server_upload_time":"2020-08-15 21:00:33.264000","start_version":null,"app":277124,"version_name":null,"event_properties":{"project-id":334328026},"user_properties":{"Username":"botboy1919@gmail.com"},"event_id":12,"$insert_id":"78262328-2dac-4cbd-9ef1-fbb197661184","user_id":null,"device_model":null,"location_lat":null,"region":"Virginia","client_upload_time":"2020-08-15 21:00:33.284000","idfa":null,"city":"Harrisonburg","amplitude_id":185120850413,"groups":{},"library":"amplitude-js\/6.1.0","amplitude_attribution_ids":null,"client_event_time":"2020-08-15 21:00:33.283000","server_received_time":"2020-08-15 21:00:33.256000","uuid":"5c63a990-df3a-11ea-8b06-028f0a3814f3","platform":"Web","device_id":"syvV8qELOyW2WvnMOuKPQ0","amplitude_event_type":null,"os_name":"Chrome","session_id":1597525036246,"event_time":"2020-08-15 21:00:33.283000"}
{"ip_address":"73.12.0.232","user_creation_time":"2020-08-15 20:58:58.389000","device_family":null,"is_attribution_event":false,"$schema":12,"device_carrier":null,"os_version":"84","paying":null,"location_lng":null,"language":"English","sample_rate":null,"adid":null,"device_manufacturer":null,"event_type":"image-upload","processed_time":"2020-08-15 21:01:21.326396","group_properties":{},"dma":"Harrisonburg, VA","data":{},"device_type":null,"device_brand":null,"country":"United States","server_upload_time":"2020-08-15 21:01:20.175000","start_version":null,"app":277124,"version_name":null,"event_properties":{"image-url":"https:\/\/brand-settings-images130431-pictory.s3.us-east-2.amazonaws.com\/public\/Google_105231564397125732018\/videos\/videoplayback.mp4","project-id":334328026,"upload-type":"browsed"},"user_properties":{"Username":"botboy1919@gmail.com"},"event_id":13,"$insert_id":"ae0cbaa3-9c92-40aa-9886-b74ae9632756","user_id":null,"device_model":null,"location_lat":null,"region":"Virginia","client_upload_time":"2020-08-15 21:01:20.194000","idfa":null,"city":"Harrisonburg","amplitude_id":185120850413,"groups":{},"library":"amplitude-js\/6.1.0","amplitude_attribution_ids":null,"client_event_time":"2020-08-15 21:01:20.192000","server_received_time":"2020-08-15 21:01:20.172000","uuid":"789eff06-df3a-11ea-8b06-028f0a3814f3","platform":"Web","device_id":"syvV8qELOyW2WvnMOuKPQ0","amplitude_event_type":null,"os_name":"Chrome","session_id":1597525036246,"event_time":"2020-08-15 21:01:20.192000"}
{"ip_address":"73.12.0.232","user_creation_time":"2020-08-15 20:58:58.389000","device_family":null,"is_attribution_event":false,"$schema":12,"device_carrier":null,"os_version":"84","paying":null,"location_lng":null,"language":"English","sample_rate":null,"adid":null,"device_manufacturer":null,"event_type":"failed-service","processed_time":"2020-08-15 21:01:26.782515","group_properties":{},"dma":"Harrisonburg, VA","data":{},"device_type":null,"device_brand":null,"country":"United States","server_upload_time":"2020-08-15 21:01:25.895000","start_version":null,"app":277124,"version_name":null,"event_properties":{"service-name":"save-project"},"user_properties":{"Username":"botboy1919@gmail.com"},"event_id":14,"$insert_id":"40325da1-3c92-4044-bc53-fb8ed6e29f95","user_id":null,"device_model":null,"location_lat":null,"region":"Virginia","client_upload_time":"2020-08-15 21:01:25.914000","idfa":null,"city":"Harrisonburg","amplitude_id":185120850413,"groups":{},"library":"amplitude-js\/6.1.0","amplitude_attribution_ids":null,"client_event_time":"2020-08-15 21:01:25.911000","server_received_time":"2020-08-15 21:01:25.891000","uuid":"7be1c8c4-df3a-11ea-8b06-028f0a3814f3","platform":"Web","device_id":"syvV8qELOyW2WvnMOuKPQ0","amplitude_event_type":null,"os_name":"Chrome","session_id":1597525036246,"event_time":"2020-08-15 21:01:25.911000"}
{"ip_address":"73.12.0.232","user_creation_time":"2020-08-15 20:58:58.389000","device_family":null,"is_attribution_event":false,"$schema":12,"device_carrier":null,"os_version":"84","paying":null,"location_lng":null,"language":"English","sample_rate":null,"adid":null,"device_manufacturer":null,"event_type":"project-save-failed","processed_time":"2020-08-15 21:01:26.785391","group_properties":{},"dma":"Harrisonburg, VA","data":{},"device_type":null,"device_brand":null,"country":"United States","server_upload_time":"2020-08-15 21:01:26.129000","start_version":null,"app":277124,"version_name":null,"event_properties":{"backup-json":"https:\/\/brand-settings-images130431-pictory.s3.us-east-2.amazonaws.com\/public\/Google_105231564397125732018\/project\/334328026\/failed-save-backup.json"},"user_properties":{"Username":"botboy1919@gmail.com"},"event_id":15,"$insert_id":"563ef64f-74d6-4fc5-aa90-1a3eb6da12da","user_id":null,"device_model":null,"location_lat":null,"region":"Virginia","client_upload_time":"2020-08-15 21:01:26.140000","idfa":null,"city":"Harrisonburg","amplitude_id":185120850413,"groups":{},"library":"amplitude-js\/6.1.0","amplitude_attribution_ids":null,"client_event_time":"2020-08-15 21:01:26.137000","server_received_time":"2020-08-15 21:01:26.121000","uuid":"7be1d21a-df3a-11ea-8b06-028f0a3814f3","platform":"Web","device_id":"syvV8qELOyW2WvnMOuKPQ0","amplitude_event_type":null,"os_name":"Chrome","session_id":1597525036246,"event_time":"2020-08-15 21:01:26.137000"}
{"ip_address":"73.12.0.232","user_creation_time":"2020-08-15 20:58:58.389000","device_family":null,"is_attribution_event":false,"$schema":12,"device_carrier":null,"os_version":"84","paying":null,"location_lng":null,"language":"English","sample_rate":null,"adid":null,"device_manufacturer":null,"event_type":"image-replaced","processed_time":"2020-08-15 21:01:28.755953","group_properties":{},"dma":"Harrisonburg, VA","data":{},"device_type":null,"device_brand":null,"country":"United States","server_upload_time":"2020-08-15 21:01:27.546000","start_version":null,"app":277124,"version_name":null,"event_properties":{"new-image":"https:\/\/brand-settings-images130431-pictory.s3.us-east-2.amazonaws.com\/public\/Google_105231564397125732018\/videos\/videoplayback.mp4","project-id":334328026,"source":"Upload Image","old-image":"https:\/\/dm0qx8t0i9gc9.cloudfront.net\/watermarks\/video\/GTYSdDW\/vintage-reel-video-or-audio-tapes-in-a-old-media-archives-shelfs_hixegq6ie__1eda57f7178d8456df18493662f55f5d__P360.mp4?type=preview&origin=VIDEOBLOCKS&timestamp_ms=1597525201048&publicKey=NFKFzias7JkF35W3n9edUuQV1Rnn7udTDco3ZbvzlsXgiAzLXO0a15shkgbMNmXZ&organizationId=103776&apiVersion=1.0&stockItemId=3392260&resolution=180p&searchId=c1814dfe-b7d8-40a1-9fe4-449a73d2b4ea&searchPageId=2bb8c0fd-9baf-4043-a280-5b1572c70537"},"user_properties":{"Username":"botboy1919@gmail.com"},"event_id":16,"$insert_id":"c756b08f-d158-4715-a20b-a9df92408ca3","user_id":null,"device_model":null,"location_lat":null,"region":"Virginia","client_upload_time":"2020-08-15 21:01:27.567000","idfa":null,"city":"Harrisonburg","amplitude_id":185120850413,"groups":{},"library":"amplitude-js\/6.1.0","amplitude_attribution_ids":null,"client_event_time":"2020-08-15 21:01:27.566000","server_received_time":"2020-08-15 21:01:27.543000","uuid":"7d0be02c-df3a-11ea-8b06-028f0a3814f3","platform":"Web","device_id":"syvV8qELOyW2WvnMOuKPQ0","amplitude_event_type":null,"os_name":"Chrome","session_id":1597525036246,"event_time":"2020-08-15 21:01:27.566000"}
{"ip_address":"73.12.0.232","user_creation_time":"2020-08-15 20:58:58.389000","device_family":null,"is_attribution_event":false,"$schema":12,"device_carrier":null,"os_version":"84","paying":null,"location_lng":null,"language":"English","sample_rate":null,"adid":null,"device_manufacturer":null,"event_type":"failed-service","processed_time":"2020-08-15 21:01:28.758498","group_properties":{},"dma":"Harrisonburg, VA","data":{},"device_type":null,"device_brand":null,"country":"United States","server_upload_time":"2020-08-15 21:01:27.948000","start_version":null,"app":277124,"version_name":null,"event_properties":{"service-name":"save-project"},"user_properties":{"Username":"botboy1919@gmail.com"},"event_id":17,"$insert_id":"7da357f5-9742-47d2-be5d-79af8daa3f71","user_id":null,"device_model":null,"location_lat":null,"region":"Virginia","client_upload_time":"2020-08-15 21:01:27.947000","idfa":null,"city":"Harrisonburg","amplitude_id":185120850413,"groups":{},"library":"amplitude-js\/6.1.0","amplitude_attribution_ids":null,"client_event_time":"2020-08-15 21:01:27.946000","server_received_time":"2020-08-15 21:01:27.931000","uuid":"7d0be7ca-df3a-11ea-8b06-028f0a3814f3","platform":"Web","device_id":"syvV8qELOyW2WvnMOuKPQ0","amplitude_event_type":null,"os_name":"Chrome","session_id":1597525036246,"event_time":"2020-08-15 21:01:27.946000"}
{"ip_address":"73.12.0.232","user_creation_time":"2020-08-15 20:58:58.389000","device_family":null,"is_attribution_event":false,"$schema":12,"device_carrier":null,"os_version":"84","paying":null,"location_lng":null,"language":"English","sample_rate":null,"adid":null,"device_manufacturer":null,"event_type":"project-save-failed","processed_time":"2020-08-15 21:01:28.760148","group_properties":{},"dma":"Harrisonburg, VA","data":{},"device_type":null,"device_brand":null,"country":"United States","server_upload_time":"2020-08-15 21:01:28.115000","start_version":null,"app":277124,"version_name":null,"event_properties":{"backup-json":"https:\/\/brand-settings-images130431-pictory.s3.us-east-2.amazonaws.com\/public\/Google_105231564397125732018\/project\/334328026\/failed-save-backup.json"},"user_properties":{"Username":"botboy1919@gmail.com"},"event_id":18,"$insert_id":"2953ed2a-2b6c-4f33-a0a0-c16988fa67f5","user_id":null,"device_model":null,"location_lat":null,"region":"Virginia","client_upload_time":"2020-08-15 21:01:28.133000","idfa":null,"city":"Harrisonburg","amplitude_id":185120850413,"groups":{},"library":"amplitude-js\/6.1.0","amplitude_attribution_ids":null,"client_event_time":"2020-08-15 21:01:28.118000","server_received_time":"2020-08-15 21:01:28.103000","uuid":"7d0beebe-df3a-11ea-8b06-028f0a3814f3","platform":"Web","device_id":"syvV8qELOyW2WvnMOuKPQ0","amplitude_event_type":null,"os_name":"Chrome","session_id":1597525036246,"event_time":"2020-08-15 21:01:28.118000"}
{"ip_address":"73.12.0.232","user_creation_time":"2020-08-15 20:58:58.389000","device_family":null,"is_attribution_event":false,"$schema":12,"device_carrier":null,"os_version":"84","paying":null,"location_lng":null,"language":"English","sample_rate":null,"adid":null,"device_manufacturer":null,"event_type":"recent-clicked","processed_time":"2020-08-15 21:01:40.378577","group_properties":{},"dma":"Harrisonburg, VA","data":{},"device_type":null,"device_brand":null,"country":"United States","server_upload_time":"2020-08-15 21:01:37.499000","start_version":null,"app":277124,"version_name":null,"event_properties":{"project-id":334328026,"source":"Audio"},"user_properties":{"Username":"botboy1919@gmail.com"},"event_id":19,"$insert_id":"206f8ed5-bcf3-4525-8221-06de5b49ced5","user_id":null,"device_model":null,"location_lat":null,"region":"Virginia","client_upload_time":"2020-08-15 21:01:37.520000","idfa":null,"city":"Harrisonburg","amplitude_id":185120850413,"groups":{},"library":"amplitude-js\/6.1.0","amplitude_attribution_ids":null,"client_event_time":"2020-08-15 21:01:37.518000","server_received_time":"2020-08-15 21:01:37.496000","uuid":"83fd3548-df3a-11ea-8b06-028f0a3814f3","platform":"Web","device_id":"syvV8qELOyW2WvnMOuKPQ0","amplitude_event_type":null,"os_name":"Chrome","session_id":1597525036246,"event_time":"2020-08-15 21:01:37.518000"}
{"ip_address":"73.12.0.232","user_creation_time":"2020-08-15 20:58:58.389000","device_family":null,"is_attribution_event":false,"$schema":12,"device_carrier":null,"os_version":"84","paying":null,"location_lng":null,"language":"English","sample_rate":null,"adid":null,"device_manufacturer":null,"event_type":"voice-over-clicked","processed_time":"2020-08-15 21:01:43.338199","group_properties":{},"dma":"Harrisonburg, VA","data":{},"device_type":null,"device_brand":null,"country":"United States","server_upload_time":"2020-08-15 21:01:40.919000","start_version":null,"app":277124,"version_name":null,"event_properties":{"project-id":334328026},"user_properties":{"Username":"botboy1919@gmail.com"},"event_id":20,"$insert_id":"0384147b-f305-408e-afd6-62513594b47d","user_id":null,"device_model":null,"location_lat":null,"region":"Virginia","client_upload_time":"2020-08-15 21:01:40.935000","idfa":null,"city":"Harrisonburg","amplitude_id":185120850413,"groups":{},"library":"amplitude-js\/6.1.0","amplitude_attribution_ids":null,"client_event_time":"2020-08-15 21:01:40.934000","server_received_time":"2020-08-15 21:01:40.914000","uuid":"85b9700e-df3a-11ea-8b06-028f0a3814f3","platform":"Web","device_id":"syvV8qELOyW2WvnMOuKPQ0","amplitude_event_type":null,"os_name":"Chrome","session_id":1597525036246,"event_time":"2020-08-15 21:01:40.934000"}
{"ip_address":"73.12.0.232","user_creation_time":"2020-08-15 20:58:58.389000","device_family":null,"is_attribution_event":false,"$schema":12,"device_carrier":null,"os_version":"84","paying":null,"location_lng":null,"language":"English","sample_rate":null,"adid":null,"device_manufacturer":null,"event_type":"failed-service","processed_time":"2020-08-15 21:02:10.437077","group_properties":{},"dma":"Harrisonburg, VA","data":{},"device_type":null,"device_brand":null,"country":"United States","server_upload_time":"2020-08-15 21:02:08.455000","start_version":null,"app":277124,"version_name":null,"event_properties":{"service-name":"save-project"},"user_properties":{"Username":"botboy1919@gmail.com"},"event_id":21,"$insert_id":"ffd38b9c-22de-4089-b2d9-e80445c39231","user_id":null,"device_model":null,"location_lat":null,"region":"Virginia","client_upload_time":"2020-08-15 21:02:08.477000","idfa":null,"city":"Harrisonburg","amplitude_id":185120850413,"groups":{},"library":"amplitude-js\/6.1.0","amplitude_attribution_ids":null,"client_event_time":"2020-08-15 21:02:08.473000","server_received_time":"2020-08-15 21:02:08.452000","uuid":"95e78e66-df3a-11ea-8b06-028f0a3814f3","platform":"Web","device_id":"syvV8qELOyW2WvnMOuKPQ0","amplitude_event_type":null,"os_name":"Chrome","session_id":1597525036246,"event_time":"2020-08-15 21:02:08.473000"}
{"ip_address":"73.12.0.232","user_creation_time":"2020-08-15 20:58:58.389000","device_family":null,"is_attribution_event":false,"$schema":12,"device_carrier":null,"os_version":"84","paying":null,"location_lng":null,"language":"English","sample_rate":null,"adid":null,"device_manufacturer":null,"event_type":"project-save-failed","processed_time":"2020-08-15 21:02:10.439151","group_properties":{},"dma":"Harrisonburg, VA","data":{},"device_type":null,"device_brand":null,"country":"United States","server_upload_time":"2020-08-15 21:02:08.780000","start_version":null,"app":277124,"version_name":null,"event_properties":{"backup-json":"https:\/\/brand-settings-images130431-pictory.s3.us-east-2.amazonaws.com\/public\/Google_105231564397125732018\/project\/334328026\/failed-save-backup.json"},"user_properties":{"Username":"botboy1919@gmail.com"},"event_id":22,"$insert_id":"9bdedb97-7264-4d9b-878d-17b46337d3f4","user_id":null,"device_model":null,"location_lat":null,"region":"Virginia","client_upload_time":"2020-08-15 21:02:08.797000","idfa":null,"city":"Harrisonburg","amplitude_id":185120850413,"groups":{},"library":"amplitude-js\/6.1.0","amplitude_attribution_ids":null,"client_event_time":"2020-08-15 21:02:08.795000","server_received_time":"2020-08-15 21:02:08.775000","uuid":"95e796f4-df3a-11ea-8b06-028f0a3814f3","platform":"Web","device_id":"syvV8qELOyW2WvnMOuKPQ0","amplitude_event_type":null,"os_name":"Chrome","session_id":1597525036246,"event_time":"2020-08-15 21:02:08.795000"}
{"ip_address":"73.12.0.232","user_creation_time":"2020-08-15 20:58:58.389000","device_family":null,"is_attribution_event":false,"$schema":12,"device_carrier":null,"os_version":"84","paying":null,"location_lng":null,"language":"English","sample_rate":null,"adid":null,"device_manufacturer":null,"event_type":"failed-service","processed_time":"2020-08-15 21:02:12.492435","group_properties":{},"dma":"Harrisonburg, VA","data":{},"device_type":null,"device_brand":null,"country":"United States","server_upload_time":"2020-08-15 21:02:11.834000","start_version":null,"app":277124,"version_name":null,"event_properties":{"service-name":"save-project"},"user_properties":{"Username":"botboy1919@gmail.com"},"event_id":23,"$insert_id":"cd5486d4-6aca-435e-9ca5-85d9ec411855","user_id":null,"device_model":null,"location_lat":null,"region":"Virginia","client_upload_time":"2020-08-15 21:02:11.849000","idfa":null,"city":"Harrisonburg","amplitude_id":185120850413,"groups":{},"library":"amplitude-js\/6.1.0","amplitude_attribution_ids":null,"client_event_time":"2020-08-15 21:02:11.847000","server_received_time":"2020-08-15 21:02:11.824000","uuid":"97211f90-df3a-11ea-8b06-028f0a3814f3","platform":"Web","device_id":"syvV8qELOyW2WvnMOuKPQ0","amplitude_event_type":null,"os_name":"Chrome","session_id":1597525036246,"event_time":"2020-08-15 21:02:11.847000"}
{"ip_address":"73.12.0.232","user_creation_time":"2020-08-15 20:58:58.389000","device_family":null,"is_attribution_event":false,"$schema":12,"device_carrier":null,"os_version":"84","paying":null,"location_lng":null,"language":"English","sample_rate":null,"adid":null,"device_manufacturer":null,"event_type":"project-save-failed","processed_time":"2020-08-15 21:02:14.416304","group_properties":{},"dma":"Harrisonburg, VA","data":{},"device_type":null,"device_brand":null,"country":"United States","server_upload_time":"2020-08-15 21:02:12.056000","start_version":null,"app":277124,"version_name":null,"event_properties":{"backup-json":"https:\/\/brand-settings-images130431-pictory.s3.us-east-2.amazonaws.com\/public\/Google_105231564397125732018\/project\/334328026\/failed-save-backup.json"},"user_properties":{"Username":"botboy1919@gmail.com"},"event_id":24,"$insert_id":"94fc317d-2c85-4e1f-bc3d-93724506e8cb","user_id":null,"device_model":null,"location_lat":null,"region":"Virginia","client_upload_time":"2020-08-15 21:02:12.073000","idfa":null,"city":"Harrisonburg","amplitude_id":185120850413,"groups":{},"library":"amplitude-js\/6.1.0","amplitude_attribution_ids":null,"client_event_time":"2020-08-15 21:02:12.071000","server_received_time":"2020-08-15 21:02:12.052000","uuid":"9846cb36-df3a-11ea-8b06-028f0a3814f3","platform":"Web","device_id":"syvV8qELOyW2WvnMOuKPQ0","amplitude_event_type":null,"os_name":"Chrome","session_id":1597525036246,"event_time":"2020-08-15 21:02:12.071000"}
