{"amplitude_attribution_ids":null,"$schema":12,"client_upload_time":"2020-08-13 10:54:20.633000","library":"amplitude-js\/6.1.0","platform":"Web","server_received_time":"2020-08-13 10:54:20.070000","processed_time":"2020-08-13 10:54:21.206473","idfa":null,"uuid":"57979b9e-dd53-11ea-8b6e-0212d1e52655","session_id":1597316039504,"region":"National Capital Territory of Delhi","device_brand":null,"city":"Delhi","sample_rate":null,"user_properties":{},"country":"India","groups":{},"data":{"first_event":true},"device_type":null,"is_attribution_event":false,"ip_address":"106.210.66.149","device_manufacturer":null,"os_version":"83","app":277124,"$insert_id":"cfcc858f-45a7-4170-a7ee-c561553a1651","location_lat":null,"user_id":null,"location_lng":null,"device_carrier":null,"user_creation_time":"2020-08-13 10:54:20.626000","device_model":null,"event_time":"2020-08-13 10:54:20.626000","version_name":null,"language":"English","os_name":"Chrome Mobile","amplitude_event_type":null,"event_type":"user-signup","device_family":null,"amplitude_id":184575446336,"client_event_time":"2020-08-13 10:54:20.626000","event_properties":{"provider":"pictory"},"paying":null,"device_id":"LJTdysU5pqK0282MU7cNsY","event_id":1,"dma":null,"adid":null,"group_properties":{},"server_upload_time":"2020-08-13 10:54:20.078000","start_version":null}
{"amplitude_attribution_ids":null,"$schema":12,"client_upload_time":"2020-08-13 10:54:48.219000","library":"amplitude-js\/6.1.0","platform":"Web","server_received_time":"2020-08-13 10:54:47.004000","processed_time":"2020-08-13 10:54:48.665062","idfa":null,"uuid":"6805f570-dd53-11ea-8b6e-0212d1e52655","session_id":1597316039504,"region":"National Capital Territory of Delhi","device_brand":null,"city":"Delhi","sample_rate":null,"user_properties":{"Username":"ketan@talocity.ai"},"country":"India","groups":{},"data":{},"device_type":null,"is_attribution_event":false,"ip_address":"106.210.66.149","device_manufacturer":null,"os_version":"83","app":277124,"$insert_id":"9632e71a-27e3-461d-9c77-30547d0c0da4","location_lat":null,"user_id":"ketan@talocity.ai","location_lng":null,"device_carrier":null,"user_creation_time":"2020-08-13 10:54:20.626000","device_model":null,"event_time":"2020-08-13 10:54:47.881000","version_name":null,"language":"English","os_name":"Chrome Mobile","amplitude_event_type":null,"event_type":"user-login","device_family":null,"amplitude_id":184575446336,"client_event_time":"2020-08-13 10:54:47.881000","event_properties":{"login-via":"Pictory"},"paying":null,"device_id":"LJTdysU5pqK0282MU7cNsY","event_id":2,"dma":null,"adid":null,"group_properties":{},"server_upload_time":"2020-08-13 10:54:47.027000","start_version":null}
