{"event_properties":{"project-category":"Pictory","project-name":"Pictory_New"},"device_family":null,"$schema":12,"server_received_time":"2020-08-04 07:59:08.043000","data":{},"app":277124,"user_creation_time":"2020-05-28 16:45:17.944000","device_carrier":null,"groups":{},"region":"Telangana","event_id":342,"client_event_time":"2020-08-04 07:59:07.899000","paying":null,"user_id":"manojvmanduva@gmail.com","server_upload_time":"2020-08-04 07:59:08.056000","location_lat":null,"client_upload_time":"2020-08-04 07:59:07.902000","$insert_id":"c5a7086f-fd76-4dc0-9af0-8d096cbbc30e","event_time":"2020-08-04 07:59:07.899000","platform":"Web","session_id":1596527907844,"ip_address":"49.204.182.168","os_version":"84","amplitude_attribution_ids":null,"dma":null,"location_lng":null,"device_model":null,"amplitude_id":156884438584,"amplitude_event_type":null,"sample_rate":null,"adid":null,"event_type":"saved-video-opened","device_id":"45lGM1lA_62MHA3u9We3UM","idfa":null,"library":"amplitude-js\/6.1.0","start_version":null,"device_manufacturer":null,"language":"English","uuid":"60989054-d628-11ea-8063-02850855d65c","device_type":null,"user_properties":{"Username":"manojvmanduva@gmail.com"},"country":"India","group_properties":{},"is_attribution_event":false,"city":"Hyderabad","processed_time":"2020-08-04 07:59:09.605577","device_brand":null,"version_name":null,"os_name":"Chrome"}
{"event_properties":{"file-name":"https:\/\/brand-settings-images130431-pictory.s3.us-east-2.amazonaws.com\/public\/Google_118014378441597562218\/exports\/Pictory_New_312123519.pictai"},"device_family":null,"$schema":12,"server_received_time":"2020-08-04 07:59:28.801000","data":{},"app":277124,"user_creation_time":"2020-05-28 16:45:17.944000","device_carrier":null,"groups":{},"region":"Telangana","event_id":343,"client_event_time":"2020-08-04 07:59:28.613000","paying":null,"user_id":null,"server_upload_time":"2020-08-04 07:59:28.805000","location_lat":null,"client_upload_time":"2020-08-04 07:59:28.616000","$insert_id":"e1b477a3-7509-46bc-8d93-04d83f229f0c","event_time":"2020-08-04 07:59:28.613000","platform":"Web","session_id":1596527907844,"ip_address":"49.204.182.168","os_version":"84","amplitude_attribution_ids":null,"dma":null,"location_lng":null,"device_model":null,"amplitude_id":156884438584,"amplitude_event_type":null,"sample_rate":null,"adid":null,"event_type":"project-exported","device_id":"45lGM1lA_62MHA3u9We3UM","idfa":null,"library":"amplitude-js\/6.1.0","start_version":null,"device_manufacturer":null,"language":"English","uuid":"6ced0402-d628-11ea-8063-02850855d65c","device_type":null,"user_properties":{"Username":"manojvmanduva@gmail.com"},"country":"India","group_properties":{},"is_attribution_event":false,"city":"Hyderabad","processed_time":"2020-08-04 07:59:30.315266","device_brand":null,"version_name":null,"os_name":"Chrome"}
{"event_properties":{"project-name":"Text to video in min"},"device_family":null,"$schema":12,"server_received_time":"2020-08-04 07:59:48.921000","data":{},"app":277124,"user_creation_time":"2020-05-28 16:45:17.944000","device_carrier":null,"groups":{},"region":"Telangana","event_id":344,"client_event_time":"2020-08-04 07:59:48.759000","paying":null,"user_id":null,"server_upload_time":"2020-08-04 07:59:48.923000","location_lat":null,"client_upload_time":"2020-08-04 07:59:48.761000","$insert_id":"4442a480-16bb-4a8a-ab56-778d0d3ae26a","event_time":"2020-08-04 07:59:48.759000","platform":"Web","session_id":1596527907844,"ip_address":"49.204.182.168","os_version":"84","amplitude_attribution_ids":null,"dma":null,"location_lng":null,"device_model":null,"amplitude_id":156884438584,"amplitude_event_type":null,"sample_rate":null,"adid":null,"event_type":"saved-video-opened","device_id":"45lGM1lA_62MHA3u9We3UM","idfa":null,"library":"amplitude-js\/6.1.0","start_version":null,"device_manufacturer":null,"language":"English","uuid":"7875aea0-d628-11ea-8063-02850855d65c","device_type":null,"user_properties":{"Username":"manojvmanduva@gmail.com"},"country":"India","group_properties":{},"is_attribution_event":false,"city":"Hyderabad","processed_time":"2020-08-04 07:59:49.631612","device_brand":null,"version_name":null,"os_name":"Chrome"}
