{"adid":null,"data":{},"start_version":null,"device_brand":null,"version_name":null,"user_properties":{"Username":"vikram@pictory.ai"},"device_family":null,"ip_address":"73.140.177.242","uuid":"ec017344-d944-11ea-b132-02d7b4e9e9b8","user_creation_time":"2020-05-17 00:13:14.288000","country":"United States","app":277124,"group_properties":{},"is_attribution_event":false,"sample_rate":null,"library":"amplitude-js\/6.1.0","os_name":"Chrome","amplitude_attribution_ids":null,"event_time":"2020-08-08 07:01:02.047000","region":"Washington","$insert_id":"e1787c7b-a056-4015-be49-b4e2da12cac8","device_id":"Q7DEYHSryLp0H1aRz9RtrZ","event_properties":{"project-id":100613829,"project-category":"Best way to invest in 2020","save-type":"New Video","project-name":"Best way to invest i(1)"},"device_model":null,"os_version":"84","location_lng":null,"event_id":1798,"paying":null,"city":"Lake Stevens","client_upload_time":"2020-08-08 07:01:02.048000","amplitude_event_type":null,"session_id":1596870050504,"device_carrier":null,"$schema":12,"user_id":"vikram@pictory.ai","platform":"Web","amplitude_id":157956802362,"groups":{},"client_event_time":"2020-08-08 07:01:02.047000","idfa":null,"server_upload_time":"2020-08-08 07:01:02.079000","dma":"Seattle-Tacoma, WA","location_lat":null,"device_type":null,"event_type":"video-saved","language":"English","processed_time":"2020-08-08 07:01:02.887879","device_manufacturer":null,"server_received_time":"2020-08-08 07:01:02.070000"}
{"adid":null,"data":{},"start_version":null,"device_brand":null,"version_name":null,"user_properties":{"Username":"vikram@pictory.ai"},"device_family":null,"ip_address":"73.140.177.242","uuid":"edd03f66-d944-11ea-b132-02d7b4e9e9b8","user_creation_time":"2020-05-17 00:13:14.288000","country":"United States","app":277124,"group_properties":{},"is_attribution_event":false,"sample_rate":null,"library":"amplitude-js\/6.1.0","os_name":"Chrome","amplitude_attribution_ids":null,"event_time":"2020-08-08 07:01:02.973000","region":"Washington","$insert_id":"0c7dba97-dc33-44b4-a0b6-a8a230974616","device_id":"Q7DEYHSryLp0H1aRz9RtrZ","event_properties":{"project-id":100613829,"track-name":"All Isn't Lost"},"device_model":null,"os_version":"84","location_lng":null,"event_id":1799,"paying":null,"city":"Lake Stevens","client_upload_time":"2020-08-08 07:01:02.974000","amplitude_event_type":null,"session_id":1596870050504,"device_carrier":null,"$schema":12,"user_id":"vikram@pictory.ai","platform":"Web","amplitude_id":157956802362,"groups":{},"client_event_time":"2020-08-08 07:01:02.973000","idfa":null,"server_upload_time":"2020-08-08 07:01:03.003000","dma":"Seattle-Tacoma, WA","location_lat":null,"device_type":null,"event_type":"track-deselected","language":"English","processed_time":"2020-08-08 07:01:05.918529","device_manufacturer":null,"server_received_time":"2020-08-08 07:01:02.993000"}
{"adid":null,"data":{},"start_version":null,"device_brand":null,"version_name":null,"user_properties":{"Username":"vikram@pictory.ai"},"device_family":null,"ip_address":"73.140.177.242","uuid":"edd04966-d944-11ea-b132-02d7b4e9e9b8","user_creation_time":"2020-05-17 00:13:14.288000","country":"United States","app":277124,"group_properties":{},"is_attribution_event":false,"sample_rate":null,"library":"amplitude-js\/6.1.0","os_name":"Chrome","amplitude_attribution_ids":null,"event_time":"2020-08-08 07:01:03.905000","region":"Washington","$insert_id":"2b14b61e-53a0-41eb-b53a-09e5e8a96337","device_id":"Q7DEYHSryLp0H1aRz9RtrZ","event_properties":{"project-id":100613829,"track-name":"All Isn't Lost"},"device_model":null,"os_version":"84","location_lng":null,"event_id":1800,"paying":null,"city":"Lake Stevens","client_upload_time":"2020-08-08 07:01:03.907000","amplitude_event_type":null,"session_id":1596870050504,"device_carrier":null,"$schema":12,"user_id":"vikram@pictory.ai","platform":"Web","amplitude_id":157956802362,"groups":{},"client_event_time":"2020-08-08 07:01:03.905000","idfa":null,"server_upload_time":"2020-08-08 07:01:03.938000","dma":"Seattle-Tacoma, WA","location_lat":null,"device_type":null,"event_type":"track-selected","language":"English","processed_time":"2020-08-08 07:01:05.920564","device_manufacturer":null,"server_received_time":"2020-08-08 07:01:03.926000"}
{"adid":null,"data":{},"start_version":null,"device_brand":null,"version_name":null,"user_properties":{"Username":"vikram@pictory.ai"},"device_family":null,"ip_address":"73.140.177.242","uuid":"edd052b2-d944-11ea-b132-02d7b4e9e9b8","user_creation_time":"2020-05-17 00:13:14.288000","country":"United States","app":277124,"group_properties":{},"is_attribution_event":false,"sample_rate":null,"library":"amplitude-js\/6.1.0","os_name":"Chrome","amplitude_attribution_ids":null,"event_time":"2020-08-08 07:01:04.390000","region":"Washington","$insert_id":"dec76c7b-e557-4f95-87b5-d30072063512","device_id":"Q7DEYHSryLp0H1aRz9RtrZ","event_properties":{"project-id":100613829,"project-category":"Best way to invest in 2020","save-type":"Saved Video","project-name":"Best way to invest i(1)"},"device_model":null,"os_version":"84","location_lng":null,"event_id":1801,"paying":null,"city":"Lake Stevens","client_upload_time":"2020-08-08 07:01:04.391000","amplitude_event_type":null,"session_id":1596870050504,"device_carrier":null,"$schema":12,"user_id":"vikram@pictory.ai","platform":"Web","amplitude_id":157956802362,"groups":{},"client_event_time":"2020-08-08 07:01:04.390000","idfa":null,"server_upload_time":"2020-08-08 07:01:04.418000","dma":"Seattle-Tacoma, WA","location_lat":null,"device_type":null,"event_type":"video-saved","language":"English","processed_time":"2020-08-08 07:01:05.922407","device_manufacturer":null,"server_received_time":"2020-08-08 07:01:04.410000"}
