{"os_name":"Chrome","server_upload_time":"2020-08-08 16:14:05.012000","language":"English","sample_rate":null,"data":{"first_event":true},"amplitude_event_type":null,"server_received_time":"2020-08-08 16:14:04.993000","dma":"Miami-Ft. Lauderdale, FL","device_carrier":null,"device_family":null,"app":277124,"device_model":null,"country":"United States","version_name":null,"$schema":12,"device_id":"24E9OfiBYyumutLiIr9gUV","city":"Fort Lauderdale","amplitude_id":183504474652,"region":"Florida","client_upload_time":"2020-08-08 16:25:36.710000","location_lng":null,"$insert_id":"c4a5e6e7-58ed-4221-b833-d301571cdd49","adid":null,"ip_address":"98.249.245.138","session_id":1596903766780,"client_event_time":"2020-08-08 16:25:36.694000","amplitude_attribution_ids":null,"event_type":"user-signup","groups":{},"device_type":null,"uuid":"2f87f816-d992-11ea-b6c0-02b442fc3e6d","is_attribution_event":false,"processed_time":"2020-08-08 16:14:07.501403","event_properties":{"provider":"Google"},"library":"amplitude-js\/6.1.0","user_properties":{"Username":"clionesha@gmail.com"},"paying":null,"user_creation_time":"2020-08-08 16:15:04.977000","device_manufacturer":null,"event_id":1,"os_version":"84","group_properties":{},"idfa":null,"start_version":null,"user_id":"clionesha@gmail.com","location_lat":null,"event_time":"2020-08-08 16:15:04.977000","platform":"Web","device_brand":null}
{"os_name":"Chrome","server_upload_time":"2020-08-08 16:14:08.686000","language":"English","sample_rate":null,"data":{},"amplitude_event_type":null,"server_received_time":"2020-08-08 16:14:08.675000","dma":"Miami-Ft. Lauderdale, FL","device_carrier":null,"device_family":null,"app":277124,"device_model":null,"country":"United States","version_name":null,"$schema":12,"device_id":"24E9OfiBYyumutLiIr9gUV","city":"Fort Lauderdale","amplitude_id":183504474652,"region":"Florida","client_upload_time":"2020-08-08 16:25:40.424000","location_lng":null,"$insert_id":"d23f29ed-84b1-48c3-a91a-37595bcfb869","adid":null,"ip_address":"98.249.245.138","session_id":1596903766780,"client_event_time":"2020-08-08 16:25:36.722000","amplitude_attribution_ids":null,"event_type":"trial-activated","groups":{},"device_type":null,"uuid":"32179730-d992-11ea-b6c0-02b442fc3e6d","is_attribution_event":false,"processed_time":"2020-08-08 16:14:11.742977","event_properties":{},"library":"amplitude-js\/6.1.0","user_properties":{"Username":"clionesha@gmail.com"},"paying":null,"user_creation_time":"2020-08-08 16:15:04.977000","device_manufacturer":null,"event_id":2,"os_version":"84","group_properties":{},"idfa":null,"start_version":null,"user_id":"clionesha@gmail.com","location_lat":null,"event_time":"2020-08-08 16:15:04.973000","platform":"Web","device_brand":null}
{"os_name":"Chrome","server_upload_time":"2020-08-08 16:14:44.034000","language":"English","sample_rate":null,"data":{},"amplitude_event_type":null,"server_received_time":"2020-08-08 16:14:44.019000","dma":"Miami-Ft. Lauderdale, FL","device_carrier":null,"device_family":null,"app":277124,"device_model":null,"country":"United States","version_name":null,"$schema":12,"device_id":"24E9OfiBYyumutLiIr9gUV","city":"Fort Lauderdale","amplitude_id":183504474652,"region":"Florida","client_upload_time":"2020-08-08 16:26:15.774000","location_lng":null,"$insert_id":"230c8e1a-b8dd-409b-8031-b3486d311573","adid":null,"ip_address":"98.249.245.138","session_id":1596903766780,"client_event_time":"2020-08-08 16:26:15.771000","amplitude_attribution_ids":null,"event_type":"start-with-script","groups":{},"device_type":null,"uuid":"4625a582-d992-11ea-b6c0-02b442fc3e6d","is_attribution_event":false,"processed_time":"2020-08-08 16:14:45.370221","event_properties":{"script":"<p>Alelixa<\/p><p>&nbsp;<\/p>"},"library":"amplitude-js\/6.1.0","user_properties":{"Username":"clionesha@gmail.com"},"paying":null,"user_creation_time":"2020-08-08 16:15:04.977000","device_manufacturer":null,"event_id":3,"os_version":"84","group_properties":{},"idfa":null,"start_version":null,"user_id":"clionesha@gmail.com","location_lat":null,"event_time":"2020-08-08 16:15:44.016000","platform":"Web","device_brand":null}
{"os_name":"Chrome","server_upload_time":"2020-08-08 16:14:46.663000","language":"English","sample_rate":null,"data":{},"amplitude_event_type":null,"server_received_time":"2020-08-08 16:14:46.650000","dma":"Miami-Ft. Lauderdale, FL","device_carrier":null,"device_family":null,"app":277124,"device_model":null,"country":"United States","version_name":null,"$schema":12,"device_id":"24E9OfiBYyumutLiIr9gUV","city":"Fort Lauderdale","amplitude_id":183504474652,"region":"Florida","client_upload_time":"2020-08-08 16:26:18.605000","location_lng":null,"$insert_id":"f3bd13a3-cb8f-4762-9832-3a1d61b7f9c3","adid":null,"ip_address":"98.249.245.138","session_id":1596903766780,"client_event_time":"2020-08-08 16:26:18.603000","amplitude_attribution_ids":null,"event_type":"failed-service","groups":{},"device_type":null,"uuid":"4760c792-d992-11ea-b6c0-02b442fc3e6d","is_attribution_event":false,"processed_time":"2020-08-08 16:14:47.429400","event_properties":{"service-name":"get-brand-settings"},"library":"amplitude-js\/6.1.0","user_properties":{"Username":"clionesha@gmail.com"},"paying":null,"user_creation_time":"2020-08-08 16:15:04.977000","device_manufacturer":null,"event_id":4,"os_version":"84","group_properties":{},"idfa":null,"start_version":null,"user_id":"clionesha@gmail.com","location_lat":null,"event_time":"2020-08-08 16:15:46.648000","platform":"Web","device_brand":null}
{"os_name":"Chrome","server_upload_time":"2020-08-08 16:14:47.312000","language":"English","sample_rate":null,"data":{},"amplitude_event_type":null,"server_received_time":"2020-08-08 16:14:47.284000","dma":"Miami-Ft. Lauderdale, FL","device_carrier":null,"device_family":null,"app":277124,"device_model":null,"country":"United States","version_name":null,"$schema":12,"device_id":"24E9OfiBYyumutLiIr9gUV","city":"Fort Lauderdale","amplitude_id":183504474652,"region":"Florida","client_upload_time":"2020-08-08 16:26:19.228000","location_lng":null,"$insert_id":"ad02d690-2851-42d9-8b02-27a5b835bb07","adid":null,"ip_address":"98.249.245.138","session_id":1596903766780,"client_event_time":"2020-08-08 16:26:19.182000","amplitude_attribution_ids":null,"event_type":"failed-service","groups":{},"device_type":null,"uuid":"4868624e-d992-11ea-b6c0-02b442fc3e6d","is_attribution_event":false,"processed_time":"2020-08-08 16:14:49.151663","event_properties":{"service-name":"Get-ProjectName"},"library":"amplitude-js\/6.1.0","user_properties":{"Username":"clionesha@gmail.com"},"paying":null,"user_creation_time":"2020-08-08 16:15:04.977000","device_manufacturer":null,"event_id":5,"os_version":"84","group_properties":{},"idfa":null,"start_version":null,"user_id":"clionesha@gmail.com","location_lat":null,"event_time":"2020-08-08 16:15:47.238000","platform":"Web","device_brand":null}
{"os_name":"Chrome","server_upload_time":"2020-08-08 16:14:50.051000","language":"English","sample_rate":null,"data":{},"amplitude_event_type":null,"server_received_time":"2020-08-08 16:14:50.039000","dma":"Miami-Ft. Lauderdale, FL","device_carrier":null,"device_family":null,"app":277124,"device_model":null,"country":"United States","version_name":null,"$schema":12,"device_id":"24E9OfiBYyumutLiIr9gUV","city":"Fort Lauderdale","amplitude_id":183504474652,"region":"Florida","client_upload_time":"2020-08-08 16:26:21.995000","location_lng":null,"$insert_id":"a863b2c5-87e2-4419-970f-e6a3d01f561a","adid":null,"ip_address":"98.249.245.138","session_id":1596903766780,"client_event_time":"2020-08-08 16:26:21.992000","amplitude_attribution_ids":null,"event_type":"failed-service","groups":{},"device_type":null,"uuid":"4a7e8e28-d992-11ea-b6c0-02b442fc3e6d","is_attribution_event":false,"processed_time":"2020-08-08 16:14:52.671119","event_properties":{"service-name":"save-project"},"library":"amplitude-js\/6.1.0","user_properties":{"Username":"clionesha@gmail.com"},"paying":null,"user_creation_time":"2020-08-08 16:15:04.977000","device_manufacturer":null,"event_id":6,"os_version":"84","group_properties":{},"idfa":null,"start_version":null,"user_id":"clionesha@gmail.com","location_lat":null,"event_time":"2020-08-08 16:15:50.036000","platform":"Web","device_brand":null}
{"os_name":"Chrome","server_upload_time":"2020-08-08 16:14:50.654000","language":"English","sample_rate":null,"data":{},"amplitude_event_type":null,"server_received_time":"2020-08-08 16:14:50.641000","dma":"Miami-Ft. Lauderdale, FL","device_carrier":null,"device_family":null,"app":277124,"device_model":null,"country":"United States","version_name":null,"$schema":12,"device_id":"24E9OfiBYyumutLiIr9gUV","city":"Fort Lauderdale","amplitude_id":183504474652,"region":"Florida","client_upload_time":"2020-08-08 16:26:22.610000","location_lng":null,"$insert_id":"9ea5829e-dd19-4487-8181-217ad69084b4","adid":null,"ip_address":"98.249.245.138","session_id":1596903766780,"client_event_time":"2020-08-08 16:26:22.608000","amplitude_attribution_ids":null,"event_type":"failed-service","groups":{},"device_type":null,"uuid":"4a7e9620-d992-11ea-b6c0-02b442fc3e6d","is_attribution_event":false,"processed_time":"2020-08-08 16:14:52.673337","event_properties":{"service-name":"get-audio-favorite"},"library":"amplitude-js\/6.1.0","user_properties":{"Username":"clionesha@gmail.com"},"paying":null,"user_creation_time":"2020-08-08 16:15:04.977000","device_manufacturer":null,"event_id":7,"os_version":"84","group_properties":{},"idfa":null,"start_version":null,"user_id":"clionesha@gmail.com","location_lat":null,"event_time":"2020-08-08 16:15:50.639000","platform":"Web","device_brand":null}
{"os_name":"Chrome","server_upload_time":"2020-08-08 16:14:50.874000","language":"English","sample_rate":null,"data":{},"amplitude_event_type":null,"server_received_time":"2020-08-08 16:14:50.857000","dma":"Miami-Ft. Lauderdale, FL","device_carrier":null,"device_family":null,"app":277124,"device_model":null,"country":"United States","version_name":null,"$schema":12,"device_id":"24E9OfiBYyumutLiIr9gUV","city":"Fort Lauderdale","amplitude_id":183504474652,"region":"Florida","client_upload_time":"2020-08-08 16:26:22.825000","location_lng":null,"$insert_id":"a08bdc12-ad8e-4084-a052-47a934c81d2c","adid":null,"ip_address":"98.249.245.138","session_id":1596903766780,"client_event_time":"2020-08-08 16:26:22.624000","amplitude_attribution_ids":null,"event_type":"project-save-failed","groups":{},"device_type":null,"uuid":"4a7e9d28-d992-11ea-b6c0-02b442fc3e6d","is_attribution_event":false,"processed_time":"2020-08-08 16:14:52.675007","event_properties":{"backup-json":"https:\/\/brand-settings-images130431-pictory.s3.us-east-2.amazonaws.com\/public\/Google_112580543330014122560\/project\/161310004\/failed-save-backup.json"},"library":"amplitude-js\/6.1.0","user_properties":{"Username":"clionesha@gmail.com"},"paying":null,"user_creation_time":"2020-08-08 16:15:04.977000","device_manufacturer":null,"event_id":8,"os_version":"84","group_properties":{},"idfa":null,"start_version":null,"user_id":null,"location_lat":null,"event_time":"2020-08-08 16:15:50.656000","platform":"Web","device_brand":null}
{"os_name":"Chrome","server_upload_time":"2020-08-08 16:15:03.134000","language":"English","sample_rate":null,"data":{},"amplitude_event_type":null,"server_received_time":"2020-08-08 16:15:03.130000","dma":"Miami-Ft. Lauderdale, FL","device_carrier":null,"device_family":null,"app":277124,"device_model":null,"country":"United States","version_name":null,"$schema":12,"device_id":"24E9OfiBYyumutLiIr9gUV","city":"Fort Lauderdale","amplitude_id":183504474652,"region":"Florida","client_upload_time":"2020-08-08 16:26:34.884000","location_lng":null,"$insert_id":"e9a59038-8e85-452a-b9e9-8c5572d74362","adid":null,"ip_address":"98.249.245.138","session_id":1596903766780,"client_event_time":"2020-08-08 16:26:34.882000","amplitude_attribution_ids":null,"event_type":"failed-service","groups":{},"device_type":null,"uuid":"517e6554-d992-11ea-b6c0-02b442fc3e6d","is_attribution_event":false,"processed_time":"2020-08-08 16:15:04.396955","event_properties":{"service-name":"get-visual-favorite"},"library":"amplitude-js\/6.1.0","user_properties":{"Username":"clionesha@gmail.com"},"paying":null,"user_creation_time":"2020-08-08 16:15:04.977000","device_manufacturer":null,"event_id":9,"os_version":"84","group_properties":{},"idfa":null,"start_version":null,"user_id":null,"location_lat":null,"event_time":"2020-08-08 16:16:03.128000","platform":"Web","device_brand":null}
{"os_name":"Chrome","server_upload_time":"2020-08-08 16:15:42.140000","language":"English","sample_rate":null,"data":{},"amplitude_event_type":null,"server_received_time":"2020-08-08 16:15:42.135000","dma":"Miami-Ft. Lauderdale, FL","device_carrier":null,"device_family":null,"app":277124,"device_model":null,"country":"United States","version_name":null,"$schema":12,"device_id":"24E9OfiBYyumutLiIr9gUV","city":"Fort Lauderdale","amplitude_id":183504474652,"region":"Florida","client_upload_time":"2020-08-08 16:27:13.730000","location_lng":null,"$insert_id":"152ae11a-21aa-41e9-abf9-16c3695299d2","adid":null,"ip_address":"98.249.245.138","session_id":1596903766780,"client_event_time":"2020-08-08 16:27:13.721000","amplitude_attribution_ids":null,"event_type":"preview-clicked","groups":{},"device_type":null,"uuid":"692eefd4-d992-11ea-b6c0-02b442fc3e6d","is_attribution_event":false,"processed_time":"2020-08-08 16:15:44.152716","event_properties":{},"library":"amplitude-js\/6.1.0","user_properties":{"Username":"clionesha@gmail.com"},"paying":null,"user_creation_time":"2020-08-08 16:15:04.977000","device_manufacturer":null,"event_id":10,"os_version":"84","group_properties":{},"idfa":null,"start_version":null,"user_id":null,"location_lat":null,"event_time":"2020-08-08 16:16:42.126000","platform":"Web","device_brand":null}
{"os_name":"Chrome","server_upload_time":"2020-08-08 16:15:44.766000","language":"English","sample_rate":null,"data":{},"amplitude_event_type":null,"server_received_time":"2020-08-08 16:15:44.761000","dma":"Miami-Ft. Lauderdale, FL","device_carrier":null,"device_family":null,"app":277124,"device_model":null,"country":"United States","version_name":null,"$schema":12,"device_id":"24E9OfiBYyumutLiIr9gUV","city":"Fort Lauderdale","amplitude_id":183504474652,"region":"Florida","client_upload_time":"2020-08-08 16:27:16.701000","location_lng":null,"$insert_id":"2ee2585e-c636-43cc-92a5-5b67a96e5a40","adid":null,"ip_address":"98.249.245.138","session_id":1596903766780,"client_event_time":"2020-08-08 16:27:16.700000","amplitude_attribution_ids":null,"event_type":"preview-clicked","groups":{},"device_type":null,"uuid":"6a5209d2-d992-11ea-b6c0-02b442fc3e6d","is_attribution_event":false,"processed_time":"2020-08-08 16:15:46.055822","event_properties":{},"library":"amplitude-js\/6.1.0","user_properties":{"Username":"clionesha@gmail.com"},"paying":null,"user_creation_time":"2020-08-08 16:15:04.977000","device_manufacturer":null,"event_id":11,"os_version":"84","group_properties":{},"idfa":null,"start_version":null,"user_id":null,"location_lat":null,"event_time":"2020-08-08 16:16:44.760000","platform":"Web","device_brand":null}
{"os_name":"Chrome","server_upload_time":"2020-08-08 16:16:09.411000","language":"English","sample_rate":null,"data":{},"amplitude_event_type":null,"server_received_time":"2020-08-08 16:16:09.408000","dma":"Miami-Ft. Lauderdale, FL","device_carrier":null,"device_family":null,"app":277124,"device_model":null,"country":"United States","version_name":null,"$schema":12,"device_id":"24E9OfiBYyumutLiIr9gUV","city":"Fort Lauderdale","amplitude_id":183504474652,"region":"Florida","client_upload_time":"2020-08-08 16:27:41.176000","location_lng":null,"$insert_id":"cd11a9f5-ae3d-4916-8ae3-38e32e616cae","adid":null,"ip_address":"98.249.245.138","session_id":1596903766780,"client_event_time":"2020-08-08 16:27:41.174000","amplitude_attribution_ids":null,"event_type":"add-new-sub-scene","groups":{},"device_type":null,"uuid":"791d1826-d992-11ea-b6c0-02b442fc3e6d","is_attribution_event":false,"processed_time":"2020-08-08 16:16:10.900289","event_properties":{"current-scene-text":"Alelixa"},"library":"amplitude-js\/6.1.0","user_properties":{"Username":"clionesha@gmail.com"},"paying":null,"user_creation_time":"2020-08-08 16:15:04.977000","device_manufacturer":null,"event_id":12,"os_version":"84","group_properties":{},"idfa":null,"start_version":null,"user_id":null,"location_lat":null,"event_time":"2020-08-08 16:17:09.406000","platform":"Web","device_brand":null}
{"os_name":"Chrome","server_upload_time":"2020-08-08 16:16:13.648000","language":"English","sample_rate":null,"data":{},"amplitude_event_type":null,"server_received_time":"2020-08-08 16:16:13.643000","dma":"Miami-Ft. Lauderdale, FL","device_carrier":null,"device_family":null,"app":277124,"device_model":null,"country":"United States","version_name":null,"$schema":12,"device_id":"24E9OfiBYyumutLiIr9gUV","city":"Fort Lauderdale","amplitude_id":183504474652,"region":"Florida","client_upload_time":"2020-08-08 16:27:45.602000","location_lng":null,"$insert_id":"c873a344-4d01-4f90-a206-598911474cc0","adid":null,"ip_address":"98.249.245.138","session_id":1596903766780,"client_event_time":"2020-08-08 16:27:45.601000","amplitude_attribution_ids":null,"event_type":"highlight-text","groups":{},"device_type":null,"uuid":"7bb57ca4-d992-11ea-b6c0-02b442fc3e6d","is_attribution_event":false,"processed_time":"2020-08-08 16:16:15.222393","event_properties":{"scene-text":"<strong><\/strong>"},"library":"amplitude-js\/6.1.0","user_properties":{"Username":"clionesha@gmail.com"},"paying":null,"user_creation_time":"2020-08-08 16:15:04.977000","device_manufacturer":null,"event_id":13,"os_version":"84","group_properties":{},"idfa":null,"start_version":null,"user_id":null,"location_lat":null,"event_time":"2020-08-08 16:17:13.642000","platform":"Web","device_brand":null}
{"os_name":"Chrome","server_upload_time":"2020-08-08 16:16:27.577000","language":"English","sample_rate":null,"data":{},"amplitude_event_type":null,"server_received_time":"2020-08-08 16:16:27.553000","dma":"Miami-Ft. Lauderdale, FL","device_carrier":null,"device_family":null,"app":277124,"device_model":null,"country":"United States","version_name":null,"$schema":12,"device_id":"24E9OfiBYyumutLiIr9gUV","city":"Fort Lauderdale","amplitude_id":183504474652,"region":"Florida","client_upload_time":"2020-08-08 16:27:59.305000","location_lng":null,"$insert_id":"4d634897-f86b-44a2-8e7a-7eac50af49b5","adid":null,"ip_address":"98.249.245.138","session_id":1596903766780,"client_event_time":"2020-08-08 16:27:59.302000","amplitude_attribution_ids":null,"event_type":"add-new-sub-scene","groups":{},"device_type":null,"uuid":"83ebb988-d992-11ea-b6c0-02b442fc3e6d","is_attribution_event":false,"processed_time":"2020-08-08 16:16:29.113764","event_properties":{"current-scene-text":"Alelixa","new-scene-text":"Alelixa"},"library":"amplitude-js\/6.1.0","user_properties":{"Username":"clionesha@gmail.com"},"paying":null,"user_creation_time":"2020-08-08 16:15:04.977000","device_manufacturer":null,"event_id":14,"os_version":"84","group_properties":{},"idfa":null,"start_version":null,"user_id":null,"location_lat":null,"event_time":"2020-08-08 16:17:27.550000","platform":"Web","device_brand":null}
{"os_name":"Chrome","server_upload_time":"2020-08-08 16:16:28.150000","language":"English","sample_rate":null,"data":{},"amplitude_event_type":null,"server_received_time":"2020-08-08 16:16:28.146000","dma":"Miami-Ft. Lauderdale, FL","device_carrier":null,"device_family":null,"app":277124,"device_model":null,"country":"United States","version_name":null,"$schema":12,"device_id":"24E9OfiBYyumutLiIr9gUV","city":"Fort Lauderdale","amplitude_id":183504474652,"region":"Florida","client_upload_time":"2020-08-08 16:28:00.107000","location_lng":null,"$insert_id":"d220b6b8-322b-4dc3-adb4-d4b1b7bbe450","adid":null,"ip_address":"98.249.245.138","session_id":1596903766780,"client_event_time":"2020-08-08 16:28:00.105000","amplitude_attribution_ids":null,"event_type":"failed-service","groups":{},"device_type":null,"uuid":"83ebc7ca-d992-11ea-b6c0-02b442fc3e6d","is_attribution_event":false,"processed_time":"2020-08-08 16:16:29.116506","event_properties":{"service-name":"save-project"},"library":"amplitude-js\/6.1.0","user_properties":{"Username":"clionesha@gmail.com"},"paying":null,"user_creation_time":"2020-08-08 16:15:04.977000","device_manufacturer":null,"event_id":15,"os_version":"84","group_properties":{},"idfa":null,"start_version":null,"user_id":null,"location_lat":null,"event_time":"2020-08-08 16:17:28.144000","platform":"Web","device_brand":null}
{"os_name":"Chrome","server_upload_time":"2020-08-08 16:16:28.337000","language":"English","sample_rate":null,"data":{},"amplitude_event_type":null,"server_received_time":"2020-08-08 16:16:28.332000","dma":"Miami-Ft. Lauderdale, FL","device_carrier":null,"device_family":null,"app":277124,"device_model":null,"country":"United States","version_name":null,"$schema":12,"device_id":"24E9OfiBYyumutLiIr9gUV","city":"Fort Lauderdale","amplitude_id":183504474652,"region":"Florida","client_upload_time":"2020-08-08 16:28:00.292000","location_lng":null,"$insert_id":"b03cc08d-c848-4c86-9b34-1970b9a04e52","adid":null,"ip_address":"98.249.245.138","session_id":1596903766780,"client_event_time":"2020-08-08 16:28:00.282000","amplitude_attribution_ids":null,"event_type":"failed-service","groups":{},"device_type":null,"uuid":"83ebd3dc-d992-11ea-b6c0-02b442fc3e6d","is_attribution_event":false,"processed_time":"2020-08-08 16:16:29.123234","event_properties":{"service-name":"get-visual-favorite"},"library":"amplitude-js\/6.1.0","user_properties":{"Username":"clionesha@gmail.com"},"paying":null,"user_creation_time":"2020-08-08 16:15:04.977000","device_manufacturer":null,"event_id":16,"os_version":"84","group_properties":{},"idfa":null,"start_version":null,"user_id":null,"location_lat":null,"event_time":"2020-08-08 16:17:28.322000","platform":"Web","device_brand":null}
{"os_name":"Chrome","server_upload_time":"2020-08-08 16:16:28.692000","language":"English","sample_rate":null,"data":{},"amplitude_event_type":null,"server_received_time":"2020-08-08 16:16:28.690000","dma":"Miami-Ft. Lauderdale, FL","device_carrier":null,"device_family":null,"app":277124,"device_model":null,"country":"United States","version_name":null,"$schema":12,"device_id":"24E9OfiBYyumutLiIr9gUV","city":"Fort Lauderdale","amplitude_id":183504474652,"region":"Florida","client_upload_time":"2020-08-08 16:28:00.658000","location_lng":null,"$insert_id":"d3dbb76d-611f-4e51-b9bb-b5121ff95c75","adid":null,"ip_address":"98.249.245.138","session_id":1596903766780,"client_event_time":"2020-08-08 16:28:00.657000","amplitude_attribution_ids":null,"event_type":"project-save-failed","groups":{},"device_type":null,"uuid":"84fdb10a-d992-11ea-b6c0-02b442fc3e6d","is_attribution_event":false,"processed_time":"2020-08-08 16:16:30.795805","event_properties":{"backup-json":"https:\/\/brand-settings-images130431-pictory.s3.us-east-2.amazonaws.com\/public\/Google_112580543330014122560\/project\/161310004\/failed-save-backup.json"},"library":"amplitude-js\/6.1.0","user_properties":{"Username":"clionesha@gmail.com"},"paying":null,"user_creation_time":"2020-08-08 16:15:04.977000","device_manufacturer":null,"event_id":17,"os_version":"84","group_properties":{},"idfa":null,"start_version":null,"user_id":null,"location_lat":null,"event_time":"2020-08-08 16:17:28.689000","platform":"Web","device_brand":null}
{"os_name":"Chrome","server_upload_time":"2020-08-08 16:16:48.381000","language":"English","sample_rate":null,"data":{},"amplitude_event_type":null,"server_received_time":"2020-08-08 16:16:48.377000","dma":"Miami-Ft. Lauderdale, FL","device_carrier":null,"device_family":null,"app":277124,"device_model":null,"country":"United States","version_name":null,"$schema":12,"device_id":"24E9OfiBYyumutLiIr9gUV","city":"Fort Lauderdale","amplitude_id":183504474652,"region":"Florida","client_upload_time":"2020-08-08 16:28:20.085000","location_lng":null,"$insert_id":"c922bf2d-fe3b-49bc-b479-c73c79b9542a","adid":null,"ip_address":"98.249.245.138","session_id":1596903766780,"client_event_time":"2020-08-08 16:28:20.082000","amplitude_attribution_ids":null,"event_type":"failed-service","groups":{},"device_type":null,"uuid":"90299a3a-d992-11ea-b6c0-02b442fc3e6d","is_attribution_event":false,"processed_time":"2020-08-08 16:16:49.546933","event_properties":{"service-name":"save-project"},"library":"amplitude-js\/6.1.0","user_properties":{"Username":"clionesha@gmail.com"},"paying":null,"user_creation_time":"2020-08-08 16:15:04.977000","device_manufacturer":null,"event_id":18,"os_version":"84","group_properties":{},"idfa":null,"start_version":null,"user_id":null,"location_lat":null,"event_time":"2020-08-08 16:17:48.374000","platform":"Web","device_brand":null}
{"os_name":"Chrome","server_upload_time":"2020-08-08 16:16:48.584000","language":"English","sample_rate":null,"data":{},"amplitude_event_type":null,"server_received_time":"2020-08-08 16:16:48.581000","dma":"Miami-Ft. Lauderdale, FL","device_carrier":null,"device_family":null,"app":277124,"device_model":null,"country":"United States","version_name":null,"$schema":12,"device_id":"24E9OfiBYyumutLiIr9gUV","city":"Fort Lauderdale","amplitude_id":183504474652,"region":"Florida","client_upload_time":"2020-08-08 16:28:20.549000","location_lng":null,"$insert_id":"58f1bd5f-6f53-4693-ad8a-72e83bc94393","adid":null,"ip_address":"98.249.245.138","session_id":1596903766780,"client_event_time":"2020-08-08 16:28:20.547000","amplitude_attribution_ids":null,"event_type":"project-save-failed","groups":{},"device_type":null,"uuid":"9029a6ec-d992-11ea-b6c0-02b442fc3e6d","is_attribution_event":false,"processed_time":"2020-08-08 16:16:49.549874","event_properties":{"backup-json":"https:\/\/brand-settings-images130431-pictory.s3.us-east-2.amazonaws.com\/public\/Google_112580543330014122560\/project\/161310004\/failed-save-backup.json"},"library":"amplitude-js\/6.1.0","user_properties":{"Username":"clionesha@gmail.com"},"paying":null,"user_creation_time":"2020-08-08 16:15:04.977000","device_manufacturer":null,"event_id":19,"os_version":"84","group_properties":{},"idfa":null,"start_version":null,"user_id":null,"location_lat":null,"event_time":"2020-08-08 16:17:48.579000","platform":"Web","device_brand":null}
{"os_name":"Chrome","server_upload_time":"2020-08-08 16:24:21.056000","language":"English","sample_rate":null,"data":{},"amplitude_event_type":null,"server_received_time":"2020-08-08 16:24:21.041000","dma":"Miami-Ft. Lauderdale, FL","device_carrier":null,"device_family":null,"app":277124,"device_model":null,"country":"United States","version_name":null,"$schema":12,"device_id":"24E9OfiBYyumutLiIr9gUV","city":"Fort Lauderdale","amplitude_id":183504474652,"region":"Florida","client_upload_time":"2020-08-08 16:35:52.759000","location_lng":null,"$insert_id":"69b9d3cb-183a-4589-807d-af61adcd0966","adid":null,"ip_address":"98.249.245.138","session_id":1596903766780,"client_event_time":"2020-08-08 16:35:52.750000","amplitude_attribution_ids":null,"event_type":"failed-service","groups":{},"device_type":null,"uuid":"9dc8429e-d993-11ea-b6c0-02b442fc3e6d","is_attribution_event":false,"processed_time":"2020-08-08 16:24:21.902331","event_properties":{"service-name":"get-audio-favorite"},"library":"amplitude-js\/6.1.0","user_properties":{"Username":"clionesha@gmail.com"},"paying":null,"user_creation_time":"2020-08-08 16:15:04.977000","device_manufacturer":null,"event_id":20,"os_version":"84","group_properties":{},"idfa":null,"start_version":null,"user_id":null,"location_lat":null,"event_time":"2020-08-08 16:25:21.032000","platform":"Web","device_brand":null}
{"os_name":"Chrome","server_upload_time":"2020-08-08 16:24:21.227000","language":"English","sample_rate":null,"data":{},"amplitude_event_type":null,"server_received_time":"2020-08-08 16:24:21.215000","dma":"Miami-Ft. Lauderdale, FL","device_carrier":null,"device_family":null,"app":277124,"device_model":null,"country":"United States","version_name":null,"$schema":12,"device_id":"24E9OfiBYyumutLiIr9gUV","city":"Fort Lauderdale","amplitude_id":183504474652,"region":"Florida","client_upload_time":"2020-08-08 16:35:53.182000","location_lng":null,"$insert_id":"47061083-007a-4aa9-bd8e-09dfe3c2fa12","adid":null,"ip_address":"98.249.245.138","session_id":1596903766780,"client_event_time":"2020-08-08 16:35:52.966000","amplitude_attribution_ids":null,"event_type":"failed-service","groups":{},"device_type":null,"uuid":"9dc84ed8-d993-11ea-b6c0-02b442fc3e6d","is_attribution_event":false,"processed_time":"2020-08-08 16:24:21.908455","event_properties":{"service-name":"get-audio-favorite"},"library":"amplitude-js\/6.1.0","user_properties":{"Username":"clionesha@gmail.com"},"paying":null,"user_creation_time":"2020-08-08 16:15:04.977000","device_manufacturer":null,"event_id":21,"os_version":"84","group_properties":{},"idfa":null,"start_version":null,"user_id":null,"location_lat":null,"event_time":"2020-08-08 16:25:20.999000","platform":"Web","device_brand":null}
{"os_name":"Chrome","server_upload_time":"2020-08-08 16:24:34.217000","language":"English","sample_rate":null,"data":{},"amplitude_event_type":null,"server_received_time":"2020-08-08 16:24:34.211000","dma":"Miami-Ft. Lauderdale, FL","device_carrier":null,"device_family":null,"app":277124,"device_model":null,"country":"United States","version_name":null,"$schema":12,"device_id":"24E9OfiBYyumutLiIr9gUV","city":"Fort Lauderdale","amplitude_id":183504474652,"region":"Florida","client_upload_time":"2020-08-08 16:36:05.974000","location_lng":null,"$insert_id":"70b4d763-1dcf-45f7-9cfd-e6e99dfe51eb","adid":null,"ip_address":"98.249.245.138","session_id":1596903766780,"client_event_time":"2020-08-08 16:36:05.971000","amplitude_attribution_ids":null,"event_type":"track-sample-played","groups":{},"device_type":null,"uuid":"a62f182c-d993-11ea-b6c0-02b442fc3e6d","is_attribution_event":false,"processed_time":"2020-08-08 16:24:35.994467","event_properties":{"project-id":161310004,"track-name":"Ground Breaker"},"library":"amplitude-js\/6.1.0","user_properties":{"Username":"clionesha@gmail.com"},"paying":null,"user_creation_time":"2020-08-08 16:15:04.977000","device_manufacturer":null,"event_id":22,"os_version":"84","group_properties":{},"idfa":null,"start_version":null,"user_id":null,"location_lat":null,"event_time":"2020-08-08 16:25:34.208000","platform":"Web","device_brand":null}
{"os_name":"Chrome","server_upload_time":"2020-08-08 16:24:39.767000","language":"English","sample_rate":null,"data":{},"amplitude_event_type":null,"server_received_time":"2020-08-08 16:24:39.757000","dma":"Miami-Ft. Lauderdale, FL","device_carrier":null,"device_family":null,"app":277124,"device_model":null,"country":"United States","version_name":null,"$schema":12,"device_id":"24E9OfiBYyumutLiIr9gUV","city":"Fort Lauderdale","amplitude_id":183504474652,"region":"Florida","client_upload_time":"2020-08-08 16:36:11.714000","location_lng":null,"$insert_id":"3a8b91bd-0119-4cc6-bd3d-bb56a4ca67cb","adid":null,"ip_address":"98.249.245.138","session_id":1596903766780,"client_event_time":"2020-08-08 16:36:11.712000","amplitude_attribution_ids":null,"event_type":"track-sample-played","groups":{},"device_type":null,"uuid":"a93c7aa0-d993-11ea-b6c0-02b442fc3e6d","is_attribution_event":false,"processed_time":"2020-08-08 16:24:41.103336","event_properties":{"project-id":161310004,"track-name":"Ground Breaker"},"library":"amplitude-js\/6.1.0","user_properties":{"Username":"clionesha@gmail.com"},"paying":null,"user_creation_time":"2020-08-08 16:15:04.977000","device_manufacturer":null,"event_id":23,"os_version":"84","group_properties":{},"idfa":null,"start_version":null,"user_id":null,"location_lat":null,"event_time":"2020-08-08 16:25:39.755000","platform":"Web","device_brand":null}
{"os_name":"Chrome","server_upload_time":"2020-08-08 16:24:41.932000","language":"English","sample_rate":null,"data":{},"amplitude_event_type":null,"server_received_time":"2020-08-08 16:24:41.925000","dma":"Miami-Ft. Lauderdale, FL","device_carrier":null,"device_family":null,"app":277124,"device_model":null,"country":"United States","version_name":null,"$schema":12,"device_id":"24E9OfiBYyumutLiIr9gUV","city":"Fort Lauderdale","amplitude_id":183504474652,"region":"Florida","client_upload_time":"2020-08-08 16:36:13.887000","location_lng":null,"$insert_id":"3d5cf7a8-5ff9-40e2-85ab-8f66851f2e25","adid":null,"ip_address":"98.249.245.138","session_id":1596903766780,"client_event_time":"2020-08-08 16:36:13.886000","amplitude_attribution_ids":null,"event_type":"track-sample-played","groups":{},"device_type":null,"uuid":"aa3c6e38-d993-11ea-b6c0-02b442fc3e6d","is_attribution_event":false,"processed_time":"2020-08-08 16:24:42.779596","event_properties":{"project-id":161310004,"track-name":"Closer to the Stars"},"library":"amplitude-js\/6.1.0","user_properties":{"Username":"clionesha@gmail.com"},"paying":null,"user_creation_time":"2020-08-08 16:15:04.977000","device_manufacturer":null,"event_id":24,"os_version":"84","group_properties":{},"idfa":null,"start_version":null,"user_id":null,"location_lat":null,"event_time":"2020-08-08 16:25:41.924000","platform":"Web","device_brand":null}
{"os_name":"Chrome","server_upload_time":"2020-08-08 16:24:44.216000","language":"English","sample_rate":null,"data":{},"amplitude_event_type":null,"server_received_time":"2020-08-08 16:24:44.213000","dma":"Miami-Ft. Lauderdale, FL","device_carrier":null,"device_family":null,"app":277124,"device_model":null,"country":"United States","version_name":null,"$schema":12,"device_id":"24E9OfiBYyumutLiIr9gUV","city":"Fort Lauderdale","amplitude_id":183504474652,"region":"Florida","client_upload_time":"2020-08-08 16:36:15.967000","location_lng":null,"$insert_id":"d0c0707b-a1b6-4961-b561-cca5db2dd67e","adid":null,"ip_address":"98.249.245.138","session_id":1596903766780,"client_event_time":"2020-08-08 16:36:15.965000","amplitude_attribution_ids":null,"event_type":"track-sample-played","groups":{},"device_type":null,"uuid":"ac54dd90-d993-11ea-b6c0-02b442fc3e6d","is_attribution_event":false,"processed_time":"2020-08-08 16:24:46.294443","event_properties":{"project-id":161310004,"track-name":"Light Window"},"library":"amplitude-js\/6.1.0","user_properties":{"Username":"clionesha@gmail.com"},"paying":null,"user_creation_time":"2020-08-08 16:15:04.977000","device_manufacturer":null,"event_id":25,"os_version":"84","group_properties":{},"idfa":null,"start_version":null,"user_id":null,"location_lat":null,"event_time":"2020-08-08 16:25:44.211000","platform":"Web","device_brand":null}
{"os_name":"Chrome","server_upload_time":"2020-08-08 16:24:46.892000","language":"English","sample_rate":null,"data":{},"amplitude_event_type":null,"server_received_time":"2020-08-08 16:24:46.884000","dma":"Miami-Ft. Lauderdale, FL","device_carrier":null,"device_family":null,"app":277124,"device_model":null,"country":"United States","version_name":null,"$schema":12,"device_id":"24E9OfiBYyumutLiIr9gUV","city":"Fort Lauderdale","amplitude_id":183504474652,"region":"Florida","client_upload_time":"2020-08-08 16:36:18.845000","location_lng":null,"$insert_id":"58f6a7be-d4f6-4588-b987-2d441513c55a","adid":null,"ip_address":"98.249.245.138","session_id":1596903766780,"client_event_time":"2020-08-08 16:36:18.840000","amplitude_attribution_ids":null,"event_type":"track-sample-played","groups":{},"device_type":null,"uuid":"ae14ef58-d993-11ea-b6c0-02b442fc3e6d","is_attribution_event":false,"processed_time":"2020-08-08 16:24:49.230500","event_properties":{"project-id":161310004,"track-name":"A Brisk Walk"},"library":"amplitude-js\/6.1.0","user_properties":{"Username":"clionesha@gmail.com"},"paying":null,"user_creation_time":"2020-08-08 16:15:04.977000","device_manufacturer":null,"event_id":26,"os_version":"84","group_properties":{},"idfa":null,"start_version":null,"user_id":null,"location_lat":null,"event_time":"2020-08-08 16:25:46.879000","platform":"Web","device_brand":null}
{"os_name":"Chrome","server_upload_time":"2020-08-08 16:24:53.245000","language":"English","sample_rate":null,"data":{},"amplitude_event_type":null,"server_received_time":"2020-08-08 16:24:53.241000","dma":"Miami-Ft. Lauderdale, FL","device_carrier":null,"device_family":null,"app":277124,"device_model":null,"country":"United States","version_name":null,"$schema":12,"device_id":"24E9OfiBYyumutLiIr9gUV","city":"Fort Lauderdale","amplitude_id":183504474652,"region":"Florida","client_upload_time":"2020-08-08 16:36:24.986000","location_lng":null,"$insert_id":"97190f24-d5d9-43ce-8337-17d1664f70ec","adid":null,"ip_address":"98.249.245.138","session_id":1596903766780,"client_event_time":"2020-08-08 16:36:24.985000","amplitude_attribution_ids":null,"event_type":"voice-over-clicked","groups":{},"device_type":null,"uuid":"b0f9579a-d993-11ea-b6c0-02b442fc3e6d","is_attribution_event":false,"processed_time":"2020-08-08 16:24:54.084760","event_properties":{"project-id":161310004},"library":"amplitude-js\/6.1.0","user_properties":{"Username":"clionesha@gmail.com"},"paying":null,"user_creation_time":"2020-08-08 16:15:04.977000","device_manufacturer":null,"event_id":27,"os_version":"84","group_properties":{},"idfa":null,"start_version":null,"user_id":null,"location_lat":null,"event_time":"2020-08-08 16:25:53.240000","platform":"Web","device_brand":null}
{"os_name":"Chrome","server_upload_time":"2020-08-08 16:24:53.471000","language":"English","sample_rate":null,"data":{},"amplitude_event_type":null,"server_received_time":"2020-08-08 16:24:53.467000","dma":"Miami-Ft. Lauderdale, FL","device_carrier":null,"device_family":null,"app":277124,"device_model":null,"country":"United States","version_name":null,"$schema":12,"device_id":"24E9OfiBYyumutLiIr9gUV","city":"Fort Lauderdale","amplitude_id":183504474652,"region":"Florida","client_upload_time":"2020-08-08 16:36:25.433000","location_lng":null,"$insert_id":"68f25256-f721-4eef-b824-f69eac06a1b7","adid":null,"ip_address":"98.249.245.138","session_id":1596903766780,"client_event_time":"2020-08-08 16:36:25.432000","amplitude_attribution_ids":null,"event_type":"failed-service","groups":{},"device_type":null,"uuid":"b0f96032-d993-11ea-b6c0-02b442fc3e6d","is_attribution_event":false,"processed_time":"2020-08-08 16:24:54.086936","event_properties":{"service-name":"get-audio-favorite"},"library":"amplitude-js\/6.1.0","user_properties":{"Username":"clionesha@gmail.com"},"paying":null,"user_creation_time":"2020-08-08 16:15:04.977000","device_manufacturer":null,"event_id":28,"os_version":"84","group_properties":{},"idfa":null,"start_version":null,"user_id":null,"location_lat":null,"event_time":"2020-08-08 16:25:53.466000","platform":"Web","device_brand":null}
{"os_name":"Chrome","server_upload_time":"2020-08-08 16:24:53.788000","language":"English","sample_rate":null,"data":{},"amplitude_event_type":null,"server_received_time":"2020-08-08 16:24:53.786000","dma":"Miami-Ft. Lauderdale, FL","device_carrier":null,"device_family":null,"app":277124,"device_model":null,"country":"United States","version_name":null,"$schema":12,"device_id":"24E9OfiBYyumutLiIr9gUV","city":"Fort Lauderdale","amplitude_id":183504474652,"region":"Florida","client_upload_time":"2020-08-08 16:36:25.757000","location_lng":null,"$insert_id":"bb6eeb54-10ae-49ce-b3d0-025725c963c0","adid":null,"ip_address":"98.249.245.138","session_id":1596903766780,"client_event_time":"2020-08-08 16:36:25.740000","amplitude_attribution_ids":null,"event_type":"failed-service","groups":{},"device_type":null,"uuid":"b1f9102c-d993-11ea-b6c0-02b442fc3e6d","is_attribution_event":false,"processed_time":"2020-08-08 16:24:55.764991","event_properties":{"service-name":"get-audio-favorite"},"library":"amplitude-js\/6.1.0","user_properties":{"Username":"clionesha@gmail.com"},"paying":null,"user_creation_time":"2020-08-08 16:15:04.977000","device_manufacturer":null,"event_id":29,"os_version":"84","group_properties":{},"idfa":null,"start_version":null,"user_id":null,"location_lat":null,"event_time":"2020-08-08 16:25:53.769000","platform":"Web","device_brand":null}
{"os_name":"Chrome","server_upload_time":"2020-08-08 16:24:54.004000","language":"English","sample_rate":null,"data":{},"amplitude_event_type":null,"server_received_time":"2020-08-08 16:24:54","dma":"Miami-Ft. Lauderdale, FL","device_carrier":null,"device_family":null,"app":277124,"device_model":null,"country":"United States","version_name":null,"$schema":12,"device_id":"24E9OfiBYyumutLiIr9gUV","city":"Fort Lauderdale","amplitude_id":183504474652,"region":"Florida","client_upload_time":"2020-08-08 16:36:25.970000","location_lng":null,"$insert_id":"e63aacf8-21af-451a-9db6-b3954f840f7f","adid":null,"ip_address":"98.249.245.138","session_id":1596903766780,"client_event_time":"2020-08-08 16:36:25.951000","amplitude_attribution_ids":null,"event_type":"failed-service","groups":{},"device_type":null,"uuid":"b1f91fe0-d993-11ea-b6c0-02b442fc3e6d","is_attribution_event":false,"processed_time":"2020-08-08 16:24:55.768181","event_properties":{"service-name":"get-audio-favorite"},"library":"amplitude-js\/6.1.0","user_properties":{"Username":"clionesha@gmail.com"},"paying":null,"user_creation_time":"2020-08-08 16:15:04.977000","device_manufacturer":null,"event_id":30,"os_version":"84","group_properties":{},"idfa":null,"start_version":null,"user_id":null,"location_lat":null,"event_time":"2020-08-08 16:25:53.981000","platform":"Web","device_brand":null}
{"os_name":"Chrome","server_upload_time":"2020-08-08 16:24:54.359000","language":"English","sample_rate":null,"data":{},"amplitude_event_type":null,"server_received_time":"2020-08-08 16:24:54.351000","dma":"Miami-Ft. Lauderdale, FL","device_carrier":null,"device_family":null,"app":277124,"device_model":null,"country":"United States","version_name":null,"$schema":12,"device_id":"24E9OfiBYyumutLiIr9gUV","city":"Fort Lauderdale","amplitude_id":183504474652,"region":"Florida","client_upload_time":"2020-08-08 16:36:26.326000","location_lng":null,"$insert_id":"dfa763d1-6944-4f88-ba87-3e20f4eacead","adid":null,"ip_address":"98.249.245.138","session_id":1596903766780,"client_event_time":"2020-08-08 16:36:26.325000","amplitude_attribution_ids":null,"event_type":"failed-service","groups":{},"device_type":null,"uuid":"b1f92ec2-d993-11ea-b6c0-02b442fc3e6d","is_attribution_event":false,"processed_time":"2020-08-08 16:24:55.770899","event_properties":{"service-name":"get-audio-favorite"},"library":"amplitude-js\/6.1.0","user_properties":{"Username":"clionesha@gmail.com"},"paying":null,"user_creation_time":"2020-08-08 16:15:04.977000","device_manufacturer":null,"event_id":31,"os_version":"84","group_properties":{},"idfa":null,"start_version":null,"user_id":null,"location_lat":null,"event_time":"2020-08-08 16:25:54.350000","platform":"Web","device_brand":null}
{"os_name":"Chrome","server_upload_time":"2020-08-08 16:24:55.802000","language":"English","sample_rate":null,"data":{},"amplitude_event_type":null,"server_received_time":"2020-08-08 16:24:55.799000","dma":"Miami-Ft. Lauderdale, FL","device_carrier":null,"device_family":null,"app":277124,"device_model":null,"country":"United States","version_name":null,"$schema":12,"device_id":"24E9OfiBYyumutLiIr9gUV","city":"Fort Lauderdale","amplitude_id":183504474652,"region":"Florida","client_upload_time":"2020-08-08 16:36:27.752000","location_lng":null,"$insert_id":"39e7d37b-d9be-4a7f-a4af-13998abf428a","adid":null,"ip_address":"98.249.245.138","session_id":1596903766780,"client_event_time":"2020-08-08 16:36:27.751000","amplitude_attribution_ids":null,"event_type":"failed-service","groups":{},"device_type":null,"uuid":"b300ce56-d993-11ea-b6c0-02b442fc3e6d","is_attribution_event":false,"processed_time":"2020-08-08 16:24:57.494903","event_properties":{"service-name":"save-project"},"library":"amplitude-js\/6.1.0","user_properties":{"Username":"clionesha@gmail.com"},"paying":null,"user_creation_time":"2020-08-08 16:15:04.977000","device_manufacturer":null,"event_id":32,"os_version":"84","group_properties":{},"idfa":null,"start_version":null,"user_id":null,"location_lat":null,"event_time":"2020-08-08 16:25:55.798000","platform":"Web","device_brand":null}
{"os_name":"Chrome","server_upload_time":"2020-08-08 16:24:56.689000","language":"English","sample_rate":null,"data":{},"amplitude_event_type":null,"server_received_time":"2020-08-08 16:24:56.675000","dma":"Miami-Ft. Lauderdale, FL","device_carrier":null,"device_family":null,"app":277124,"device_model":null,"country":"United States","version_name":null,"$schema":12,"device_id":"24E9OfiBYyumutLiIr9gUV","city":"Fort Lauderdale","amplitude_id":183504474652,"region":"Florida","client_upload_time":"2020-08-08 16:36:28.577000","location_lng":null,"$insert_id":"b636b302-d1e6-4281-aef4-8488963d3466","adid":null,"ip_address":"98.249.245.138","session_id":1596903766780,"client_event_time":"2020-08-08 16:36:28.529000","amplitude_attribution_ids":null,"event_type":"failed-service","groups":{},"device_type":null,"uuid":"b300d7ac-d993-11ea-b6c0-02b442fc3e6d","is_attribution_event":false,"processed_time":"2020-08-08 16:24:57.498493","event_properties":{"service-name":"save-project"},"library":"amplitude-js\/6.1.0","user_properties":{"Username":"clionesha@gmail.com"},"paying":null,"user_creation_time":"2020-08-08 16:15:04.977000","device_manufacturer":null,"event_id":33,"os_version":"84","group_properties":{},"idfa":null,"start_version":null,"user_id":null,"location_lat":null,"event_time":"2020-08-08 16:25:56.627000","platform":"Web","device_brand":null}
{"os_name":"Chrome","server_upload_time":"2020-08-08 16:24:56.689000","language":"English","sample_rate":null,"data":{},"amplitude_event_type":null,"server_received_time":"2020-08-08 16:24:56.675000","dma":"Miami-Ft. Lauderdale, FL","device_carrier":null,"device_family":null,"app":277124,"device_model":null,"country":"United States","version_name":null,"$schema":12,"device_id":"24E9OfiBYyumutLiIr9gUV","city":"Fort Lauderdale","amplitude_id":183504474652,"region":"Florida","client_upload_time":"2020-08-08 16:36:28.577000","location_lng":null,"$insert_id":"4e8b3049-23ac-4421-8511-357b9bb4aec2","adid":null,"ip_address":"98.249.245.138","session_id":1596903766780,"client_event_time":"2020-08-08 16:36:28.542000","amplitude_attribution_ids":null,"event_type":"failed-service","groups":{},"device_type":null,"uuid":"b300e148-d993-11ea-b6c0-02b442fc3e6d","is_attribution_event":false,"processed_time":"2020-08-08 16:24:57.498505","event_properties":{"service-name":"save-project"},"library":"amplitude-js\/6.1.0","user_properties":{"Username":"clionesha@gmail.com"},"paying":null,"user_creation_time":"2020-08-08 16:15:04.977000","device_manufacturer":null,"event_id":34,"os_version":"84","group_properties":{},"idfa":null,"start_version":null,"user_id":null,"location_lat":null,"event_time":"2020-08-08 16:25:56.640000","platform":"Web","device_brand":null}
{"os_name":"Chrome","server_upload_time":"2020-08-08 16:24:56.689000","language":"English","sample_rate":null,"data":{},"amplitude_event_type":null,"server_received_time":"2020-08-08 16:24:56.675000","dma":"Miami-Ft. Lauderdale, FL","device_carrier":null,"device_family":null,"app":277124,"device_model":null,"country":"United States","version_name":null,"$schema":12,"device_id":"24E9OfiBYyumutLiIr9gUV","city":"Fort Lauderdale","amplitude_id":183504474652,"region":"Florida","client_upload_time":"2020-08-08 16:36:28.577000","location_lng":null,"$insert_id":"e506f855-71b4-4707-9578-bc4b5f55c3e5","adid":null,"ip_address":"98.249.245.138","session_id":1596903766780,"client_event_time":"2020-08-08 16:36:28.550000","amplitude_attribution_ids":null,"event_type":"failed-service","groups":{},"device_type":null,"uuid":"b300e94a-d993-11ea-b6c0-02b442fc3e6d","is_attribution_event":false,"processed_time":"2020-08-08 16:24:57.498510","event_properties":{"service-name":"save-project"},"library":"amplitude-js\/6.1.0","user_properties":{"Username":"clionesha@gmail.com"},"paying":null,"user_creation_time":"2020-08-08 16:15:04.977000","device_manufacturer":null,"event_id":35,"os_version":"84","group_properties":{},"idfa":null,"start_version":null,"user_id":null,"location_lat":null,"event_time":"2020-08-08 16:25:56.648000","platform":"Web","device_brand":null}
{"os_name":"Chrome","server_upload_time":"2020-08-08 16:24:56.689000","language":"English","sample_rate":null,"data":{},"amplitude_event_type":null,"server_received_time":"2020-08-08 16:24:56.675000","dma":"Miami-Ft. Lauderdale, FL","device_carrier":null,"device_family":null,"app":277124,"device_model":null,"country":"United States","version_name":null,"$schema":12,"device_id":"24E9OfiBYyumutLiIr9gUV","city":"Fort Lauderdale","amplitude_id":183504474652,"region":"Florida","client_upload_time":"2020-08-08 16:36:28.577000","location_lng":null,"$insert_id":"6d203a7b-b354-4ad7-a68d-e5d43f7595cc","adid":null,"ip_address":"98.249.245.138","session_id":1596903766780,"client_event_time":"2020-08-08 16:36:28.556000","amplitude_attribution_ids":null,"event_type":"failed-service","groups":{},"device_type":null,"uuid":"b300f2b4-d993-11ea-b6c0-02b442fc3e6d","is_attribution_event":false,"processed_time":"2020-08-08 16:24:57.498514","event_properties":{"service-name":"save-project"},"library":"amplitude-js\/6.1.0","user_properties":{"Username":"clionesha@gmail.com"},"paying":null,"user_creation_time":"2020-08-08 16:15:04.977000","device_manufacturer":null,"event_id":36,"os_version":"84","group_properties":{},"idfa":null,"start_version":null,"user_id":null,"location_lat":null,"event_time":"2020-08-08 16:25:56.654000","platform":"Web","device_brand":null}
{"os_name":"Chrome","server_upload_time":"2020-08-08 16:24:56.689000","language":"English","sample_rate":null,"data":{},"amplitude_event_type":null,"server_received_time":"2020-08-08 16:24:56.675000","dma":"Miami-Ft. Lauderdale, FL","device_carrier":null,"device_family":null,"app":277124,"device_model":null,"country":"United States","version_name":null,"$schema":12,"device_id":"24E9OfiBYyumutLiIr9gUV","city":"Fort Lauderdale","amplitude_id":183504474652,"region":"Florida","client_upload_time":"2020-08-08 16:36:28.577000","location_lng":null,"$insert_id":"8c24037e-39f5-4f83-bc38-53d823cc5648","adid":null,"ip_address":"98.249.245.138","session_id":1596903766780,"client_event_time":"2020-08-08 16:36:28.569000","amplitude_attribution_ids":null,"event_type":"failed-service","groups":{},"device_type":null,"uuid":"b300fb2e-d993-11ea-b6c0-02b442fc3e6d","is_attribution_event":false,"processed_time":"2020-08-08 16:24:57.498518","event_properties":{"service-name":"save-project"},"library":"amplitude-js\/6.1.0","user_properties":{"Username":"clionesha@gmail.com"},"paying":null,"user_creation_time":"2020-08-08 16:15:04.977000","device_manufacturer":null,"event_id":37,"os_version":"84","group_properties":{},"idfa":null,"start_version":null,"user_id":null,"location_lat":null,"event_time":"2020-08-08 16:25:56.667000","platform":"Web","device_brand":null}
{"os_name":"Chrome","server_upload_time":"2020-08-08 16:24:57.892000","language":"English","sample_rate":null,"data":{},"amplitude_event_type":null,"server_received_time":"2020-08-08 16:24:57.883000","dma":"Miami-Ft. Lauderdale, FL","device_carrier":null,"device_family":null,"app":277124,"device_model":null,"country":"United States","version_name":null,"$schema":12,"device_id":"24E9OfiBYyumutLiIr9gUV","city":"Fort Lauderdale","amplitude_id":183504474652,"region":"Florida","client_upload_time":"2020-08-08 16:36:29.829000","location_lng":null,"$insert_id":"5d46067b-0470-4528-afd8-0b0c71b5852b","adid":null,"ip_address":"98.249.245.138","session_id":1596903766780,"client_event_time":"2020-08-08 16:36:29.777000","amplitude_attribution_ids":null,"event_type":"project-save-failed","groups":{},"device_type":null,"uuid":"b417e072-d993-11ea-b6c0-02b442fc3e6d","is_attribution_event":false,"processed_time":"2020-08-08 16:24:59.347343","event_properties":{"backup-json":"https:\/\/brand-settings-images130431-pictory.s3.us-east-2.amazonaws.com\/public\/Google_112580543330014122560\/project\/161310004\/failed-save-backup.json"},"library":"amplitude-js\/6.1.0","user_properties":{"Username":"clionesha@gmail.com"},"paying":null,"user_creation_time":"2020-08-08 16:15:04.977000","device_manufacturer":null,"event_id":38,"os_version":"84","group_properties":{},"idfa":null,"start_version":null,"user_id":null,"location_lat":null,"event_time":"2020-08-08 16:25:57.831000","platform":"Web","device_brand":null}
{"os_name":"Chrome","server_upload_time":"2020-08-08 16:24:57.892000","language":"English","sample_rate":null,"data":{},"amplitude_event_type":null,"server_received_time":"2020-08-08 16:24:57.883000","dma":"Miami-Ft. Lauderdale, FL","device_carrier":null,"device_family":null,"app":277124,"device_model":null,"country":"United States","version_name":null,"$schema":12,"device_id":"24E9OfiBYyumutLiIr9gUV","city":"Fort Lauderdale","amplitude_id":183504474652,"region":"Florida","client_upload_time":"2020-08-08 16:36:29.829000","location_lng":null,"$insert_id":"ee09ed11-02e0-4cb2-91d4-dc33c6677330","adid":null,"ip_address":"98.249.245.138","session_id":1596903766780,"client_event_time":"2020-08-08 16:36:29.790000","amplitude_attribution_ids":null,"event_type":"project-save-failed","groups":{},"device_type":null,"uuid":"b417ec66-d993-11ea-b6c0-02b442fc3e6d","is_attribution_event":false,"processed_time":"2020-08-08 16:24:59.347347","event_properties":{"backup-json":"https:\/\/brand-settings-images130431-pictory.s3.us-east-2.amazonaws.com\/public\/Google_112580543330014122560\/project\/161310004\/failed-save-backup.json"},"library":"amplitude-js\/6.1.0","user_properties":{"Username":"clionesha@gmail.com"},"paying":null,"user_creation_time":"2020-08-08 16:15:04.977000","device_manufacturer":null,"event_id":39,"os_version":"84","group_properties":{},"idfa":null,"start_version":null,"user_id":null,"location_lat":null,"event_time":"2020-08-08 16:25:57.844000","platform":"Web","device_brand":null}
{"os_name":"Chrome","server_upload_time":"2020-08-08 16:24:57.892000","language":"English","sample_rate":null,"data":{},"amplitude_event_type":null,"server_received_time":"2020-08-08 16:24:57.883000","dma":"Miami-Ft. Lauderdale, FL","device_carrier":null,"device_family":null,"app":277124,"device_model":null,"country":"United States","version_name":null,"$schema":12,"device_id":"24E9OfiBYyumutLiIr9gUV","city":"Fort Lauderdale","amplitude_id":183504474652,"region":"Florida","client_upload_time":"2020-08-08 16:36:29.829000","location_lng":null,"$insert_id":"9b0950c8-a025-494d-9ff5-4b41c1fff1cc","adid":null,"ip_address":"98.249.245.138","session_id":1596903766780,"client_event_time":"2020-08-08 16:36:29.801000","amplitude_attribution_ids":null,"event_type":"project-save-failed","groups":{},"device_type":null,"uuid":"b417f7ce-d993-11ea-b6c0-02b442fc3e6d","is_attribution_event":false,"processed_time":"2020-08-08 16:24:59.347351","event_properties":{"backup-json":"https:\/\/brand-settings-images130431-pictory.s3.us-east-2.amazonaws.com\/public\/Google_112580543330014122560\/project\/161310004\/failed-save-backup.json"},"library":"amplitude-js\/6.1.0","user_properties":{"Username":"clionesha@gmail.com"},"paying":null,"user_creation_time":"2020-08-08 16:15:04.977000","device_manufacturer":null,"event_id":40,"os_version":"84","group_properties":{},"idfa":null,"start_version":null,"user_id":null,"location_lat":null,"event_time":"2020-08-08 16:25:57.855000","platform":"Web","device_brand":null}
{"os_name":"Chrome","server_upload_time":"2020-08-08 16:24:57.892000","language":"English","sample_rate":null,"data":{},"amplitude_event_type":null,"server_received_time":"2020-08-08 16:24:57.883000","dma":"Miami-Ft. Lauderdale, FL","device_carrier":null,"device_family":null,"app":277124,"device_model":null,"country":"United States","version_name":null,"$schema":12,"device_id":"24E9OfiBYyumutLiIr9gUV","city":"Fort Lauderdale","amplitude_id":183504474652,"region":"Florida","client_upload_time":"2020-08-08 16:36:29.829000","location_lng":null,"$insert_id":"2695c537-f0e4-4c07-bd3e-c50ff5b7afbe","adid":null,"ip_address":"98.249.245.138","session_id":1596903766780,"client_event_time":"2020-08-08 16:36:29.809000","amplitude_attribution_ids":null,"event_type":"project-save-failed","groups":{},"device_type":null,"uuid":"b4180336-d993-11ea-b6c0-02b442fc3e6d","is_attribution_event":false,"processed_time":"2020-08-08 16:24:59.347355","event_properties":{"backup-json":"https:\/\/brand-settings-images130431-pictory.s3.us-east-2.amazonaws.com\/public\/Google_112580543330014122560\/project\/161310004\/failed-save-backup.json"},"library":"amplitude-js\/6.1.0","user_properties":{"Username":"clionesha@gmail.com"},"paying":null,"user_creation_time":"2020-08-08 16:15:04.977000","device_manufacturer":null,"event_id":41,"os_version":"84","group_properties":{},"idfa":null,"start_version":null,"user_id":null,"location_lat":null,"event_time":"2020-08-08 16:25:57.863000","platform":"Web","device_brand":null}
{"os_name":"Chrome","server_upload_time":"2020-08-08 16:24:57.892000","language":"English","sample_rate":null,"data":{},"amplitude_event_type":null,"server_received_time":"2020-08-08 16:24:57.883000","dma":"Miami-Ft. Lauderdale, FL","device_carrier":null,"device_family":null,"app":277124,"device_model":null,"country":"United States","version_name":null,"$schema":12,"device_id":"24E9OfiBYyumutLiIr9gUV","city":"Fort Lauderdale","amplitude_id":183504474652,"region":"Florida","client_upload_time":"2020-08-08 16:36:29.829000","location_lng":null,"$insert_id":"e08a9ddb-d30d-41ca-b168-75311fbd0404","adid":null,"ip_address":"98.249.245.138","session_id":1596903766780,"client_event_time":"2020-08-08 16:36:29.823000","amplitude_attribution_ids":null,"event_type":"project-save-failed","groups":{},"device_type":null,"uuid":"b4181010-d993-11ea-b6c0-02b442fc3e6d","is_attribution_event":false,"processed_time":"2020-08-08 16:24:59.347359","event_properties":{"backup-json":"https:\/\/brand-settings-images130431-pictory.s3.us-east-2.amazonaws.com\/public\/Google_112580543330014122560\/project\/161310004\/failed-save-backup.json"},"library":"amplitude-js\/6.1.0","user_properties":{"Username":"clionesha@gmail.com"},"paying":null,"user_creation_time":"2020-08-08 16:15:04.977000","device_manufacturer":null,"event_id":42,"os_version":"84","group_properties":{},"idfa":null,"start_version":null,"user_id":null,"location_lat":null,"event_time":"2020-08-08 16:25:57.877000","platform":"Web","device_brand":null}
{"os_name":"Chrome","server_upload_time":"2020-08-08 16:24:58.072000","language":"English","sample_rate":null,"data":{},"amplitude_event_type":null,"server_received_time":"2020-08-08 16:24:58.063000","dma":"Miami-Ft. Lauderdale, FL","device_carrier":null,"device_family":null,"app":277124,"device_model":null,"country":"United States","version_name":null,"$schema":12,"device_id":"24E9OfiBYyumutLiIr9gUV","city":"Fort Lauderdale","amplitude_id":183504474652,"region":"Florida","client_upload_time":"2020-08-08 16:36:30.010000","location_lng":null,"$insert_id":"444a8f6f-9276-4527-88dd-b3e9fe08d6f8","adid":null,"ip_address":"98.249.245.138","session_id":1596903766780,"client_event_time":"2020-08-08 16:36:29.859000","amplitude_attribution_ids":null,"event_type":"project-save-failed","groups":{},"device_type":null,"uuid":"b4181b6e-d993-11ea-b6c0-02b442fc3e6d","is_attribution_event":false,"processed_time":"2020-08-08 16:24:59.353423","event_properties":{"backup-json":"https:\/\/brand-settings-images130431-pictory.s3.us-east-2.amazonaws.com\/public\/Google_112580543330014122560\/project\/161310004\/failed-save-backup.json"},"library":"amplitude-js\/6.1.0","user_properties":{"Username":"clionesha@gmail.com"},"paying":null,"user_creation_time":"2020-08-08 16:15:04.977000","device_manufacturer":null,"event_id":43,"os_version":"84","group_properties":{},"idfa":null,"start_version":null,"user_id":null,"location_lat":null,"event_time":"2020-08-08 16:25:57.912000","platform":"Web","device_brand":null}
{"os_name":"Chrome","server_upload_time":"2020-08-08 16:25:25.204000","language":"English","sample_rate":null,"data":{},"amplitude_event_type":null,"server_received_time":"2020-08-08 16:25:25.187000","dma":"Miami-Ft. Lauderdale, FL","device_carrier":null,"device_family":null,"app":277124,"device_model":null,"country":"United States","version_name":null,"$schema":12,"device_id":"24E9OfiBYyumutLiIr9gUV","city":"Fort Lauderdale","amplitude_id":183504474652,"region":"Florida","client_upload_time":"2020-08-08 16:36:57.145000","location_lng":null,"$insert_id":"cedadcde-4c3d-4af0-a6da-ddf6113a11ac","adid":null,"ip_address":"98.249.245.138","session_id":1596903766780,"client_event_time":"2020-08-08 16:36:56.994000","amplitude_attribution_ids":null,"event_type":"failed-service","groups":{},"device_type":null,"uuid":"c45685f6-d993-11ea-b6c0-02b442fc3e6d","is_attribution_event":false,"processed_time":"2020-08-08 16:25:26.573689","event_properties":{"service-name":"get-brand-settings"},"library":"amplitude-js\/6.1.0","user_properties":{"Username":"clionesha@gmail.com"},"paying":null,"user_creation_time":"2020-08-08 16:15:04.977000","device_manufacturer":null,"event_id":44,"os_version":"84","group_properties":{},"idfa":null,"start_version":null,"user_id":"clionesha@gmail.com","location_lat":null,"event_time":"2020-08-08 16:26:25.036000","platform":"Web","device_brand":null}
{"os_name":"Chrome","server_upload_time":"2020-08-08 16:25:28.385000","language":"English","sample_rate":null,"data":{},"amplitude_event_type":null,"server_received_time":"2020-08-08 16:25:28.373000","dma":"Miami-Ft. Lauderdale, FL","device_carrier":null,"device_family":null,"app":277124,"device_model":null,"country":"United States","version_name":null,"$schema":12,"device_id":"24E9OfiBYyumutLiIr9gUV","city":"Fort Lauderdale","amplitude_id":183504474652,"region":"Florida","client_upload_time":"2020-08-08 16:37:00.112000","location_lng":null,"$insert_id":"345e112b-217b-4288-8f6f-8f794cd3f605","adid":null,"ip_address":"98.249.245.138","session_id":1596903766780,"client_event_time":"2020-08-08 16:37:00.110000","amplitude_attribution_ids":null,"event_type":"failed-service","groups":{},"device_type":null,"uuid":"c6c067f8-d993-11ea-b6c0-02b442fc3e6d","is_attribution_event":false,"processed_time":"2020-08-08 16:25:30.650212","event_properties":{"service-name":"summarizer-api"},"library":"amplitude-js\/6.1.0","user_properties":{"Username":"clionesha@gmail.com"},"paying":null,"user_creation_time":"2020-08-08 16:15:04.977000","device_manufacturer":null,"event_id":45,"os_version":"84","group_properties":{},"idfa":null,"start_version":null,"user_id":"clionesha@gmail.com","location_lat":null,"event_time":"2020-08-08 16:26:28.371000","platform":"Web","device_brand":null}
{"os_name":"Chrome","server_upload_time":"2020-08-08 16:25:28.556000","language":"English","sample_rate":null,"data":{},"amplitude_event_type":null,"server_received_time":"2020-08-08 16:25:28.534000","dma":"Miami-Ft. Lauderdale, FL","device_carrier":null,"device_family":null,"app":277124,"device_model":null,"country":"United States","version_name":null,"$schema":12,"device_id":"24E9OfiBYyumutLiIr9gUV","city":"Fort Lauderdale","amplitude_id":183504474652,"region":"Florida","client_upload_time":"2020-08-08 16:37:00.491000","location_lng":null,"$insert_id":"4979a85d-cce7-4ace-bb03-4b7d8bfd11ff","adid":null,"ip_address":"98.249.245.138","session_id":1596903766780,"client_event_time":"2020-08-08 16:37:00.135000","amplitude_attribution_ids":null,"event_type":"failed-article","groups":{},"device_type":null,"uuid":"c6c07540-d993-11ea-b6c0-02b442fc3e6d","is_attribution_event":false,"processed_time":"2020-08-08 16:25:30.658550","event_properties":{"article-link":"https\/\/aleliatheonly67Bg","project-id":747341962},"library":"amplitude-js\/6.1.0","user_properties":{"Username":"clionesha@gmail.com"},"paying":null,"user_creation_time":"2020-08-08 16:15:04.977000","device_manufacturer":null,"event_id":46,"os_version":"84","group_properties":{},"idfa":null,"start_version":null,"user_id":"clionesha@gmail.com","location_lat":null,"event_time":"2020-08-08 16:26:28.178000","platform":"Web","device_brand":null}
{"os_name":"Chrome","server_upload_time":"2020-08-08 16:25:28.556000","language":"English","sample_rate":null,"data":{},"amplitude_event_type":null,"server_received_time":"2020-08-08 16:25:28.534000","dma":"Miami-Ft. Lauderdale, FL","device_carrier":null,"device_family":null,"app":277124,"device_model":null,"country":"United States","version_name":null,"$schema":12,"device_id":"24E9OfiBYyumutLiIr9gUV","city":"Fort Lauderdale","amplitude_id":183504474652,"region":"Florida","client_upload_time":"2020-08-08 16:37:00.491000","location_lng":null,"$insert_id":"0e83d51e-d623-4e69-90b6-82c41836afcd","adid":null,"ip_address":"98.249.245.138","session_id":1596903766780,"client_event_time":"2020-08-08 16:37:00.170000","amplitude_attribution_ids":null,"event_type":"failed-service","groups":{},"device_type":null,"uuid":"c6c08102-d993-11ea-b6c0-02b442fc3e6d","is_attribution_event":false,"processed_time":"2020-08-08 16:25:30.658562","event_properties":{"service-name":"upload-image"},"library":"amplitude-js\/6.1.0","user_properties":{"Username":"clionesha@gmail.com"},"paying":null,"user_creation_time":"2020-08-08 16:15:04.977000","device_manufacturer":null,"event_id":47,"os_version":"84","group_properties":{},"idfa":null,"start_version":null,"user_id":"clionesha@gmail.com","location_lat":null,"event_time":"2020-08-08 16:26:28.213000","platform":"Web","device_brand":null}
{"os_name":"Chrome","server_upload_time":"2020-08-08 16:25:43.543000","language":"English","sample_rate":null,"data":{},"amplitude_event_type":null,"server_received_time":"2020-08-08 16:25:43.538000","dma":"Miami-Ft. Lauderdale, FL","device_carrier":null,"device_family":null,"app":277124,"device_model":null,"country":"United States","version_name":null,"$schema":12,"device_id":"24E9OfiBYyumutLiIr9gUV","city":"Fort Lauderdale","amplitude_id":183504474652,"region":"Florida","client_upload_time":"2020-08-08 16:37:15.295000","location_lng":null,"$insert_id":"f3905207-393c-4249-81f4-0b81d09eada2","adid":null,"ip_address":"98.249.245.138","session_id":1596903766780,"client_event_time":"2020-08-08 16:37:15.293000","amplitude_attribution_ids":null,"event_type":"start-with-script","groups":{},"device_type":null,"uuid":"cf090366-d993-11ea-b6c0-02b442fc3e6d","is_attribution_event":false,"processed_time":"2020-08-08 16:25:44.518247","event_properties":{"script":"<p>Alelixa<\/p>"},"library":"amplitude-js\/6.1.0","user_properties":{"Username":"clionesha@gmail.com"},"paying":null,"user_creation_time":"2020-08-08 16:15:04.977000","device_manufacturer":null,"event_id":48,"os_version":"84","group_properties":{},"idfa":null,"start_version":null,"user_id":"clionesha@gmail.com","location_lat":null,"event_time":"2020-08-08 16:26:43.536000","platform":"Web","device_brand":null}
{"os_name":"Chrome","server_upload_time":"2020-08-08 16:25:44.466000","language":"English","sample_rate":null,"data":{},"amplitude_event_type":null,"server_received_time":"2020-08-08 16:25:44.456000","dma":"Miami-Ft. Lauderdale, FL","device_carrier":null,"device_family":null,"app":277124,"device_model":null,"country":"United States","version_name":null,"$schema":12,"device_id":"24E9OfiBYyumutLiIr9gUV","city":"Fort Lauderdale","amplitude_id":183504474652,"region":"Florida","client_upload_time":"2020-08-08 16:37:16.411000","location_lng":null,"$insert_id":"dc9026b3-4db7-4e7b-aa46-1ef96af45cd0","adid":null,"ip_address":"98.249.245.138","session_id":1596903766780,"client_event_time":"2020-08-08 16:37:16.408000","amplitude_attribution_ids":null,"event_type":"failed-service","groups":{},"device_type":null,"uuid":"cfc34d34-d993-11ea-b6c0-02b442fc3e6d","is_attribution_event":false,"processed_time":"2020-08-08 16:25:45.741121","event_properties":{"service-name":"Get-ProjectName"},"library":"amplitude-js\/6.1.0","user_properties":{"Username":"clionesha@gmail.com"},"paying":null,"user_creation_time":"2020-08-08 16:15:04.977000","device_manufacturer":null,"event_id":49,"os_version":"84","group_properties":{},"idfa":null,"start_version":null,"user_id":"clionesha@gmail.com","location_lat":null,"event_time":"2020-08-08 16:26:44.453000","platform":"Web","device_brand":null}
{"os_name":"Chrome","server_upload_time":"2020-08-08 16:25:45.081000","language":"English","sample_rate":null,"data":{},"amplitude_event_type":null,"server_received_time":"2020-08-08 16:25:45.071000","dma":"Miami-Ft. Lauderdale, FL","device_carrier":null,"device_family":null,"app":277124,"device_model":null,"country":"United States","version_name":null,"$schema":12,"device_id":"24E9OfiBYyumutLiIr9gUV","city":"Fort Lauderdale","amplitude_id":183504474652,"region":"Florida","client_upload_time":"2020-08-08 16:37:17.030000","location_lng":null,"$insert_id":"a0a559d8-8b4c-4e44-b301-4b939bd66cb0","adid":null,"ip_address":"98.249.245.138","session_id":1596903766780,"client_event_time":"2020-08-08 16:37:16.634000","amplitude_attribution_ids":null,"event_type":"failed-service","groups":{},"device_type":null,"uuid":"cfc35536-d993-11ea-b6c0-02b442fc3e6d","is_attribution_event":false,"processed_time":"2020-08-08 16:25:45.743911","event_properties":{"service-name":"get-brand-settings"},"library":"amplitude-js\/6.1.0","user_properties":{"Username":"clionesha@gmail.com"},"paying":null,"user_creation_time":"2020-08-08 16:15:04.977000","device_manufacturer":null,"event_id":50,"os_version":"84","group_properties":{},"idfa":null,"start_version":null,"user_id":"clionesha@gmail.com","location_lat":null,"event_time":"2020-08-08 16:26:44.675000","platform":"Web","device_brand":null}
{"os_name":"Chrome","server_upload_time":"2020-08-08 16:25:45.949000","language":"English","sample_rate":null,"data":{},"amplitude_event_type":null,"server_received_time":"2020-08-08 16:25:45.930000","dma":"Miami-Ft. Lauderdale, FL","device_carrier":null,"device_family":null,"app":277124,"device_model":null,"country":"United States","version_name":null,"$schema":12,"device_id":"24E9OfiBYyumutLiIr9gUV","city":"Fort Lauderdale","amplitude_id":183504474652,"region":"Florida","client_upload_time":"2020-08-08 16:37:17.890000","location_lng":null,"$insert_id":"bfc0c66a-8663-4e4e-8433-d1991709517c","adid":null,"ip_address":"98.249.245.138","session_id":1596903766780,"client_event_time":"2020-08-08 16:37:17.888000","amplitude_attribution_ids":null,"event_type":"failed-service","groups":{},"device_type":null,"uuid":"d0f4b6b6-d993-11ea-b6c0-02b442fc3e6d","is_attribution_event":false,"processed_time":"2020-08-08 16:25:47.759368","event_properties":{"service-name":"get-audio-favorite"},"library":"amplitude-js\/6.1.0","user_properties":{"Username":"clionesha@gmail.com"},"paying":null,"user_creation_time":"2020-08-08 16:15:04.977000","device_manufacturer":null,"event_id":51,"os_version":"84","group_properties":{},"idfa":null,"start_version":null,"user_id":"clionesha@gmail.com","location_lat":null,"event_time":"2020-08-08 16:26:45.928000","platform":"Web","device_brand":null}
{"os_name":"Chrome","server_upload_time":"2020-08-08 16:25:48.584000","language":"English","sample_rate":null,"data":{},"amplitude_event_type":null,"server_received_time":"2020-08-08 16:25:48.568000","dma":"Miami-Ft. Lauderdale, FL","device_carrier":null,"device_family":null,"app":277124,"device_model":null,"country":"United States","version_name":null,"$schema":12,"device_id":"24E9OfiBYyumutLiIr9gUV","city":"Fort Lauderdale","amplitude_id":183504474652,"region":"Florida","client_upload_time":"2020-08-08 16:37:20.332000","location_lng":null,"$insert_id":"c6645f25-44be-46e1-a843-daae5cb6c5b6","adid":null,"ip_address":"98.249.245.138","session_id":1596903766780,"client_event_time":"2020-08-08 16:37:20.331000","amplitude_attribution_ids":null,"event_type":"failed-service","groups":{},"device_type":null,"uuid":"d22dea52-d993-11ea-b6c0-02b442fc3e6d","is_attribution_event":false,"processed_time":"2020-08-08 16:25:49.794573","event_properties":{"service-name":"save-project"},"library":"amplitude-js\/6.1.0","user_properties":{"Username":"clionesha@gmail.com"},"paying":null,"user_creation_time":"2020-08-08 16:15:04.977000","device_manufacturer":null,"event_id":52,"os_version":"84","group_properties":{},"idfa":null,"start_version":null,"user_id":"clionesha@gmail.com","location_lat":null,"event_time":"2020-08-08 16:26:48.567000","platform":"Web","device_brand":null}
{"os_name":"Chrome","server_upload_time":"2020-08-08 16:25:48.850000","language":"English","sample_rate":null,"data":{},"amplitude_event_type":null,"server_received_time":"2020-08-08 16:25:48.847000","dma":"Miami-Ft. Lauderdale, FL","device_carrier":null,"device_family":null,"app":277124,"device_model":null,"country":"United States","version_name":null,"$schema":12,"device_id":"24E9OfiBYyumutLiIr9gUV","city":"Fort Lauderdale","amplitude_id":183504474652,"region":"Florida","client_upload_time":"2020-08-08 16:37:20.817000","location_lng":null,"$insert_id":"ebcef80e-b3f5-4a67-9791-324f2fe8bba3","adid":null,"ip_address":"98.249.245.138","session_id":1596903766780,"client_event_time":"2020-08-08 16:37:20.816000","amplitude_attribution_ids":null,"event_type":"project-save-failed","groups":{},"device_type":null,"uuid":"d22df6dc-d993-11ea-b6c0-02b442fc3e6d","is_attribution_event":false,"processed_time":"2020-08-08 16:25:49.805371","event_properties":{"backup-json":"https:\/\/brand-settings-images130431-pictory.s3.us-east-2.amazonaws.com\/public\/Google_112580543330014122560\/project\/534538269\/failed-save-backup.json"},"library":"amplitude-js\/6.1.0","user_properties":{"Username":"clionesha@gmail.com"},"paying":null,"user_creation_time":"2020-08-08 16:15:04.977000","device_manufacturer":null,"event_id":53,"os_version":"84","group_properties":{},"idfa":null,"start_version":null,"user_id":null,"location_lat":null,"event_time":"2020-08-08 16:26:48.846000","platform":"Web","device_brand":null}
{"os_name":"Chrome","server_upload_time":"2020-08-08 16:25:52.041000","language":"English","sample_rate":null,"data":{},"amplitude_event_type":null,"server_received_time":"2020-08-08 16:25:52.034000","dma":"Miami-Ft. Lauderdale, FL","device_carrier":null,"device_family":null,"app":277124,"device_model":null,"country":"United States","version_name":null,"$schema":12,"device_id":"24E9OfiBYyumutLiIr9gUV","city":"Fort Lauderdale","amplitude_id":183504474652,"region":"Florida","client_upload_time":"2020-08-08 16:37:24.003000","location_lng":null,"$insert_id":"b8425174-942c-4a4e-aeaa-a52f05b6bf79","adid":null,"ip_address":"98.249.245.138","session_id":1596903766780,"client_event_time":"2020-08-08 16:37:24.001000","amplitude_attribution_ids":null,"event_type":"failed-service","groups":{},"device_type":null,"uuid":"d428278c-d993-11ea-b6c0-02b442fc3e6d","is_attribution_event":false,"processed_time":"2020-08-08 16:25:53.113189","event_properties":{"service-name":"save-project"},"library":"amplitude-js\/6.1.0","user_properties":{"Username":"clionesha@gmail.com"},"paying":null,"user_creation_time":"2020-08-08 16:15:04.977000","device_manufacturer":null,"event_id":54,"os_version":"84","group_properties":{},"idfa":null,"start_version":null,"user_id":null,"location_lat":null,"event_time":"2020-08-08 16:26:52.032000","platform":"Web","device_brand":null}
{"os_name":"Chrome","server_upload_time":"2020-08-08 16:25:52.212000","language":"English","sample_rate":null,"data":{},"amplitude_event_type":null,"server_received_time":"2020-08-08 16:25:52.202000","dma":"Miami-Ft. Lauderdale, FL","device_carrier":null,"device_family":null,"app":277124,"device_model":null,"country":"United States","version_name":null,"$schema":12,"device_id":"24E9OfiBYyumutLiIr9gUV","city":"Fort Lauderdale","amplitude_id":183504474652,"region":"Florida","client_upload_time":"2020-08-08 16:37:24.175000","location_lng":null,"$insert_id":"afcb6908-ffa0-4e1b-9b15-45315a71dd4b","adid":null,"ip_address":"98.249.245.138","session_id":1596903766780,"client_event_time":"2020-08-08 16:37:24.173000","amplitude_attribution_ids":null,"event_type":"project-save-failed","groups":{},"device_type":null,"uuid":"d42841cc-d993-11ea-b6c0-02b442fc3e6d","is_attribution_event":false,"processed_time":"2020-08-08 16:25:53.115873","event_properties":{"backup-json":"https:\/\/brand-settings-images130431-pictory.s3.us-east-2.amazonaws.com\/public\/Google_112580543330014122560\/project\/534538269\/failed-save-backup.json"},"library":"amplitude-js\/6.1.0","user_properties":{"Username":"clionesha@gmail.com"},"paying":null,"user_creation_time":"2020-08-08 16:15:04.977000","device_manufacturer":null,"event_id":55,"os_version":"84","group_properties":{},"idfa":null,"start_version":null,"user_id":null,"location_lat":null,"event_time":"2020-08-08 16:26:52.200000","platform":"Web","device_brand":null}
{"os_name":"Chrome","server_upload_time":"2020-08-08 16:25:54.891000","language":"English","sample_rate":null,"data":{},"amplitude_event_type":null,"server_received_time":"2020-08-08 16:25:54.889000","dma":"Miami-Ft. Lauderdale, FL","device_carrier":null,"device_family":null,"app":277124,"device_model":null,"country":"United States","version_name":null,"$schema":12,"device_id":"24E9OfiBYyumutLiIr9gUV","city":"Fort Lauderdale","amplitude_id":183504474652,"region":"Florida","client_upload_time":"2020-08-08 16:37:26.851000","location_lng":null,"$insert_id":"2884ab18-0fd7-4898-94d5-b266393f2340","adid":null,"ip_address":"98.249.245.138","session_id":1596903766780,"client_event_time":"2020-08-08 16:37:26.849000","amplitude_attribution_ids":null,"event_type":"preview-clicked","groups":{},"device_type":null,"uuid":"d5fc9264-d993-11ea-b6c0-02b442fc3e6d","is_attribution_event":false,"processed_time":"2020-08-08 16:25:56.178926","event_properties":{},"library":"amplitude-js\/6.1.0","user_properties":{"Username":"clionesha@gmail.com"},"paying":null,"user_creation_time":"2020-08-08 16:15:04.977000","device_manufacturer":null,"event_id":56,"os_version":"84","group_properties":{},"idfa":null,"start_version":null,"user_id":null,"location_lat":null,"event_time":"2020-08-08 16:26:54.887000","platform":"Web","device_brand":null}
{"os_name":"Chrome","server_upload_time":"2020-08-08 16:26:02.143000","language":"English","sample_rate":null,"data":{},"amplitude_event_type":null,"server_received_time":"2020-08-08 16:26:02.135000","dma":"Miami-Ft. Lauderdale, FL","device_carrier":null,"device_family":null,"app":277124,"device_model":null,"country":"United States","version_name":null,"$schema":12,"device_id":"24E9OfiBYyumutLiIr9gUV","city":"Fort Lauderdale","amplitude_id":183504474652,"region":"Florida","client_upload_time":"2020-08-08 16:37:34.101000","location_lng":null,"$insert_id":"a12df374-9db6-40c7-a16d-ffc216abcd84","adid":null,"ip_address":"98.249.245.138","session_id":1596903766780,"client_event_time":"2020-08-08 16:37:33.989000","amplitude_attribution_ids":null,"event_type":"failed-service","groups":{},"device_type":null,"uuid":"da0e2f5c-d993-11ea-b6c0-02b442fc3e6d","is_attribution_event":false,"processed_time":"2020-08-08 16:26:03.031963","event_properties":{"service-name":"get-brand-settings"},"library":"amplitude-js\/6.1.0","user_properties":{"Username":"clionesha@gmail.com"},"paying":null,"user_creation_time":"2020-08-08 16:15:04.977000","device_manufacturer":null,"event_id":57,"os_version":"84","group_properties":{},"idfa":null,"start_version":null,"user_id":"clionesha@gmail.com","location_lat":null,"event_time":"2020-08-08 16:27:02.023000","platform":"Web","device_brand":null}
{"os_name":"Chrome","server_upload_time":"2020-08-08 16:26:03.764000","language":"English","sample_rate":null,"data":{},"amplitude_event_type":null,"server_received_time":"2020-08-08 16:26:03.757000","dma":"Miami-Ft. Lauderdale, FL","device_carrier":null,"device_family":null,"app":277124,"device_model":null,"country":"United States","version_name":null,"$schema":12,"device_id":"24E9OfiBYyumutLiIr9gUV","city":"Fort Lauderdale","amplitude_id":183504474652,"region":"Florida","client_upload_time":"2020-08-08 16:37:35.513000","location_lng":null,"$insert_id":"ff838a3b-c600-46ad-aa46-2c6a6be2fde5","adid":null,"ip_address":"98.249.245.138","session_id":1596903766780,"client_event_time":"2020-08-08 16:37:35.511000","amplitude_attribution_ids":null,"event_type":"failed-service","groups":{},"device_type":null,"uuid":"db3d89e0-d993-11ea-b6c0-02b442fc3e6d","is_attribution_event":false,"processed_time":"2020-08-08 16:26:04.995358","event_properties":{"service-name":"summarizer-api"},"library":"amplitude-js\/6.1.0","user_properties":{"Username":"clionesha@gmail.com"},"paying":null,"user_creation_time":"2020-08-08 16:15:04.977000","device_manufacturer":null,"event_id":58,"os_version":"84","group_properties":{},"idfa":null,"start_version":null,"user_id":"clionesha@gmail.com","location_lat":null,"event_time":"2020-08-08 16:27:03.755000","platform":"Web","device_brand":null}
