{"groups":{},"event_type":"start-with-script","ip_address":"34.100.72.28","server_upload_time":"2020-08-04 16:15:42.026000","is_attribution_event":false,"event_id":5,"app":277124,"adid":null,"event_time":"2020-08-04 16:15:42.710000","device_carrier":null,"dma":"Los Angeles, CA","device_manufacturer":null,"$schema":12,"device_type":null,"data":{},"amplitude_attribution_ids":null,"amplitude_event_type":null,"sample_rate":null,"version_name":null,"processed_time":"2020-08-04 16:15:43.784036","library":"amplitude-js\/6.1.0","group_properties":{},"device_brand":null,"user_creation_time":"2020-08-03 13:09:15.623000","region":"California","device_id":"tbmo58IzUL63TV5It0qo0c","client_event_time":"2020-08-04 16:15:42.710000","idfa":null,"language":"English","session_id":1596557742710,"os_version":"84","country":"United States","client_upload_time":"2020-08-04 16:15:42.712000","paying":null,"start_version":null,"event_properties":{"script":"<p style=\"text-align:center;\">&nbsp;<\/p><p style=\"text-align:center;\">Insperity and Vistage have an upcoming webinar on September 11th, 2020<\/p><p style=\"text-align:center;\">&nbsp;<\/p><p style=\"text-align:center;\"><strong>The impact of implicit biases during the hiring process<\/strong><\/p><p>Unconscious biases, also known as implicit biases, are stereotypes about certain groups of people that are usually formed and driven by external influences, personal experiences, and upbringing. Everyone holds unconscious beliefs or biases and depending on the nature of the bias; it can have a positive or negative impact on the groups that the beliefs are held towards.<\/p><p>Because of the negative impact, unconscious biases can have in the workplace; particularly in the areas of recruiting, promotions, and organizational inclusivity; it is important for business owners to be able to identify how unconscious biases may manifest in the workplace and how to prevent them from negatively affecting the organization.<\/p><p>Key "},"location_lat":null,"os_name":"Chrome","amplitude_id":182260950305,"location_lng":null,"platform":"Web","$insert_id":"4bc88430-b182-47f6-9284-b965dcb5cf46","device_family":null,"city":"Los Angeles","user_id":"terry.polyak@insperity.com","server_received_time":"2020-08-04 16:15:42.012000","device_model":null,"uuid":"bf3e3628-d66d-11ea-bd6b-0a844a987c1b","user_properties":{"Username":"terry.polyak@insperity.com"}}
{"groups":{},"event_type":"failed-service","ip_address":"34.100.72.28","server_upload_time":"2020-08-04 16:15:46.727000","is_attribution_event":false,"event_id":6,"app":277124,"adid":null,"event_time":"2020-08-04 16:15:47.684000","device_carrier":null,"dma":"Los Angeles, CA","device_manufacturer":null,"$schema":12,"device_type":null,"data":{},"amplitude_attribution_ids":null,"amplitude_event_type":null,"sample_rate":null,"version_name":null,"processed_time":"2020-08-04 16:15:47.624679","library":"amplitude-js\/6.1.0","group_properties":{},"device_brand":null,"user_creation_time":"2020-08-03 13:09:15.623000","region":"California","device_id":"tbmo58IzUL63TV5It0qo0c","client_event_time":"2020-08-04 16:15:47.684000","idfa":null,"language":"English","session_id":1596557742710,"os_version":"84","country":"United States","client_upload_time":"2020-08-04 16:15:47.686000","paying":null,"start_version":null,"event_properties":{"service-name":"upload-image"},"location_lat":null,"os_name":"Chrome","amplitude_id":182260950305,"location_lng":null,"platform":"Web","$insert_id":"c5ba5de2-f0f1-4053-896e-a99c99cb8c8a","device_family":null,"city":"Los Angeles","user_id":"terry.polyak@insperity.com","server_received_time":"2020-08-04 16:15:46.710000","device_model":null,"uuid":"c1975a1c-d66d-11ea-bd6b-0a844a987c1b","user_properties":{"Username":"terry.polyak@insperity.com"}}
