{"user_creation_time":"2020-08-02 07:07:16.958000","server_upload_time":"2020-08-02 13:06:59.184000","client_event_time":"2020-08-02 13:06:56.141000","device_manufacturer":null,"group_properties":{},"event_id":1,"ip_address":"49.206.49.225","os_version":"84","device_id":"aoUx9nS2kldFbUkNE2CA1B","event_time":"2020-08-02 13:06:56.141000","sample_rate":null,"amplitude_id":182009921658,"event_type":"app-crash","event_properties":{"error-info":"https:\/\/brand-settings-images130431-pictory.s3.us-east-2.amazonaws.com\/public\/Google_113879456352005535409\/errors\/application\/1596373612962-crash.txt"},"version_name":null,"$schema":12,"processed_time":"2020-08-02 13:07:01.929238","device_family":null,"dma":null,"paying":null,"data":{},"device_carrier":null,"is_attribution_event":false,"client_upload_time":"2020-08-02 13:06:56.146000","library":"amplitude-js\/6.1.0","platform":"Web","app":277124,"location_lng":null,"session_id":1596373612537,"server_received_time":"2020-08-02 13:06:59.169000","device_model":null,"country":"India","start_version":null,"user_properties":{"Username":"praveencapri@gmail.com"},"groups":{},"location_lat":null,"user_id":"praveencapri@gmail.com","amplitude_attribution_ids":null,"city":"Hyderabad","language":"English","device_brand":null,"amplitude_event_type":null,"device_type":null,"idfa":null,"uuid":"0e1f0c76-d4c1-11ea-b359-065e4f92261f","region":"Telangana","os_name":"Chrome Mobile","$insert_id":"ee44f373-d0b1-4845-8bfc-efd9b4d0b4c9","adid":null}
{"user_properties":{"Username":"praveencapri@gmail.com"},"$schema":12,"dma":null,"library":"amplitude-js\/6.1.0","session_id":1596366515824,"device_brand":null,"client_event_time":"2020-08-02 13:09:04.507000","user_creation_time":"2020-08-02 07:07:16.958000","amplitude_event_type":null,"group_properties":{},"amplitude_id":182009921658,"platform":"Web","version_name":null,"user_id":"praveencapri@gmail.com","event_properties":{},"location_lng":null,"groups":{},"location_lat":null,"country":"India","city":"Hyderabad","event_type":"video-generation-canceled","event_id":101,"adid":null,"server_received_time":"2020-08-02 13:09:06.380000","device_id":"5--sw0O1-ccfnO_Ib5dnhZ","paying":null,"event_time":"2020-08-02 13:09:04.507000","os_version":"84","server_upload_time":"2020-08-02 13:09:06.400000","amplitude_attribution_ids":null,"$insert_id":"cedfe2c0-4a2d-4ed3-b8f5-e4ae088e606e","app":277124,"device_model":null,"device_manufacturer":null,"data":{},"idfa":null,"is_attribution_event":false,"device_family":null,"ip_address":"49.206.49.225","start_version":null,"region":"Telangana","client_upload_time":"2020-08-02 13:09:04.511000","language":"English","os_name":"Chrome","processed_time":"2020-08-02 13:09:10.552098","device_carrier":null,"device_type":null,"uuid":"5acaaabc-d4c1-11ea-9910-06fc158e4c21","sample_rate":null}
{"user_properties":{"Username":"praveencapri@gmail.com"},"$schema":12,"dma":null,"library":"amplitude-js\/6.1.0","session_id":1596366515824,"device_brand":null,"client_event_time":"2020-08-02 13:09:41.873000","user_creation_time":"2020-08-02 07:07:16.958000","amplitude_event_type":null,"group_properties":{},"amplitude_id":182009921658,"platform":"Web","version_name":null,"user_id":"praveencapri@gmail.com","event_properties":{"project-id":664893570,"article-link":"https:\/\/www.innominds.com\/blog\/how-ai-helps-in-precision-agriculture-connected-farm-experience-better-crop-yield"},"location_lng":null,"groups":{},"location_lat":null,"country":"India","city":"Hyderabad","event_type":"preview-clicked","event_id":102,"adid":null,"server_received_time":"2020-08-02 13:09:42.254000","device_id":"5--sw0O1-ccfnO_Ib5dnhZ","paying":null,"event_time":"2020-08-02 13:09:41.873000","os_version":"84","server_upload_time":"2020-08-02 13:09:42.261000","amplitude_attribution_ids":null,"$insert_id":"5a80b91f-def4-419f-8ad4-d229f8b342a9","app":277124,"device_model":null,"device_manufacturer":null,"data":{},"idfa":null,"is_attribution_event":false,"device_family":null,"ip_address":"49.206.49.225","start_version":null,"region":"Telangana","client_upload_time":"2020-08-02 13:09:41.875000","language":"English","os_name":"Chrome","processed_time":"2020-08-02 13:09:46.924969","device_carrier":null,"device_type":null,"uuid":"707c1332-d4c1-11ea-9910-06fc158e4c21","sample_rate":null}
{"user_properties":{"Username":"praveencapri@gmail.com"},"$schema":12,"dma":null,"library":"amplitude-js\/6.1.0","session_id":1596366515824,"device_brand":null,"client_event_time":"2020-08-02 13:10:46.932000","user_creation_time":"2020-08-02 07:07:16.958000","amplitude_event_type":null,"group_properties":{},"amplitude_id":182009921658,"platform":"Web","version_name":null,"user_id":"praveencapri@gmail.com","event_properties":{"project-id":664893570,"total-time":"2:40","closed-time":"1:04"},"location_lng":null,"groups":{},"location_lat":null,"country":"India","city":"Hyderabad","event_type":"preview-closed","event_id":103,"adid":null,"server_received_time":"2020-08-02 13:10:47.335000","device_id":"5--sw0O1-ccfnO_Ib5dnhZ","paying":null,"event_time":"2020-08-02 13:10:46.932000","os_version":"84","server_upload_time":"2020-08-02 13:10:47.344000","amplitude_attribution_ids":null,"$insert_id":"683acce6-6bdc-40a6-a407-0a1152da6d20","app":277124,"device_model":null,"device_manufacturer":null,"data":{},"idfa":null,"is_attribution_event":false,"device_family":null,"ip_address":"49.206.49.225","start_version":null,"region":"Telangana","client_upload_time":"2020-08-02 13:10:46.938000","language":"English","os_name":"Chrome","processed_time":"2020-08-02 13:10:49.488421","device_carrier":null,"device_type":null,"uuid":"95c27bfe-d4c1-11ea-9910-06fc158e4c21","sample_rate":null}
{"user_properties":{"Username":"praveencapri@gmail.com"},"$schema":12,"dma":null,"library":"amplitude-js\/6.1.0","session_id":1596366515824,"device_brand":null,"client_event_time":"2020-08-02 13:11:05.250000","user_creation_time":"2020-08-02 07:07:16.958000","amplitude_event_type":null,"group_properties":{},"amplitude_id":182009921658,"platform":"Web","version_name":null,"user_id":"praveencapri@gmail.com","event_properties":{"project-id":664893570,"total-video-time-in-seconds":163,"total-time-to-generate-in-seconds":120,"total-videos":19,"total-images":1,"total-video-time-in-minutes":"2.72","total-scenes-with-original-image":17,"total-sub-scenes":11,"total-scenes":20,"total-time-to-generate-in-minutes":"2.00","track-name":"Fly With My Dreams"},"location_lng":null,"groups":{},"location_lat":null,"country":"India","city":"Hyderabad","event_type":"generate-clicked","event_id":104,"adid":null,"server_received_time":"2020-08-02 13:11:05.643000","device_id":"5--sw0O1-ccfnO_Ib5dnhZ","paying":null,"event_time":"2020-08-02 13:11:05.250000","os_version":"84","server_upload_time":"2020-08-02 13:11:05.650000","amplitude_attribution_ids":null,"$insert_id":"3ef89c8a-6dba-4696-911f-04885d15bc83","app":277124,"device_model":null,"device_manufacturer":null,"data":{},"idfa":null,"is_attribution_event":false,"device_family":null,"ip_address":"49.206.49.225","start_version":null,"region":"Telangana","client_upload_time":"2020-08-02 13:11:05.251000","language":"English","os_name":"Chrome","processed_time":"2020-08-02 13:11:06.135315","device_carrier":null,"device_type":null,"uuid":"9fb2c718-d4c1-11ea-9910-06fc158e4c21","sample_rate":null}
{"user_properties":{"Username":"praveencapri@gmail.com"},"$schema":12,"dma":null,"library":"amplitude-js\/6.1.0","session_id":1596375038729,"device_brand":null,"client_event_time":"2020-08-02 13:31:30.980000","user_creation_time":"2020-08-02 07:07:16.958000","amplitude_event_type":null,"group_properties":{},"amplitude_id":182009921658,"platform":"Web","version_name":null,"user_id":"praveencapri@gmail.com","event_properties":{"project-name":"How AI Helps In Precision Agriculture Connected Farm Experience  Better Crop Yield"},"location_lng":null,"groups":{},"location_lat":null,"country":"India","city":"Hyderabad","event_type":"saved-video-opened","event_id":47,"adid":null,"server_received_time":"2020-08-02 13:31:31.361000","device_id":"5--sw0O1-ccfnO_Ib5dnhZ","paying":null,"event_time":"2020-08-02 13:31:30.980000","os_version":"84","server_upload_time":"2020-08-02 13:31:31.367000","amplitude_attribution_ids":null,"$insert_id":"72e4aa6b-3ac5-4bec-a6bd-2ae1c8f6da20","app":277124,"device_model":null,"device_manufacturer":null,"data":{},"idfa":null,"is_attribution_event":false,"device_family":null,"ip_address":"49.206.49.225","start_version":null,"region":"Telangana","client_upload_time":"2020-08-02 13:31:30.982000","language":"English","os_name":"Chrome","processed_time":"2020-08-02 13:31:32.987209","device_carrier":null,"device_type":null,"uuid":"7af33824-d4c4-11ea-9910-06fc158e4c21","sample_rate":null}
{"user_properties":{"Username":"praveencapri@gmail.com"},"$schema":12,"dma":null,"library":"amplitude-js\/6.1.0","session_id":1596375038729,"device_brand":null,"client_event_time":"2020-08-02 13:31:49.307000","user_creation_time":"2020-08-02 07:07:16.958000","amplitude_event_type":null,"group_properties":{},"amplitude_id":182009921658,"platform":"Web","version_name":null,"user_id":"praveencapri@gmail.com","event_properties":{"project-name":"How AI Helps In Precision Agriculture Connected Farm Experience  Better Crop Yield(1)","project-category":"How AI Helps In Precision Agriculture Connected Farm Experience  Better Crop Yield"},"location_lng":null,"groups":{},"location_lat":null,"country":"India","city":"Hyderabad","event_type":"saved-video-opened","event_id":48,"adid":null,"server_received_time":"2020-08-02 13:31:49.847000","device_id":"5--sw0O1-ccfnO_Ib5dnhZ","paying":null,"event_time":"2020-08-02 13:31:49.307000","os_version":"84","server_upload_time":"2020-08-02 13:31:49.851000","amplitude_attribution_ids":null,"$insert_id":"e6ab9504-4952-42ec-9b8c-52c45b9071c8","app":277124,"device_model":null,"device_manufacturer":null,"data":{},"idfa":null,"is_attribution_event":false,"device_family":null,"ip_address":"49.206.49.225","start_version":null,"region":"Telangana","client_upload_time":"2020-08-02 13:31:49.312000","language":"English","os_name":"Chrome","processed_time":"2020-08-02 13:31:53.213136","device_carrier":null,"device_type":null,"uuid":"87027cb0-d4c4-11ea-9910-06fc158e4c21","sample_rate":null}
{"user_properties":{"Username":"praveencapri@gmail.com"},"$schema":12,"dma":null,"library":"amplitude-js\/6.1.0","session_id":1596375038729,"device_brand":null,"client_event_time":"2020-08-02 13:32:18.353000","user_creation_time":"2020-08-02 07:07:16.958000","amplitude_event_type":null,"group_properties":{},"amplitude_id":182009921658,"platform":"Web","version_name":null,"user_id":"praveencapri@gmail.com","event_properties":{"project-name":"How AI Helps In Precision Agriculture Connected Farm Experience  Better Crop Yield","project-category":"How AI Helps In Precision Agriculture Connected Farm Experience  Better Crop Yield"},"location_lng":null,"groups":{},"location_lat":null,"country":"India","city":"Hyderabad","event_type":"saved-video-opened","event_id":49,"adid":null,"server_received_time":"2020-08-02 13:32:18.750000","device_id":"5--sw0O1-ccfnO_Ib5dnhZ","paying":null,"event_time":"2020-08-02 13:32:18.353000","os_version":"84","server_upload_time":"2020-08-02 13:32:18.763000","amplitude_attribution_ids":null,"$insert_id":"90026b03-2f40-428e-b4ac-14d5800ba878","app":277124,"device_model":null,"device_manufacturer":null,"data":{},"idfa":null,"is_attribution_event":false,"device_family":null,"ip_address":"49.206.49.225","start_version":null,"region":"Telangana","client_upload_time":"2020-08-02 13:32:18.354000","language":"English","os_name":"Chrome","processed_time":"2020-08-02 13:32:19.437777","device_carrier":null,"device_type":null,"uuid":"96a546de-d4c4-11ea-9910-06fc158e4c21","sample_rate":null}
{"user_properties":{"Username":"praveencapri@gmail.com"},"$schema":12,"dma":null,"library":"amplitude-js\/6.1.0","session_id":1596375038729,"device_brand":null,"client_event_time":"2020-08-02 13:32:28.882000","user_creation_time":"2020-08-02 07:07:16.958000","amplitude_event_type":null,"group_properties":{},"amplitude_id":182009921658,"platform":"Web","version_name":null,"user_id":"praveencapri@gmail.com","event_properties":{"project-id":664893570,"article-link":"https:\/\/www.innominds.com\/blog\/how-ai-helps-in-precision-agriculture-connected-farm-experience-better-crop-yield"},"location_lng":null,"groups":{},"location_lat":null,"country":"India","city":"Hyderabad","event_type":"preview-clicked","event_id":50,"adid":null,"server_received_time":"2020-08-02 13:32:29.307000","device_id":"5--sw0O1-ccfnO_Ib5dnhZ","paying":null,"event_time":"2020-08-02 13:32:28.882000","os_version":"84","server_upload_time":"2020-08-02 13:32:29.317000","amplitude_attribution_ids":null,"$insert_id":"3d80385f-3257-4614-b07a-a7b72a11be4b","app":277124,"device_model":null,"device_manufacturer":null,"data":{},"idfa":null,"is_attribution_event":false,"device_family":null,"ip_address":"49.206.49.225","start_version":null,"region":"Telangana","client_upload_time":"2020-08-02 13:32:28.882000","language":"English","os_name":"Chrome","processed_time":"2020-08-02 13:32:31.472499","device_carrier":null,"device_type":null,"uuid":"9dd1aba0-d4c4-11ea-9910-06fc158e4c21","sample_rate":null}
{"device_manufacturer":null,"groups":{},"amplitude_event_type":null,"os_version":"84","device_family":null,"device_id":"L11X6MpFe2GYwKVf6kkIdM","device_brand":null,"city":"Hyderabad","region":"Telangana","event_time":"2020-08-02 13:33:50.246000","version_name":null,"user_creation_time":"2020-08-02 07:07:16.958000","server_received_time":"2020-08-02 13:33:53.498000","processed_time":"2020-08-02 13:33:56.256749","event_properties":{"project-category":"How AI Helps In Precision Agriculture Connected Farm Experience  Better Crop Yield","project-name":"How AI Helps In Precision Agriculture Connected Farm Experience  Better Crop Yield"},"event_type":"saved-video-opened","$schema":12,"user_id":"praveencapri@gmail.com","sample_rate":null,"device_carrier":null,"amplitude_attribution_ids":null,"os_name":"Chrome Mobile","$insert_id":"bd2f5dfa-326a-46ea-af87-9cd247081d7e","group_properties":{},"start_version":null,"amplitude_id":182009921658,"device_type":null,"country":"India","client_upload_time":"2020-08-02 13:33:50.252000","platform":"Web","client_event_time":"2020-08-02 13:33:50.246000","session_id":1596375216916,"language":"English","device_model":null,"location_lng":null,"ip_address":"49.206.49.225","library":"amplitude-js\/6.1.0","uuid":"d056242a-d4c4-11ea-a1f9-0619c0101558","app":277124,"dma":null,"user_properties":{"Username":"praveencapri@gmail.com"},"server_upload_time":"2020-08-02 13:33:53.511000","event_id":1,"data":{},"idfa":null,"paying":null,"adid":null,"location_lat":null,"is_attribution_event":false}
{"device_manufacturer":null,"groups":{},"amplitude_event_type":null,"os_version":"84","device_family":null,"device_id":"L11X6MpFe2GYwKVf6kkIdM","device_brand":null,"city":"Hyderabad","region":"Telangana","event_time":"2020-08-02 13:34:03.967000","version_name":null,"user_creation_time":"2020-08-02 07:07:16.958000","server_received_time":"2020-08-02 13:34:07.001000","processed_time":"2020-08-02 13:34:08.247117","event_properties":{"article-link":"https:\/\/www.innominds.com\/blog\/how-ai-helps-in-precision-agriculture-connected-farm-experience-better-crop-yield","project-id":664893570},"event_type":"preview-clicked","$schema":12,"user_id":"praveencapri@gmail.com","sample_rate":null,"device_carrier":null,"amplitude_attribution_ids":null,"os_name":"Chrome Mobile","$insert_id":"175168dd-035d-4f3a-a982-3461eeaf4c1f","group_properties":{},"start_version":null,"amplitude_id":182009921658,"device_type":null,"country":"India","client_upload_time":"2020-08-02 13:34:03.971000","platform":"Web","client_event_time":"2020-08-02 13:34:03.967000","session_id":1596375216916,"language":"English","device_model":null,"location_lng":null,"ip_address":"49.206.49.225","library":"amplitude-js\/6.1.0","uuid":"d77d5e30-d4c4-11ea-a1f9-0619c0101558","app":277124,"dma":null,"user_properties":{"Username":"praveencapri@gmail.com"},"server_upload_time":"2020-08-02 13:34:07.022000","event_id":2,"data":{},"idfa":null,"paying":null,"adid":null,"location_lat":null,"is_attribution_event":false}
{"user_properties":{"Username":"praveencapri@gmail.com"},"$schema":12,"dma":null,"library":"amplitude-js\/6.1.0","session_id":1596375038729,"device_brand":null,"client_event_time":"2020-08-02 13:38:04.846000","user_creation_time":"2020-08-02 07:07:16.958000","amplitude_event_type":null,"group_properties":{},"amplitude_id":182009921658,"platform":"Web","version_name":null,"user_id":"praveencapri@gmail.com","event_properties":{"service-name":"Downloadd-Video-Resources"},"location_lng":null,"groups":{},"location_lat":null,"country":"India","city":"Hyderabad","event_type":"resource-download-failed","event_id":51,"adid":null,"server_received_time":"2020-08-02 13:38:05.708000","device_id":"5--sw0O1-ccfnO_Ib5dnhZ","paying":null,"event_time":"2020-08-02 13:38:04.846000","os_version":"84","server_upload_time":"2020-08-02 13:38:05.721000","amplitude_attribution_ids":null,"$insert_id":"54f4f8ff-e797-435d-83a6-e61380886f24","app":277124,"device_model":null,"device_manufacturer":null,"data":{},"idfa":null,"is_attribution_event":false,"device_family":null,"ip_address":"49.206.49.225","start_version":null,"region":"Telangana","client_upload_time":"2020-08-02 13:38:04.849000","language":"English","os_name":"Chrome","processed_time":"2020-08-02 13:38:07.694503","device_carrier":null,"device_type":null,"uuid":"6634ab9c-d4c5-11ea-9910-06fc158e4c21","sample_rate":null}
{"user_properties":{"Username":"praveencapri@gmail.com"},"$schema":12,"dma":null,"library":"amplitude-js\/6.1.0","session_id":1596375038729,"device_brand":null,"client_event_time":"2020-08-02 13:38:06.247000","user_creation_time":"2020-08-02 07:07:16.958000","amplitude_event_type":null,"group_properties":{},"amplitude_id":182009921658,"platform":"Web","version_name":null,"user_id":"praveencapri@gmail.com","event_properties":{"service-name":"Downloadd-Video-Resources"},"location_lng":null,"groups":{},"location_lat":null,"country":"India","city":"Hyderabad","event_type":"resource-download-failed","event_id":52,"adid":null,"server_received_time":"2020-08-02 13:38:06.659000","device_id":"5--sw0O1-ccfnO_Ib5dnhZ","paying":null,"event_time":"2020-08-02 13:38:06.247000","os_version":"84","server_upload_time":"2020-08-02 13:38:06.666000","amplitude_attribution_ids":null,"$insert_id":"a155ddf7-b02f-458c-a7b4-baad09d4feb3","app":277124,"device_model":null,"device_manufacturer":null,"data":{},"idfa":null,"is_attribution_event":false,"device_family":null,"ip_address":"49.206.49.225","start_version":null,"region":"Telangana","client_upload_time":"2020-08-02 13:38:06.248000","language":"English","os_name":"Chrome","processed_time":"2020-08-02 13:38:07.701772","device_carrier":null,"device_type":null,"uuid":"6634bb6e-d4c5-11ea-9910-06fc158e4c21","sample_rate":null}
{"user_properties":{"Username":"praveencapri@gmail.com"},"$schema":12,"dma":null,"library":"amplitude-js\/6.1.0","session_id":1596375038729,"device_brand":null,"client_event_time":"2020-08-02 13:38:15.864000","user_creation_time":"2020-08-02 07:07:16.958000","amplitude_event_type":null,"group_properties":{},"amplitude_id":182009921658,"platform":"Web","version_name":null,"user_id":"praveencapri@gmail.com","event_properties":{"service-name":"Downloadd-Video-Resources"},"location_lng":null,"groups":{},"location_lat":null,"country":"India","city":"Hyderabad","event_type":"resource-download-failed","event_id":53,"adid":null,"server_received_time":"2020-08-02 13:38:16.305000","device_id":"5--sw0O1-ccfnO_Ib5dnhZ","paying":null,"event_time":"2020-08-02 13:38:15.864000","os_version":"84","server_upload_time":"2020-08-02 13:38:16.312000","amplitude_attribution_ids":null,"$insert_id":"d3d98309-3830-44fe-bf83-ab5919b743d0","app":277124,"device_model":null,"device_manufacturer":null,"data":{},"idfa":null,"is_attribution_event":false,"device_family":null,"ip_address":"49.206.49.225","start_version":null,"region":"Telangana","client_upload_time":"2020-08-02 13:38:15.865000","language":"English","os_name":"Chrome","processed_time":"2020-08-02 13:38:18.314525","device_carrier":null,"device_type":null,"uuid":"6c8bd74a-d4c5-11ea-9910-06fc158e4c21","sample_rate":null}
{"user_properties":{"Username":"praveencapri@gmail.com"},"$schema":12,"dma":null,"library":"amplitude-js\/6.1.0","session_id":1596375038729,"device_brand":null,"client_event_time":"2020-08-02 13:38:31.032000","user_creation_time":"2020-08-02 07:07:16.958000","amplitude_event_type":null,"group_properties":{},"amplitude_id":182009921658,"platform":"Web","version_name":null,"user_id":"praveencapri@gmail.com","event_properties":{"service-name":"Downloadd-Video-Resources"},"location_lng":null,"groups":{},"location_lat":null,"country":"India","city":"Hyderabad","event_type":"resource-download-failed","event_id":54,"adid":null,"server_received_time":"2020-08-02 13:38:31.433000","device_id":"5--sw0O1-ccfnO_Ib5dnhZ","paying":null,"event_time":"2020-08-02 13:38:31.032000","os_version":"84","server_upload_time":"2020-08-02 13:38:31.441000","amplitude_attribution_ids":null,"$insert_id":"8313cce6-6d74-4b89-bcdd-6dcd3be0fcd4","app":277124,"device_model":null,"device_manufacturer":null,"data":{},"idfa":null,"is_attribution_event":false,"device_family":null,"ip_address":"49.206.49.225","start_version":null,"region":"Telangana","client_upload_time":"2020-08-02 13:38:31.034000","language":"English","os_name":"Chrome","processed_time":"2020-08-02 13:38:34.151885","device_carrier":null,"device_type":null,"uuid":"75fd9106-d4c5-11ea-9910-06fc158e4c21","sample_rate":null}
{"user_properties":{"Username":"praveencapri@gmail.com"},"$schema":12,"dma":null,"library":"amplitude-js\/6.1.0","session_id":1596375038729,"device_brand":null,"client_event_time":"2020-08-02 13:38:31.037000","user_creation_time":"2020-08-02 07:07:16.958000","amplitude_event_type":null,"group_properties":{},"amplitude_id":182009921658,"platform":"Web","version_name":null,"user_id":"praveencapri@gmail.com","event_properties":{"service-name":"Downloadd-Video-Resources"},"location_lng":null,"groups":{},"location_lat":null,"country":"India","city":"Hyderabad","event_type":"resource-download-failed","event_id":55,"adid":null,"server_received_time":"2020-08-02 13:38:32.616000","device_id":"5--sw0O1-ccfnO_Ib5dnhZ","paying":null,"event_time":"2020-08-02 13:38:31.037000","os_version":"84","server_upload_time":"2020-08-02 13:38:32.622000","amplitude_attribution_ids":null,"$insert_id":"388d8ceb-9744-4f0b-adb8-569d19708195","app":277124,"device_model":null,"device_manufacturer":null,"data":{},"idfa":null,"is_attribution_event":false,"device_family":null,"ip_address":"49.206.49.225","start_version":null,"region":"Telangana","client_upload_time":"2020-08-02 13:38:32.232000","language":"English","os_name":"Chrome","processed_time":"2020-08-02 13:38:34.154648","device_carrier":null,"device_type":null,"uuid":"75fd9b7e-d4c5-11ea-9910-06fc158e4c21","sample_rate":null}
{"user_properties":{"Username":"praveencapri@gmail.com"},"$schema":12,"dma":null,"library":"amplitude-js\/6.1.0","session_id":1596375038729,"device_brand":null,"client_event_time":"2020-08-02 13:38:31.039000","user_creation_time":"2020-08-02 07:07:16.958000","amplitude_event_type":null,"group_properties":{},"amplitude_id":182009921658,"platform":"Web","version_name":null,"user_id":"praveencapri@gmail.com","event_properties":{"service-name":"Downloadd-Video-Resources"},"location_lng":null,"groups":{},"location_lat":null,"country":"India","city":"Hyderabad","event_type":"resource-download-failed","event_id":56,"adid":null,"server_received_time":"2020-08-02 13:38:32.616000","device_id":"5--sw0O1-ccfnO_Ib5dnhZ","paying":null,"event_time":"2020-08-02 13:38:31.039000","os_version":"84","server_upload_time":"2020-08-02 13:38:32.622000","amplitude_attribution_ids":null,"$insert_id":"4a822620-ed8d-4622-bbc6-165e53c708d5","app":277124,"device_model":null,"device_manufacturer":null,"data":{},"idfa":null,"is_attribution_event":false,"device_family":null,"ip_address":"49.206.49.225","start_version":null,"region":"Telangana","client_upload_time":"2020-08-02 13:38:32.232000","language":"English","os_name":"Chrome","processed_time":"2020-08-02 13:38:34.154656","device_carrier":null,"device_type":null,"uuid":"75fda2ea-d4c5-11ea-9910-06fc158e4c21","sample_rate":null}
{"user_properties":{"Username":"praveencapri@gmail.com"},"$schema":12,"dma":null,"library":"amplitude-js\/6.1.0","session_id":1596375038729,"device_brand":null,"client_event_time":"2020-08-02 13:38:31.042000","user_creation_time":"2020-08-02 07:07:16.958000","amplitude_event_type":null,"group_properties":{},"amplitude_id":182009921658,"platform":"Web","version_name":null,"user_id":"praveencapri@gmail.com","event_properties":{"service-name":"Downloadd-Video-Resources"},"location_lng":null,"groups":{},"location_lat":null,"country":"India","city":"Hyderabad","event_type":"resource-download-failed","event_id":57,"adid":null,"server_received_time":"2020-08-02 13:38:32.616000","device_id":"5--sw0O1-ccfnO_Ib5dnhZ","paying":null,"event_time":"2020-08-02 13:38:31.042000","os_version":"84","server_upload_time":"2020-08-02 13:38:32.622000","amplitude_attribution_ids":null,"$insert_id":"c5405a72-2db4-42b7-8969-56c712d77e72","app":277124,"device_model":null,"device_manufacturer":null,"data":{},"idfa":null,"is_attribution_event":false,"device_family":null,"ip_address":"49.206.49.225","start_version":null,"region":"Telangana","client_upload_time":"2020-08-02 13:38:32.232000","language":"English","os_name":"Chrome","processed_time":"2020-08-02 13:38:34.154659","device_carrier":null,"device_type":null,"uuid":"75fda9d4-d4c5-11ea-9910-06fc158e4c21","sample_rate":null}
{"user_properties":{"Username":"praveencapri@gmail.com"},"$schema":12,"dma":null,"library":"amplitude-js\/6.1.0","session_id":1596375038729,"device_brand":null,"client_event_time":"2020-08-02 13:38:31.045000","user_creation_time":"2020-08-02 07:07:16.958000","amplitude_event_type":null,"group_properties":{},"amplitude_id":182009921658,"platform":"Web","version_name":null,"user_id":"praveencapri@gmail.com","event_properties":{"service-name":"Downloadd-Video-Resources"},"location_lng":null,"groups":{},"location_lat":null,"country":"India","city":"Hyderabad","event_type":"resource-download-failed","event_id":58,"adid":null,"server_received_time":"2020-08-02 13:38:32.616000","device_id":"5--sw0O1-ccfnO_Ib5dnhZ","paying":null,"event_time":"2020-08-02 13:38:31.045000","os_version":"84","server_upload_time":"2020-08-02 13:38:32.622000","amplitude_attribution_ids":null,"$insert_id":"9c34dba0-927f-454f-a400-a5f94b03d1c4","app":277124,"device_model":null,"device_manufacturer":null,"data":{},"idfa":null,"is_attribution_event":false,"device_family":null,"ip_address":"49.206.49.225","start_version":null,"region":"Telangana","client_upload_time":"2020-08-02 13:38:32.232000","language":"English","os_name":"Chrome","processed_time":"2020-08-02 13:38:34.154662","device_carrier":null,"device_type":null,"uuid":"75fdb0aa-d4c5-11ea-9910-06fc158e4c21","sample_rate":null}
{"user_properties":{"Username":"praveencapri@gmail.com"},"$schema":12,"dma":null,"library":"amplitude-js\/6.1.0","session_id":1596375038729,"device_brand":null,"client_event_time":"2020-08-02 13:42:19.946000","user_creation_time":"2020-08-02 07:07:16.958000","amplitude_event_type":null,"group_properties":{},"amplitude_id":182009921658,"platform":"Web","version_name":null,"user_id":"praveencapri@gmail.com","event_properties":{"project-id":664893570,"total-time":"2:40","paused-time":"0:59"},"location_lng":null,"groups":{},"location_lat":null,"country":"India","city":"Hyderabad","event_type":"preview-paused","event_id":59,"adid":null,"server_received_time":"2020-08-02 13:42:20.711000","device_id":"5--sw0O1-ccfnO_Ib5dnhZ","paying":null,"event_time":"2020-08-02 13:42:19.946000","os_version":"84","server_upload_time":"2020-08-02 13:42:20.717000","amplitude_attribution_ids":null,"$insert_id":"830227a6-a746-4084-9584-681e2bbba9e4","app":277124,"device_model":null,"device_manufacturer":null,"data":{},"idfa":null,"is_attribution_event":false,"device_family":null,"ip_address":"49.206.49.225","start_version":null,"region":"Telangana","client_upload_time":"2020-08-02 13:42:19.949000","language":"English","os_name":"Chrome","processed_time":"2020-08-02 13:42:22.147066","device_carrier":null,"device_type":null,"uuid":"fde198e2-d4c5-11ea-9910-06fc158e4c21","sample_rate":null}
{"user_properties":{"Username":"praveencapri@gmail.com"},"$schema":12,"dma":null,"library":"amplitude-js\/6.1.0","session_id":1596375038729,"device_brand":null,"client_event_time":"2020-08-02 13:44:25.365000","user_creation_time":"2020-08-02 07:07:16.958000","amplitude_event_type":null,"group_properties":{},"amplitude_id":182009921658,"platform":"Web","version_name":null,"user_id":"praveencapri@gmail.com","event_properties":{},"location_lng":null,"groups":{},"location_lat":null,"country":"India","city":"Hyderabad","event_type":"video-generation-canceled","event_id":60,"adid":null,"server_received_time":"2020-08-02 13:44:26.158000","device_id":"5--sw0O1-ccfnO_Ib5dnhZ","paying":null,"event_time":"2020-08-02 13:44:25.365000","os_version":"84","server_upload_time":"2020-08-02 13:44:26.165000","amplitude_attribution_ids":null,"$insert_id":"6e33fffc-bf1c-4422-bb95-e28ccba242cd","app":277124,"device_model":null,"device_manufacturer":null,"data":{},"idfa":null,"is_attribution_event":false,"device_family":null,"ip_address":"49.206.49.225","start_version":null,"region":"Telangana","client_upload_time":"2020-08-02 13:44:25.367000","language":"English","os_name":"Chrome","processed_time":"2020-08-02 13:44:27.749154","device_carrier":null,"device_type":null,"uuid":"48bf0ad4-d4c6-11ea-9910-06fc158e4c21","sample_rate":null}
{"user_properties":{"Username":"praveencapri@gmail.com"},"$schema":12,"dma":null,"library":"amplitude-js\/6.1.0","session_id":1596375038729,"device_brand":null,"client_event_time":"2020-08-02 13:44:35.444000","user_creation_time":"2020-08-02 07:07:16.958000","amplitude_event_type":null,"group_properties":{},"amplitude_id":182009921658,"platform":"Web","version_name":null,"user_id":"praveencapri@gmail.com","event_properties":{"project-id":664893570,"total-video-time-in-seconds":163,"total-time-to-generate-in-seconds":9,"total-videos":19,"total-images":1,"total-video-time-in-minutes":"2.72","total-scenes-with-original-image":17,"total-sub-scenes":11,"total-scenes":20,"total-time-to-generate-in-minutes":"0.15","track-name":"Fly With My Dreams"},"location_lng":null,"groups":{},"location_lat":null,"country":"India","city":"Hyderabad","event_type":"generate-clicked","event_id":61,"adid":null,"server_received_time":"2020-08-02 13:44:35.837000","device_id":"5--sw0O1-ccfnO_Ib5dnhZ","paying":null,"event_time":"2020-08-02 13:44:35.444000","os_version":"84","server_upload_time":"2020-08-02 13:44:35.869000","amplitude_attribution_ids":null,"$insert_id":"cf44c332-db4f-4271-99b0-728d4646528c","app":277124,"device_model":null,"device_manufacturer":null,"data":{},"idfa":null,"is_attribution_event":false,"device_family":null,"ip_address":"49.206.49.225","start_version":null,"region":"Telangana","client_upload_time":"2020-08-02 13:44:35.447000","language":"English","os_name":"Chrome","processed_time":"2020-08-02 13:44:36.733640","device_carrier":null,"device_type":null,"uuid":"4e1b20a8-d4c6-11ea-9910-06fc158e4c21","sample_rate":null}
