{"amplitude_id":184860887718,"ip_address":"73.221.162.174","user_creation_time":"2020-08-14 17:01:04.915000","is_attribution_event":false,"client_upload_time":"2020-08-14 17:01:04.916000","$insert_id":"a247f387-6aa7-4936-9aa8-629099816a43","country":"United States","user_id":null,"event_properties":{"provider":"pictory"},"uuid":"18fa868e-de53-11ea-bebb-02a0f6e8c3e1","region":"Washington","version_name":null,"location_lng":null,"sample_rate":null,"adid":null,"dma":"Seattle-Tacoma, WA","device_type":null,"device_brand":null,"$schema":12,"event_time":"2020-08-14 17:01:04.915000","idfa":null,"city":"Sammamish","groups":{},"paying":null,"data":{"first_event":true},"device_model":null,"os_version":"84","app":277124,"start_version":null,"os_name":"Chrome","device_family":null,"group_properties":{},"amplitude_event_type":null,"library":"amplitude-js\/6.1.0","event_id":1,"user_properties":{},"processed_time":"2020-08-14 17:25:07.278779","client_event_time":"2020-08-14 17:01:04.915000","server_received_time":"2020-08-14 17:01:03.693000","event_type":"user-signup","platform":"Web","session_id":1597424293829,"location_lat":null,"amplitude_attribution_ids":null,"device_carrier":null,"language":"English","server_upload_time":"2020-08-14 17:01:03.698000","device_manufacturer":null,"device_id":"3G-ChWy1SqVvKPaKc6BrhM"}
{"amplitude_id":184860887718,"ip_address":"73.221.162.174","user_creation_time":"2020-08-14 17:01:04.915000","is_attribution_event":false,"client_upload_time":"2020-08-14 17:01:26.926000","$insert_id":"bc13e391-065e-49e2-b087-645f3b892396","country":"United States","user_id":"joncl_ms@msn.com","event_properties":{"login-via":"Pictory"},"uuid":"227fa1c6-de53-11ea-bebb-02a0f6e8c3e1","region":"Washington","version_name":null,"location_lng":null,"sample_rate":null,"adid":null,"dma":"Seattle-Tacoma, WA","device_type":null,"device_brand":null,"$schema":12,"event_time":"2020-08-14 17:01:26.883000","idfa":null,"city":"Sammamish","groups":{},"paying":null,"data":{},"device_model":null,"os_version":"84","app":277124,"start_version":null,"os_name":"Chrome","device_family":null,"group_properties":{},"amplitude_event_type":null,"library":"amplitude-js\/6.1.0","event_id":2,"user_properties":{"Username":"joncl_ms@msn.com"},"processed_time":"2020-08-14 17:25:23.134608","client_event_time":"2020-08-14 17:01:26.883000","server_received_time":"2020-08-14 17:01:25.631000","event_type":"user-login","platform":"Web","session_id":1597424293829,"location_lat":null,"amplitude_attribution_ids":null,"device_carrier":null,"language":"English","server_upload_time":"2020-08-14 17:01:25.654000","device_manufacturer":null,"device_id":"3G-ChWy1SqVvKPaKc6BrhM"}
{"amplitude_id":184860887718,"ip_address":"73.221.162.174","user_creation_time":"2020-08-14 17:01:04.915000","is_attribution_event":false,"client_upload_time":"2020-08-14 17:24:56.246000","$insert_id":"37ae3c33-dbc6-4310-995f-65e973b1b824","country":"United States","user_id":"joncl_ms@msn.com","event_properties":{},"uuid":"3bb4492e-de55-11ea-bebb-02a0f6e8c3e1","region":"Washington","version_name":null,"location_lng":null,"sample_rate":null,"adid":null,"dma":"Seattle-Tacoma, WA","device_type":null,"device_brand":null,"$schema":12,"event_time":"2020-08-14 17:24:56.245000","idfa":null,"city":"Sammamish","groups":{},"paying":null,"data":{},"device_model":null,"os_version":"84","app":277124,"start_version":null,"os_name":"Chrome","device_family":null,"group_properties":{},"amplitude_event_type":null,"library":"amplitude-js\/6.1.0","event_id":3,"user_properties":{"Username":"joncl_ms@msn.com"},"processed_time":"2020-08-14 17:40:24.377484","client_event_time":"2020-08-14 17:24:56.245000","server_received_time":"2020-08-14 17:24:55.001000","event_type":"trial-activated","platform":"Web","session_id":1597424293829,"location_lat":null,"amplitude_attribution_ids":null,"device_carrier":null,"language":"English","server_upload_time":"2020-08-14 17:24:55.028000","device_manufacturer":null,"device_id":"3G-ChWy1SqVvKPaKc6BrhM"}
{"amplitude_id":184860887718,"ip_address":"73.221.162.174","user_creation_time":"2020-08-14 17:01:04.915000","is_attribution_event":false,"client_upload_time":"2020-08-14 17:25:57.742000","$insert_id":"e3ae89cf-425f-483d-bcca-ca2cc8a8def7","country":"United States","user_id":"joncl_ms@msn.com","event_properties":{"script":"<p style=\"text-align:justify;\">The University of Washington Bothell School of Business is a dynamic, passionate and ambitious community of students, scholars, business leaders and staff. We transform the lives of students and enhance the vitality of the community through innovative research. Our faculty provide an exceptional education with a strong commitment to educating the future business leaders of the region by bridging academic rigor with practical relevance. We inspire business excellence.<\/p><p style=\"text-align:justify;\">&nbsp;<\/p><p style=\"text-align:justify;\">Our unique educational philosophy develops the right managerial capacities in our students, preparing them for the business challenges of the future. We do this by creating compelling, collaborative and committed partnerships with the business community. By integrating practical learnings with theoretical frameworks, our students are able to strongly position themselves as future executives. This dual focus has produced measurable results. Sp"},"uuid":"55ec5156-de55-11ea-bebb-02a0f6e8c3e1","region":"Washington","version_name":null,"location_lng":null,"sample_rate":null,"adid":null,"dma":"Seattle-Tacoma, WA","device_type":null,"device_brand":null,"$schema":12,"event_time":"2020-08-14 17:25:57.741000","idfa":null,"city":"Sammamish","groups":{},"paying":null,"data":{},"device_model":null,"os_version":"84","app":277124,"start_version":null,"os_name":"Chrome","device_family":null,"group_properties":{},"amplitude_event_type":null,"library":"amplitude-js\/6.1.0","event_id":4,"user_properties":{"Username":"joncl_ms@msn.com"},"processed_time":"2020-08-14 17:41:08.349825","client_event_time":"2020-08-14 17:25:57.741000","server_received_time":"2020-08-14 17:25:56.441000","event_type":"start-with-script","platform":"Web","session_id":1597424293829,"location_lat":null,"amplitude_attribution_ids":null,"device_carrier":null,"language":"English","server_upload_time":"2020-08-14 17:25:56.498000","device_manufacturer":null,"device_id":"3G-ChWy1SqVvKPaKc6BrhM"}
{"amplitude_id":184860887718,"ip_address":"73.221.162.174","user_creation_time":"2020-08-14 17:01:04.915000","is_attribution_event":false,"client_upload_time":"2020-08-14 17:26:07.493000","$insert_id":"ac978fc9-d69e-45a1-b916-1e58ffb97e22","country":"United States","user_id":"joncl_ms@msn.com","event_properties":{"project-id":452990407,"track-name":"All We Know"},"uuid":"592ea62a-de55-11ea-bebb-02a0f6e8c3e1","region":"Washington","version_name":null,"location_lng":null,"sample_rate":null,"adid":null,"dma":"Seattle-Tacoma, WA","device_type":null,"device_brand":null,"$schema":12,"event_time":"2020-08-14 17:26:07.493000","idfa":null,"city":"Sammamish","groups":{},"paying":null,"data":{},"device_model":null,"os_version":"84","app":277124,"start_version":null,"os_name":"Chrome","device_family":null,"group_properties":{},"amplitude_event_type":null,"library":"amplitude-js\/6.1.0","event_id":5,"user_properties":{"Username":"joncl_ms@msn.com"},"processed_time":"2020-08-14 17:41:13.829416","client_event_time":"2020-08-14 17:26:07.493000","server_received_time":"2020-08-14 17:26:06.194000","event_type":"track-selected","platform":"Web","session_id":1597424293829,"location_lat":null,"amplitude_attribution_ids":null,"device_carrier":null,"language":"English","server_upload_time":"2020-08-14 17:26:06.220000","device_manufacturer":null,"device_id":"3G-ChWy1SqVvKPaKc6BrhM"}
{"amplitude_id":184860887718,"ip_address":"73.221.162.174","user_creation_time":"2020-08-14 17:01:04.915000","is_attribution_event":false,"client_upload_time":"2020-08-14 17:26:08.108000","$insert_id":"071372a2-7832-4b3b-880b-bdc136e33bdf","country":"United States","user_id":"joncl_ms@msn.com","event_properties":{"project-id":452990407,"save-type":"New Video","project-name":"The University of Wa","project-category":"The University of Washington Bothell School of Business is a dynamic passionate and ambitious community of students scholars business leaders and staff"},"uuid":"592eaf9e-de55-11ea-bebb-02a0f6e8c3e1","region":"Washington","version_name":null,"location_lng":null,"sample_rate":null,"adid":null,"dma":"Seattle-Tacoma, WA","device_type":null,"device_brand":null,"$schema":12,"event_time":"2020-08-14 17:26:08.108000","idfa":null,"city":"Sammamish","groups":{},"paying":null,"data":{},"device_model":null,"os_version":"84","app":277124,"start_version":null,"os_name":"Chrome","device_family":null,"group_properties":{},"amplitude_event_type":null,"library":"amplitude-js\/6.1.0","event_id":6,"user_properties":{"Username":"joncl_ms@msn.com"},"processed_time":"2020-08-14 17:41:13.833639","client_event_time":"2020-08-14 17:26:08.108000","server_received_time":"2020-08-14 17:26:06.806000","event_type":"video-saved","platform":"Web","session_id":1597424293829,"location_lat":null,"amplitude_attribution_ids":null,"device_carrier":null,"language":"English","server_upload_time":"2020-08-14 17:26:06.817000","device_manufacturer":null,"device_id":"3G-ChWy1SqVvKPaKc6BrhM"}
{"amplitude_id":184860887718,"ip_address":"73.221.162.174","user_creation_time":"2020-08-14 17:01:04.915000","is_attribution_event":false,"client_upload_time":"2020-08-14 17:26:16.480000","$insert_id":"34a19125-f350-4555-8603-b493d1ad4289","country":"United States","user_id":"joncl_ms@msn.com","event_properties":{"project-id":452990407,"save-type":"Saved Video","project-name":"The University of Wa","project-category":"The University of Washington Bothell School of Business is a dynamic passionate and ambitious community of students scholars business leaders and staff"},"uuid":"5ccde016-de55-11ea-bebb-02a0f6e8c3e1","region":"Washington","version_name":null,"location_lng":null,"sample_rate":null,"adid":null,"dma":"Seattle-Tacoma, WA","device_type":null,"device_brand":null,"$schema":12,"event_time":"2020-08-14 17:26:16.479000","idfa":null,"city":"Sammamish","groups":{},"paying":null,"data":{},"device_model":null,"os_version":"84","app":277124,"start_version":null,"os_name":"Chrome","device_family":null,"group_properties":{},"amplitude_event_type":null,"library":"amplitude-js\/6.1.0","event_id":7,"user_properties":{"Username":"joncl_ms@msn.com"},"processed_time":"2020-08-14 17:41:19.886372","client_event_time":"2020-08-14 17:26:16.479000","server_received_time":"2020-08-14 17:26:15.187000","event_type":"video-saved","platform":"Web","session_id":1597424293829,"location_lat":null,"amplitude_attribution_ids":null,"device_carrier":null,"language":"English","server_upload_time":"2020-08-14 17:26:15.201000","device_manufacturer":null,"device_id":"3G-ChWy1SqVvKPaKc6BrhM"}
{"amplitude_id":184860887718,"ip_address":"73.221.162.174","user_creation_time":"2020-08-14 17:01:04.915000","is_attribution_event":false,"client_upload_time":"2020-08-14 17:26:29.121000","$insert_id":"bd94c08d-3df6-45ba-8d74-8010eacc3c99","country":"United States","user_id":"joncl_ms@msn.com","event_properties":{"project-id":452990407},"uuid":"61b7657a-de55-11ea-bebb-02a0f6e8c3e1","region":"Washington","version_name":null,"location_lng":null,"sample_rate":null,"adid":null,"dma":"Seattle-Tacoma, WA","device_type":null,"device_brand":null,"$schema":12,"event_time":"2020-08-14 17:26:29.121000","idfa":null,"city":"Sammamish","groups":{},"paying":null,"data":{},"device_model":null,"os_version":"84","app":277124,"start_version":null,"os_name":"Chrome","device_family":null,"group_properties":{},"amplitude_event_type":null,"library":"amplitude-js\/6.1.0","event_id":8,"user_properties":{"Username":"joncl_ms@msn.com"},"processed_time":"2020-08-14 17:41:28.129254","client_event_time":"2020-08-14 17:26:29.121000","server_received_time":"2020-08-14 17:26:27.818000","event_type":"preview-clicked","platform":"Web","session_id":1597424293829,"location_lat":null,"amplitude_attribution_ids":null,"device_carrier":null,"language":"English","server_upload_time":"2020-08-14 17:26:27.830000","device_manufacturer":null,"device_id":"3G-ChWy1SqVvKPaKc6BrhM"}
{"amplitude_id":184860887718,"ip_address":"73.221.162.174","user_creation_time":"2020-08-14 17:01:04.915000","is_attribution_event":false,"client_upload_time":"2020-08-14 17:26:30.399000","$insert_id":"cc2d0f20-5c06-49e7-86e1-2e97d0ef1224","country":"United States","user_id":"joncl_ms@msn.com","event_properties":{"service-name":"Downloadd-Video-Resources"},"uuid":"61f09f8e-de55-11ea-bebb-02a0f6e8c3e1","region":"Washington","version_name":null,"location_lng":null,"sample_rate":null,"adid":null,"dma":"Seattle-Tacoma, WA","device_type":null,"device_brand":null,"$schema":12,"event_time":"2020-08-14 17:26:30.399000","idfa":null,"city":"Sammamish","groups":{},"paying":null,"data":{},"device_model":null,"os_version":"84","app":277124,"start_version":null,"os_name":"Chrome","device_family":null,"group_properties":{},"amplitude_event_type":null,"library":"amplitude-js\/6.1.0","event_id":9,"user_properties":{"Username":"joncl_ms@msn.com"},"processed_time":"2020-08-14 17:41:28.506478","client_event_time":"2020-08-14 17:26:30.399000","server_received_time":"2020-08-14 17:26:29.095000","event_type":"resource-download-failed","platform":"Web","session_id":1597424293829,"location_lat":null,"amplitude_attribution_ids":null,"device_carrier":null,"language":"English","server_upload_time":"2020-08-14 17:26:29.104000","device_manufacturer":null,"device_id":"3G-ChWy1SqVvKPaKc6BrhM"}
{"amplitude_id":184860887718,"ip_address":"73.221.162.174","user_creation_time":"2020-08-14 17:01:04.915000","is_attribution_event":false,"client_upload_time":"2020-08-14 17:26:30.478000","$insert_id":"46ddb548-965b-4ccc-85a9-9175984c688d","country":"United States","user_id":"joncl_ms@msn.com","event_properties":{"service-name":"Downloadd-Video-Resources"},"uuid":"61f0ac9a-de55-11ea-bebb-02a0f6e8c3e1","region":"Washington","version_name":null,"location_lng":null,"sample_rate":null,"adid":null,"dma":"Seattle-Tacoma, WA","device_type":null,"device_brand":null,"$schema":12,"event_time":"2020-08-14 17:26:30.400000","idfa":null,"city":"Sammamish","groups":{},"paying":null,"data":{},"device_model":null,"os_version":"84","app":277124,"start_version":null,"os_name":"Chrome","device_family":null,"group_properties":{},"amplitude_event_type":null,"library":"amplitude-js\/6.1.0","event_id":10,"user_properties":{"Username":"joncl_ms@msn.com"},"processed_time":"2020-08-14 17:41:28.508394","client_event_time":"2020-08-14 17:26:30.400000","server_received_time":"2020-08-14 17:26:29.176000","event_type":"resource-download-failed","platform":"Web","session_id":1597424293829,"location_lat":null,"amplitude_attribution_ids":null,"device_carrier":null,"language":"English","server_upload_time":"2020-08-14 17:26:29.192000","device_manufacturer":null,"device_id":"3G-ChWy1SqVvKPaKc6BrhM"}
{"amplitude_id":184860887718,"ip_address":"73.221.162.174","user_creation_time":"2020-08-14 17:01:04.915000","is_attribution_event":false,"client_upload_time":"2020-08-14 17:28:03.754000","$insert_id":"dec89bba-b189-4d8c-8eb0-3846b7468d87","country":"United States","user_id":"joncl_ms@msn.com","event_properties":{"project-id":452990407},"uuid":"89e58ed2-de55-11ea-bebb-02a0f6e8c3e1","region":"Washington","version_name":null,"location_lng":null,"sample_rate":null,"adid":null,"dma":"Seattle-Tacoma, WA","device_type":null,"device_brand":null,"$schema":12,"event_time":"2020-08-14 17:28:03.752000","idfa":null,"city":"Sammamish","groups":{},"paying":null,"data":{},"device_model":null,"os_version":"84","app":277124,"start_version":null,"os_name":"Chrome","device_family":null,"group_properties":{},"amplitude_event_type":null,"library":"amplitude-js\/6.1.0","event_id":11,"user_properties":{"Username":"joncl_ms@msn.com"},"processed_time":"2020-08-14 17:42:35.542609","client_event_time":"2020-08-14 17:28:03.752000","server_received_time":"2020-08-14 17:28:02.455000","event_type":"voice-over-clicked","platform":"Web","session_id":1597424293829,"location_lat":null,"amplitude_attribution_ids":null,"device_carrier":null,"language":"English","server_upload_time":"2020-08-14 17:28:02.468000","device_manufacturer":null,"device_id":"3G-ChWy1SqVvKPaKc6BrhM"}
{"amplitude_id":184860887718,"ip_address":"73.221.162.174","user_creation_time":"2020-08-14 17:01:04.915000","is_attribution_event":false,"client_upload_time":"2020-08-14 17:28:24.579000","$insert_id":"5207c0fc-a8cd-4e39-a3ec-1638931aa4aa","country":"United States","user_id":"joncl_ms@msn.com","event_properties":{"project-id":452990407},"uuid":"92158e4a-de55-11ea-bdfe-02a0f6e8c3e1","region":"Washington","version_name":null,"location_lng":null,"sample_rate":null,"adid":null,"dma":"Seattle-Tacoma, WA","device_type":null,"device_brand":null,"$schema":12,"event_time":"2020-08-14 17:28:24.579000","idfa":null,"city":"Sammamish","groups":{},"paying":null,"data":{},"device_model":null,"os_version":"84","app":277124,"start_version":null,"os_name":"Chrome","device_family":null,"group_properties":{},"amplitude_event_type":null,"library":"amplitude-js\/6.1.0","event_id":12,"user_properties":{"Username":"joncl_ms@msn.com"},"processed_time":"2020-08-14 17:42:49.346283","client_event_time":"2020-08-14 17:28:24.579000","server_received_time":"2020-08-14 17:28:23.285000","event_type":"voice-over-clicked","platform":"Web","session_id":1597424293829,"location_lat":null,"amplitude_attribution_ids":null,"device_carrier":null,"language":"English","server_upload_time":"2020-08-14 17:28:23.295000","device_manufacturer":null,"device_id":"3G-ChWy1SqVvKPaKc6BrhM"}
{"amplitude_id":184860887718,"ip_address":"73.221.162.174","user_creation_time":"2020-08-14 17:01:04.915000","is_attribution_event":false,"client_upload_time":"2020-08-14 17:28:25.312000","$insert_id":"452fa577-0cf6-4e7d-a6d1-e4cacfcfba6d","country":"United States","user_id":"joncl_ms@msn.com","event_properties":{"project-id":452990407,"source":"Audio"},"uuid":"92159e76-de55-11ea-bdfe-02a0f6e8c3e1","region":"Washington","version_name":null,"location_lng":null,"sample_rate":null,"adid":null,"dma":"Seattle-Tacoma, WA","device_type":null,"device_brand":null,"$schema":12,"event_time":"2020-08-14 17:28:25.312000","idfa":null,"city":"Sammamish","groups":{},"paying":null,"data":{},"device_model":null,"os_version":"84","app":277124,"start_version":null,"os_name":"Chrome","device_family":null,"group_properties":{},"amplitude_event_type":null,"library":"amplitude-js\/6.1.0","event_id":13,"user_properties":{"Username":"joncl_ms@msn.com"},"processed_time":"2020-08-14 17:42:49.349314","client_event_time":"2020-08-14 17:28:25.312000","server_received_time":"2020-08-14 17:28:24.008000","event_type":"recent-clicked","platform":"Web","session_id":1597424293829,"location_lat":null,"amplitude_attribution_ids":null,"device_carrier":null,"language":"English","server_upload_time":"2020-08-14 17:28:24.025000","device_manufacturer":null,"device_id":"3G-ChWy1SqVvKPaKc6BrhM"}
{"amplitude_id":184860887718,"ip_address":"73.221.162.174","user_creation_time":"2020-08-14 17:01:04.915000","is_attribution_event":false,"client_upload_time":"2020-08-14 17:28:29.892000","$insert_id":"b1b5077d-2462-49f1-93cb-9e26493fb206","country":"United States","user_id":"joncl_ms@msn.com","event_properties":{"project-id":452990407,"trackName":"All We Know"},"uuid":"9436e0ca-de55-11ea-bdfe-02a0f6e8c3e1","region":"Washington","version_name":null,"location_lng":null,"sample_rate":null,"adid":null,"dma":"Seattle-Tacoma, WA","device_type":null,"device_brand":null,"$schema":12,"event_time":"2020-08-14 17:28:29.892000","idfa":null,"city":"Sammamish","groups":{},"paying":null,"data":{},"device_model":null,"os_version":"84","app":277124,"start_version":null,"os_name":"Chrome","device_family":null,"group_properties":{},"amplitude_event_type":null,"library":"amplitude-js\/6.1.0","event_id":14,"user_properties":{"Username":"joncl_ms@msn.com"},"processed_time":"2020-08-14 17:42:52.882270","client_event_time":"2020-08-14 17:28:29.892000","server_received_time":"2020-08-14 17:28:28.584000","event_type":"track-sample-played","platform":"Web","session_id":1597424293829,"location_lat":null,"amplitude_attribution_ids":null,"device_carrier":null,"language":"English","server_upload_time":"2020-08-14 17:28:28.598000","device_manufacturer":null,"device_id":"3G-ChWy1SqVvKPaKc6BrhM"}
{"amplitude_id":184860887718,"ip_address":"73.221.162.174","user_creation_time":"2020-08-14 17:01:04.915000","is_attribution_event":false,"client_upload_time":"2020-08-14 17:28:32.567000","$insert_id":"3cddd82c-f068-4958-8487-7a1d06be94d5","country":"United States","user_id":"joncl_ms@msn.com","event_properties":{"project-id":452990407},"uuid":"95664300-de55-11ea-bdfe-02a0f6e8c3e1","region":"Washington","version_name":null,"location_lng":null,"sample_rate":null,"adid":null,"dma":"Seattle-Tacoma, WA","device_type":null,"device_brand":null,"$schema":12,"event_time":"2020-08-14 17:28:32.567000","idfa":null,"city":"Sammamish","groups":{},"paying":null,"data":{},"device_model":null,"os_version":"84","app":277124,"start_version":null,"os_name":"Chrome","device_family":null,"group_properties":{},"amplitude_event_type":null,"library":"amplitude-js\/6.1.0","event_id":15,"user_properties":{"Username":"joncl_ms@msn.com"},"processed_time":"2020-08-14 17:42:54.838375","client_event_time":"2020-08-14 17:28:32.567000","server_received_time":"2020-08-14 17:28:31.261000","event_type":"voice-over-clicked","platform":"Web","session_id":1597424293829,"location_lat":null,"amplitude_attribution_ids":null,"device_carrier":null,"language":"English","server_upload_time":"2020-08-14 17:28:31.269000","device_manufacturer":null,"device_id":"3G-ChWy1SqVvKPaKc6BrhM"}
{"amplitude_id":184860887718,"ip_address":"73.221.162.174","user_creation_time":"2020-08-14 17:01:04.915000","is_attribution_event":false,"client_upload_time":"2020-08-14 17:28:34.579000","$insert_id":"3d231e8f-1d94-4b2a-af33-9151b0937f68","country":"United States","user_id":"joncl_ms@msn.com","event_properties":{"project-id":452990407,"country":"US English","name":"Matthew"},"uuid":"9610e594-de55-11ea-bdfe-02a0f6e8c3e1","region":"Washington","version_name":null,"location_lng":null,"sample_rate":null,"adid":null,"dma":"Seattle-Tacoma, WA","device_type":null,"device_brand":null,"$schema":12,"event_time":"2020-08-14 17:28:34.579000","idfa":null,"city":"Sammamish","groups":{},"paying":null,"data":{},"device_model":null,"os_version":"84","app":277124,"start_version":null,"os_name":"Chrome","device_family":null,"group_properties":{},"amplitude_event_type":null,"library":"amplitude-js\/6.1.0","event_id":16,"user_properties":{"Username":"joncl_ms@msn.com"},"processed_time":"2020-08-14 17:42:55.984435","client_event_time":"2020-08-14 17:28:34.579000","server_received_time":"2020-08-14 17:28:33.279000","event_type":"voice-sample-played","platform":"Web","session_id":1597424293829,"location_lat":null,"amplitude_attribution_ids":null,"device_carrier":null,"language":"English","server_upload_time":"2020-08-14 17:28:33.289000","device_manufacturer":null,"device_id":"3G-ChWy1SqVvKPaKc6BrhM"}
{"device_model":null,"user_creation_time":"2020-08-14 17:01:04.915000","user_id":"joncl_ms@msn.com","app":277124,"os_version":"84","city":"Sammamish","location_lng":null,"device_manufacturer":null,"device_id":"3G-ChWy1SqVvKPaKc6BrhM","location_lat":null,"group_properties":{},"client_upload_time":"2020-08-14 17:29:53.026000","event_time":"2020-08-14 17:29:53.025000","groups":{},"is_attribution_event":false,"event_type":"asset-searched","region":"Washington","country":"United States","user_properties":{"Username":"joncl_ms@msn.com"},"data":{},"idfa":null,"device_carrier":null,"adid":null,"platform":"Web","device_family":null,"client_event_time":"2020-08-14 17:29:53.025000","uuid":"bad4567c-de55-11ea-a618-029774f75001","processed_time":"2020-08-14 17:43:57.723929","start_version":null,"$insert_id":"35bca642-e7e6-4734-9e59-de9768769eca","event_properties":{"search-term":"do more","search-type":"All","project-id":452990407},"amplitude_event_type":null,"device_type":null,"amplitude_id":184860887718,"sample_rate":null,"ip_address":"73.221.162.174","$schema":12,"server_received_time":"2020-08-14 17:29:51.723000","version_name":null,"dma":"Seattle-Tacoma, WA","device_brand":null,"event_id":17,"session_id":1597424293829,"language":"English","server_upload_time":"2020-08-14 17:29:51.740000","amplitude_attribution_ids":null,"os_name":"Chrome","library":"amplitude-js\/6.1.0","paying":null}
{"device_model":null,"user_creation_time":"2020-08-14 17:01:04.915000","user_id":"joncl_ms@msn.com","app":277124,"os_version":"84","city":"Sammamish","location_lng":null,"device_manufacturer":null,"device_id":"3G-ChWy1SqVvKPaKc6BrhM","location_lat":null,"group_properties":{},"client_upload_time":"2020-08-14 17:30:02.167000","event_time":"2020-08-14 17:30:02.166000","groups":{},"is_attribution_event":false,"event_type":"image-replaced","region":"Washington","country":"United States","user_properties":{"Username":"joncl_ms@msn.com"},"data":{},"idfa":null,"device_carrier":null,"adid":null,"platform":"Web","device_family":null,"client_event_time":"2020-08-14 17:30:02.166000","uuid":"bf792518-de55-11ea-a618-029774f75001","processed_time":"2020-08-14 17:44:05.510165","start_version":null,"$insert_id":"cfb4c7c3-34ff-419b-ab83-13ed4f3ddee7","event_properties":{"new-image":"https:\/\/d2v9y0dukr6mq2.cloudfront.net\/video\/preview\/TOEwt0C\/abundance-the-property-of-a-more-than-adequate-quantity-or-supply-pencil-underlining-the-word-abundance-in-fake-dictionary-definition-of-the-word_vk106rzc__SB_PM.mp4?type=preview&origin=VIDEOBLOCKS&timestamp_ms=1597426192227&publicKey=NFKFzias7JkF35W3n9edUuQV1Rnn7udTDco3ZbvzlsXgiAzLXO0a15shkgbMNmXZ&organizationId=103776&apiVersion=1.0&stockItemId=552499&resolution=180p&searchId=410613c0-2eb9-459c-bd18-139429ea6657&searchPageId=df5e66fe-1b98-4a90-ac39-f217269706c0","project-id":452990407,"source":"Visual Library","old-image":"https:\/\/dm0qx8t0i9gc9.cloudfront.net\/watermarks\/video\/YZoSC5o\/videoblocks-angry-upset-man-in-30s-starts-shaking-his-head-no-with-his-finger-waiving-in-a-silly-fashion-and-gets-more-serious_h5gr4ikkwf__96e56cfd65f3a0f3770e11488bb2a855__P360.mp4?type=preview&origin=VIDEOBLOCKS&timestamp_ms=1597425963781&publicKey=NFKFzias7JkF35W3n9edUuQV1Rnn7udTDco3ZbvzlsXgiAzLXO0a15shkgbMNmXZ&organizationId=103776&apiVersion=1.0&stockItemId=5538227&resolution=180p&searchId=184e68e9-8caf-40ff-b662-6e26c992732d&searchPageId=8c20101e-90b7-4939-8c47-ab8e32818038"},"amplitude_event_type":null,"device_type":null,"amplitude_id":184860887718,"sample_rate":null,"ip_address":"73.221.162.174","$schema":12,"server_received_time":"2020-08-14 17:30:00.879000","version_name":null,"dma":"Seattle-Tacoma, WA","device_brand":null,"event_id":18,"session_id":1597424293829,"language":"English","server_upload_time":"2020-08-14 17:30:00.906000","amplitude_attribution_ids":null,"os_name":"Chrome","library":"amplitude-js\/6.1.0","paying":null}
{"device_model":null,"user_creation_time":"2020-08-14 17:01:04.915000","user_id":"joncl_ms@msn.com","app":277124,"os_version":"84","city":"Sammamish","location_lng":null,"device_manufacturer":null,"device_id":"3G-ChWy1SqVvKPaKc6BrhM","location_lat":null,"group_properties":{},"client_upload_time":"2020-08-14 17:30:03.316000","event_time":"2020-08-14 17:30:03.316000","groups":{},"is_attribution_event":false,"event_type":"video-saved","region":"Washington","country":"United States","user_properties":{"Username":"joncl_ms@msn.com"},"data":{},"idfa":null,"device_carrier":null,"adid":null,"platform":"Web","device_family":null,"client_event_time":"2020-08-14 17:30:03.316000","uuid":"c0a037ba-de55-11ea-a618-029774f75001","processed_time":"2020-08-14 17:44:07.374680","start_version":null,"$insert_id":"5ec640a6-147f-4abf-a625-1fbeb7d2b2e5","event_properties":{"save-type":"Saved Video","project-category":"The University of Washington Bothell School of Business is a dynamic passionate and ambitious community of students scholars business leaders and staff","project-id":452990407,"project-name":"The University of Wa"},"amplitude_event_type":null,"device_type":null,"amplitude_id":184860887718,"sample_rate":null,"ip_address":"73.221.162.174","$schema":12,"server_received_time":"2020-08-14 17:30:02.016000","version_name":null,"dma":"Seattle-Tacoma, WA","device_brand":null,"event_id":19,"session_id":1597424293829,"language":"English","server_upload_time":"2020-08-14 17:30:02.047000","amplitude_attribution_ids":null,"os_name":"Chrome","library":"amplitude-js\/6.1.0","paying":null}
{"device_model":null,"user_creation_time":"2020-08-14 17:01:04.915000","user_id":"joncl_ms@msn.com","app":277124,"os_version":"84","city":"Sammamish","location_lng":null,"device_manufacturer":null,"device_id":"3G-ChWy1SqVvKPaKc6BrhM","location_lat":null,"group_properties":{},"client_upload_time":"2020-08-14 17:30:10.075000","event_time":"2020-08-14 17:30:10.074000","groups":{},"is_attribution_event":false,"event_type":"asset-searched","region":"Washington","country":"United States","user_properties":{"Username":"joncl_ms@msn.com"},"data":{},"idfa":null,"device_carrier":null,"adid":null,"platform":"Web","device_family":null,"client_event_time":"2020-08-14 17:30:10.074000","uuid":"c472475c-de55-11ea-a618-029774f75001","processed_time":"2020-08-14 17:44:13.778014","start_version":null,"$insert_id":"dd73b51c-f19f-4423-b4f0-73e9d6222eb4","event_properties":{"search-term":"do more","search-type":"All","project-id":452990407},"amplitude_event_type":null,"device_type":null,"amplitude_id":184860887718,"sample_rate":null,"ip_address":"73.221.162.174","$schema":12,"server_received_time":"2020-08-14 17:30:08.773000","version_name":null,"dma":"Seattle-Tacoma, WA","device_brand":null,"event_id":20,"session_id":1597424293829,"language":"English","server_upload_time":"2020-08-14 17:30:08.807000","amplitude_attribution_ids":null,"os_name":"Chrome","library":"amplitude-js\/6.1.0","paying":null}
{"device_model":null,"user_creation_time":"2020-08-14 17:01:04.915000","user_id":"joncl_ms@msn.com","app":277124,"os_version":"84","city":"Sammamish","location_lng":null,"device_manufacturer":null,"device_id":"3G-ChWy1SqVvKPaKc6BrhM","location_lat":null,"group_properties":{},"client_upload_time":"2020-08-14 17:30:16.077000","event_time":"2020-08-14 17:30:16.077000","groups":{},"is_attribution_event":false,"event_type":"asset-searched","region":"Washington","country":"United States","user_properties":{"Username":"joncl_ms@msn.com"},"data":{},"idfa":null,"device_carrier":null,"adid":null,"platform":"Web","device_family":null,"client_event_time":"2020-08-14 17:30:16.077000","uuid":"c6bbb3ea-de55-11ea-a618-029774f75001","processed_time":"2020-08-14 17:44:17.604035","start_version":null,"$insert_id":"1c637a12-e68a-4d75-9ce1-fe3c22ec2a92","event_properties":{"search-term":"do more","search-type":"All","project-id":452990407},"amplitude_event_type":null,"device_type":null,"amplitude_id":184860887718,"sample_rate":null,"ip_address":"73.221.162.174","$schema":12,"server_received_time":"2020-08-14 17:30:14.771000","version_name":null,"dma":"Seattle-Tacoma, WA","device_brand":null,"event_id":21,"session_id":1597424293829,"language":"English","server_upload_time":"2020-08-14 17:30:14.811000","amplitude_attribution_ids":null,"os_name":"Chrome","library":"amplitude-js\/6.1.0","paying":null}
{"device_model":null,"user_creation_time":"2020-08-14 17:01:04.915000","user_id":"joncl_ms@msn.com","app":277124,"os_version":"84","city":"Sammamish","location_lng":null,"device_manufacturer":null,"device_id":"3G-ChWy1SqVvKPaKc6BrhM","location_lat":null,"group_properties":{},"client_upload_time":"2020-08-14 17:30:22.947000","event_time":"2020-08-14 17:30:22.946000","groups":{},"is_attribution_event":false,"event_type":"asset-searched","region":"Washington","country":"United States","user_properties":{"Username":"joncl_ms@msn.com"},"data":{},"idfa":null,"device_carrier":null,"adid":null,"platform":"Web","device_family":null,"client_event_time":"2020-08-14 17:30:22.946000","uuid":"c8c19a4c-de55-11ea-a618-029774f75001","processed_time":"2020-08-14 17:44:21.007807","start_version":null,"$insert_id":"f081e3d9-90b0-422d-a93c-46ed1c00b9f3","event_properties":{"search-term":"do more","search-type":"All","project-id":452990407},"amplitude_event_type":null,"device_type":null,"amplitude_id":184860887718,"sample_rate":null,"ip_address":"73.221.162.174","$schema":12,"server_received_time":"2020-08-14 17:30:21.644000","version_name":null,"dma":"Seattle-Tacoma, WA","device_brand":null,"event_id":22,"session_id":1597424293829,"language":"English","server_upload_time":"2020-08-14 17:30:21.668000","amplitude_attribution_ids":null,"os_name":"Chrome","library":"amplitude-js\/6.1.0","paying":null}
{"device_model":null,"user_creation_time":"2020-08-14 17:01:04.915000","user_id":"joncl_ms@msn.com","app":277124,"os_version":"84","city":"Sammamish","location_lng":null,"device_manufacturer":null,"device_id":"3G-ChWy1SqVvKPaKc6BrhM","location_lat":null,"group_properties":{},"client_upload_time":"2020-08-14 17:30:30.110000","event_time":"2020-08-14 17:30:30.109000","groups":{},"is_attribution_event":false,"event_type":"asset-searched","region":"Washington","country":"United States","user_properties":{"Username":"joncl_ms@msn.com"},"data":{},"idfa":null,"device_carrier":null,"adid":null,"platform":"Web","device_family":null,"client_event_time":"2020-08-14 17:30:30.109000","uuid":"cb598cb0-de55-11ea-a618-029774f75001","processed_time":"2020-08-14 17:44:25.351881","start_version":null,"$insert_id":"54fd794d-460d-4eb6-bfe9-4821b47d6fa1","event_properties":{"search-term":"do more","search-type":"All","project-id":452990407},"amplitude_event_type":null,"device_type":null,"amplitude_id":184860887718,"sample_rate":null,"ip_address":"73.221.162.174","$schema":12,"server_received_time":"2020-08-14 17:30:28.809000","version_name":null,"dma":"Seattle-Tacoma, WA","device_brand":null,"event_id":23,"session_id":1597424293829,"language":"English","server_upload_time":"2020-08-14 17:30:28.848000","amplitude_attribution_ids":null,"os_name":"Chrome","library":"amplitude-js\/6.1.0","paying":null}
{"device_model":null,"user_creation_time":"2020-08-14 17:01:04.915000","user_id":"joncl_ms@msn.com","app":277124,"os_version":"84","city":"Sammamish","location_lng":null,"device_manufacturer":null,"device_id":"3G-ChWy1SqVvKPaKc6BrhM","location_lat":null,"group_properties":{},"client_upload_time":"2020-08-14 17:30:36.812000","event_time":"2020-08-14 17:30:36.812000","groups":{},"is_attribution_event":false,"event_type":"image-replaced","region":"Washington","country":"United States","user_properties":{"Username":"joncl_ms@msn.com"},"data":{},"idfa":null,"device_carrier":null,"adid":null,"platform":"Web","device_family":null,"client_event_time":"2020-08-14 17:30:36.812000","uuid":"cdad2e7c-de55-11ea-a618-029774f75001","processed_time":"2020-08-14 17:44:29.257900","start_version":null,"$insert_id":"9f45378b-c136-4a7e-bc5d-22e41c9a1316","event_properties":{"new-image":"https:\/\/dm0qx8t0i9gc9.cloudfront.net\/watermarks\/video\/YZoSC5o\/videoblocks-hand-writes-more-more-more-on-white-paper-with-a-green-brush-pen-handwriting-typography_scljsgbvd7__89705b93df91d267ea03222cab345cc6__P360.mp4?type=preview&origin=VIDEOBLOCKS&timestamp_ms=1597426192232&publicKey=NFKFzias7JkF35W3n9edUuQV1Rnn7udTDco3ZbvzlsXgiAzLXO0a15shkgbMNmXZ&organizationId=103776&apiVersion=1.0&stockItemId=7781580&resolution=180p&searchId=410613c0-2eb9-459c-bd18-139429ea6657&searchPageId=df5e66fe-1b98-4a90-ac39-f217269706c0","project-id":452990407,"source":"Visual Library","old-image":"https:\/\/d2v9y0dukr6mq2.cloudfront.net\/video\/preview\/TOEwt0C\/abundance-the-property-of-a-more-than-adequate-quantity-or-supply-pencil-underlining-the-word-abundance-in-fake-dictionary-definition-of-the-word_vk106rzc__SB_PM.mp4?type=preview&origin=VIDEOBLOCKS&timestamp_ms=1597426192227&publicKey=NFKFzias7JkF35W3n9edUuQV1Rnn7udTDco3ZbvzlsXgiAzLXO0a15shkgbMNmXZ&organizationId=103776&apiVersion=1.0&stockItemId=552499&resolution=180p&searchId=410613c0-2eb9-459c-bd18-139429ea6657&searchPageId=df5e66fe-1b98-4a90-ac39-f217269706c0"},"amplitude_event_type":null,"device_type":null,"amplitude_id":184860887718,"sample_rate":null,"ip_address":"73.221.162.174","$schema":12,"server_received_time":"2020-08-14 17:30:35.522000","version_name":null,"dma":"Seattle-Tacoma, WA","device_brand":null,"event_id":24,"session_id":1597424293829,"language":"English","server_upload_time":"2020-08-14 17:30:35.532000","amplitude_attribution_ids":null,"os_name":"Chrome","library":"amplitude-js\/6.1.0","paying":null}
{"device_model":null,"user_creation_time":"2020-08-14 17:01:04.915000","user_id":"joncl_ms@msn.com","app":277124,"os_version":"84","city":"Sammamish","location_lng":null,"device_manufacturer":null,"device_id":"3G-ChWy1SqVvKPaKc6BrhM","location_lat":null,"group_properties":{},"client_upload_time":"2020-08-14 17:30:37.760000","event_time":"2020-08-14 17:30:37.760000","groups":{},"is_attribution_event":false,"event_type":"video-saved","region":"Washington","country":"United States","user_properties":{"Username":"joncl_ms@msn.com"},"data":{},"idfa":null,"device_carrier":null,"adid":null,"platform":"Web","device_family":null,"client_event_time":"2020-08-14 17:30:37.760000","uuid":"ce234328-de55-11ea-a618-029774f75001","processed_time":"2020-08-14 17:44:30.205983","start_version":null,"$insert_id":"ddc76fbb-5e63-46c4-9f9b-d6ff35dfd679","event_properties":{"save-type":"Saved Video","project-category":"The University of Washington Bothell School of Business is a dynamic passionate and ambitious community of students scholars business leaders and staff","project-id":452990407,"project-name":"The University of Wa"},"amplitude_event_type":null,"device_type":null,"amplitude_id":184860887718,"sample_rate":null,"ip_address":"73.221.162.174","$schema":12,"server_received_time":"2020-08-14 17:30:36.461000","version_name":null,"dma":"Seattle-Tacoma, WA","device_brand":null,"event_id":25,"session_id":1597424293829,"language":"English","server_upload_time":"2020-08-14 17:30:36.486000","amplitude_attribution_ids":null,"os_name":"Chrome","library":"amplitude-js\/6.1.0","paying":null}
{"device_model":null,"user_creation_time":"2020-08-14 17:01:04.915000","user_id":"joncl_ms@msn.com","app":277124,"os_version":"84","city":"Sammamish","location_lng":null,"device_manufacturer":null,"device_id":"3G-ChWy1SqVvKPaKc6BrhM","location_lat":null,"group_properties":{},"client_upload_time":"2020-08-14 17:30:48.030000","event_time":"2020-08-14 17:30:48.030000","groups":{},"is_attribution_event":false,"event_type":"image-replaced","region":"Washington","country":"United States","user_properties":{"Username":"joncl_ms@msn.com"},"data":{},"idfa":null,"device_carrier":null,"adid":null,"platform":"Web","device_family":null,"client_event_time":"2020-08-14 17:30:48.030000","uuid":"d1bd9fa6-de55-11ea-a618-029774f75001","processed_time":"2020-08-14 17:44:36.076720","start_version":null,"$insert_id":"bb17f212-4414-4ae7-a4bd-2736ceaa28af","event_properties":{"new-image":"https:\/\/dm0qx8t0i9gc9.cloudfront.net\/watermarks\/video\/qEue9C6\/videoblocks-more-added-additional-increase-quantity-road-word-3-d-animation_sm1uefevm__8a2ac1b1974465ba7d7dafa6b77f408d__P360.mp4?type=preview&origin=VIDEOBLOCKS&timestamp_ms=1597426192230&publicKey=NFKFzias7JkF35W3n9edUuQV1Rnn7udTDco3ZbvzlsXgiAzLXO0a15shkgbMNmXZ&organizationId=103776&apiVersion=1.0&stockItemId=7558705&resolution=180p&searchId=410613c0-2eb9-459c-bd18-139429ea6657&searchPageId=df5e66fe-1b98-4a90-ac39-f217269706c0","project-id":452990407,"source":"Visual Library","old-image":"https:\/\/dm0qx8t0i9gc9.cloudfront.net\/watermarks\/video\/YZoSC5o\/videoblocks-hand-writes-more-more-more-on-white-paper-with-a-green-brush-pen-handwriting-typography_scljsgbvd7__89705b93df91d267ea03222cab345cc6__P360.mp4?type=preview&origin=VIDEOBLOCKS&timestamp_ms=1597426192232&publicKey=NFKFzias7JkF35W3n9edUuQV1Rnn7udTDco3ZbvzlsXgiAzLXO0a15shkgbMNmXZ&organizationId=103776&apiVersion=1.0&stockItemId=7781580&resolution=180p&searchId=410613c0-2eb9-459c-bd18-139429ea6657&searchPageId=df5e66fe-1b98-4a90-ac39-f217269706c0"},"amplitude_event_type":null,"device_type":null,"amplitude_id":184860887718,"sample_rate":null,"ip_address":"73.221.162.174","$schema":12,"server_received_time":"2020-08-14 17:30:46.728000","version_name":null,"dma":"Seattle-Tacoma, WA","device_brand":null,"event_id":26,"session_id":1597424293829,"language":"English","server_upload_time":"2020-08-14 17:30:46.750000","amplitude_attribution_ids":null,"os_name":"Chrome","library":"amplitude-js\/6.1.0","paying":null}
{"device_model":null,"user_creation_time":"2020-08-14 17:01:04.915000","user_id":"joncl_ms@msn.com","app":277124,"os_version":"84","city":"Sammamish","location_lng":null,"device_manufacturer":null,"device_id":"3G-ChWy1SqVvKPaKc6BrhM","location_lat":null,"group_properties":{},"client_upload_time":"2020-08-14 17:30:48.986000","event_time":"2020-08-14 17:30:48.985000","groups":{},"is_attribution_event":false,"event_type":"video-saved","region":"Washington","country":"United States","user_properties":{"Username":"joncl_ms@msn.com"},"data":{},"idfa":null,"device_carrier":null,"adid":null,"platform":"Web","device_family":null,"client_event_time":"2020-08-14 17:30:48.985000","uuid":"d2bed08c-de55-11ea-a618-029774f75001","processed_time":"2020-08-14 17:44:37.757462","start_version":null,"$insert_id":"78e4059e-06e5-4fd1-8c5a-9616da6723ca","event_properties":{"save-type":"Saved Video","project-category":"The University of Washington Bothell School of Business is a dynamic passionate and ambitious community of students scholars business leaders and staff","project-id":452990407,"project-name":"The University of Wa"},"amplitude_event_type":null,"device_type":null,"amplitude_id":184860887718,"sample_rate":null,"ip_address":"73.221.162.174","$schema":12,"server_received_time":"2020-08-14 17:30:47.694000","version_name":null,"dma":"Seattle-Tacoma, WA","device_brand":null,"event_id":27,"session_id":1597424293829,"language":"English","server_upload_time":"2020-08-14 17:30:47.710000","amplitude_attribution_ids":null,"os_name":"Chrome","library":"amplitude-js\/6.1.0","paying":null}
{"device_model":null,"user_creation_time":"2020-08-14 17:01:04.915000","user_id":"joncl_ms@msn.com","app":277124,"os_version":"84","city":"Sammamish","location_lng":null,"device_manufacturer":null,"device_id":"3G-ChWy1SqVvKPaKc6BrhM","location_lat":null,"group_properties":{},"client_upload_time":"2020-08-14 17:30:57.035000","event_time":"2020-08-14 17:30:57.034000","groups":{},"is_attribution_event":false,"event_type":"video-saved","region":"Washington","country":"United States","user_properties":{"Username":"joncl_ms@msn.com"},"data":{},"idfa":null,"device_carrier":null,"adid":null,"platform":"Web","device_family":null,"client_event_time":"2020-08-14 17:30:57.034000","uuid":"d5d7b504-de55-11ea-a618-029774f75001","processed_time":"2020-08-14 17:44:42.977522","start_version":null,"$insert_id":"92799dcd-e798-4770-8d7f-c2f18064dead","event_properties":{"save-type":"Saved Video","project-category":"The University of Washington Bothell School of Business is a dynamic passionate and ambitious community of students scholars business leaders and staff","project-id":452990407,"project-name":"The University of Wa"},"amplitude_event_type":null,"device_type":null,"amplitude_id":184860887718,"sample_rate":null,"ip_address":"73.221.162.174","$schema":12,"server_received_time":"2020-08-14 17:30:55.729000","version_name":null,"dma":"Seattle-Tacoma, WA","device_brand":null,"event_id":28,"session_id":1597424293829,"language":"English","server_upload_time":"2020-08-14 17:30:55.741000","amplitude_attribution_ids":null,"os_name":"Chrome","library":"amplitude-js\/6.1.0","paying":null}
{"device_model":null,"user_creation_time":"2020-08-14 17:01:04.915000","user_id":"joncl_ms@msn.com","app":277124,"os_version":"84","city":"Sammamish","location_lng":null,"device_manufacturer":null,"device_id":"3G-ChWy1SqVvKPaKc6BrhM","location_lat":null,"group_properties":{},"client_upload_time":"2020-08-14 17:30:58.438000","event_time":"2020-08-14 17:30:58.438000","groups":{},"is_attribution_event":false,"event_type":"preview-clicked","region":"Washington","country":"United States","user_properties":{"Username":"joncl_ms@msn.com"},"data":{},"idfa":null,"device_carrier":null,"adid":null,"platform":"Web","device_family":null,"client_event_time":"2020-08-14 17:30:58.438000","uuid":"d5d7c2f6-de55-11ea-a618-029774f75001","processed_time":"2020-08-14 17:44:42.986315","start_version":null,"$insert_id":"6d15058a-b439-4675-914e-747651d551da","event_properties":{"project-id":452990407},"amplitude_event_type":null,"device_type":null,"amplitude_id":184860887718,"sample_rate":null,"ip_address":"73.221.162.174","$schema":12,"server_received_time":"2020-08-14 17:30:57.142000","version_name":null,"dma":"Seattle-Tacoma, WA","device_brand":null,"event_id":29,"session_id":1597424293829,"language":"English","server_upload_time":"2020-08-14 17:30:57.153000","amplitude_attribution_ids":null,"os_name":"Chrome","library":"amplitude-js\/6.1.0","paying":null}
{"device_model":null,"user_creation_time":"2020-08-14 17:01:04.915000","user_id":"joncl_ms@msn.com","app":277124,"os_version":"84","city":"Sammamish","location_lng":null,"device_manufacturer":null,"device_id":"3G-ChWy1SqVvKPaKc6BrhM","location_lat":null,"group_properties":{},"client_upload_time":"2020-08-14 17:30:58.651000","event_time":"2020-08-14 17:30:58.650000","groups":{},"is_attribution_event":false,"event_type":"resource-download-failed","region":"Washington","country":"United States","user_properties":{"Username":"joncl_ms@msn.com"},"data":{},"idfa":null,"device_carrier":null,"adid":null,"platform":"Web","device_family":null,"client_event_time":"2020-08-14 17:30:58.650000","uuid":"d5d7d58e-de55-11ea-a618-029774f75001","processed_time":"2020-08-14 17:44:42.988723","start_version":null,"$insert_id":"a868d78c-53a5-405a-9069-4db071bad7ec","event_properties":{"service-name":"Downloadd-Video-Resources"},"amplitude_event_type":null,"device_type":null,"amplitude_id":184860887718,"sample_rate":null,"ip_address":"73.221.162.174","$schema":12,"server_received_time":"2020-08-14 17:30:57.350000","version_name":null,"dma":"Seattle-Tacoma, WA","device_brand":null,"event_id":30,"session_id":1597424293829,"language":"English","server_upload_time":"2020-08-14 17:30:57.379000","amplitude_attribution_ids":null,"os_name":"Chrome","library":"amplitude-js\/6.1.0","paying":null}
{"device_model":null,"user_creation_time":"2020-08-14 17:01:04.915000","user_id":"joncl_ms@msn.com","app":277124,"os_version":"84","city":"Sammamish","location_lng":null,"device_manufacturer":null,"device_id":"3G-ChWy1SqVvKPaKc6BrhM","location_lat":null,"group_properties":{},"client_upload_time":"2020-08-14 17:30:58.772000","event_time":"2020-08-14 17:30:58.652000","groups":{},"is_attribution_event":false,"event_type":"resource-download-failed","region":"Washington","country":"United States","user_properties":{"Username":"joncl_ms@msn.com"},"data":{},"idfa":null,"device_carrier":null,"adid":null,"platform":"Web","device_family":null,"client_event_time":"2020-08-14 17:30:58.652000","uuid":"d5d80b62-de55-11ea-a618-029774f75001","processed_time":"2020-08-14 17:44:42.991495","start_version":null,"$insert_id":"cc89522c-c750-4b8b-9a9f-0a40c6fd59ca","event_properties":{"service-name":"Downloadd-Video-Resources"},"amplitude_event_type":null,"device_type":null,"amplitude_id":184860887718,"sample_rate":null,"ip_address":"73.221.162.174","$schema":12,"server_received_time":"2020-08-14 17:30:57.471000","version_name":null,"dma":"Seattle-Tacoma, WA","device_brand":null,"event_id":31,"session_id":1597424293829,"language":"English","server_upload_time":"2020-08-14 17:30:57.498000","amplitude_attribution_ids":null,"os_name":"Chrome","library":"amplitude-js\/6.1.0","paying":null}
{"device_model":null,"user_creation_time":"2020-08-14 17:01:04.915000","user_id":"joncl_ms@msn.com","app":277124,"os_version":"84","city":"Sammamish","location_lng":null,"device_manufacturer":null,"device_id":"3G-ChWy1SqVvKPaKc6BrhM","location_lat":null,"group_properties":{},"client_upload_time":"2020-08-14 17:31:03.849000","event_time":"2020-08-14 17:31:03.848000","groups":{},"is_attribution_event":false,"event_type":"preview-closed","region":"Washington","country":"United States","user_properties":{"Username":"joncl_ms@msn.com"},"data":{},"idfa":null,"device_carrier":null,"adid":null,"platform":"Web","device_family":null,"client_event_time":"2020-08-14 17:31:03.848000","uuid":"d839998e-de55-11ea-a618-029774f75001","processed_time":"2020-08-14 17:44:47.000759","start_version":null,"$insert_id":"687b4eff-9aaa-45bd-b004-9a4e89cc5031","event_properties":{"closed-time":"0:06","total-time":"1:15","project-id":452990407},"amplitude_event_type":null,"device_type":null,"amplitude_id":184860887718,"sample_rate":null,"ip_address":"73.221.162.174","$schema":12,"server_received_time":"2020-08-14 17:31:02.547000","version_name":null,"dma":"Seattle-Tacoma, WA","device_brand":null,"event_id":32,"session_id":1597424293829,"language":"English","server_upload_time":"2020-08-14 17:31:02.551000","amplitude_attribution_ids":null,"os_name":"Chrome","library":"amplitude-js\/6.1.0","paying":null}
{"device_model":null,"user_creation_time":"2020-08-14 17:01:04.915000","user_id":"joncl_ms@msn.com","app":277124,"os_version":"84","city":"Sammamish","location_lng":null,"device_manufacturer":null,"device_id":"3G-ChWy1SqVvKPaKc6BrhM","location_lat":null,"group_properties":{},"client_upload_time":"2020-08-14 17:31:09.385000","event_time":"2020-08-14 17:31:09.385000","groups":{},"is_attribution_event":false,"event_type":"voice-selected","region":"Washington","country":"United States","user_properties":{"Username":"joncl_ms@msn.com"},"data":{},"idfa":null,"device_carrier":null,"adid":null,"platform":"Web","device_family":null,"client_event_time":"2020-08-14 17:31:09.385000","uuid":"da66f1d4-de55-11ea-a618-029774f75001","processed_time":"2020-08-14 17:44:50.609497","start_version":null,"$insert_id":"5cca17dd-c8dc-4dee-8785-d78299d32ae7","event_properties":{"name":"Matthew","country":"US English","project-id":452990407},"amplitude_event_type":null,"device_type":null,"amplitude_id":184860887718,"sample_rate":null,"ip_address":"73.221.162.174","$schema":12,"server_received_time":"2020-08-14 17:31:08.079000","version_name":null,"dma":"Seattle-Tacoma, WA","device_brand":null,"event_id":33,"session_id":1597424293829,"language":"English","server_upload_time":"2020-08-14 17:31:08.103000","amplitude_attribution_ids":null,"os_name":"Chrome","library":"amplitude-js\/6.1.0","paying":null}
{"device_model":null,"user_creation_time":"2020-08-14 17:01:04.915000","user_id":"joncl_ms@msn.com","app":277124,"os_version":"84","city":"Sammamish","location_lng":null,"device_manufacturer":null,"device_id":"3G-ChWy1SqVvKPaKc6BrhM","location_lat":null,"group_properties":{},"client_upload_time":"2020-08-14 17:31:10.086000","event_time":"2020-08-14 17:31:10.085000","groups":{},"is_attribution_event":false,"event_type":"video-saved","region":"Washington","country":"United States","user_properties":{"Username":"joncl_ms@msn.com"},"data":{},"idfa":null,"device_carrier":null,"adid":null,"platform":"Web","device_family":null,"client_event_time":"2020-08-14 17:31:10.085000","uuid":"da66ff30-de55-11ea-a618-029774f75001","processed_time":"2020-08-14 17:44:50.612246","start_version":null,"$insert_id":"4d789fc3-6aa2-4e90-8806-2093fe9490ce","event_properties":{"save-type":"Saved Video","project-category":"The University of Washington Bothell School of Business is a dynamic passionate and ambitious community of students scholars business leaders and staff","project-id":452990407,"project-name":"The University of Wa"},"amplitude_event_type":null,"device_type":null,"amplitude_id":184860887718,"sample_rate":null,"ip_address":"73.221.162.174","$schema":12,"server_received_time":"2020-08-14 17:31:08.783000","version_name":null,"dma":"Seattle-Tacoma, WA","device_brand":null,"event_id":34,"session_id":1597424293829,"language":"English","server_upload_time":"2020-08-14 17:31:08.807000","amplitude_attribution_ids":null,"os_name":"Chrome","library":"amplitude-js\/6.1.0","paying":null}
{"device_model":null,"user_creation_time":"2020-08-14 17:01:04.915000","user_id":"joncl_ms@msn.com","app":277124,"os_version":"84","city":"Sammamish","location_lng":null,"device_manufacturer":null,"device_id":"3G-ChWy1SqVvKPaKc6BrhM","location_lat":null,"group_properties":{},"client_upload_time":"2020-08-14 17:31:11.669000","event_time":"2020-08-14 17:31:11.669000","groups":{},"is_attribution_event":false,"event_type":"preview-clicked","region":"Washington","country":"United States","user_properties":{"Username":"joncl_ms@msn.com"},"data":{},"idfa":null,"device_carrier":null,"adid":null,"platform":"Web","device_family":null,"client_event_time":"2020-08-14 17:31:11.669000","uuid":"db2bd292-de55-11ea-a618-029774f75001","processed_time":"2020-08-14 17:44:51.896176","start_version":null,"$insert_id":"cdfe548e-22f6-4f63-80b9-b721cc8388e4","event_properties":{"project-id":452990407},"amplitude_event_type":null,"device_type":null,"amplitude_id":184860887718,"sample_rate":null,"ip_address":"73.221.162.174","$schema":12,"server_received_time":"2020-08-14 17:31:10.363000","version_name":null,"dma":"Seattle-Tacoma, WA","device_brand":null,"event_id":35,"session_id":1597424293829,"language":"English","server_upload_time":"2020-08-14 17:31:10.391000","amplitude_attribution_ids":null,"os_name":"Chrome","library":"amplitude-js\/6.1.0","paying":null}
{"device_model":null,"user_creation_time":"2020-08-14 17:01:04.915000","user_id":"joncl_ms@msn.com","app":277124,"os_version":"84","city":"Sammamish","location_lng":null,"device_manufacturer":null,"device_id":"3G-ChWy1SqVvKPaKc6BrhM","location_lat":null,"group_properties":{},"client_upload_time":"2020-08-14 17:31:18.534000","event_time":"2020-08-14 17:31:18.534000","groups":{},"is_attribution_event":false,"event_type":"resource-download-failed","region":"Washington","country":"United States","user_properties":{"Username":"joncl_ms@msn.com"},"data":{},"idfa":null,"device_carrier":null,"adid":null,"platform":"Web","device_family":null,"client_event_time":"2020-08-14 17:31:18.534000","uuid":"dfd10ace-de55-11ea-a618-029774f75001","processed_time":"2020-08-14 17:44:59.699303","start_version":null,"$insert_id":"e93a3129-22f8-4111-a541-cd782393782c","event_properties":{"service-name":"Downloadd-Video-Resources"},"amplitude_event_type":null,"device_type":null,"amplitude_id":184860887718,"sample_rate":null,"ip_address":"73.221.162.174","$schema":12,"server_received_time":"2020-08-14 17:31:17.251000","version_name":null,"dma":"Seattle-Tacoma, WA","device_brand":null,"event_id":36,"session_id":1597424293829,"language":"English","server_upload_time":"2020-08-14 17:31:17.269000","amplitude_attribution_ids":null,"os_name":"Chrome","library":"amplitude-js\/6.1.0","paying":null}
{"device_model":null,"user_creation_time":"2020-08-14 17:01:04.915000","user_id":"joncl_ms@msn.com","app":277124,"os_version":"84","city":"Sammamish","location_lng":null,"device_manufacturer":null,"device_id":"3G-ChWy1SqVvKPaKc6BrhM","location_lat":null,"group_properties":{},"client_upload_time":"2020-08-14 17:31:18.626000","event_time":"2020-08-14 17:31:18.536000","groups":{},"is_attribution_event":false,"event_type":"resource-download-failed","region":"Washington","country":"United States","user_properties":{"Username":"joncl_ms@msn.com"},"data":{},"idfa":null,"device_carrier":null,"adid":null,"platform":"Web","device_family":null,"client_event_time":"2020-08-14 17:31:18.536000","uuid":"dfd116d6-de55-11ea-a618-029774f75001","processed_time":"2020-08-14 17:44:59.715109","start_version":null,"$insert_id":"c7b04edd-95b7-4717-9952-0409e38ea7d7","event_properties":{"service-name":"Downloadd-Video-Resources"},"amplitude_event_type":null,"device_type":null,"amplitude_id":184860887718,"sample_rate":null,"ip_address":"73.221.162.174","$schema":12,"server_received_time":"2020-08-14 17:31:17.325000","version_name":null,"dma":"Seattle-Tacoma, WA","device_brand":null,"event_id":37,"session_id":1597424293829,"language":"English","server_upload_time":"2020-08-14 17:31:17.334000","amplitude_attribution_ids":null,"os_name":"Chrome","library":"amplitude-js\/6.1.0","paying":null}
{"device_model":null,"user_creation_time":"2020-08-14 17:01:04.915000","user_id":"joncl_ms@msn.com","app":277124,"os_version":"84","city":"Sammamish","location_lng":null,"device_manufacturer":null,"device_id":"3G-ChWy1SqVvKPaKc6BrhM","location_lat":null,"group_properties":{},"client_upload_time":"2020-08-14 17:32:00.901000","event_time":"2020-08-14 17:32:00.901000","groups":{},"is_attribution_event":false,"event_type":"preview-closed","region":"Washington","country":"United States","user_properties":{"Username":"joncl_ms@msn.com"},"data":{},"idfa":null,"device_carrier":null,"adid":null,"platform":"Web","device_family":null,"client_event_time":"2020-08-14 17:32:00.901000","uuid":"f05ba8cc-de55-11ea-a618-029774f75001","processed_time":"2020-08-14 17:45:27.440140","start_version":null,"$insert_id":"4e5d0a10-35be-4a40-8688-79d45911ed5d","event_properties":{"closed-time":"0:43","total-time":"1:12","project-id":452990407},"amplitude_event_type":null,"device_type":null,"amplitude_id":184860887718,"sample_rate":null,"ip_address":"73.221.162.174","$schema":12,"server_received_time":"2020-08-14 17:31:59.604000","version_name":null,"dma":"Seattle-Tacoma, WA","device_brand":null,"event_id":38,"session_id":1597424293829,"language":"English","server_upload_time":"2020-08-14 17:31:59.618000","amplitude_attribution_ids":null,"os_name":"Chrome","library":"amplitude-js\/6.1.0","paying":null}
{"device_model":null,"user_creation_time":"2020-08-14 17:01:04.915000","user_id":"joncl_ms@msn.com","app":277124,"os_version":"84","city":"Sammamish","location_lng":null,"device_manufacturer":null,"device_id":"3G-ChWy1SqVvKPaKc6BrhM","location_lat":null,"group_properties":{},"client_upload_time":"2020-08-14 17:32:04.037000","event_time":"2020-08-14 17:32:04.037000","groups":{},"is_attribution_event":false,"event_type":"preview-clicked","region":"Washington","country":"United States","user_properties":{"Username":"joncl_ms@msn.com"},"data":{},"idfa":null,"device_carrier":null,"adid":null,"platform":"Web","device_family":null,"client_event_time":"2020-08-14 17:32:04.037000","uuid":"f105b4a2-de55-11ea-a618-029774f75001","processed_time":"2020-08-14 17:45:28.556741","start_version":null,"$insert_id":"1b7b542a-3506-4097-bcbd-47a4ee93dc48","event_properties":{"project-id":452990407},"amplitude_event_type":null,"device_type":null,"amplitude_id":184860887718,"sample_rate":null,"ip_address":"73.221.162.174","$schema":12,"server_received_time":"2020-08-14 17:32:02.729000","version_name":null,"dma":"Seattle-Tacoma, WA","device_brand":null,"event_id":39,"session_id":1597424293829,"language":"English","server_upload_time":"2020-08-14 17:32:02.748000","amplitude_attribution_ids":null,"os_name":"Chrome","library":"amplitude-js\/6.1.0","paying":null}
{"device_model":null,"user_creation_time":"2020-08-14 17:01:04.915000","user_id":"joncl_ms@msn.com","app":277124,"os_version":"84","city":"Sammamish","location_lng":null,"device_manufacturer":null,"device_id":"3G-ChWy1SqVvKPaKc6BrhM","location_lat":null,"group_properties":{},"client_upload_time":"2020-08-14 17:32:10.733000","event_time":"2020-08-14 17:32:10.733000","groups":{},"is_attribution_event":false,"event_type":"resource-download-failed","region":"Washington","country":"United States","user_properties":{"Username":"joncl_ms@msn.com"},"data":{},"idfa":null,"device_carrier":null,"adid":null,"platform":"Web","device_family":null,"client_event_time":"2020-08-14 17:32:10.733000","uuid":"f477f456-de55-11ea-a618-029774f75001","processed_time":"2020-08-14 17:45:34.339331","start_version":null,"$insert_id":"5792092b-a907-42f8-83be-b82ca217f1e1","event_properties":{"service-name":"Downloadd-Video-Resources"},"amplitude_event_type":null,"device_type":null,"amplitude_id":184860887718,"sample_rate":null,"ip_address":"73.221.162.174","$schema":12,"server_received_time":"2020-08-14 17:32:09.439000","version_name":null,"dma":"Seattle-Tacoma, WA","device_brand":null,"event_id":40,"session_id":1597424293829,"language":"English","server_upload_time":"2020-08-14 17:32:09.444000","amplitude_attribution_ids":null,"os_name":"Chrome","library":"amplitude-js\/6.1.0","paying":null}
{"device_model":null,"user_creation_time":"2020-08-14 17:01:04.915000","user_id":"joncl_ms@msn.com","app":277124,"os_version":"84","city":"Sammamish","location_lng":null,"device_manufacturer":null,"device_id":"3G-ChWy1SqVvKPaKc6BrhM","location_lat":null,"group_properties":{},"client_upload_time":"2020-08-14 17:32:10.817000","event_time":"2020-08-14 17:32:10.734000","groups":{},"is_attribution_event":false,"event_type":"resource-download-failed","region":"Washington","country":"United States","user_properties":{"Username":"joncl_ms@msn.com"},"data":{},"idfa":null,"device_carrier":null,"adid":null,"platform":"Web","device_family":null,"client_event_time":"2020-08-14 17:32:10.734000","uuid":"f47800c2-de55-11ea-a618-029774f75001","processed_time":"2020-08-14 17:45:34.342072","start_version":null,"$insert_id":"66fafcda-bef3-4ae4-8182-c7c45d156bae","event_properties":{"service-name":"Downloadd-Video-Resources"},"amplitude_event_type":null,"device_type":null,"amplitude_id":184860887718,"sample_rate":null,"ip_address":"73.221.162.174","$schema":12,"server_received_time":"2020-08-14 17:32:09.511000","version_name":null,"dma":"Seattle-Tacoma, WA","device_brand":null,"event_id":41,"session_id":1597424293829,"language":"English","server_upload_time":"2020-08-14 17:32:09.532000","amplitude_attribution_ids":null,"os_name":"Chrome","library":"amplitude-js\/6.1.0","paying":null}
{"device_model":null,"user_creation_time":"2020-08-14 17:01:04.915000","user_id":"joncl_ms@msn.com","app":277124,"os_version":"84","city":"Sammamish","location_lng":null,"device_manufacturer":null,"device_id":"3G-ChWy1SqVvKPaKc6BrhM","location_lat":null,"group_properties":{},"client_upload_time":"2020-08-14 17:32:16.325000","event_time":"2020-08-14 17:32:16.325000","groups":{},"is_attribution_event":false,"event_type":"preview-closed","region":"Washington","country":"United States","user_properties":{"Username":"joncl_ms@msn.com"},"data":{},"idfa":null,"device_carrier":null,"adid":null,"platform":"Web","device_family":null,"client_event_time":"2020-08-14 17:32:16.325000","uuid":"f700722a-de55-11ea-a618-029774f75001","processed_time":"2020-08-14 17:45:38.588386","start_version":null,"$insert_id":"c4705d52-a6f8-4078-afd5-ef98c04e8c4f","event_properties":{"closed-time":"0:06","total-time":"1:12","project-id":452990407},"amplitude_event_type":null,"device_type":null,"amplitude_id":184860887718,"sample_rate":null,"ip_address":"73.221.162.174","$schema":12,"server_received_time":"2020-08-14 17:32:15.016000","version_name":null,"dma":"Seattle-Tacoma, WA","device_brand":null,"event_id":42,"session_id":1597424293829,"language":"English","server_upload_time":"2020-08-14 17:32:15.039000","amplitude_attribution_ids":null,"os_name":"Chrome","library":"amplitude-js\/6.1.0","paying":null}
{"device_model":null,"user_creation_time":"2020-08-14 17:01:04.915000","user_id":"joncl_ms@msn.com","app":277124,"os_version":"84","city":"Sammamish","location_lng":null,"device_manufacturer":null,"device_id":"3G-ChWy1SqVvKPaKc6BrhM","location_lat":null,"group_properties":{},"client_upload_time":"2020-08-14 17:32:19.407000","event_time":"2020-08-14 17:32:19.406000","groups":{},"is_attribution_event":false,"event_type":"recent-clicked","region":"Washington","country":"United States","user_properties":{"Username":"joncl_ms@msn.com"},"data":{},"idfa":null,"device_carrier":null,"adid":null,"platform":"Web","device_family":null,"client_event_time":"2020-08-14 17:32:19.406000","uuid":"f8017a8e-de55-11ea-a618-029774f75001","processed_time":"2020-08-14 17:45:40.294776","start_version":null,"$insert_id":"974fdf0e-4c3c-4d6b-a4e8-351cab40df71","event_properties":{"source":"Audio","project-id":452990407},"amplitude_event_type":null,"device_type":null,"amplitude_id":184860887718,"sample_rate":null,"ip_address":"73.221.162.174","$schema":12,"server_received_time":"2020-08-14 17:32:18.102000","version_name":null,"dma":"Seattle-Tacoma, WA","device_brand":null,"event_id":43,"session_id":1597424293829,"language":"English","server_upload_time":"2020-08-14 17:32:18.107000","amplitude_attribution_ids":null,"os_name":"Chrome","library":"amplitude-js\/6.1.0","paying":null}
{"device_model":null,"user_creation_time":"2020-08-14 17:01:04.915000","user_id":"joncl_ms@msn.com","app":277124,"os_version":"84","city":"Sammamish","location_lng":null,"device_manufacturer":null,"device_id":"3G-ChWy1SqVvKPaKc6BrhM","location_lat":null,"group_properties":{},"client_upload_time":"2020-08-14 17:32:25.995000","event_time":"2020-08-14 17:32:25.994000","groups":{},"is_attribution_event":false,"event_type":"voice-over-clicked","region":"Washington","country":"United States","user_properties":{"Username":"joncl_ms@msn.com"},"data":{},"idfa":null,"device_carrier":null,"adid":null,"platform":"Web","device_family":null,"client_event_time":"2020-08-14 17:32:25.994000","uuid":"fa6eb322-de55-11ea-a618-029774f75001","processed_time":"2020-08-14 17:45:44.352369","start_version":null,"$insert_id":"76ed499e-6c91-4399-b608-a9b71fcb12fc","event_properties":{"project-id":452990407},"amplitude_event_type":null,"device_type":null,"amplitude_id":184860887718,"sample_rate":null,"ip_address":"73.221.162.174","$schema":12,"server_received_time":"2020-08-14 17:32:24.692000","version_name":null,"dma":"Seattle-Tacoma, WA","device_brand":null,"event_id":44,"session_id":1597424293829,"language":"English","server_upload_time":"2020-08-14 17:32:24.700000","amplitude_attribution_ids":null,"os_name":"Chrome","library":"amplitude-js\/6.1.0","paying":null}
{"device_model":null,"user_creation_time":"2020-08-14 17:01:04.915000","user_id":"joncl_ms@msn.com","app":277124,"os_version":"84","city":"Sammamish","location_lng":null,"device_manufacturer":null,"device_id":"3G-ChWy1SqVvKPaKc6BrhM","location_lat":null,"group_properties":{},"client_upload_time":"2020-08-14 17:32:27.108000","event_time":"2020-08-14 17:32:27.108000","groups":{},"is_attribution_event":false,"event_type":"voice-sample-played","region":"Washington","country":"United States","user_properties":{"Username":"joncl_ms@msn.com"},"data":{},"idfa":null,"device_carrier":null,"adid":null,"platform":"Web","device_family":null,"client_event_time":"2020-08-14 17:32:27.108000","uuid":"fb0c5c08-de55-11ea-a618-029774f75001","processed_time":"2020-08-14 17:45:45.376555","start_version":null,"$insert_id":"e88d5907-14ad-499e-862e-21e928d7b23b","event_properties":{"name":"Matthew","country":"US English","project-id":452990407},"amplitude_event_type":null,"device_type":null,"amplitude_id":184860887718,"sample_rate":null,"ip_address":"73.221.162.174","$schema":12,"server_received_time":"2020-08-14 17:32:25.798000","version_name":null,"dma":"Seattle-Tacoma, WA","device_brand":null,"event_id":45,"session_id":1597424293829,"language":"English","server_upload_time":"2020-08-14 17:32:25.808000","amplitude_attribution_ids":null,"os_name":"Chrome","library":"amplitude-js\/6.1.0","paying":null}
{"device_model":null,"user_creation_time":"2020-08-14 17:01:04.915000","user_id":"joncl_ms@msn.com","app":277124,"os_version":"84","city":"Sammamish","location_lng":null,"device_manufacturer":null,"device_id":"3G-ChWy1SqVvKPaKc6BrhM","location_lat":null,"group_properties":{},"client_upload_time":"2020-08-14 17:32:33.526000","event_time":"2020-08-14 17:32:33.526000","groups":{},"is_attribution_event":false,"event_type":"preview-clicked","region":"Washington","country":"United States","user_properties":{"Username":"joncl_ms@msn.com"},"data":{},"idfa":null,"device_carrier":null,"adid":null,"platform":"Web","device_family":null,"client_event_time":"2020-08-14 17:32:33.526000","uuid":"fd20482e-de55-11ea-a618-029774f75001","processed_time":"2020-08-14 17:45:48.861271","start_version":null,"$insert_id":"6334ee39-bee2-4330-b143-9699139be125","event_properties":{"project-id":452990407},"amplitude_event_type":null,"device_type":null,"amplitude_id":184860887718,"sample_rate":null,"ip_address":"73.221.162.174","$schema":12,"server_received_time":"2020-08-14 17:32:32.222000","version_name":null,"dma":"Seattle-Tacoma, WA","device_brand":null,"event_id":46,"session_id":1597424293829,"language":"English","server_upload_time":"2020-08-14 17:32:32.238000","amplitude_attribution_ids":null,"os_name":"Chrome","library":"amplitude-js\/6.1.0","paying":null}
{"device_model":null,"user_creation_time":"2020-08-14 17:01:04.915000","user_id":"joncl_ms@msn.com","app":277124,"os_version":"84","city":"Sammamish","location_lng":null,"device_manufacturer":null,"device_id":"3G-ChWy1SqVvKPaKc6BrhM","location_lat":null,"group_properties":{},"client_upload_time":"2020-08-14 17:32:40.191000","event_time":"2020-08-14 17:32:40.191000","groups":{},"is_attribution_event":false,"event_type":"resource-download-failed","region":"Washington","country":"United States","user_properties":{"Username":"joncl_ms@msn.com"},"data":{},"idfa":null,"device_carrier":null,"adid":null,"platform":"Web","device_family":null,"client_event_time":"2020-08-14 17:32:40.191000","uuid":"03f47ce2-de56-11ea-a618-029774f75001","processed_time":"2020-08-14 17:46:00.325709","start_version":null,"$insert_id":"7cf223d8-045d-44f6-9999-cd886267ec1b","event_properties":{"service-name":"Downloadd-Video-Resources"},"amplitude_event_type":null,"device_type":null,"amplitude_id":184860887718,"sample_rate":null,"ip_address":"73.221.162.174","$schema":12,"server_received_time":"2020-08-14 17:32:38.895000","version_name":null,"dma":"Seattle-Tacoma, WA","device_brand":null,"event_id":47,"session_id":1597424293829,"language":"English","server_upload_time":"2020-08-14 17:32:38.905000","amplitude_attribution_ids":null,"os_name":"Chrome","library":"amplitude-js\/6.1.0","paying":null}
{"device_model":null,"user_creation_time":"2020-08-14 17:01:04.915000","user_id":"joncl_ms@msn.com","app":277124,"os_version":"84","city":"Sammamish","location_lng":null,"device_manufacturer":null,"device_id":"3G-ChWy1SqVvKPaKc6BrhM","location_lat":null,"group_properties":{},"client_upload_time":"2020-08-14 17:32:40.282000","event_time":"2020-08-14 17:32:40.194000","groups":{},"is_attribution_event":false,"event_type":"resource-download-failed","region":"Washington","country":"United States","user_properties":{"Username":"joncl_ms@msn.com"},"data":{},"idfa":null,"device_carrier":null,"adid":null,"platform":"Web","device_family":null,"client_event_time":"2020-08-14 17:32:40.194000","uuid":"03f48778-de56-11ea-a618-029774f75001","processed_time":"2020-08-14 17:46:00.340643","start_version":null,"$insert_id":"926ffa44-e9ee-4037-92a7-f72220f23766","event_properties":{"service-name":"Downloadd-Video-Resources"},"amplitude_event_type":null,"device_type":null,"amplitude_id":184860887718,"sample_rate":null,"ip_address":"73.221.162.174","$schema":12,"server_received_time":"2020-08-14 17:32:38.978000","version_name":null,"dma":"Seattle-Tacoma, WA","device_brand":null,"event_id":48,"session_id":1597424293829,"language":"English","server_upload_time":"2020-08-14 17:32:39.005000","amplitude_attribution_ids":null,"os_name":"Chrome","library":"amplitude-js\/6.1.0","paying":null}
{"device_model":null,"user_creation_time":"2020-08-14 17:01:04.915000","user_id":"joncl_ms@msn.com","app":277124,"os_version":"84","city":"Sammamish","location_lng":null,"device_manufacturer":null,"device_id":"3G-ChWy1SqVvKPaKc6BrhM","location_lat":null,"group_properties":{},"client_upload_time":"2020-08-14 17:32:43.373000","event_time":"2020-08-14 17:32:43.373000","groups":{},"is_attribution_event":false,"event_type":"preview-closed","region":"Washington","country":"United States","user_properties":{"Username":"joncl_ms@msn.com"},"data":{},"idfa":null,"device_carrier":null,"adid":null,"platform":"Web","device_family":null,"client_event_time":"2020-08-14 17:32:43.373000","uuid":"07472ad4-de56-11ea-a618-029774f75001","processed_time":"2020-08-14 17:46:05.898795","start_version":null,"$insert_id":"ac95a0b6-4070-48a4-a980-9e0d6c42ce28","event_properties":{"closed-time":"0:04","total-time":"1:12","project-id":452990407},"amplitude_event_type":null,"device_type":null,"amplitude_id":184860887718,"sample_rate":null,"ip_address":"73.221.162.174","$schema":12,"server_received_time":"2020-08-14 17:32:42.069000","version_name":null,"dma":"Seattle-Tacoma, WA","device_brand":null,"event_id":49,"session_id":1597424293829,"language":"English","server_upload_time":"2020-08-14 17:32:42.088000","amplitude_attribution_ids":null,"os_name":"Chrome","library":"amplitude-js\/6.1.0","paying":null}
{"device_model":null,"user_creation_time":"2020-08-14 17:01:04.915000","user_id":"joncl_ms@msn.com","app":277124,"os_version":"84","city":"Sammamish","location_lng":null,"device_manufacturer":null,"device_id":"3G-ChWy1SqVvKPaKc6BrhM","location_lat":null,"group_properties":{},"client_upload_time":"2020-08-14 17:39:57.419000","event_time":"2020-08-14 17:39:57.418000","groups":{},"is_attribution_event":false,"event_type":"video-saved","region":"Washington","country":"United States","user_properties":{"Username":"joncl_ms@msn.com"},"data":{},"idfa":null,"device_carrier":null,"adid":null,"platform":"Web","device_family":null,"client_event_time":"2020-08-14 17:39:57.418000","uuid":"b04bf952-de56-11ea-a618-029774f75001","processed_time":"2020-08-14 17:50:49.480714","start_version":null,"$insert_id":"401be240-c98b-4178-85a3-e52b322f4159","event_properties":{"save-type":"Saved Video","project-category":"The University of Washington Bothell School of Business is a dynamic passionate and ambitious community of students scholars business leaders and staff","project-id":452990407,"project-name":"The University of Wa"},"amplitude_event_type":null,"device_type":null,"amplitude_id":184860887718,"sample_rate":null,"ip_address":"73.221.162.174","$schema":12,"server_received_time":"2020-08-14 17:39:56.178000","version_name":null,"dma":"Seattle-Tacoma, WA","device_brand":null,"event_id":50,"session_id":1597424293829,"language":"English","server_upload_time":"2020-08-14 17:39:56.200000","amplitude_attribution_ids":null,"os_name":"Chrome","library":"amplitude-js\/6.1.0","paying":null}
{"device_model":null,"user_creation_time":"2020-08-14 17:01:04.915000","user_id":"joncl_ms@msn.com","app":277124,"os_version":"84","city":"Sammamish","location_lng":null,"device_manufacturer":null,"device_id":"3G-ChWy1SqVvKPaKc6BrhM","location_lat":null,"group_properties":{},"client_upload_time":"2020-08-14 17:40:06.509000","event_time":"2020-08-14 17:40:06.509000","groups":{},"is_attribution_event":false,"event_type":"generate-clicked","region":"Washington","country":"United States","user_properties":{"Username":"joncl_ms@msn.com"},"data":{},"idfa":null,"device_carrier":null,"adid":null,"platform":"Web","device_family":null,"client_event_time":"2020-08-14 17:40:06.509000","uuid":"b3bd0b44-de56-11ea-a618-029774f75001","processed_time":"2020-08-14 17:50:55.241190","start_version":null,"$insert_id":"a5659f00-0891-465f-a29c-959eb5684d86","event_properties":{"total-video-time-in-minutes":"1.10","total-videos":7,"track-name":"All We Know","total-time-to-generate-in-seconds":846,"total-sub-scenes":4,"total-scenes-with-original-image":9,"voice-track-name":"Matthew, male","project-id":452990407,"total-time-to-generate-in-minutes":"14.10","total-images":3,"total-video-time-in-seconds":66.105,"total-scenes":10},"amplitude_event_type":null,"device_type":null,"amplitude_id":184860887718,"sample_rate":null,"ip_address":"73.221.162.174","$schema":12,"server_received_time":"2020-08-14 17:40:05.204000","version_name":null,"dma":"Seattle-Tacoma, WA","device_brand":null,"event_id":51,"session_id":1597424293829,"language":"English","server_upload_time":"2020-08-14 17:40:05.215000","amplitude_attribution_ids":null,"os_name":"Chrome","library":"amplitude-js\/6.1.0","paying":null}
{"device_model":null,"user_creation_time":"2020-08-14 17:01:04.915000","user_id":"joncl_ms@msn.com","app":277124,"os_version":"84","city":"Sammamish","location_lng":null,"device_manufacturer":null,"device_id":"3G-ChWy1SqVvKPaKc6BrhM","location_lat":null,"group_properties":{},"client_upload_time":"2020-08-14 17:42:14.144000","event_time":"2020-08-14 17:42:14.142000","groups":{},"is_attribution_event":false,"event_type":"video-generated","region":"Washington","country":"United States","user_properties":{"Username":"joncl_ms@msn.com"},"data":{},"idfa":null,"device_carrier":null,"adid":null,"platform":"Web","device_family":null,"client_event_time":"2020-08-14 17:42:14.142000","uuid":"eaa6c05a-de56-11ea-a618-029774f75001","processed_time":"2020-08-14 17:52:27.404024","start_version":null,"$insert_id":"0ec7ea0d-345b-4b66-a6d4-05d5b2935763","event_properties":{"time-taken-in-minutes":"2.23","time-taken-in-seconds":134,"project-id":452990407},"amplitude_event_type":null,"device_type":null,"amplitude_id":184860887718,"sample_rate":null,"ip_address":"73.221.162.174","$schema":12,"server_received_time":"2020-08-14 17:42:12.901000","version_name":null,"dma":"Seattle-Tacoma, WA","device_brand":null,"event_id":52,"session_id":1597424293829,"language":"English","server_upload_time":"2020-08-14 17:42:12.910000","amplitude_attribution_ids":null,"os_name":"Chrome","library":"amplitude-js\/6.1.0","paying":null}
{"device_model":null,"user_creation_time":"2020-08-14 17:01:04.915000","user_id":"joncl_ms@msn.com","app":277124,"os_version":"84","city":"Sammamish","location_lng":null,"device_manufacturer":null,"device_id":"3G-ChWy1SqVvKPaKc6BrhM","location_lat":null,"group_properties":{},"client_upload_time":"2020-08-14 17:42:15.181000","event_time":"2020-08-14 17:42:15.181000","groups":{},"is_attribution_event":false,"event_type":"video-saved","region":"Washington","country":"United States","user_properties":{"Username":"joncl_ms@msn.com"},"data":{},"idfa":null,"device_carrier":null,"adid":null,"platform":"Web","device_family":null,"client_event_time":"2020-08-14 17:42:15.181000","uuid":"eaa6cd84-de56-11ea-a618-029774f75001","processed_time":"2020-08-14 17:52:27.417901","start_version":null,"$insert_id":"9cdb5b8d-866e-4faf-a8aa-14acd7750261","event_properties":{"save-type":"Saved Video","project-category":"The University of Washington Bothell School of Business is a dynamic passionate and ambitious community of students scholars business leaders and staff","project-id":452990407,"project-name":"The University of Wa"},"amplitude_event_type":null,"device_type":null,"amplitude_id":184860887718,"sample_rate":null,"ip_address":"73.221.162.174","$schema":12,"server_received_time":"2020-08-14 17:42:13.878000","version_name":null,"dma":"Seattle-Tacoma, WA","device_brand":null,"event_id":53,"session_id":1597424293829,"language":"English","server_upload_time":"2020-08-14 17:42:13.887000","amplitude_attribution_ids":null,"os_name":"Chrome","library":"amplitude-js\/6.1.0","paying":null}
{"device_model":null,"user_creation_time":"2020-08-14 17:01:04.915000","user_id":"joncl_ms@msn.com","app":277124,"os_version":"84","city":"Sammamish","location_lng":null,"device_manufacturer":null,"device_id":"3G-ChWy1SqVvKPaKc6BrhM","location_lat":null,"group_properties":{},"client_upload_time":"2020-08-14 17:42:55.983000","event_time":"2020-08-14 17:42:55.983000","groups":{},"is_attribution_event":false,"event_type":"video-saved","region":"Washington","country":"United States","user_properties":{"Username":"joncl_ms@msn.com"},"data":{},"idfa":null,"device_carrier":null,"adid":null,"platform":"Web","device_family":null,"client_event_time":"2020-08-14 17:42:55.983000","uuid":"fc9e1d80-de56-11ea-a618-029774f75001","processed_time":"2020-08-14 17:52:57.507354","start_version":null,"$insert_id":"b74c311c-388a-466e-819d-9da567e1d64c","event_properties":{"save-type":"Saved Video","project-category":"The University of Washington Bothell School of Business is a dynamic passionate and ambitious community of students scholars business leaders and staff","project-id":452990407,"project-name":"The University of Wa"},"amplitude_event_type":null,"device_type":null,"amplitude_id":184860887718,"sample_rate":null,"ip_address":"73.221.162.174","$schema":12,"server_received_time":"2020-08-14 17:42:54.678000","version_name":null,"dma":"Seattle-Tacoma, WA","device_brand":null,"event_id":54,"session_id":1597424293829,"language":"English","server_upload_time":"2020-08-14 17:42:54.691000","amplitude_attribution_ids":null,"os_name":"Chrome","library":"amplitude-js\/6.1.0","paying":null}
{"device_model":null,"user_creation_time":"2020-08-14 17:01:04.915000","user_id":"joncl_ms@msn.com","app":277124,"os_version":"84","city":"Sammamish","location_lng":null,"device_manufacturer":null,"device_id":"3G-ChWy1SqVvKPaKc6BrhM","location_lat":null,"group_properties":{},"client_upload_time":"2020-08-14 17:42:59.633000","event_time":"2020-08-14 17:42:59.633000","groups":{},"is_attribution_event":false,"event_type":"video-downloaded","region":"Washington","country":"United States","user_properties":{"Username":"joncl_ms@msn.com"},"data":{},"idfa":null,"device_carrier":null,"adid":null,"platform":"Web","device_family":null,"client_event_time":"2020-08-14 17:42:59.633000","uuid":"fdd6ddea-de56-11ea-a618-029774f75001","processed_time":"2020-08-14 17:52:59.560017","start_version":null,"$insert_id":"acad54bf-6a37-4aa8-9e8a-08b72eee7e45","event_properties":{"video-link":"https:\/\/video.pictory.ai\/2nc","video-name":"The University of Washington Bothell School of Business is a dynamic, passionate and ambitious community of students, scholars, business leaders and staff..mp4","project-id":452990407},"amplitude_event_type":null,"device_type":null,"amplitude_id":184860887718,"sample_rate":null,"ip_address":"73.221.162.174","$schema":12,"server_received_time":"2020-08-14 17:42:58.322000","version_name":null,"dma":"Seattle-Tacoma, WA","device_brand":null,"event_id":55,"session_id":1597424293829,"language":"English","server_upload_time":"2020-08-14 17:42:58.346000","amplitude_attribution_ids":null,"os_name":"Chrome","library":"amplitude-js\/6.1.0","paying":null}
