{"device_manufacturer":null,"idfa":null,"user_id":null,"groups":{},"is_attribution_event":false,"amplitude_attribution_ids":null,"os_version":"13","city":"San Antonio","$insert_id":"11ac3353-1661-4fa7-8f3d-63e912da07e2","amplitude_event_type":null,"device_id":"S7vNGxSXnNfFtwRtwGHEH0","processed_time":"2020-08-03 20:17:13.061412","event_type":"user-signup","os_name":"Safari","session_id":1596485802040,"server_received_time":"2020-08-03 20:17:11.057000","adid":null,"location_lat":null,"sample_rate":null,"user_creation_time":"2020-08-03 20:17:11.016000","platform":"Web","event_time":"2020-08-03 20:17:11.016000","device_family":null,"app":277124,"user_properties":{},"start_version":null,"amplitude_id":182346909611,"group_properties":{},"dma":"San Antonio, TX","event_id":1,"language":"English","library":"amplitude-js\/6.1.0","device_model":null,"data":{"first_event":true},"server_upload_time":"2020-08-03 20:17:11.061000","$schema":12,"event_properties":{"provider":"pictory"},"device_brand":null,"client_upload_time":"2020-08-03 20:17:11.018000","region":"Texas","device_carrier":null,"country":"United States","client_event_time":"2020-08-03 20:17:11.016000","uuid":"511394ba-d5c6-11ea-b541-060bda065779","paying":null,"ip_address":"75.102.133.68","version_name":null,"location_lng":null,"device_type":null}
{"device_manufacturer":null,"idfa":null,"user_id":"jtapiafisher27@gmail.com","groups":{},"is_attribution_event":false,"amplitude_attribution_ids":null,"os_version":"13","city":"San Antonio","$insert_id":"2d5ce609-fad7-4d67-af7a-314ecc2ffcc6","amplitude_event_type":null,"device_id":"S7vNGxSXnNfFtwRtwGHEH0","processed_time":"2020-08-03 20:17:32.267087","event_type":"user-login","os_name":"Safari","session_id":1596485802040,"server_received_time":"2020-08-03 20:17:31.338000","adid":null,"location_lat":null,"sample_rate":null,"user_creation_time":"2020-08-03 20:17:11.016000","platform":"Web","event_time":"2020-08-03 20:17:31.178000","device_family":null,"app":277124,"user_properties":{"Username":"jtapiafisher27@gmail.com"},"start_version":null,"amplitude_id":182346909611,"group_properties":{},"dma":"San Antonio, TX","event_id":2,"language":"English","library":"amplitude-js\/6.1.0","device_model":null,"data":{},"server_upload_time":"2020-08-03 20:17:31.356000","$schema":12,"event_properties":{"login-via":"Pictory"},"device_brand":null,"client_upload_time":"2020-08-03 20:17:31.300000","region":"Texas","device_carrier":null,"country":"United States","client_event_time":"2020-08-03 20:17:31.178000","uuid":"5c9c957a-d5c6-11ea-b541-060bda065779","paying":null,"ip_address":"75.102.133.68","version_name":null,"location_lng":null,"device_type":null}
{"$schema":12,"dma":null,"device_family":null,"groups":{},"user_properties":{"Username":"yateen4ever@gmail.com"},"library":"amplitude-js\/6.1.0","session_id":1596572941349,"amplitude_id":182153495926,"server_upload_time":"2020-08-03 20:27:37.265000","platform":"Web","device_model":null,"amplitude_event_type":null,"location_lng":null,"start_version":null,"device_id":"mdECIbfMKsvcPsAbbh9fBQ","device_carrier":null,"app":277124,"user_creation_time":"2020-08-02 23:13:52.068000","idfa":null,"device_manufacturer":null,"paying":null,"device_brand":null,"uuid":"cba7e928-d5c7-11ea-a2a3-0619c0101558","amplitude_attribution_ids":null,"client_event_time":"2020-08-04 20:29:07.416000","event_id":13,"group_properties":{},"version_name":null,"region":"Mecca Region","event_time":"2020-08-03 20:28:37.251000","os_version":"84","location_lat":null,"ip_address":"212.62.104.55","server_received_time":"2020-08-03 20:27:37.253000","device_type":null,"city":"Jeddah","event_type":"failed-service","os_name":"Chrome","client_upload_time":"2020-08-04 20:29:07.418000","event_properties":{"service-name":"get-all-project"},"is_attribution_event":false,"sample_rate":null,"user_id":"yateen4ever@gmail.com","language":"English","adid":null,"data":{},"$insert_id":"870e4f3e-23dd-4a19-accf-3eeec17e1153","processed_time":"2020-08-03 20:27:48.038535","country":"Saudi Arabia"}
{"$schema":12,"dma":null,"device_family":null,"groups":{},"user_properties":{"Username":"yateen4ever@gmail.com"},"library":"amplitude-js\/6.1.0","session_id":1596572941349,"amplitude_id":182153495926,"server_upload_time":"2020-08-03 20:27:49.809000","platform":"Web","device_model":null,"amplitude_event_type":null,"location_lng":null,"start_version":null,"device_id":"mdECIbfMKsvcPsAbbh9fBQ","device_carrier":null,"app":277124,"user_creation_time":"2020-08-02 23:13:52.068000","idfa":null,"device_manufacturer":null,"paying":null,"device_brand":null,"uuid":"d10cb6c8-d5c7-11ea-a2a3-0619c0101558","amplitude_attribution_ids":null,"client_event_time":"2020-08-04 20:29:19.943000","event_id":14,"group_properties":{},"version_name":null,"region":"Mecca Region","event_time":"2020-08-03 20:28:49.779000","os_version":"84","location_lat":null,"ip_address":"212.62.104.55","server_received_time":"2020-08-03 20:27:49.780000","device_type":null,"city":"Jeddah","event_type":"searched-video","os_name":"Chrome","client_upload_time":"2020-08-04 20:29:19.944000","event_properties":{"searched-term":"tameem"},"is_attribution_event":false,"sample_rate":null,"user_id":"yateen4ever@gmail.com","language":"English","adid":null,"data":{},"$insert_id":"6071aa62-07c7-4f05-9b75-4217f95df2bc","processed_time":"2020-08-03 20:27:57.113869","country":"Saudi Arabia"}
{"$schema":12,"dma":null,"device_family":null,"groups":{},"user_properties":{"Username":"yateen4ever@gmail.com"},"library":"amplitude-js\/6.1.0","session_id":1596572941349,"amplitude_id":182153495926,"server_upload_time":"2020-08-03 20:28:02.978000","platform":"Web","device_model":null,"amplitude_event_type":null,"location_lng":null,"start_version":null,"device_id":"mdECIbfMKsvcPsAbbh9fBQ","device_carrier":null,"app":277124,"user_creation_time":"2020-08-02 23:13:52.068000","idfa":null,"device_manufacturer":null,"paying":null,"device_brand":null,"uuid":"d69f3624-d5c7-11ea-a2a3-0619c0101558","amplitude_attribution_ids":null,"client_event_time":"2020-08-04 20:29:33.126000","event_id":15,"group_properties":{},"version_name":null,"region":"Mecca Region","event_time":"2020-08-03 20:29:02.963000","os_version":"84","location_lat":null,"ip_address":"212.62.104.55","server_received_time":"2020-08-03 20:28:02.964000","device_type":null,"city":"Jeddah","event_type":"failed-service","os_name":"Chrome","client_upload_time":"2020-08-04 20:29:33.127000","event_properties":{"service-name":"get-brand-settings"},"is_attribution_event":false,"sample_rate":null,"user_id":"yateen4ever@gmail.com","language":"English","adid":null,"data":{},"$insert_id":"d5e4c98a-258e-4ff4-9deb-1a78286a4300","processed_time":"2020-08-03 20:28:06.431044","country":"Saudi Arabia"}
{"language":"English","version_name":null,"event_properties":{},"platform":"Web","amplitude_event_type":null,"device_family":null,"event_time":"2020-08-03 20:28:05.729000","location_lat":null,"user_creation_time":"2020-08-03 19:11:39.607000","user_id":"pictory1@yopmail.com","client_upload_time":"2020-08-03 20:28:05.730000","location_lng":null,"paying":null,"user_properties":{"Username":"pictory1@yopmail.com"},"device_model":null,"region":"Washington","country":"United States","group_properties":{},"app":277124,"event_type":"subscription-page-visited","idfa":null,"city":"Seattle","client_event_time":"2020-08-03 20:28:05.729000","session_id":1596486485729,"start_version":null,"ip_address":"73.239.8.13","amplitude_id":182334111025,"is_attribution_event":false,"device_id":"GicABer-1qEjzL4p0t-8Jj","amplitude_attribution_ids":null,"device_type":null,"sample_rate":null,"os_version":"84","processed_time":"2020-08-03 20:28:10.270618","dma":"Seattle-Tacoma, WA","device_manufacturer":null,"uuid":"d8df4fd2-d5c7-11ea-9fdf-0a6e01f51c4f","event_id":924,"$insert_id":"c74ff373-23db-405f-b5f1-2f0b9e8543d1","groups":{},"$schema":12,"adid":null,"data":{},"server_received_time":"2020-08-03 20:28:05.744000","os_name":"Chrome","device_carrier":null,"device_brand":null,"server_upload_time":"2020-08-03 20:28:05.760000","library":"amplitude-js\/6.1.0"}
{"$schema":12,"dma":null,"device_family":null,"groups":{},"user_properties":{"Username":"yateen4ever@gmail.com"},"library":"amplitude-js\/6.1.0","session_id":1596572941349,"amplitude_id":182153495926,"server_upload_time":"2020-08-03 20:28:09.858000","platform":"Web","device_model":null,"amplitude_event_type":null,"location_lng":null,"start_version":null,"device_id":"mdECIbfMKsvcPsAbbh9fBQ","device_carrier":null,"app":277124,"user_creation_time":"2020-08-02 23:13:52.068000","idfa":null,"device_manufacturer":null,"paying":null,"device_brand":null,"uuid":"de3ce066-d5c7-11ea-a2a3-0619c0101558","amplitude_attribution_ids":null,"client_event_time":"2020-08-04 20:29:39.974000","event_id":16,"group_properties":{},"version_name":null,"region":"Mecca Region","event_time":"2020-08-03 20:29:09.833000","os_version":"84","location_lat":null,"ip_address":"212.62.104.55","server_received_time":"2020-08-03 20:28:09.835000","device_type":null,"city":"Jeddah","event_type":"subscription-page-visited","os_name":"Chrome","client_upload_time":"2020-08-04 20:29:39.976000","event_properties":{},"is_attribution_event":false,"sample_rate":null,"user_id":"yateen4ever@gmail.com","language":"English","adid":null,"data":{},"$insert_id":"4e63032f-1964-4cd8-80fa-bb2b299d1b6a","processed_time":"2020-08-03 20:28:19.207892","country":"Saudi Arabia"}
{"language":"English","version_name":null,"event_properties":{"script":"<p>SpaceX got astronomers back from space!<\/p>"},"platform":"Web","amplitude_event_type":null,"device_family":null,"event_time":"2020-08-03 20:28:48.222000","location_lat":null,"user_creation_time":"2020-08-03 19:11:39.607000","user_id":"pictory1@yopmail.com","client_upload_time":"2020-08-03 20:28:48.224000","location_lng":null,"paying":null,"user_properties":{"Username":"pictory1@yopmail.com"},"device_model":null,"region":"Washington","country":"United States","group_properties":{},"app":277124,"event_type":"start-with-script","idfa":null,"city":"Seattle","client_event_time":"2020-08-03 20:28:48.222000","session_id":1596486485729,"start_version":null,"ip_address":"73.239.8.13","amplitude_id":182334111025,"is_attribution_event":false,"device_id":"GicABer-1qEjzL4p0t-8Jj","amplitude_attribution_ids":null,"device_type":null,"sample_rate":null,"os_version":"84","processed_time":"2020-08-03 20:28:49.388594","dma":"Seattle-Tacoma, WA","device_manufacturer":null,"uuid":"f037de56-d5c7-11ea-9fdf-0a6e01f51c4f","event_id":925,"$insert_id":"95d7f17c-b476-40ce-8b21-8fa501aabf56","groups":{},"$schema":12,"adid":null,"data":{},"server_received_time":"2020-08-03 20:28:48.237000","os_name":"Chrome","device_carrier":null,"device_brand":null,"server_upload_time":"2020-08-03 20:28:48.253000","library":"amplitude-js\/6.1.0"}
{"language":"English","version_name":null,"event_properties":{"project-id":914760930,"track-name":"A Dream Come True"},"platform":"Web","amplitude_event_type":null,"device_family":null,"event_time":"2020-08-03 20:28:57.969000","location_lat":null,"user_creation_time":"2020-08-03 19:11:39.607000","user_id":"pictory1@yopmail.com","client_upload_time":"2020-08-03 20:28:57.969000","location_lng":null,"paying":null,"user_properties":{"Username":"pictory1@yopmail.com"},"device_model":null,"region":"Washington","country":"United States","group_properties":{},"app":277124,"event_type":"track-selected","idfa":null,"city":"Seattle","client_event_time":"2020-08-03 20:28:57.969000","session_id":1596486485729,"start_version":null,"ip_address":"73.239.8.13","amplitude_id":182334111025,"is_attribution_event":false,"device_id":"GicABer-1qEjzL4p0t-8Jj","amplitude_attribution_ids":null,"device_type":null,"sample_rate":null,"os_version":"84","processed_time":"2020-08-03 20:28:59.855091","dma":"Seattle-Tacoma, WA","device_manufacturer":null,"uuid":"f67493d6-d5c7-11ea-9fdf-0a6e01f51c4f","event_id":926,"$insert_id":"0f519f08-95ae-445e-ae76-0745beee0988","groups":{},"$schema":12,"adid":null,"data":{},"server_received_time":"2020-08-03 20:28:57.985000","os_name":"Chrome","device_carrier":null,"device_brand":null,"server_upload_time":"2020-08-03 20:28:58.009000","library":"amplitude-js\/6.1.0"}
{"language":"English","version_name":null,"event_properties":{"project-id":914760930,"save-type":"New Video","project-category":"SpaceX got astronomers back from space","project-name":"SpaceX got astronome"},"platform":"Web","amplitude_event_type":null,"device_family":null,"event_time":"2020-08-03 20:28:58.718000","location_lat":null,"user_creation_time":"2020-08-03 19:11:39.607000","user_id":"pictory1@yopmail.com","client_upload_time":"2020-08-03 20:28:58.718000","location_lng":null,"paying":null,"user_properties":{"Username":"pictory1@yopmail.com"},"device_model":null,"region":"Washington","country":"United States","group_properties":{},"app":277124,"event_type":"video-saved","idfa":null,"city":"Seattle","client_event_time":"2020-08-03 20:28:58.718000","session_id":1596486485729,"start_version":null,"ip_address":"73.239.8.13","amplitude_id":182334111025,"is_attribution_event":false,"device_id":"GicABer-1qEjzL4p0t-8Jj","amplitude_attribution_ids":null,"device_type":null,"sample_rate":null,"os_version":"84","processed_time":"2020-08-03 20:28:59.857770","dma":"Seattle-Tacoma, WA","device_manufacturer":null,"uuid":"f674a2a4-d5c7-11ea-9fdf-0a6e01f51c4f","event_id":927,"$insert_id":"57737230-84d9-47b6-a715-2bf6f9596ea9","groups":{},"$schema":12,"adid":null,"data":{},"server_received_time":"2020-08-03 20:28:58.738000","os_name":"Chrome","device_carrier":null,"device_brand":null,"server_upload_time":"2020-08-03 20:28:58.753000","library":"amplitude-js\/6.1.0"}
{"$schema":12,"dma":null,"device_family":null,"groups":{},"user_properties":{"Username":"yateen4ever@gmail.com"},"library":"amplitude-js\/6.1.0","session_id":1596572941349,"amplitude_id":182153495926,"server_upload_time":"2020-08-03 20:29:08.832000","platform":"Web","device_model":null,"amplitude_event_type":null,"location_lng":null,"start_version":null,"device_id":"mdECIbfMKsvcPsAbbh9fBQ","device_carrier":null,"app":277124,"user_creation_time":"2020-08-02 23:13:52.068000","idfa":null,"device_manufacturer":null,"paying":null,"device_brand":null,"uuid":"fc091038-d5c7-11ea-a2a3-0619c0101558","amplitude_attribution_ids":null,"client_event_time":"2020-08-04 20:30:38.954000","event_id":17,"group_properties":{},"version_name":null,"region":"Mecca Region","event_time":"2020-08-03 20:30:08.798000","os_version":"84","location_lat":null,"ip_address":"212.62.104.55","server_received_time":"2020-08-03 20:29:08.801000","device_type":null,"city":"Jeddah","event_type":"failed-service","os_name":"Chrome","client_upload_time":"2020-08-04 20:30:38.957000","event_properties":{"service-name":"get-brand-settings"},"is_attribution_event":false,"sample_rate":null,"user_id":"yateen4ever@gmail.com","language":"English","adid":null,"data":{},"$insert_id":"4695ee8a-9e23-41f6-8eb7-3f0f6c1a4d18","processed_time":"2020-08-03 20:29:09.195510","country":"Saudi Arabia"}
{"$schema":12,"dma":null,"device_family":null,"groups":{},"user_properties":{"Username":"yateen4ever@gmail.com"},"library":"amplitude-js\/6.1.0","session_id":1596572941349,"amplitude_id":182153495926,"server_upload_time":"2020-08-03 20:29:10.117000","platform":"Web","device_model":null,"amplitude_event_type":null,"location_lng":null,"start_version":null,"device_id":"mdECIbfMKsvcPsAbbh9fBQ","device_carrier":null,"app":277124,"user_creation_time":"2020-08-02 23:13:52.068000","idfa":null,"device_manufacturer":null,"paying":null,"device_brand":null,"uuid":"fd3396cc-d5c7-11ea-a2a3-0619c0101558","amplitude_attribution_ids":null,"client_event_time":"2020-08-04 20:30:40.254000","event_id":18,"group_properties":{},"version_name":null,"region":"Mecca Region","event_time":"2020-08-03 20:30:10.092000","os_version":"84","location_lat":null,"ip_address":"212.62.104.55","server_received_time":"2020-08-03 20:29:10.093000","device_type":null,"city":"Jeddah","event_type":"failed-service","os_name":"Chrome","client_upload_time":"2020-08-04 20:30:40.255000","event_properties":{"service-name":"get-all-project"},"is_attribution_event":false,"sample_rate":null,"user_id":"yateen4ever@gmail.com","language":"English","adid":null,"data":{},"$insert_id":"5610e2b2-8891-4a89-b0f8-f18d7ce2b0a9","processed_time":"2020-08-03 20:29:11.153810","country":"Saudi Arabia"}
{"language":"English","version_name":null,"event_properties":{"project-category":"SpaceX got astronomers back from space","project-name":"SpaceX got astronome"},"platform":"Web","amplitude_event_type":null,"device_family":null,"event_time":"2020-08-03 20:29:57.786000","location_lat":null,"user_creation_time":"2020-08-03 19:11:39.607000","user_id":"pictory1@yopmail.com","client_upload_time":"2020-08-03 20:29:57.787000","location_lng":null,"paying":null,"user_properties":{"Username":"pictory1@yopmail.com"},"device_model":null,"region":"Washington","country":"United States","group_properties":{},"app":277124,"event_type":"saved-video-opened","idfa":null,"city":"Seattle","client_event_time":"2020-08-03 20:29:57.786000","session_id":1596486485729,"start_version":null,"ip_address":"73.239.8.13","amplitude_id":182334111025,"is_attribution_event":false,"device_id":"GicABer-1qEjzL4p0t-8Jj","amplitude_attribution_ids":null,"device_type":null,"sample_rate":null,"os_version":"84","processed_time":"2020-08-03 20:29:58.408196","dma":"Seattle-Tacoma, WA","device_manufacturer":null,"uuid":"195dc8fe-d5c8-11ea-9fdf-0a6e01f51c4f","event_id":928,"$insert_id":"3a52ba64-04b0-4bd2-9e48-d15aa791d7a1","groups":{},"$schema":12,"adid":null,"data":{},"server_received_time":"2020-08-03 20:29:57.812000","os_name":"Chrome","device_carrier":null,"device_brand":null,"server_upload_time":"2020-08-03 20:29:57.839000","library":"amplitude-js\/6.1.0"}
{"language":"English","version_name":null,"event_properties":{"script":"<p>SpaceX got astronomers back from space<\/p>"},"platform":"Web","amplitude_event_type":null,"device_family":null,"event_time":"2020-08-03 20:30:24.706000","location_lat":null,"user_creation_time":"2020-08-03 19:11:39.607000","user_id":"pictory1@yopmail.com","client_upload_time":"2020-08-03 20:30:24.707000","location_lng":null,"paying":null,"user_properties":{"Username":"pictory1@yopmail.com"},"device_model":null,"region":"Washington","country":"United States","group_properties":{},"app":277124,"event_type":"start-with-script","idfa":null,"city":"Seattle","client_event_time":"2020-08-03 20:30:24.706000","session_id":1596486485729,"start_version":null,"ip_address":"73.239.8.13","amplitude_id":182334111025,"is_attribution_event":false,"device_id":"GicABer-1qEjzL4p0t-8Jj","amplitude_attribution_ids":null,"device_type":null,"sample_rate":null,"os_version":"84","processed_time":"2020-08-03 20:30:26.196857","dma":"Seattle-Tacoma, WA","device_manufacturer":null,"uuid":"29ee4572-d5c8-11ea-9fdf-0a6e01f51c4f","event_id":929,"$insert_id":"a77f31fd-426b-449a-ae1b-063d130e9779","groups":{},"$schema":12,"adid":null,"data":{},"server_received_time":"2020-08-03 20:30:24.728000","os_name":"Chrome","device_carrier":null,"device_brand":null,"server_upload_time":"2020-08-03 20:30:24.747000","library":"amplitude-js\/6.1.0"}
{"language":"English","version_name":null,"event_properties":{"project-id":495145871,"save-type":"New Video","project-category":"SpaceX got astronomers back from space","project-name":"SpaceX got astronome(1)"},"platform":"Web","amplitude_event_type":null,"device_family":null,"event_time":"2020-08-03 20:30:29.683000","location_lat":null,"user_creation_time":"2020-08-03 19:11:39.607000","user_id":"pictory1@yopmail.com","client_upload_time":"2020-08-03 20:30:29.683000","location_lng":null,"paying":null,"user_properties":{"Username":"pictory1@yopmail.com"},"device_model":null,"region":"Washington","country":"United States","group_properties":{},"app":277124,"event_type":"video-saved","idfa":null,"city":"Seattle","client_event_time":"2020-08-03 20:30:29.683000","session_id":1596486485729,"start_version":null,"ip_address":"73.239.8.13","amplitude_id":182334111025,"is_attribution_event":false,"device_id":"GicABer-1qEjzL4p0t-8Jj","amplitude_attribution_ids":null,"device_type":null,"sample_rate":null,"os_version":"84","processed_time":"2020-08-03 20:30:30.863322","dma":"Seattle-Tacoma, WA","device_manufacturer":null,"uuid":"2cb682ce-d5c8-11ea-9fdf-0a6e01f51c4f","event_id":930,"$insert_id":"9ac4ecd3-d280-403f-8fd6-cdc7337fef73","groups":{},"$schema":12,"adid":null,"data":{},"server_received_time":"2020-08-03 20:30:29.705000","os_name":"Chrome","device_carrier":null,"device_brand":null,"server_upload_time":"2020-08-03 20:30:29.714000","library":"amplitude-js\/6.1.0"}
{"language":"English","version_name":null,"event_properties":{"project-id":495145871,"track-name":"A Dream Come True"},"platform":"Web","amplitude_event_type":null,"device_family":null,"event_time":"2020-08-03 20:30:30.812000","location_lat":null,"user_creation_time":"2020-08-03 19:11:39.607000","user_id":"pictory1@yopmail.com","client_upload_time":"2020-08-03 20:30:30.812000","location_lng":null,"paying":null,"user_properties":{"Username":"pictory1@yopmail.com"},"device_model":null,"region":"Washington","country":"United States","group_properties":{},"app":277124,"event_type":"track-deselected","idfa":null,"city":"Seattle","client_event_time":"2020-08-03 20:30:30.812000","session_id":1596486485729,"start_version":null,"ip_address":"73.239.8.13","amplitude_id":182334111025,"is_attribution_event":false,"device_id":"GicABer-1qEjzL4p0t-8Jj","amplitude_attribution_ids":null,"device_type":null,"sample_rate":null,"os_version":"84","processed_time":"2020-08-03 20:30:32.394346","dma":"Seattle-Tacoma, WA","device_manufacturer":null,"uuid":"2d9eb300-d5c8-11ea-9fdf-0a6e01f51c4f","event_id":931,"$insert_id":"d2938876-3b5b-48ce-8628-0b8206ec4824","groups":{},"$schema":12,"adid":null,"data":{},"server_received_time":"2020-08-03 20:30:30.827000","os_name":"Chrome","device_carrier":null,"device_brand":null,"server_upload_time":"2020-08-03 20:30:30.851000","library":"amplitude-js\/6.1.0"}
{"language":"English","version_name":null,"event_properties":{"project-id":495145871,"track-name":"A Dream Come True"},"platform":"Web","amplitude_event_type":null,"device_family":null,"event_time":"2020-08-03 20:30:31.865000","location_lat":null,"user_creation_time":"2020-08-03 19:11:39.607000","user_id":"pictory1@yopmail.com","client_upload_time":"2020-08-03 20:30:31.866000","location_lng":null,"paying":null,"user_properties":{"Username":"pictory1@yopmail.com"},"device_model":null,"region":"Washington","country":"United States","group_properties":{},"app":277124,"event_type":"track-selected","idfa":null,"city":"Seattle","client_event_time":"2020-08-03 20:30:31.865000","session_id":1596486485729,"start_version":null,"ip_address":"73.239.8.13","amplitude_id":182334111025,"is_attribution_event":false,"device_id":"GicABer-1qEjzL4p0t-8Jj","amplitude_attribution_ids":null,"device_type":null,"sample_rate":null,"os_version":"84","processed_time":"2020-08-03 20:30:32.406021","dma":"Seattle-Tacoma, WA","device_manufacturer":null,"uuid":"2d9ec7a0-d5c8-11ea-9fdf-0a6e01f51c4f","event_id":932,"$insert_id":"78c724bd-82e9-48ee-a554-9b0f11162ca1","groups":{},"$schema":12,"adid":null,"data":{},"server_received_time":"2020-08-03 20:30:31.878000","os_name":"Chrome","device_carrier":null,"device_brand":null,"server_upload_time":"2020-08-03 20:30:31.892000","library":"amplitude-js\/6.1.0"}
{"language":"English","version_name":null,"event_properties":{"project-id":495145871,"save-type":"Saved Video","project-category":"SpaceX got astronomers back from space","project-name":"SpaceX got astronome(1)"},"platform":"Web","amplitude_event_type":null,"device_family":null,"event_time":"2020-08-03 20:30:32.045000","location_lat":null,"user_creation_time":"2020-08-03 19:11:39.607000","user_id":"pictory1@yopmail.com","client_upload_time":"2020-08-03 20:30:32.046000","location_lng":null,"paying":null,"user_properties":{"Username":"pictory1@yopmail.com"},"device_model":null,"region":"Washington","country":"United States","group_properties":{},"app":277124,"event_type":"video-saved","idfa":null,"city":"Seattle","client_event_time":"2020-08-03 20:30:32.045000","session_id":1596486485729,"start_version":null,"ip_address":"73.239.8.13","amplitude_id":182334111025,"is_attribution_event":false,"device_id":"GicABer-1qEjzL4p0t-8Jj","amplitude_attribution_ids":null,"device_type":null,"sample_rate":null,"os_version":"84","processed_time":"2020-08-03 20:30:34.694894","dma":"Seattle-Tacoma, WA","device_manufacturer":null,"uuid":"2efd071a-d5c8-11ea-9fdf-0a6e01f51c4f","event_id":933,"$insert_id":"7d4c5649-d0d9-4963-94f5-ea20442135a3","groups":{},"$schema":12,"adid":null,"data":{},"server_received_time":"2020-08-03 20:30:32.066000","os_name":"Chrome","device_carrier":null,"device_brand":null,"server_upload_time":"2020-08-03 20:30:32.085000","library":"amplitude-js\/6.1.0"}
{"language":"English","version_name":null,"event_properties":{"script":"<p>SpaceX got astronomers back from space<\/p>"},"platform":"Web","amplitude_event_type":null,"device_family":null,"event_time":"2020-08-03 20:30:50.131000","location_lat":null,"user_creation_time":"2020-08-03 19:11:39.607000","user_id":"pictory1@yopmail.com","client_upload_time":"2020-08-03 20:30:50.131000","location_lng":null,"paying":null,"user_properties":{"Username":"pictory1@yopmail.com"},"device_model":null,"region":"Washington","country":"United States","group_properties":{},"app":277124,"event_type":"start-with-script","idfa":null,"city":"Seattle","client_event_time":"2020-08-03 20:30:50.131000","session_id":1596486485729,"start_version":null,"ip_address":"73.239.8.13","amplitude_id":182334111025,"is_attribution_event":false,"device_id":"GicABer-1qEjzL4p0t-8Jj","amplitude_attribution_ids":null,"device_type":null,"sample_rate":null,"os_version":"84","processed_time":"2020-08-03 20:30:51.828597","dma":"Seattle-Tacoma, WA","device_manufacturer":null,"uuid":"39351114-d5c8-11ea-9fdf-0a6e01f51c4f","event_id":934,"$insert_id":"f6730500-d024-43af-a7ea-aa8929a2581f","groups":{},"$schema":12,"adid":null,"data":{},"server_received_time":"2020-08-03 20:30:50.152000","os_name":"Chrome","device_carrier":null,"device_brand":null,"server_upload_time":"2020-08-03 20:30:50.161000","library":"amplitude-js\/6.1.0"}
{"language":"English","version_name":null,"event_properties":{"project-id":66498634,"save-type":"New Video","project-category":"SpaceX got astronomers back from space","project-name":"SpaceX got astronome(2)"},"platform":"Web","amplitude_event_type":null,"device_family":null,"event_time":"2020-08-03 20:30:52.978000","location_lat":null,"user_creation_time":"2020-08-03 19:11:39.607000","user_id":"pictory1@yopmail.com","client_upload_time":"2020-08-03 20:30:52.978000","location_lng":null,"paying":null,"user_properties":{"Username":"pictory1@yopmail.com"},"device_model":null,"region":"Washington","country":"United States","group_properties":{},"app":277124,"event_type":"video-saved","idfa":null,"city":"Seattle","client_event_time":"2020-08-03 20:30:52.978000","session_id":1596486485729,"start_version":null,"ip_address":"73.239.8.13","amplitude_id":182334111025,"is_attribution_event":false,"device_id":"GicABer-1qEjzL4p0t-8Jj","amplitude_attribution_ids":null,"device_type":null,"sample_rate":null,"os_version":"84","processed_time":"2020-08-03 20:30:55.728473","dma":"Seattle-Tacoma, WA","device_manufacturer":null,"uuid":"3b87c182-d5c8-11ea-9fdf-0a6e01f51c4f","event_id":935,"$insert_id":"8d4d58d4-2376-4568-b056-1c3cc4c6f1e6","groups":{},"$schema":12,"adid":null,"data":{},"server_received_time":"2020-08-03 20:30:52.998000","os_name":"Chrome","device_carrier":null,"device_brand":null,"server_upload_time":"2020-08-03 20:30:53.010000","library":"amplitude-js\/6.1.0"}
{"language":"English","version_name":null,"event_properties":{"project-id":66498634,"track-name":"A Dream Come True"},"platform":"Web","amplitude_event_type":null,"device_family":null,"event_time":"2020-08-03 20:30:54.266000","location_lat":null,"user_creation_time":"2020-08-03 19:11:39.607000","user_id":"pictory1@yopmail.com","client_upload_time":"2020-08-03 20:30:54.267000","location_lng":null,"paying":null,"user_properties":{"Username":"pictory1@yopmail.com"},"device_model":null,"region":"Washington","country":"United States","group_properties":{},"app":277124,"event_type":"track-deselected","idfa":null,"city":"Seattle","client_event_time":"2020-08-03 20:30:54.266000","session_id":1596486485729,"start_version":null,"ip_address":"73.239.8.13","amplitude_id":182334111025,"is_attribution_event":false,"device_id":"GicABer-1qEjzL4p0t-8Jj","amplitude_attribution_ids":null,"device_type":null,"sample_rate":null,"os_version":"84","processed_time":"2020-08-03 20:30:55.730898","dma":"Seattle-Tacoma, WA","device_manufacturer":null,"uuid":"3b87d8c0-d5c8-11ea-9fdf-0a6e01f51c4f","event_id":936,"$insert_id":"aaf4b2b5-b0e8-4234-9836-ae8d28de6c97","groups":{},"$schema":12,"adid":null,"data":{},"server_received_time":"2020-08-03 20:30:54.288000","os_name":"Chrome","device_carrier":null,"device_brand":null,"server_upload_time":"2020-08-03 20:30:54.323000","library":"amplitude-js\/6.1.0"}
{"language":"English","version_name":null,"event_properties":{"project-id":66498634,"track-name":"A Dream Come True"},"platform":"Web","amplitude_event_type":null,"device_family":null,"event_time":"2020-08-03 20:30:54.804000","location_lat":null,"user_creation_time":"2020-08-03 19:11:39.607000","user_id":"pictory1@yopmail.com","client_upload_time":"2020-08-03 20:30:54.804000","location_lng":null,"paying":null,"user_properties":{"Username":"pictory1@yopmail.com"},"device_model":null,"region":"Washington","country":"United States","group_properties":{},"app":277124,"event_type":"track-selected","idfa":null,"city":"Seattle","client_event_time":"2020-08-03 20:30:54.804000","session_id":1596486485729,"start_version":null,"ip_address":"73.239.8.13","amplitude_id":182334111025,"is_attribution_event":false,"device_id":"GicABer-1qEjzL4p0t-8Jj","amplitude_attribution_ids":null,"device_type":null,"sample_rate":null,"os_version":"84","processed_time":"2020-08-03 20:30:57.427056","dma":"Seattle-Tacoma, WA","device_manufacturer":null,"uuid":"3c8bb584-d5c8-11ea-9fdf-0a6e01f51c4f","event_id":937,"$insert_id":"21055eab-d15d-40bc-9ae5-4679c5386940","groups":{},"$schema":12,"adid":null,"data":{},"server_received_time":"2020-08-03 20:30:54.822000","os_name":"Chrome","device_carrier":null,"device_brand":null,"server_upload_time":"2020-08-03 20:30:54.848000","library":"amplitude-js\/6.1.0"}
{"language":"English","version_name":null,"event_properties":{"project-id":66498634,"save-type":"Saved Video","project-category":"SpaceX got astronomers back from space","project-name":"SpaceX got astronome(2)"},"platform":"Web","amplitude_event_type":null,"device_family":null,"event_time":"2020-08-03 20:30:55.057000","location_lat":null,"user_creation_time":"2020-08-03 19:11:39.607000","user_id":"pictory1@yopmail.com","client_upload_time":"2020-08-03 20:30:55.057000","location_lng":null,"paying":null,"user_properties":{"Username":"pictory1@yopmail.com"},"device_model":null,"region":"Washington","country":"United States","group_properties":{},"app":277124,"event_type":"video-saved","idfa":null,"city":"Seattle","client_event_time":"2020-08-03 20:30:55.057000","session_id":1596486485729,"start_version":null,"ip_address":"73.239.8.13","amplitude_id":182334111025,"is_attribution_event":false,"device_id":"GicABer-1qEjzL4p0t-8Jj","amplitude_attribution_ids":null,"device_type":null,"sample_rate":null,"os_version":"84","processed_time":"2020-08-03 20:30:57.430283","dma":"Seattle-Tacoma, WA","device_manufacturer":null,"uuid":"3c8bc236-d5c8-11ea-9fdf-0a6e01f51c4f","event_id":938,"$insert_id":"f76e1a60-8c71-4559-bf80-1c801d83f645","groups":{},"$schema":12,"adid":null,"data":{},"server_received_time":"2020-08-03 20:30:55.078000","os_name":"Chrome","device_carrier":null,"device_brand":null,"server_upload_time":"2020-08-03 20:30:55.086000","library":"amplitude-js\/6.1.0"}
{"language":"English","version_name":null,"event_properties":{"script":"<p>SpaceX got astronomers back from space<\/p>"},"platform":"Web","amplitude_event_type":null,"device_family":null,"event_time":"2020-08-03 20:31:06.927000","location_lat":null,"user_creation_time":"2020-08-03 19:11:39.607000","user_id":"pictory1@yopmail.com","client_upload_time":"2020-08-03 20:31:06.927000","location_lng":null,"paying":null,"user_properties":{"Username":"pictory1@yopmail.com"},"device_model":null,"region":"Washington","country":"United States","group_properties":{},"app":277124,"event_type":"start-with-script","idfa":null,"city":"Seattle","client_event_time":"2020-08-03 20:31:06.927000","session_id":1596486485729,"start_version":null,"ip_address":"73.239.8.13","amplitude_id":182334111025,"is_attribution_event":false,"device_id":"GicABer-1qEjzL4p0t-8Jj","amplitude_attribution_ids":null,"device_type":null,"sample_rate":null,"os_version":"84","processed_time":"2020-08-03 20:31:08.938320","dma":"Seattle-Tacoma, WA","device_manufacturer":null,"uuid":"43670b56-d5c8-11ea-9fdf-0a6e01f51c4f","event_id":939,"$insert_id":"64fa6799-962e-4f92-a490-076aa0f9f356","groups":{},"$schema":12,"adid":null,"data":{},"server_received_time":"2020-08-03 20:31:06.948000","os_name":"Chrome","device_carrier":null,"device_brand":null,"server_upload_time":"2020-08-03 20:31:06.962000","library":"amplitude-js\/6.1.0"}
{"language":"English","version_name":null,"event_properties":{"project-id":869937458,"save-type":"New Video","project-category":"SpaceX got astronomers back from space","project-name":"SpaceX got astronome(3)"},"platform":"Web","amplitude_event_type":null,"device_family":null,"event_time":"2020-08-03 20:31:10.507000","location_lat":null,"user_creation_time":"2020-08-03 19:11:39.607000","user_id":"pictory1@yopmail.com","client_upload_time":"2020-08-03 20:31:10.508000","location_lng":null,"paying":null,"user_properties":{"Username":"pictory1@yopmail.com"},"device_model":null,"region":"Washington","country":"United States","group_properties":{},"app":277124,"event_type":"video-saved","idfa":null,"city":"Seattle","client_event_time":"2020-08-03 20:31:10.507000","session_id":1596486485729,"start_version":null,"ip_address":"73.239.8.13","amplitude_id":182334111025,"is_attribution_event":false,"device_id":"GicABer-1qEjzL4p0t-8Jj","amplitude_attribution_ids":null,"device_type":null,"sample_rate":null,"os_version":"84","processed_time":"2020-08-03 20:31:12.045995","dma":"Seattle-Tacoma, WA","device_manufacturer":null,"uuid":"453bb684-d5c8-11ea-9fdf-0a6e01f51c4f","event_id":940,"$insert_id":"b0ac44a7-e99f-4a98-a8d3-04836021eb04","groups":{},"$schema":12,"adid":null,"data":{},"server_received_time":"2020-08-03 20:31:10.528000","os_name":"Chrome","device_carrier":null,"device_brand":null,"server_upload_time":"2020-08-03 20:31:10.539000","library":"amplitude-js\/6.1.0"}
{"language":"English","version_name":null,"event_properties":{"project-id":869937458,"track-name":"A Dream Come True"},"platform":"Web","amplitude_event_type":null,"device_family":null,"event_time":"2020-08-03 20:31:11.402000","location_lat":null,"user_creation_time":"2020-08-03 19:11:39.607000","user_id":"pictory1@yopmail.com","client_upload_time":"2020-08-03 20:31:11.403000","location_lng":null,"paying":null,"user_properties":{"Username":"pictory1@yopmail.com"},"device_model":null,"region":"Washington","country":"United States","group_properties":{},"app":277124,"event_type":"track-deselected","idfa":null,"city":"Seattle","client_event_time":"2020-08-03 20:31:11.402000","session_id":1596486485729,"start_version":null,"ip_address":"73.239.8.13","amplitude_id":182334111025,"is_attribution_event":false,"device_id":"GicABer-1qEjzL4p0t-8Jj","amplitude_attribution_ids":null,"device_type":null,"sample_rate":null,"os_version":"84","processed_time":"2020-08-03 20:31:13.205949","dma":"Seattle-Tacoma, WA","device_manufacturer":null,"uuid":"45f3486c-d5c8-11ea-9fdf-0a6e01f51c4f","event_id":941,"$insert_id":"71b85365-b794-41f4-a357-9c872bbb1a24","groups":{},"$schema":12,"adid":null,"data":{},"server_received_time":"2020-08-03 20:31:11.421000","os_name":"Chrome","device_carrier":null,"device_brand":null,"server_upload_time":"2020-08-03 20:31:11.447000","library":"amplitude-js\/6.1.0"}
{"language":"English","version_name":null,"event_properties":{"project-id":869937458,"track-name":"A Dream Come True"},"platform":"Web","amplitude_event_type":null,"device_family":null,"event_time":"2020-08-03 20:31:11.899000","location_lat":null,"user_creation_time":"2020-08-03 19:11:39.607000","user_id":"pictory1@yopmail.com","client_upload_time":"2020-08-03 20:31:11.900000","location_lng":null,"paying":null,"user_properties":{"Username":"pictory1@yopmail.com"},"device_model":null,"region":"Washington","country":"United States","group_properties":{},"app":277124,"event_type":"track-selected","idfa":null,"city":"Seattle","client_event_time":"2020-08-03 20:31:11.899000","session_id":1596486485729,"start_version":null,"ip_address":"73.239.8.13","amplitude_id":182334111025,"is_attribution_event":false,"device_id":"GicABer-1qEjzL4p0t-8Jj","amplitude_attribution_ids":null,"device_type":null,"sample_rate":null,"os_version":"84","processed_time":"2020-08-03 20:31:13.208372","dma":"Seattle-Tacoma, WA","device_manufacturer":null,"uuid":"45f35000-d5c8-11ea-9fdf-0a6e01f51c4f","event_id":942,"$insert_id":"f8529e0b-5b81-4d44-b7be-5ccef7cf73aa","groups":{},"$schema":12,"adid":null,"data":{},"server_received_time":"2020-08-03 20:31:11.923000","os_name":"Chrome","device_carrier":null,"device_brand":null,"server_upload_time":"2020-08-03 20:31:11.947000","library":"amplitude-js\/6.1.0"}
{"language":"English","version_name":null,"event_properties":{"project-id":869937458,"save-type":"Saved Video","project-category":"SpaceX got astronomers back from space","project-name":"SpaceX got astronome(3)"},"platform":"Web","amplitude_event_type":null,"device_family":null,"event_time":"2020-08-03 20:31:12.183000","location_lat":null,"user_creation_time":"2020-08-03 19:11:39.607000","user_id":"pictory1@yopmail.com","client_upload_time":"2020-08-03 20:31:12.184000","location_lng":null,"paying":null,"user_properties":{"Username":"pictory1@yopmail.com"},"device_model":null,"region":"Washington","country":"United States","group_properties":{},"app":277124,"event_type":"video-saved","idfa":null,"city":"Seattle","client_event_time":"2020-08-03 20:31:12.183000","session_id":1596486485729,"start_version":null,"ip_address":"73.239.8.13","amplitude_id":182334111025,"is_attribution_event":false,"device_id":"GicABer-1qEjzL4p0t-8Jj","amplitude_attribution_ids":null,"device_type":null,"sample_rate":null,"os_version":"84","processed_time":"2020-08-03 20:31:13.210529","dma":"Seattle-Tacoma, WA","device_manufacturer":null,"uuid":"45f35744-d5c8-11ea-9fdf-0a6e01f51c4f","event_id":943,"$insert_id":"96a7d01e-d71f-450f-b8f3-8872d36b0845","groups":{},"$schema":12,"adid":null,"data":{},"server_received_time":"2020-08-03 20:31:12.202000","os_name":"Chrome","device_carrier":null,"device_brand":null,"server_upload_time":"2020-08-03 20:31:12.209000","library":"amplitude-js\/6.1.0"}
{"language":"English","version_name":null,"event_properties":{"total-images":0,"project-id":869937458,"total-videos":1,"total-time-to-generate-in-seconds":22,"total-time-to-generate-in-minutes":"0.37","voice-track-name":"Kendra, female","total-scenes-with-original-image":1,"total-scenes":1,"total-sub-scenes":0,"total-video-time-in-seconds":5.049,"track-name":"A Dream Come True","total-video-time-in-minutes":"0.08"},"platform":"Web","amplitude_event_type":null,"device_family":null,"event_time":"2020-08-03 20:31:29.264000","location_lat":null,"user_creation_time":"2020-08-03 19:11:39.607000","user_id":"pictory1@yopmail.com","client_upload_time":"2020-08-03 20:31:29.265000","location_lng":null,"paying":null,"user_properties":{"Username":"pictory1@yopmail.com"},"device_model":null,"region":"Washington","country":"United States","group_properties":{},"app":277124,"event_type":"generate-clicked","idfa":null,"city":"Seattle","client_event_time":"2020-08-03 20:31:29.264000","session_id":1596486485729,"start_version":null,"ip_address":"73.239.8.13","amplitude_id":182334111025,"is_attribution_event":false,"device_id":"GicABer-1qEjzL4p0t-8Jj","amplitude_attribution_ids":null,"device_type":null,"sample_rate":null,"os_version":"84","processed_time":"2020-08-03 20:31:30.844904","dma":"Seattle-Tacoma, WA","device_manufacturer":null,"uuid":"50745dbc-d5c8-11ea-9fdf-0a6e01f51c4f","event_id":944,"$insert_id":"6296a293-6ff6-444c-be72-71c0cb60bc04","groups":{},"$schema":12,"adid":null,"data":{},"server_received_time":"2020-08-03 20:31:29.286000","os_name":"Chrome","device_carrier":null,"device_brand":null,"server_upload_time":"2020-08-03 20:31:29.302000","library":"amplitude-js\/6.1.0"}
{"language":"English","version_name":null,"event_properties":{"project-id":869937458,"time-taken-in-seconds":21,"time-taken-in-minutes":"0.35"},"platform":"Web","amplitude_event_type":null,"device_family":null,"event_time":"2020-08-03 20:31:48.556000","location_lat":null,"user_creation_time":"2020-08-03 19:11:39.607000","user_id":"pictory1@yopmail.com","client_upload_time":"2020-08-03 20:31:48.556000","location_lng":null,"paying":null,"user_properties":{"Username":"pictory1@yopmail.com"},"device_model":null,"region":"Washington","country":"United States","group_properties":{},"app":277124,"event_type":"video-generated","idfa":null,"city":"Seattle","client_event_time":"2020-08-03 20:31:48.556000","session_id":1596486485729,"start_version":null,"ip_address":"73.239.8.13","amplitude_id":182334111025,"is_attribution_event":false,"device_id":"GicABer-1qEjzL4p0t-8Jj","amplitude_attribution_ids":null,"device_type":null,"sample_rate":null,"os_version":"84","processed_time":"2020-08-03 20:31:50.971761","dma":"Seattle-Tacoma, WA","device_manufacturer":null,"uuid":"5c75b354-d5c8-11ea-9fdf-0a6e01f51c4f","event_id":945,"$insert_id":"b19528ba-1272-4f70-b71c-90567a9e9193","groups":{},"$schema":12,"adid":null,"data":{},"server_received_time":"2020-08-03 20:31:48.695000","os_name":"Chrome","device_carrier":null,"device_brand":null,"server_upload_time":"2020-08-03 20:31:48.707000","library":"amplitude-js\/6.1.0"}
{"language":"English","version_name":null,"event_properties":{"project-id":869937458,"save-type":"Saved Video","project-category":"SpaceX got astronomers back from space","project-name":"SpaceX got astronome(3)"},"platform":"Web","amplitude_event_type":null,"device_family":null,"event_time":"2020-08-03 20:31:49.210000","location_lat":null,"user_creation_time":"2020-08-03 19:11:39.607000","user_id":"pictory1@yopmail.com","client_upload_time":"2020-08-03 20:31:49.210000","location_lng":null,"paying":null,"user_properties":{"Username":"pictory1@yopmail.com"},"device_model":null,"region":"Washington","country":"United States","group_properties":{},"app":277124,"event_type":"video-saved","idfa":null,"city":"Seattle","client_event_time":"2020-08-03 20:31:49.210000","session_id":1596486485729,"start_version":null,"ip_address":"73.239.8.13","amplitude_id":182334111025,"is_attribution_event":false,"device_id":"GicABer-1qEjzL4p0t-8Jj","amplitude_attribution_ids":null,"device_type":null,"sample_rate":null,"os_version":"84","processed_time":"2020-08-03 20:31:50.978664","dma":"Seattle-Tacoma, WA","device_manufacturer":null,"uuid":"5c75bc5a-d5c8-11ea-9fdf-0a6e01f51c4f","event_id":946,"$insert_id":"a2f547e5-1e50-4baa-b26f-7abe64c3dceb","groups":{},"$schema":12,"adid":null,"data":{},"server_received_time":"2020-08-03 20:31:49.232000","os_name":"Chrome","device_carrier":null,"device_brand":null,"server_upload_time":"2020-08-03 20:31:49.270000","library":"amplitude-js\/6.1.0"}
{"language":"English","version_name":null,"event_properties":{"project-id":869937458,"video-link":"https:\/\/video.pictory.ai\/k6n","video-name":"SpaceX got astronomers back from space.mp4"},"platform":"Web","amplitude_event_type":null,"device_family":null,"event_time":"2020-08-03 20:31:51.155000","location_lat":null,"user_creation_time":"2020-08-03 19:11:39.607000","user_id":"pictory1@yopmail.com","client_upload_time":"2020-08-03 20:31:51.156000","location_lng":null,"paying":null,"user_properties":{"Username":"pictory1@yopmail.com"},"device_model":null,"region":"Washington","country":"United States","group_properties":{},"app":277124,"event_type":"video-downloaded","idfa":null,"city":"Seattle","client_event_time":"2020-08-03 20:31:51.155000","session_id":1596486485729,"start_version":null,"ip_address":"73.239.8.13","amplitude_id":182334111025,"is_attribution_event":false,"device_id":"GicABer-1qEjzL4p0t-8Jj","amplitude_attribution_ids":null,"device_type":null,"sample_rate":null,"os_version":"84","processed_time":"2020-08-03 20:31:52.780988","dma":"Seattle-Tacoma, WA","device_manufacturer":null,"uuid":"5d899922-d5c8-11ea-9fdf-0a6e01f51c4f","event_id":947,"$insert_id":"880979bc-bd98-4bb9-9537-4c5ea7cd729c","groups":{},"$schema":12,"adid":null,"data":{},"server_received_time":"2020-08-03 20:31:51.195000","os_name":"Chrome","device_carrier":null,"device_brand":null,"server_upload_time":"2020-08-03 20:31:51.204000","library":"amplitude-js\/6.1.0"}
{"processed_time":"2020-08-03 20:38:40.669820","amplitude_attribution_ids":null,"device_id":"t27ps7xUHFPJltDk753q4N","event_type":"user-signup","server_upload_time":"2020-08-03 20:38:39.222000","$insert_id":"aedcf60d-1eca-4dba-a3f1-b27ad8738cef","event_id":1,"group_properties":{},"dma":"Atlanta, GA","device_brand":null,"amplitude_id":182350722856,"library":"amplitude-js\/6.1.0","device_family":"Apple iPad","is_attribution_event":false,"adid":null,"user_id":"kaseygriffiths7@gmail.com","client_upload_time":"2020-08-03 20:38:39.010000","$schema":12,"start_version":null,"groups":{},"version_name":null,"device_model":"iPad","app":277124,"ip_address":"162.238.152.136","event_properties":{"provider":"Google"},"device_manufacturer":"Apple","amplitude_event_type":null,"language":"English","session_id":1596486974916,"location_lng":null,"user_properties":{"Username":"kaseygriffiths7@gmail.com"},"city":"Fayetteville","client_event_time":"2020-08-03 20:38:39.008000","server_received_time":"2020-08-03 20:38:39.198000","region":"Georgia","device_carrier":null,"device_type":"Apple iPad","os_name":"Chrome Mobile","user_creation_time":"2020-08-03 20:38:39.008000","country":"United States","event_time":"2020-08-03 20:38:39.008000","data":{"first_event":true},"os_version":"71","uuid":"50a51884-d5c9-11ea-b108-02cc8a0604ad","location_lat":null,"paying":null,"platform":"Web","sample_rate":null,"idfa":null}
{"processed_time":"2020-08-03 20:38:40.707865","amplitude_attribution_ids":null,"device_id":"t27ps7xUHFPJltDk753q4N","event_type":"trial-activated","server_upload_time":"2020-08-03 20:38:39.573000","$insert_id":"69b1b658-d99d-48d1-b639-1db25d1b0627","event_id":2,"group_properties":{},"dma":"Atlanta, GA","device_brand":null,"amplitude_id":182350722856,"library":"amplitude-js\/6.1.0","device_family":"Apple iPad","is_attribution_event":false,"adid":null,"user_id":"kaseygriffiths7@gmail.com","client_upload_time":"2020-08-03 20:38:39.375000","$schema":12,"start_version":null,"groups":{},"version_name":null,"device_model":"iPad","app":277124,"ip_address":"162.238.152.136","event_properties":{},"device_manufacturer":"Apple","amplitude_event_type":null,"language":"English","session_id":1596486974916,"location_lng":null,"user_properties":{"Username":"kaseygriffiths7@gmail.com"},"city":"Fayetteville","client_event_time":"2020-08-03 20:38:39.021000","server_received_time":"2020-08-03 20:38:39.548000","region":"Georgia","device_carrier":null,"device_type":"Apple iPad","os_name":"Chrome Mobile","user_creation_time":"2020-08-03 20:38:39.008000","country":"United States","event_time":"2020-08-03 20:38:39.021000","data":{},"os_version":"71","uuid":"50a52572-d5c9-11ea-b108-02cc8a0604ad","location_lat":null,"paying":null,"platform":"Web","sample_rate":null,"idfa":null}
{"processed_time":"2020-08-03 20:39:55.648269","amplitude_attribution_ids":null,"device_id":"t27ps7xUHFPJltDk753q4N","event_type":"start-with-script","server_upload_time":"2020-08-03 20:39:54.453000","$insert_id":"b693b746-a00c-4ac1-ad50-293308ff1e19","event_id":3,"group_properties":{},"dma":"Atlanta, GA","device_brand":null,"amplitude_id":182350722856,"library":"amplitude-js\/6.1.0","device_family":"Apple iPad","is_attribution_event":false,"adid":null,"user_id":"kaseygriffiths7@gmail.com","client_upload_time":"2020-08-03 20:39:54.184000","$schema":12,"start_version":null,"groups":{},"version_name":null,"device_model":"iPad","app":277124,"ip_address":"162.238.152.136","event_properties":{"script":"<p>&nbsp;<\/p><p>Too much stress? You need a simple stress meditation. Of course, learning to meditate might intimidate you, and it\u2019s tough to find the time for daily meditation. A solution to both problems is a meditation you can learn right now, that will take a minute to do each day.<\/p><p>&nbsp;<\/p><p>An Easy Stress Meditation<\/p><p>&nbsp;<\/p><p>When you breath through your mouth, it expands your chest. Breath through your nose and you\u2019ll notice how your abdomen extends. Nose-breathing causes the diaphram to pull air to the bottom of your lungs. This delivers a good dose of oxygen into your bloodstream and brain, and it also tends to relax you. Breathing through your nose is healthier, and it\u2019s the basis of this one-minute meditation.<\/p><p>&nbsp;<\/p><p>Here\u2019s how you do it. Close your eyes, sigh, and let the tension go out of your muscles. It may help to tense up your muscles first, then release that tension. Then let go of your thoughts, as much as possible, and take four or five slow, deep breat"},"device_manufacturer":"Apple","amplitude_event_type":null,"language":"English","session_id":1596486974916,"location_lng":null,"user_properties":{"Username":"kaseygriffiths7@gmail.com"},"city":"Fayetteville","client_event_time":"2020-08-03 20:39:54.182000","server_received_time":"2020-08-03 20:39:54.438000","region":"Georgia","device_carrier":null,"device_type":"Apple iPad","os_name":"Chrome Mobile","user_creation_time":"2020-08-03 20:38:39.008000","country":"United States","event_time":"2020-08-03 20:39:54.182000","data":{},"os_version":"71","uuid":"7d57082e-d5c9-11ea-b108-02cc8a0604ad","location_lat":null,"paying":null,"platform":"Web","sample_rate":null,"idfa":null}
{"processed_time":"2020-08-03 20:43:33.269364","amplitude_attribution_ids":null,"device_id":"t27ps7xUHFPJltDk753q4N","event_type":"track-selected","server_upload_time":"2020-08-03 20:43:31.678000","$insert_id":"4039823b-5a7b-4d1b-9014-6752c6a4c43a","event_id":4,"group_properties":{},"dma":"Atlanta, GA","device_brand":null,"amplitude_id":182350722856,"library":"amplitude-js\/6.1.0","device_family":"Apple iPad","is_attribution_event":false,"adid":null,"user_id":"kaseygriffiths7@gmail.com","client_upload_time":"2020-08-03 20:43:30.520000","$schema":12,"start_version":null,"groups":{},"version_name":null,"device_model":"iPad","app":277124,"ip_address":"162.238.152.136","event_properties":{"project-id":128437901,"track-name":"When the Light Comes"},"device_manufacturer":"Apple","amplitude_event_type":null,"language":"English","session_id":1596486974916,"location_lng":null,"user_properties":{"Username":"kaseygriffiths7@gmail.com"},"city":"Fayetteville","client_event_time":"2020-08-03 20:43:30.518000","server_received_time":"2020-08-03 20:43:31.670000","region":"Georgia","device_carrier":null,"device_type":"Apple iPad","os_name":"Chrome Mobile","user_creation_time":"2020-08-03 20:38:39.008000","country":"United States","event_time":"2020-08-03 20:43:30.518000","data":{},"os_version":"71","uuid":"ff0b972c-d5c9-11ea-b108-02cc8a0604ad","location_lat":null,"paying":null,"platform":"Web","sample_rate":null,"idfa":null}
{"processed_time":"2020-08-03 20:43:41.291147","amplitude_attribution_ids":null,"device_id":"t27ps7xUHFPJltDk753q4N","event_type":"video-saved","server_upload_time":"2020-08-03 20:43:40.232000","$insert_id":"babe2785-06f9-497c-a4cf-9744ee2707ce","event_id":5,"group_properties":{},"dma":"Atlanta, GA","device_brand":null,"amplitude_id":182350722856,"library":"amplitude-js\/6.1.0","device_family":"Apple iPad","is_attribution_event":false,"adid":null,"user_id":"kaseygriffiths7@gmail.com","client_upload_time":"2020-08-03 20:43:40.029000","$schema":12,"start_version":null,"groups":{},"version_name":null,"device_model":"iPad","app":277124,"ip_address":"162.238.152.136","event_properties":{"project-id":128437901,"project-category":"Too much stress","project-name":"Too much stress","save-type":"New Video"},"device_manufacturer":"Apple","amplitude_event_type":null,"language":"English","session_id":1596486974916,"location_lng":null,"user_properties":{"Username":"kaseygriffiths7@gmail.com"},"city":"Fayetteville","client_event_time":"2020-08-03 20:43:35.813000","server_received_time":"2020-08-03 20:43:40.215000","region":"Georgia","device_carrier":null,"device_type":"Apple iPad","os_name":"Chrome Mobile","user_creation_time":"2020-08-03 20:38:39.008000","country":"United States","event_time":"2020-08-03 20:43:35.813000","data":{},"os_version":"71","uuid":"03d7683a-d5ca-11ea-b108-02cc8a0604ad","location_lat":null,"paying":null,"platform":"Web","sample_rate":null,"idfa":null}
{"processed_time":"2020-08-03 20:46:48.612163","amplitude_attribution_ids":null,"device_id":"t27ps7xUHFPJltDk753q4N","event_type":"video-saved","server_upload_time":"2020-08-03 20:46:47.179000","$insert_id":"2b0599b0-e0aa-43dc-b904-3b28c27805b3","event_id":6,"group_properties":{},"dma":"Atlanta, GA","device_brand":null,"amplitude_id":182350722856,"library":"amplitude-js\/6.1.0","device_family":"Apple iPad","is_attribution_event":false,"adid":null,"user_id":"kaseygriffiths7@gmail.com","client_upload_time":"2020-08-03 20:46:46.111000","$schema":12,"start_version":null,"groups":{},"version_name":null,"device_model":"iPad","app":277124,"ip_address":"162.238.152.136","event_properties":{"project-id":128437901,"project-category":"Too much stress","project-name":"Too much stress","save-type":"Saved Video"},"device_manufacturer":"Apple","amplitude_event_type":null,"language":"English","session_id":1596486974916,"location_lng":null,"user_properties":{"Username":"kaseygriffiths7@gmail.com"},"city":"Fayetteville","client_event_time":"2020-08-03 20:46:46.110000","server_received_time":"2020-08-03 20:46:47.149000","region":"Georgia","device_carrier":null,"device_type":"Apple iPad","os_name":"Chrome Mobile","user_creation_time":"2020-08-03 20:38:39.008000","country":"United States","event_time":"2020-08-03 20:46:46.110000","data":{},"os_version":"71","uuid":"737d47c2-d5ca-11ea-b108-02cc8a0604ad","location_lat":null,"paying":null,"platform":"Web","sample_rate":null,"idfa":null}
{"processed_time":"2020-08-03 20:48:27.129558","amplitude_attribution_ids":null,"device_id":"t27ps7xUHFPJltDk753q4N","event_type":"preview-clicked","server_upload_time":"2020-08-03 20:48:25.971000","$insert_id":"2740661d-b44d-47bf-8ff9-36ebfb648f21","event_id":7,"group_properties":{},"dma":"Atlanta, GA","device_brand":null,"amplitude_id":182350722856,"library":"amplitude-js\/6.1.0","device_family":"Apple iPad","is_attribution_event":false,"adid":null,"user_id":"kaseygriffiths7@gmail.com","client_upload_time":"2020-08-03 20:48:25.808000","$schema":12,"start_version":null,"groups":{},"version_name":null,"device_model":"iPad","app":277124,"ip_address":"162.238.152.136","event_properties":{},"device_manufacturer":"Apple","amplitude_event_type":null,"language":"English","session_id":1596486974916,"location_lng":null,"user_properties":{"Username":"kaseygriffiths7@gmail.com"},"city":"Fayetteville","client_event_time":"2020-08-03 20:48:25.803000","server_received_time":"2020-08-03 20:48:25.966000","region":"Georgia","device_carrier":null,"device_type":"Apple iPad","os_name":"Chrome Mobile","user_creation_time":"2020-08-03 20:38:39.008000","country":"United States","event_time":"2020-08-03 20:48:25.803000","data":{},"os_version":"71","uuid":"ae36a89a-d5ca-11ea-b108-02cc8a0604ad","location_lat":null,"paying":null,"platform":"Web","sample_rate":null,"idfa":null}
{"processed_time":"2020-08-03 20:49:47.809989","amplitude_attribution_ids":null,"device_id":"t27ps7xUHFPJltDk753q4N","event_type":"failed-service","server_upload_time":"2020-08-03 20:49:47.354000","$insert_id":"582ece20-fa55-4aeb-9566-d57d04c894ef","event_id":8,"group_properties":{},"dma":"Atlanta, GA","device_brand":null,"amplitude_id":182350722856,"library":"amplitude-js\/6.1.0","device_family":"Apple iPad","is_attribution_event":false,"adid":null,"user_id":"kaseygriffiths7@gmail.com","client_upload_time":"2020-08-03 20:49:47.105000","$schema":12,"start_version":null,"groups":{},"version_name":null,"device_model":"iPad","app":277124,"ip_address":"162.238.152.136","event_properties":{"service-name":"get-brand-settings"},"device_manufacturer":"Apple","amplitude_event_type":null,"language":"English","session_id":1596486974916,"location_lng":null,"user_properties":{"Username":"kaseygriffiths7@gmail.com"},"city":"Fayetteville","client_event_time":"2020-08-03 20:49:47.103000","server_received_time":"2020-08-03 20:49:47.338000","region":"Georgia","device_carrier":null,"device_type":"Apple iPad","os_name":"Chrome Mobile","user_creation_time":"2020-08-03 20:38:39.008000","country":"United States","event_time":"2020-08-03 20:49:47.103000","data":{},"os_version":"71","uuid":"de4d718a-d5ca-11ea-b108-02cc8a0604ad","location_lat":null,"paying":null,"platform":"Web","sample_rate":null,"idfa":null}
{"processed_time":"2020-08-03 20:49:58.873046","amplitude_attribution_ids":null,"device_id":"t27ps7xUHFPJltDk753q4N","event_type":"failed-service","server_upload_time":"2020-08-03 20:49:57.387000","$insert_id":"88a11387-8744-44d4-82cf-eec34da78235","event_id":9,"group_properties":{},"dma":"Atlanta, GA","device_brand":null,"amplitude_id":182350722856,"library":"amplitude-js\/6.1.0","device_family":"Apple iPad","is_attribution_event":false,"adid":null,"user_id":"kaseygriffiths7@gmail.com","client_upload_time":"2020-08-03 20:49:57.209000","$schema":12,"start_version":null,"groups":{},"version_name":null,"device_model":"iPad","app":277124,"ip_address":"162.238.152.136","event_properties":{"service-name":"get-all-project"},"device_manufacturer":"Apple","amplitude_event_type":null,"language":"English","session_id":1596486974916,"location_lng":null,"user_properties":{"Username":"kaseygriffiths7@gmail.com"},"city":"Fayetteville","client_event_time":"2020-08-03 20:49:57.208000","server_received_time":"2020-08-03 20:49:57.379000","region":"Georgia","device_carrier":null,"device_type":"Apple iPad","os_name":"Chrome Mobile","user_creation_time":"2020-08-03 20:38:39.008000","country":"United States","event_time":"2020-08-03 20:49:57.208000","data":{},"os_version":"71","uuid":"e4e6df36-d5ca-11ea-b108-02cc8a0604ad","location_lat":null,"paying":null,"platform":"Web","sample_rate":null,"idfa":null}
{"processed_time":"2020-08-03 20:50:20.908614","amplitude_attribution_ids":null,"device_id":"t27ps7xUHFPJltDk753q4N","event_type":"failed-service","server_upload_time":"2020-08-03 20:50:20.584000","$insert_id":"a65c690d-6614-4408-b6f6-c8998bc1da06","event_id":10,"group_properties":{},"dma":"Atlanta, GA","device_brand":null,"amplitude_id":182350722856,"library":"amplitude-js\/6.1.0","device_family":"Apple iPad","is_attribution_event":false,"adid":null,"user_id":"kaseygriffiths7@gmail.com","client_upload_time":"2020-08-03 20:50:20.391000","$schema":12,"start_version":null,"groups":{},"version_name":null,"device_model":"iPad","app":277124,"ip_address":"162.238.152.136","event_properties":{"service-name":"get-all-project"},"device_manufacturer":"Apple","amplitude_event_type":null,"language":"English","session_id":1596486974916,"location_lng":null,"user_properties":{"Username":"kaseygriffiths7@gmail.com"},"city":"Fayetteville","client_event_time":"2020-08-03 20:50:20.389000","server_received_time":"2020-08-03 20:50:20.551000","region":"Georgia","device_carrier":null,"device_type":"Apple iPad","os_name":"Chrome Mobile","user_creation_time":"2020-08-03 20:38:39.008000","country":"United States","event_time":"2020-08-03 20:50:20.389000","data":{},"os_version":"71","uuid":"f208d7a0-d5ca-11ea-b108-02cc8a0604ad","location_lat":null,"paying":null,"platform":"Web","sample_rate":null,"idfa":null}
{"processed_time":"2020-08-03 20:50:24.917079","amplitude_attribution_ids":null,"device_id":"t27ps7xUHFPJltDk753q4N","event_type":"failed-service","server_upload_time":"2020-08-03 20:50:24.412000","$insert_id":"8c05b6f4-2471-4253-81d9-f7d94fcb62d7","event_id":11,"group_properties":{},"dma":"Atlanta, GA","device_brand":null,"amplitude_id":182350722856,"library":"amplitude-js\/6.1.0","device_family":"Apple iPad","is_attribution_event":false,"adid":null,"user_id":"kaseygriffiths7@gmail.com","client_upload_time":"2020-08-03 20:50:24.214000","$schema":12,"start_version":null,"groups":{},"version_name":null,"device_model":"iPad","app":277124,"ip_address":"162.238.152.136","event_properties":{"service-name":"get-brand-settings"},"device_manufacturer":"Apple","amplitude_event_type":null,"language":"English","session_id":1596486974916,"location_lng":null,"user_properties":{"Username":"kaseygriffiths7@gmail.com"},"city":"Fayetteville","client_event_time":"2020-08-03 20:50:24.213000","server_received_time":"2020-08-03 20:50:24.398000","region":"Georgia","device_carrier":null,"device_type":"Apple iPad","os_name":"Chrome Mobile","user_creation_time":"2020-08-03 20:38:39.008000","country":"United States","event_time":"2020-08-03 20:50:24.213000","data":{},"os_version":"71","uuid":"f46c236c-d5ca-11ea-b108-02cc8a0604ad","location_lat":null,"paying":null,"platform":"Web","sample_rate":null,"idfa":null}
{"$schema":12,"dma":null,"device_family":null,"groups":{},"user_properties":{"Username":"yateen4ever@gmail.com"},"library":"amplitude-js\/6.1.0","session_id":1596572941349,"amplitude_id":182153495926,"server_upload_time":"2020-08-03 20:51:16.178000","platform":"Web","device_model":null,"amplitude_event_type":null,"location_lng":null,"start_version":null,"device_id":"mdECIbfMKsvcPsAbbh9fBQ","device_carrier":null,"app":277124,"user_creation_time":"2020-08-02 23:13:52.068000","idfa":null,"device_manufacturer":null,"paying":null,"device_brand":null,"uuid":"1307c466-d5cb-11ea-a2a3-0619c0101558","amplitude_attribution_ids":null,"client_event_time":"2020-08-04 20:52:46.324000","event_id":19,"group_properties":{},"version_name":null,"region":"Mecca Region","event_time":"2020-08-03 20:52:16.170000","os_version":"84","location_lat":null,"ip_address":"212.62.104.55","server_received_time":"2020-08-03 20:51:16.171000","device_type":null,"city":"Jeddah","event_type":"failed-service","os_name":"Chrome","client_upload_time":"2020-08-04 20:52:46.325000","event_properties":{"service-name":"get-all-project"},"is_attribution_event":false,"sample_rate":null,"user_id":"yateen4ever@gmail.com","language":"English","adid":null,"data":{},"$insert_id":"573a2a4d-e2d7-44a0-bb79-84b3420eda02","processed_time":"2020-08-03 20:51:16.282072","country":"Saudi Arabia"}
{"$schema":12,"dma":null,"device_family":null,"groups":{},"user_properties":{"Username":"yateen4ever@gmail.com"},"library":"amplitude-js\/6.1.0","session_id":1596572941349,"amplitude_id":182153495926,"server_upload_time":"2020-08-03 20:51:30.126000","platform":"Web","device_model":null,"amplitude_event_type":null,"location_lng":null,"start_version":null,"device_id":"mdECIbfMKsvcPsAbbh9fBQ","device_carrier":null,"app":277124,"user_creation_time":"2020-08-02 23:13:52.068000","idfa":null,"device_manufacturer":null,"paying":null,"device_brand":null,"uuid":"1be55b5c-d5cb-11ea-a2a3-0619c0101558","amplitude_attribution_ids":null,"client_event_time":"2020-08-04 20:53:00.266000","event_id":20,"group_properties":{},"version_name":null,"region":"Mecca Region","event_time":"2020-08-03 20:52:30.117000","os_version":"84","location_lat":null,"ip_address":"212.62.104.55","server_received_time":"2020-08-03 20:51:30.118000","device_type":null,"city":"Jeddah","event_type":"failed-service","os_name":"Chrome","client_upload_time":"2020-08-04 20:53:00.267000","event_properties":{"service-name":"get-brand-settings"},"is_attribution_event":false,"sample_rate":null,"user_id":"yateen4ever@gmail.com","language":"English","adid":null,"data":{},"$insert_id":"9a568495-86bf-4e03-82a3-b55c12314952","processed_time":"2020-08-03 20:51:31.140492","country":"Saudi Arabia"}
{"$schema":12,"dma":null,"device_family":null,"groups":{},"user_properties":{"Username":"yateen4ever@gmail.com"},"library":"amplitude-js\/6.1.0","session_id":1596572941349,"amplitude_id":182153495926,"server_upload_time":"2020-08-03 20:51:35.107000","platform":"Web","device_model":null,"amplitude_event_type":null,"location_lng":null,"start_version":null,"device_id":"mdECIbfMKsvcPsAbbh9fBQ","device_carrier":null,"app":277124,"user_creation_time":"2020-08-02 23:13:52.068000","idfa":null,"device_manufacturer":null,"paying":null,"device_brand":null,"uuid":"1f118616-d5cb-11ea-a2a3-0619c0101558","amplitude_attribution_ids":null,"client_event_time":"2020-08-04 20:53:05.248000","event_id":21,"group_properties":{},"version_name":null,"region":"Mecca Region","event_time":"2020-08-03 20:52:35.096000","os_version":"84","location_lat":null,"ip_address":"212.62.104.55","server_received_time":"2020-08-03 20:51:35.097000","device_type":null,"city":"Jeddah","event_type":"failed-service","os_name":"Chrome","client_upload_time":"2020-08-04 20:53:05.249000","event_properties":{"service-name":"get-all-project"},"is_attribution_event":false,"sample_rate":null,"user_id":"yateen4ever@gmail.com","language":"English","adid":null,"data":{},"$insert_id":"a47f3b44-7613-4f7e-86b3-f2bf9ed0417f","processed_time":"2020-08-03 20:51:36.461074","country":"Saudi Arabia"}
{"$schema":12,"dma":null,"device_family":null,"groups":{},"user_properties":{"Username":"yateen4ever@gmail.com"},"library":"amplitude-js\/6.1.0","session_id":1596572941349,"amplitude_id":182153495926,"server_upload_time":"2020-08-03 20:51:55.062000","platform":"Web","device_model":null,"amplitude_event_type":null,"location_lng":null,"start_version":null,"device_id":"mdECIbfMKsvcPsAbbh9fBQ","device_carrier":null,"app":277124,"user_creation_time":"2020-08-02 23:13:52.068000","idfa":null,"device_manufacturer":null,"paying":null,"device_brand":null,"uuid":"2ab4480a-d5cb-11ea-a2a3-0619c0101558","amplitude_attribution_ids":null,"client_event_time":"2020-08-04 20:53:25.167000","event_id":22,"group_properties":{},"version_name":null,"region":"Mecca Region","event_time":"2020-08-03 20:52:55.031000","os_version":"84","location_lat":null,"ip_address":"212.62.104.55","server_received_time":"2020-08-03 20:51:55.032000","device_type":null,"city":"Jeddah","event_type":"subscription-page-visited","os_name":"Chrome","client_upload_time":"2020-08-04 20:53:25.168000","event_properties":{},"is_attribution_event":false,"sample_rate":null,"user_id":"yateen4ever@gmail.com","language":"English","adid":null,"data":{},"$insert_id":"73f3255f-5dcf-4321-ab1c-935ee199f2ab","processed_time":"2020-08-03 20:51:56.028615","country":"Saudi Arabia"}
{"$schema":12,"dma":null,"device_family":null,"groups":{},"user_properties":{"Username":"yateen4ever@gmail.com"},"library":"amplitude-js\/6.1.0","session_id":1596572941349,"amplitude_id":182153495926,"server_upload_time":"2020-08-03 20:52:08.927000","platform":"Web","device_model":null,"amplitude_event_type":null,"location_lng":null,"start_version":null,"device_id":"mdECIbfMKsvcPsAbbh9fBQ","device_carrier":null,"app":277124,"user_creation_time":"2020-08-02 23:13:52.068000","idfa":null,"device_manufacturer":null,"paying":null,"device_brand":null,"uuid":"33918ece-d5cb-11ea-a2a3-0619c0101558","amplitude_attribution_ids":null,"client_event_time":"2020-08-04 20:53:39.001000","event_id":23,"group_properties":{},"version_name":null,"region":"Mecca Region","event_time":"2020-08-03 20:53:08.884000","os_version":"84","location_lat":null,"ip_address":"212.62.104.55","server_received_time":"2020-08-03 20:52:08.886000","device_type":null,"city":"Jeddah","event_type":"clicked-buy-from-freeTrial","os_name":"Chrome","client_upload_time":"2020-08-04 20:53:39.003000","event_properties":{},"is_attribution_event":false,"sample_rate":null,"user_id":"yateen4ever@gmail.com","language":"English","adid":null,"data":{},"$insert_id":"751afe44-2728-4e91-a478-8258ac784fcb","processed_time":"2020-08-03 20:52:10.875244","country":"Saudi Arabia"}
