{"start_version":null,"platform":"Web","groups":{},"data":{},"user_id":"content@covid-gyan.in","location_lng":null,"user_creation_time":"2020-07-28 11:50:14.025000","client_upload_time":"2020-08-06 21:02:33.237000","amplitude_attribution_ids":null,"app":277124,"idfa":null,"country":"India","device_model":null,"event_type":"app-crash","user_properties":{"Username":"content@covid-gyan.in"},"amplitude_id":180819728257,"device_manufacturer":null,"adid":null,"location_lat":null,"uuid":"26e5bc86-d828-11ea-9c49-0adc8c3378ef","session_id":1596747746409,"dma":null,"os_version":"84","library":"amplitude-js\/6.1.0","version_name":null,"client_event_time":"2020-08-06 21:02:33.237000","device_type":null,"$insert_id":"5efd63d9-6399-46f2-92dc-4950811074bc","device_id":"GNd3PJa1nQRLzy3YkcExCD","event_properties":{"error-info":"https:\/\/brand-settings-images130431-pictory.s3.us-east-2.amazonaws.com\/public\/2af0ec31-74cc-4bed-8037-91cea7bab50c\/errors\/application\/1596747746415-crash.txt"},"sample_rate":null,"processed_time":"2020-08-06 21:02:35.155376","device_brand":null,"device_family":null,"language":"English","device_carrier":null,"is_attribution_event":false,"region":"Karnataka","amplitude_event_type":null,"server_received_time":"2020-08-06 21:02:33.035000","group_properties":{},"ip_address":"106.201.122.105","event_id":899,"paying":null,"server_upload_time":"2020-08-06 21:02:33.049000","event_time":"2020-08-06 21:02:33.237000","os_name":"Chrome","$schema":12,"city":"Bengaluru"}
