{"language":"English","processed_time":"2020-08-14 07:29:41.623253","os_name":"Chrome","user_creation_time":"2020-05-18 05:50:09.332000","library":"amplitude-js\/6.1.0","app":277124,"amplitude_id":159981070295,"device_carrier":null,"user_properties":{"Username":"grover.nishi@gmail.com"},"location_lng":null,"device_model":null,"device_type":null,"server_upload_time":"2020-08-14 07:29:40.140000","$schema":12,"platform":"Web","groups":{},"amplitude_attribution_ids":null,"client_upload_time":"2020-08-14 07:29:41.367000","device_brand":null,"start_version":null,"event_properties":{"project-category":"Hello and Welcome everybody","project-name":"Hello and Welcome everybody"},"paying":null,"idfa":null,"is_attribution_event":false,"server_received_time":"2020-08-14 07:29:40.135000","group_properties":{},"event_time":"2020-08-14 07:29:41.366000","amplitude_event_type":null,"device_manufacturer":null,"dma":null,"uuid":"eaedfcf6-ddff-11ea-bc8e-0aed3e686caf","city":"Bengaluru","sample_rate":null,"device_family":null,"region":"Karnataka","client_event_time":"2020-08-14 07:29:41.366000","device_id":"nIoUyTpHWVmZt0YtAvMwe5","ip_address":"49.207.200.186","version_name":null,"session_id":1597390163457,"event_type":"saved-video-opened","country":"India","event_id":1,"location_lat":null,"$insert_id":"70506085-6894-4697-852d-4318bb594d28","data":{},"adid":null,"user_id":"grover.nishi@gmail.com","os_version":"84"}
{"language":"English","processed_time":"2020-08-14 07:30:29.663630","os_name":"Chrome","user_creation_time":"2020-05-18 05:50:09.332000","library":"amplitude-js\/6.1.0","app":277124,"amplitude_id":159981070295,"device_carrier":null,"user_properties":{"Username":"grover.nishi@gmail.com"},"location_lng":null,"device_model":null,"device_type":null,"server_upload_time":"2020-08-14 07:30:01.369000","$schema":12,"platform":"Web","groups":{},"amplitude_attribution_ids":null,"client_upload_time":"2020-08-14 07:30:02.593000","device_brand":null,"start_version":null,"event_properties":{"project-category":"Countries around the world have been impacted by the ongoing cornonavirus pandemic","project-name":"Collaboration when WFH - with BDT"},"paying":null,"idfa":null,"is_attribution_event":false,"server_received_time":"2020-08-14 07:30:01.360000","group_properties":{},"event_time":"2020-08-14 07:30:02.592000","amplitude_event_type":null,"device_manufacturer":null,"dma":null,"uuid":"07917bda-de00-11ea-bc8e-0aed3e686caf","city":"Bengaluru","sample_rate":null,"device_family":null,"region":"Karnataka","client_event_time":"2020-08-14 07:30:02.592000","device_id":"nIoUyTpHWVmZt0YtAvMwe5","ip_address":"49.207.200.186","version_name":null,"session_id":1597390163457,"event_type":"saved-video-opened","country":"India","event_id":2,"location_lat":null,"$insert_id":"1be81485-01db-4dfd-ae89-819960f20d64","data":{},"adid":null,"user_id":"grover.nishi@gmail.com","os_version":"84"}
{"language":"English","processed_time":"2020-08-14 07:30:40.611186","os_name":"Chrome","user_creation_time":"2020-05-18 05:50:09.332000","library":"amplitude-js\/6.1.0","app":277124,"amplitude_id":159981070295,"device_carrier":null,"user_properties":{"Username":"grover.nishi@gmail.com"},"location_lng":null,"device_model":null,"device_type":null,"server_upload_time":"2020-08-14 07:30:25.371000","$schema":12,"platform":"Web","groups":{},"amplitude_attribution_ids":null,"client_upload_time":"2020-08-14 07:30:26.597000","device_brand":null,"start_version":null,"event_properties":{"project-id":526116354,"search-type":"All","search-term":"pandemic"},"paying":null,"idfa":null,"is_attribution_event":false,"server_received_time":"2020-08-14 07:30:25.366000","group_properties":{},"event_time":"2020-08-14 07:30:26.596000","amplitude_event_type":null,"device_manufacturer":null,"dma":null,"uuid":"0e178148-de00-11ea-bc8e-0aed3e686caf","city":"Bengaluru","sample_rate":null,"device_family":null,"region":"Karnataka","client_event_time":"2020-08-14 07:30:26.596000","device_id":"nIoUyTpHWVmZt0YtAvMwe5","ip_address":"49.207.200.186","version_name":null,"session_id":1597390163457,"event_type":"asset-searched","country":"India","event_id":3,"location_lat":null,"$insert_id":"a826e5c5-c1a8-45dc-b18c-ce6db2537d1b","data":{},"adid":null,"user_id":"grover.nishi@gmail.com","os_version":"84"}
{"language":"English","processed_time":"2020-08-14 07:30:51.315050","os_name":"Chrome","user_creation_time":"2020-05-18 05:50:09.332000","library":"amplitude-js\/6.1.0","app":277124,"amplitude_id":159981070295,"device_carrier":null,"user_properties":{"Username":"grover.nishi@gmail.com"},"location_lng":null,"device_model":null,"device_type":null,"server_upload_time":"2020-08-14 07:30:46.966000","$schema":12,"platform":"Web","groups":{},"amplitude_attribution_ids":null,"client_upload_time":"2020-08-14 07:30:48.186000","device_brand":null,"start_version":null,"event_properties":{"project-id":526116354,"search-type":"All","search-term":"pandemic"},"paying":null,"idfa":null,"is_attribution_event":false,"server_received_time":"2020-08-14 07:30:46.953000","group_properties":{},"event_time":"2020-08-14 07:30:48.185000","amplitude_event_type":null,"device_manufacturer":null,"dma":null,"uuid":"14793b08-de00-11ea-bc8e-0aed3e686caf","city":"Bengaluru","sample_rate":null,"device_family":null,"region":"Karnataka","client_event_time":"2020-08-14 07:30:48.185000","device_id":"nIoUyTpHWVmZt0YtAvMwe5","ip_address":"49.207.200.186","version_name":null,"session_id":1597390163457,"event_type":"asset-searched","country":"India","event_id":4,"location_lat":null,"$insert_id":"753cc022-f03f-4a7e-9404-e6c2888fd585","data":{},"adid":null,"user_id":"grover.nishi@gmail.com","os_version":"84"}
{"language":"English","processed_time":"2020-08-14 07:31:08.121630","os_name":"Chrome","user_creation_time":"2020-05-18 05:50:09.332000","library":"amplitude-js\/6.1.0","app":277124,"amplitude_id":159981070295,"device_carrier":null,"user_properties":{"Username":"grover.nishi@gmail.com"},"location_lng":null,"device_model":null,"device_type":null,"server_upload_time":"2020-08-14 07:31:06.139000","$schema":12,"platform":"Web","groups":{},"amplitude_attribution_ids":null,"client_upload_time":"2020-08-14 07:31:07.369000","device_brand":null,"start_version":null,"event_properties":{"project-id":526116354,"search-type":"All","search-term":"pandemic"},"paying":null,"idfa":null,"is_attribution_event":false,"server_received_time":"2020-08-14 07:31:06.134000","group_properties":{},"event_time":"2020-08-14 07:31:07.369000","amplitude_event_type":null,"device_manufacturer":null,"dma":null,"uuid":"1e7c877c-de00-11ea-bc8e-0aed3e686caf","city":"Bengaluru","sample_rate":null,"device_family":null,"region":"Karnataka","client_event_time":"2020-08-14 07:31:07.369000","device_id":"nIoUyTpHWVmZt0YtAvMwe5","ip_address":"49.207.200.186","version_name":null,"session_id":1597390163457,"event_type":"asset-searched","country":"India","event_id":5,"location_lat":null,"$insert_id":"0559337f-9915-4316-a2e5-ceae31059ca4","data":{},"adid":null,"user_id":"grover.nishi@gmail.com","os_version":"84"}
{"language":"English","processed_time":"2020-08-14 07:31:11.115647","os_name":"Chrome","user_creation_time":"2020-05-18 05:50:09.332000","library":"amplitude-js\/6.1.0","app":277124,"amplitude_id":159981070295,"device_carrier":null,"user_properties":{"Username":"grover.nishi@gmail.com"},"location_lng":null,"device_model":null,"device_type":null,"server_upload_time":"2020-08-14 07:31:08.705000","$schema":12,"platform":"Web","groups":{},"amplitude_attribution_ids":null,"client_upload_time":"2020-08-14 07:31:09.935000","device_brand":null,"start_version":null,"event_properties":{"new-image":"https:\/\/dm0qx8t0i9gc9.cloudfront.net\/watermarks\/video\/cq8l59W\/videoblocks-pandemic-the-epidemic-of-the-covid-19-virus-takes-over-the-entire-planet_hzy4byfwl__2ab5a0f41f34ec0ab09f8aeed54fee23__P360.mp4?type=preview&origin=VIDEOBLOCKS&timestamp_ms=1597390247570&publicKey=NFKFzias7JkF35W3n9edUuQV1Rnn7udTDco3ZbvzlsXgiAzLXO0a15shkgbMNmXZ&organizationId=103776&apiVersion=1.0&stockItemId=10875232&resolution=180p&searchId=cd86d34f-52f8-4d25-8e1d-3ad9e6d50895&searchPageId=5e7138af-dcaf-497c-ab73-1ee8d98e6bbb","project-id":526116354,"source":"Visual Library","old-image":"https:\/\/image-search-api.pictory.ai\/api\/v1\/libraries\/pixa_bay\/image\/largeImageURL\/5277306.jpg","scene-text":"the ongoing coronavirus pandemic."},"paying":null,"idfa":null,"is_attribution_event":false,"server_received_time":"2020-08-14 07:31:08.701000","group_properties":{},"event_time":"2020-08-14 07:31:09.934000","amplitude_event_type":null,"device_manufacturer":null,"dma":null,"uuid":"204626da-de00-11ea-bc8e-0aed3e686caf","city":"Bengaluru","sample_rate":null,"device_family":null,"region":"Karnataka","client_event_time":"2020-08-14 07:31:09.934000","device_id":"nIoUyTpHWVmZt0YtAvMwe5","ip_address":"49.207.200.186","version_name":null,"session_id":1597390163457,"event_type":"image-replaced","country":"India","event_id":6,"location_lat":null,"$insert_id":"1636490b-d0de-4d55-b334-65742d7dac0d","data":{},"adid":null,"user_id":"grover.nishi@gmail.com","os_version":"84"}
{"language":"English","processed_time":"2020-08-14 07:31:15.322279","os_name":"Chrome","user_creation_time":"2020-05-18 05:50:09.332000","library":"amplitude-js\/6.1.0","app":277124,"amplitude_id":159981070295,"device_carrier":null,"user_properties":{"Username":"grover.nishi@gmail.com"},"location_lng":null,"device_model":null,"device_type":null,"server_upload_time":"2020-08-14 07:31:12.422000","$schema":12,"platform":"Web","groups":{},"amplitude_attribution_ids":null,"client_upload_time":"2020-08-14 07:31:13.639000","device_brand":null,"start_version":null,"event_properties":{"project-id":526116354,"project-category":"Countries around the world have been impacted by the ongoing cornonavirus pandemic","project-name":"Collaboration when WFH - with BDT","save-type":"Saved Video"},"paying":null,"idfa":null,"is_attribution_event":false,"server_received_time":"2020-08-14 07:31:12.409000","group_properties":{},"event_time":"2020-08-14 07:31:13.638000","amplitude_event_type":null,"device_manufacturer":null,"dma":null,"uuid":"22bf9266-de00-11ea-bc8e-0aed3e686caf","city":"Bengaluru","sample_rate":null,"device_family":null,"region":"Karnataka","client_event_time":"2020-08-14 07:31:13.638000","device_id":"nIoUyTpHWVmZt0YtAvMwe5","ip_address":"49.207.200.186","version_name":null,"session_id":1597390163457,"event_type":"video-saved","country":"India","event_id":7,"location_lat":null,"$insert_id":"2ff118e7-cf74-4475-bc3e-4307ac91cb30","data":{},"adid":null,"user_id":"grover.nishi@gmail.com","os_version":"84"}
{"language":"English","processed_time":"2020-08-14 07:32:12.367314","os_name":"Chrome","user_creation_time":"2020-05-18 05:50:09.332000","library":"amplitude-js\/6.1.0","app":277124,"amplitude_id":159981070295,"device_carrier":null,"user_properties":{"Username":"grover.nishi@gmail.com"},"location_lng":null,"device_model":null,"device_type":null,"server_upload_time":"2020-08-14 07:32:11.194000","$schema":12,"platform":"Web","groups":{},"amplitude_attribution_ids":null,"client_upload_time":"2020-08-14 07:32:12.421000","device_brand":null,"start_version":null,"event_properties":{"project-id":526116354,"search-type":"All","search-term":"pandemic"},"paying":null,"idfa":null,"is_attribution_event":false,"server_received_time":"2020-08-14 07:32:11.190000","group_properties":{},"event_time":"2020-08-14 07:32:12.420000","amplitude_event_type":null,"device_manufacturer":null,"dma":null,"uuid":"44c88ad4-de00-11ea-bc8e-0aed3e686caf","city":"Bengaluru","sample_rate":null,"device_family":null,"region":"Karnataka","client_event_time":"2020-08-14 07:32:12.420000","device_id":"nIoUyTpHWVmZt0YtAvMwe5","ip_address":"49.207.200.186","version_name":null,"session_id":1597390163457,"event_type":"asset-searched","country":"India","event_id":8,"location_lat":null,"$insert_id":"3239aa59-065d-472a-8c7b-289f7c379166","data":{},"adid":null,"user_id":"grover.nishi@gmail.com","os_version":"84"}
{"language":"English","processed_time":"2020-08-14 07:32:34.306373","os_name":"Chrome","user_creation_time":"2020-05-18 05:50:09.332000","library":"amplitude-js\/6.1.0","app":277124,"amplitude_id":159981070295,"device_carrier":null,"user_properties":{"Username":"grover.nishi@gmail.com"},"location_lng":null,"device_model":null,"device_type":null,"server_upload_time":"2020-08-14 07:32:32.832000","$schema":12,"platform":"Web","groups":{},"amplitude_attribution_ids":null,"client_upload_time":"2020-08-14 07:32:34.054000","device_brand":null,"start_version":null,"event_properties":{"new-image":"https:\/\/kta7t51vz9.execute-api.us-east-2.amazonaws.com\/prod\/api\/v1\/libraries\/pixa_bay\/video\/large\/35570.mp4","project-id":526116354,"source":"Visual Library","old-image":"https:\/\/image-search-api.pictory.ai\/api\/v1\/libraries\/pixa_bay\/video\/large\/35936.mp4","scene-text":"globe."},"paying":null,"idfa":null,"is_attribution_event":false,"server_received_time":"2020-08-14 07:32:32.819000","group_properties":{},"event_time":"2020-08-14 07:32:34.053000","amplitude_event_type":null,"device_manufacturer":null,"dma":null,"uuid":"51dc0084-de00-11ea-bc8e-0aed3e686caf","city":"Bengaluru","sample_rate":null,"device_family":null,"region":"Karnataka","client_event_time":"2020-08-14 07:32:34.053000","device_id":"nIoUyTpHWVmZt0YtAvMwe5","ip_address":"49.207.200.186","version_name":null,"session_id":1597390163457,"event_type":"image-replaced","country":"India","event_id":9,"location_lat":null,"$insert_id":"497eebea-9b6b-49e3-921a-51f30b1aae1f","data":{},"adid":null,"user_id":"grover.nishi@gmail.com","os_version":"84"}
{"language":"English","processed_time":"2020-08-14 07:32:39.033163","os_name":"Chrome","user_creation_time":"2020-05-18 05:50:09.332000","library":"amplitude-js\/6.1.0","app":277124,"amplitude_id":159981070295,"device_carrier":null,"user_properties":{"Username":"grover.nishi@gmail.com"},"location_lng":null,"device_model":null,"device_type":null,"server_upload_time":"2020-08-14 07:32:36.216000","$schema":12,"platform":"Web","groups":{},"amplitude_attribution_ids":null,"client_upload_time":"2020-08-14 07:32:37.443000","device_brand":null,"start_version":null,"event_properties":{"project-id":526116354,"project-category":"Countries around the world have been impacted by the ongoing cornonavirus pandemic","project-name":"Collaboration when WFH - with BDT","save-type":"Saved Video"},"paying":null,"idfa":null,"is_attribution_event":false,"server_received_time":"2020-08-14 07:32:36.211000","group_properties":{},"event_time":"2020-08-14 07:32:37.442000","amplitude_event_type":null,"device_manufacturer":null,"dma":null,"uuid":"54adb780-de00-11ea-bc8e-0aed3e686caf","city":"Bengaluru","sample_rate":null,"device_family":null,"region":"Karnataka","client_event_time":"2020-08-14 07:32:37.442000","device_id":"nIoUyTpHWVmZt0YtAvMwe5","ip_address":"49.207.200.186","version_name":null,"session_id":1597390163457,"event_type":"video-saved","country":"India","event_id":10,"location_lat":null,"$insert_id":"4b3c7998-2bd9-4b4b-b941-9263f8af59e7","data":{},"adid":null,"user_id":"grover.nishi@gmail.com","os_version":"84"}
{"language":"English","processed_time":"2020-08-14 07:32:46.461481","os_name":"Chrome","user_creation_time":"2020-05-18 05:50:09.332000","library":"amplitude-js\/6.1.0","app":277124,"amplitude_id":159981070295,"device_carrier":null,"user_properties":{"Username":"grover.nishi@gmail.com"},"location_lng":null,"device_model":null,"device_type":null,"server_upload_time":"2020-08-14 07:32:45.810000","$schema":12,"platform":"Web","groups":{},"amplitude_attribution_ids":null,"client_upload_time":"2020-08-14 07:32:47.034000","device_brand":null,"start_version":null,"event_properties":{"project-id":526116354,"search-type":"All","search-term":"work from home"},"paying":null,"idfa":null,"is_attribution_event":false,"server_received_time":"2020-08-14 07:32:45.802000","group_properties":{},"event_time":"2020-08-14 07:32:47.033000","amplitude_event_type":null,"device_manufacturer":null,"dma":null,"uuid":"591a4ae0-de00-11ea-bc8e-0aed3e686caf","city":"Bengaluru","sample_rate":null,"device_family":null,"region":"Karnataka","client_event_time":"2020-08-14 07:32:47.033000","device_id":"nIoUyTpHWVmZt0YtAvMwe5","ip_address":"49.207.200.186","version_name":null,"session_id":1597390163457,"event_type":"asset-searched","country":"India","event_id":11,"location_lat":null,"$insert_id":"13038078-8c37-4ea6-b88e-21c320c9d54b","data":{},"adid":null,"user_id":"grover.nishi@gmail.com","os_version":"84"}
{"language":"English","processed_time":"2020-08-14 07:33:18.533928","os_name":"Chrome","user_creation_time":"2020-05-18 05:50:09.332000","library":"amplitude-js\/6.1.0","app":277124,"amplitude_id":159981070295,"device_carrier":null,"user_properties":{"Username":"grover.nishi@gmail.com"},"location_lng":null,"device_model":null,"device_type":null,"server_upload_time":"2020-08-14 07:33:16.281000","$schema":12,"platform":"Web","groups":{},"amplitude_attribution_ids":null,"client_upload_time":"2020-08-14 07:33:17.508000","device_brand":null,"start_version":null,"event_properties":{"new-image":"https:\/\/kta7t51vz9.execute-api.us-east-2.amazonaws.com\/prod\/api\/v1\/libraries\/pixa_bay\/video\/large\/42305.mp4","project-id":526116354,"source":"Visual Library","old-image":"https:\/\/image-search-api.pictory.ai\/api\/v1\/libraries\/pixa_bay\/video\/large\/35056.mp4","scene-text":"connect remotely to continue their work."},"paying":null,"idfa":null,"is_attribution_event":false,"server_received_time":"2020-08-14 07:33:16.274000","group_properties":{},"event_time":"2020-08-14 07:33:17.506000","amplitude_event_type":null,"device_manufacturer":null,"dma":null,"uuid":"6c38847a-de00-11ea-bc8e-0aed3e686caf","city":"Bengaluru","sample_rate":null,"device_family":null,"region":"Karnataka","client_event_time":"2020-08-14 07:33:17.506000","device_id":"nIoUyTpHWVmZt0YtAvMwe5","ip_address":"49.207.200.186","version_name":null,"session_id":1597390163457,"event_type":"image-replaced","country":"India","event_id":12,"location_lat":null,"$insert_id":"ae0d899d-984c-48c0-87d1-5f1e00300b87","data":{},"adid":null,"user_id":"grover.nishi@gmail.com","os_version":"84"}
{"language":"English","processed_time":"2020-08-14 07:33:20.363360","os_name":"Chrome","user_creation_time":"2020-05-18 05:50:09.332000","library":"amplitude-js\/6.1.0","app":277124,"amplitude_id":159981070295,"device_carrier":null,"user_properties":{"Username":"grover.nishi@gmail.com"},"location_lng":null,"device_model":null,"device_type":null,"server_upload_time":"2020-08-14 07:33:19.134000","$schema":12,"platform":"Web","groups":{},"amplitude_attribution_ids":null,"client_upload_time":"2020-08-14 07:33:20.357000","device_brand":null,"start_version":null,"event_properties":{"project-id":526116354,"project-category":"Countries around the world have been impacted by the ongoing cornonavirus pandemic","project-name":"Collaboration when WFH - with BDT","save-type":"Saved Video"},"paying":null,"idfa":null,"is_attribution_event":false,"server_received_time":"2020-08-14 07:33:19.124000","group_properties":{},"event_time":"2020-08-14 07:33:20.356000","amplitude_event_type":null,"device_manufacturer":null,"dma":null,"uuid":"6d50004a-de00-11ea-bc8e-0aed3e686caf","city":"Bengaluru","sample_rate":null,"device_family":null,"region":"Karnataka","client_event_time":"2020-08-14 07:33:20.356000","device_id":"nIoUyTpHWVmZt0YtAvMwe5","ip_address":"49.207.200.186","version_name":null,"session_id":1597390163457,"event_type":"video-saved","country":"India","event_id":13,"location_lat":null,"$insert_id":"9f5478b1-faf5-4c62-8cdf-7494a51a8050","data":{},"adid":null,"user_id":"grover.nishi@gmail.com","os_version":"84"}
{"language":"English","processed_time":"2020-08-14 07:34:29.532752","os_name":"Chrome","user_creation_time":"2020-05-18 05:50:09.332000","library":"amplitude-js\/6.1.0","app":277124,"amplitude_id":159981070295,"device_carrier":null,"user_properties":{"Username":"grover.nishi@gmail.com"},"location_lng":null,"device_model":null,"device_type":null,"server_upload_time":"2020-08-14 07:34:27.660000","$schema":12,"platform":"Web","groups":{},"amplitude_attribution_ids":null,"client_upload_time":"2020-08-14 07:34:28.877000","device_brand":null,"start_version":null,"event_properties":{"new-image":"https:\/\/dm0qx8t0i9gc9.cloudfront.net\/watermarks\/video\/HrrabAxWinloumzm\/videoblocks-mature-businessman-with-computer-sitting-at-the-table-in-an-office-working_rfqogqh54__f72bad560c382697cbacc4c5f874f5dd__P360.mp4?type=preview&origin=VIDEOBLOCKS&timestamp_ms=1597390366328&publicKey=NFKFzias7JkF35W3n9edUuQV1Rnn7udTDco3ZbvzlsXgiAzLXO0a15shkgbMNmXZ&organizationId=103776&apiVersion=1.0&stockItemId=9728974&resolution=180p&searchId=8fcbcd47-a322-4d54-803f-23812de8afbd&searchPageId=0824fc71-d4b7-4b7c-960b-b9297b205832","project-id":526116354,"source":"Visual Library","old-image":"https:\/\/image-search-api.pictory.ai\/api\/v1\/libraries\/pixa_bay\/image\/largeImageURL\/5059830.jpg","scene-text":"might be harder"},"paying":null,"idfa":null,"is_attribution_event":false,"server_received_time":"2020-08-14 07:34:27.646000","group_properties":{},"event_time":"2020-08-14 07:34:28.875000","amplitude_event_type":null,"device_manufacturer":null,"dma":null,"uuid":"9685b248-de00-11ea-bc8e-0aed3e686caf","city":"Bengaluru","sample_rate":null,"device_family":null,"region":"Karnataka","client_event_time":"2020-08-14 07:34:28.875000","device_id":"nIoUyTpHWVmZt0YtAvMwe5","ip_address":"49.207.200.186","version_name":null,"session_id":1597390163457,"event_type":"image-replaced","country":"India","event_id":14,"location_lat":null,"$insert_id":"d6ba6ab9-18a3-48a7-99f5-743f8c424f7a","data":{},"adid":null,"user_id":"grover.nishi@gmail.com","os_version":"84"}
{"language":"English","processed_time":"2020-08-14 07:34:32.208709","os_name":"Chrome","user_creation_time":"2020-05-18 05:50:09.332000","library":"amplitude-js\/6.1.0","app":277124,"amplitude_id":159981070295,"device_carrier":null,"user_properties":{"Username":"grover.nishi@gmail.com"},"location_lng":null,"device_model":null,"device_type":null,"server_upload_time":"2020-08-14 07:34:30.643000","$schema":12,"platform":"Web","groups":{},"amplitude_attribution_ids":null,"client_upload_time":"2020-08-14 07:34:31.871000","device_brand":null,"start_version":null,"event_properties":{"project-id":526116354,"project-category":"Countries around the world have been impacted by the ongoing cornonavirus pandemic","project-name":"Collaboration when WFH - with BDT","save-type":"Saved Video"},"paying":null,"idfa":null,"is_attribution_event":false,"server_received_time":"2020-08-14 07:34:30.636000","group_properties":{},"event_time":"2020-08-14 07:34:31.870000","amplitude_event_type":null,"device_manufacturer":null,"dma":null,"uuid":"98234156-de00-11ea-bc8e-0aed3e686caf","city":"Bengaluru","sample_rate":null,"device_family":null,"region":"Karnataka","client_event_time":"2020-08-14 07:34:31.870000","device_id":"nIoUyTpHWVmZt0YtAvMwe5","ip_address":"49.207.200.186","version_name":null,"session_id":1597390163457,"event_type":"video-saved","country":"India","event_id":15,"location_lat":null,"$insert_id":"e12f4fee-1c2e-4fc9-b58b-3c232401dcb0","data":{},"adid":null,"user_id":"grover.nishi@gmail.com","os_version":"84"}
{"language":"English","processed_time":"2020-08-14 07:34:36.040441","os_name":"Chrome","user_creation_time":"2020-05-18 05:50:09.332000","library":"amplitude-js\/6.1.0","app":277124,"amplitude_id":159981070295,"device_carrier":null,"user_properties":{"Username":"grover.nishi@gmail.com"},"location_lng":null,"device_model":null,"device_type":null,"server_upload_time":"2020-08-14 07:34:33.701000","$schema":12,"platform":"Web","groups":{},"amplitude_attribution_ids":null,"client_upload_time":"2020-08-14 07:34:34.925000","device_brand":null,"start_version":null,"event_properties":{"project-id":526116354,"search-type":"All","search-term":"work from home"},"paying":null,"idfa":null,"is_attribution_event":false,"server_received_time":"2020-08-14 07:34:33.694000","group_properties":{},"event_time":"2020-08-14 07:34:34.925000","amplitude_event_type":null,"device_manufacturer":null,"dma":null,"uuid":"9a6bdbbc-de00-11ea-bc8e-0aed3e686caf","city":"Bengaluru","sample_rate":null,"device_family":null,"region":"Karnataka","client_event_time":"2020-08-14 07:34:34.925000","device_id":"nIoUyTpHWVmZt0YtAvMwe5","ip_address":"49.207.200.186","version_name":null,"session_id":1597390163457,"event_type":"asset-searched","country":"India","event_id":16,"location_lat":null,"$insert_id":"7a0a92f0-f08d-449b-8c70-454c0d8b31a0","data":{},"adid":null,"user_id":"grover.nishi@gmail.com","os_version":"84"}
{"language":"English","processed_time":"2020-08-14 07:34:46.132183","os_name":"Chrome","user_creation_time":"2020-05-18 05:50:09.332000","library":"amplitude-js\/6.1.0","app":277124,"amplitude_id":159981070295,"device_carrier":null,"user_properties":{"Username":"grover.nishi@gmail.com"},"location_lng":null,"device_model":null,"device_type":null,"server_upload_time":"2020-08-14 07:34:43.193000","$schema":12,"platform":"Web","groups":{},"amplitude_attribution_ids":null,"client_upload_time":"2020-08-14 07:34:44.418000","device_brand":null,"start_version":null,"event_properties":{"project-id":526116354,"search-type":"All","search-term":"complex technical task"},"paying":null,"idfa":null,"is_attribution_event":false,"server_received_time":"2020-08-14 07:34:43.185000","group_properties":{},"event_time":"2020-08-14 07:34:44.417000","amplitude_event_type":null,"device_manufacturer":null,"dma":null,"uuid":"a06fd144-de00-11ea-bc8e-0aed3e686caf","city":"Bengaluru","sample_rate":null,"device_family":null,"region":"Karnataka","client_event_time":"2020-08-14 07:34:44.417000","device_id":"nIoUyTpHWVmZt0YtAvMwe5","ip_address":"49.207.200.186","version_name":null,"session_id":1597390163457,"event_type":"asset-searched","country":"India","event_id":17,"location_lat":null,"$insert_id":"5f0467f4-1ca0-419e-bcbe-10d772b4bd35","data":{},"adid":null,"user_id":"grover.nishi@gmail.com","os_version":"84"}
{"language":"English","processed_time":"2020-08-14 07:35:32.957632","os_name":"Chrome","user_creation_time":"2020-05-18 05:50:09.332000","library":"amplitude-js\/6.1.0","app":277124,"amplitude_id":159981070295,"device_carrier":null,"user_properties":{"Username":"grover.nishi@gmail.com"},"location_lng":null,"device_model":null,"device_type":null,"server_upload_time":"2020-08-14 07:35:29.973000","$schema":12,"platform":"Web","groups":{},"amplitude_attribution_ids":null,"client_upload_time":"2020-08-14 07:35:31.197000","device_brand":null,"start_version":null,"event_properties":{"new-image":"https:\/\/d2v9y0dukr6mq2.cloudfront.net\/video\/preview\/A039Hsw\/stressed-businesswoman-takes-phone-call_xjqdkond__PM.mp4?type=preview&origin=VIDEOBLOCKS&timestamp_ms=1597390483793&publicKey=NFKFzias7JkF35W3n9edUuQV1Rnn7udTDco3ZbvzlsXgiAzLXO0a15shkgbMNmXZ&organizationId=103776&apiVersion=1.0&stockItemId=167799&resolution=180p&searchId=3c99521e-ab6a-43f7-b780-d7762dd46912&searchPageId=c1626546-e440-4f9c-82e2-4b02e41a2098","project-id":526116354,"source":"Visual Library","old-image":"https:\/\/dm0qx8t0i9gc9.cloudfront.net\/watermarks\/video\/HrrabAxWinloumzm\/videoblocks-mature-businessman-with-computer-sitting-at-the-table-in-an-office-working_rfqogqh54__f72bad560c382697cbacc4c5f874f5dd__P360.mp4?type=preview&origin=VIDEOBLOCKS&timestamp_ms=1597390366328&publicKey=NFKFzias7JkF35W3n9edUuQV1Rnn7udTDco3ZbvzlsXgiAzLXO0a15shkgbMNmXZ&organizationId=103776&apiVersion=1.0&stockItemId=9728974&resolution=180p&searchId=8fcbcd47-a322-4d54-803f-23812de8afbd&searchPageId=0824fc71-d4b7-4b7c-960b-b9297b205832","scene-text":"might be harder"},"paying":null,"idfa":null,"is_attribution_event":false,"server_received_time":"2020-08-14 07:35:29.967000","group_properties":{},"event_time":"2020-08-14 07:35:31.195000","amplitude_event_type":null,"device_manufacturer":null,"dma":null,"uuid":"bc57b3c2-de00-11ea-bc8e-0aed3e686caf","city":"Bengaluru","sample_rate":null,"device_family":null,"region":"Karnataka","client_event_time":"2020-08-14 07:35:31.195000","device_id":"nIoUyTpHWVmZt0YtAvMwe5","ip_address":"49.207.200.186","version_name":null,"session_id":1597390163457,"event_type":"image-replaced","country":"India","event_id":18,"location_lat":null,"$insert_id":"9815c15d-8931-41c1-aee9-ed82e85a4d34","data":{},"adid":null,"user_id":"grover.nishi@gmail.com","os_version":"84"}
{"language":"English","processed_time":"2020-08-14 07:35:34.957035","os_name":"Chrome","user_creation_time":"2020-05-18 05:50:09.332000","library":"amplitude-js\/6.1.0","app":277124,"amplitude_id":159981070295,"device_carrier":null,"user_properties":{"Username":"grover.nishi@gmail.com"},"location_lng":null,"device_model":null,"device_type":null,"server_upload_time":"2020-08-14 07:35:33.063000","$schema":12,"platform":"Web","groups":{},"amplitude_attribution_ids":null,"client_upload_time":"2020-08-14 07:35:34.288000","device_brand":null,"start_version":null,"event_properties":{"project-id":526116354,"project-category":"Countries around the world have been impacted by the ongoing cornonavirus pandemic","project-name":"Collaboration when WFH - with BDT","save-type":"Saved Video"},"paying":null,"idfa":null,"is_attribution_event":false,"server_received_time":"2020-08-14 07:35:33.056000","group_properties":{},"event_time":"2020-08-14 07:35:34.287000","amplitude_event_type":null,"device_manufacturer":null,"dma":null,"uuid":"bd89ebde-de00-11ea-bc8e-0aed3e686caf","city":"Bengaluru","sample_rate":null,"device_family":null,"region":"Karnataka","client_event_time":"2020-08-14 07:35:34.287000","device_id":"nIoUyTpHWVmZt0YtAvMwe5","ip_address":"49.207.200.186","version_name":null,"session_id":1597390163457,"event_type":"video-saved","country":"India","event_id":19,"location_lat":null,"$insert_id":"109f28fd-0b42-4e45-abed-debd231f3e1d","data":{},"adid":null,"user_id":"grover.nishi@gmail.com","os_version":"84"}
{"language":"English","processed_time":"2020-08-14 07:36:28.308058","os_name":"Chrome","user_creation_time":"2020-05-18 05:50:09.332000","library":"amplitude-js\/6.1.0","app":277124,"amplitude_id":159981070295,"device_carrier":null,"user_properties":{"Username":"grover.nishi@gmail.com"},"location_lng":null,"device_model":null,"device_type":null,"server_upload_time":"2020-08-14 07:36:27.109000","$schema":12,"platform":"Web","groups":{},"amplitude_attribution_ids":null,"client_upload_time":"2020-08-14 07:36:28.336000","device_brand":null,"start_version":null,"event_properties":{"project-id":526116354},"paying":null,"idfa":null,"is_attribution_event":false,"server_received_time":"2020-08-14 07:36:27.103000","group_properties":{},"event_time":"2020-08-14 07:36:28.334000","amplitude_event_type":null,"device_manufacturer":null,"dma":null,"uuid":"dd568a44-de00-11ea-bc8e-0aed3e686caf","city":"Bengaluru","sample_rate":null,"device_family":null,"region":"Karnataka","client_event_time":"2020-08-14 07:36:28.334000","device_id":"nIoUyTpHWVmZt0YtAvMwe5","ip_address":"49.207.200.186","version_name":null,"session_id":1597390163457,"event_type":"upload-clicked","country":"India","event_id":20,"location_lat":null,"$insert_id":"5753b916-daab-40f1-a50c-71010cb39e86","data":{},"adid":null,"user_id":"grover.nishi@gmail.com","os_version":"84"}
{"language":"English","processed_time":"2020-08-14 07:36:41.185304","os_name":"Chrome","user_creation_time":"2020-05-18 05:50:09.332000","library":"amplitude-js\/6.1.0","app":277124,"amplitude_id":159981070295,"device_carrier":null,"user_properties":{"Username":"grover.nishi@gmail.com"},"location_lng":null,"device_model":null,"device_type":null,"server_upload_time":"2020-08-14 07:36:38.955000","$schema":12,"platform":"Web","groups":{},"amplitude_attribution_ids":null,"client_upload_time":"2020-08-14 07:36:40.178000","device_brand":null,"start_version":null,"event_properties":{"new-image":"https:\/\/brand-settings-images130431-pictory.s3.us-east-2.amazonaws.com\/public\/2441b05f-912c-4689-91ac-bda40399d6d3\/images\/scen.PNG","project-id":526116354,"source":"Upload Image","old-image":"https:\/\/brand-settings-images130431-pictory.s3.us-east-2.amazonaws.com\/public\/2441b05f-912c-4689-91ac-bda40399d6d3\/images\/More tests.png","scene-text":"developer can..."},"paying":null,"idfa":null,"is_attribution_event":false,"server_received_time":"2020-08-14 07:36:38.942000","group_properties":{},"event_time":"2020-08-14 07:36:40.178000","amplitude_event_type":null,"device_manufacturer":null,"dma":null,"uuid":"e503987c-de00-11ea-bc8e-0aed3e686caf","city":"Bengaluru","sample_rate":null,"device_family":null,"region":"Karnataka","client_event_time":"2020-08-14 07:36:40.178000","device_id":"nIoUyTpHWVmZt0YtAvMwe5","ip_address":"49.207.200.186","version_name":null,"session_id":1597390163457,"event_type":"image-replaced","country":"India","event_id":21,"location_lat":null,"$insert_id":"13394b5a-dbe9-4e88-95fb-f86e305782d3","data":{},"adid":null,"user_id":"grover.nishi@gmail.com","os_version":"84"}
{"language":"English","processed_time":"2020-08-14 07:36:42.516358","os_name":"Chrome","user_creation_time":"2020-05-18 05:50:09.332000","library":"amplitude-js\/6.1.0","app":277124,"amplitude_id":159981070295,"device_carrier":null,"user_properties":{"Username":"grover.nishi@gmail.com"},"location_lng":null,"device_model":null,"device_type":null,"server_upload_time":"2020-08-14 07:36:41.509000","$schema":12,"platform":"Web","groups":{},"amplitude_attribution_ids":null,"client_upload_time":"2020-08-14 07:36:42.736000","device_brand":null,"start_version":null,"event_properties":{"project-id":526116354,"project-category":"Countries around the world have been impacted by the ongoing cornonavirus pandemic","project-name":"Collaboration when WFH - with BDT","save-type":"Saved Video"},"paying":null,"idfa":null,"is_attribution_event":false,"server_received_time":"2020-08-14 07:36:41.503000","group_properties":{},"event_time":"2020-08-14 07:36:42.736000","amplitude_event_type":null,"device_manufacturer":null,"dma":null,"uuid":"e5ced9e2-de00-11ea-bc8e-0aed3e686caf","city":"Bengaluru","sample_rate":null,"device_family":null,"region":"Karnataka","client_event_time":"2020-08-14 07:36:42.736000","device_id":"nIoUyTpHWVmZt0YtAvMwe5","ip_address":"49.207.200.186","version_name":null,"session_id":1597390163457,"event_type":"video-saved","country":"India","event_id":22,"location_lat":null,"$insert_id":"de0257b3-14f8-493a-a1bc-7f19f0fd48bb","data":{},"adid":null,"user_id":"grover.nishi@gmail.com","os_version":"84"}
{"language":"English","processed_time":"2020-08-14 07:37:34.082230","os_name":"Chrome","user_creation_time":"2020-05-18 05:50:09.332000","library":"amplitude-js\/6.1.0","app":277124,"amplitude_id":159981070295,"device_carrier":null,"user_properties":{"Username":"grover.nishi@gmail.com"},"location_lng":null,"device_model":null,"device_type":null,"server_upload_time":"2020-08-14 07:37:31.491000","$schema":12,"platform":"Web","groups":{},"amplitude_attribution_ids":null,"client_upload_time":"2020-08-14 07:37:32.716000","device_brand":null,"start_version":null,"event_properties":{"project-id":526116354,"search-type":"All","search-term":"on the go"},"paying":null,"idfa":null,"is_attribution_event":false,"server_received_time":"2020-08-14 07:37:31.483000","group_properties":{},"event_time":"2020-08-14 07:37:32.715000","amplitude_event_type":null,"device_manufacturer":null,"dma":null,"uuid":"04880624-de01-11ea-bc8e-0aed3e686caf","city":"Bengaluru","sample_rate":null,"device_family":null,"region":"Karnataka","client_event_time":"2020-08-14 07:37:32.715000","device_id":"nIoUyTpHWVmZt0YtAvMwe5","ip_address":"49.207.200.186","version_name":null,"session_id":1597390163457,"event_type":"asset-searched","country":"India","event_id":23,"location_lat":null,"$insert_id":"5b0aa29a-bf45-4530-aba1-14c7fab646ba","data":{},"adid":null,"user_id":"grover.nishi@gmail.com","os_version":"84"}
{"language":"English","processed_time":"2020-08-14 07:37:44.574566","os_name":"Chrome","user_creation_time":"2020-05-18 05:50:09.332000","library":"amplitude-js\/6.1.0","app":277124,"amplitude_id":159981070295,"device_carrier":null,"user_properties":{"Username":"grover.nishi@gmail.com"},"location_lng":null,"device_model":null,"device_type":null,"server_upload_time":"2020-08-14 07:37:41.872000","$schema":12,"platform":"Web","groups":{},"amplitude_attribution_ids":null,"client_upload_time":"2020-08-14 07:37:43.100000","device_brand":null,"start_version":null,"event_properties":{"project-id":526116354,"search-type":"All","search-term":"on the go"},"paying":null,"idfa":null,"is_attribution_event":false,"server_received_time":"2020-08-14 07:37:41.865000","group_properties":{},"event_time":"2020-08-14 07:37:43.099000","amplitude_event_type":null,"device_manufacturer":null,"dma":null,"uuid":"0acc0db4-de01-11ea-bc8e-0aed3e686caf","city":"Bengaluru","sample_rate":null,"device_family":null,"region":"Karnataka","client_event_time":"2020-08-14 07:37:43.099000","device_id":"nIoUyTpHWVmZt0YtAvMwe5","ip_address":"49.207.200.186","version_name":null,"session_id":1597390163457,"event_type":"asset-searched","country":"India","event_id":24,"location_lat":null,"$insert_id":"8de4f626-91ac-4475-ae4a-20512ed38e87","data":{},"adid":null,"user_id":"grover.nishi@gmail.com","os_version":"84"}
{"language":"English","processed_time":"2020-08-14 07:37:46.984823","os_name":"Chrome","user_creation_time":"2020-05-18 05:50:09.332000","library":"amplitude-js\/6.1.0","app":277124,"amplitude_id":159981070295,"device_carrier":null,"user_properties":{"Username":"grover.nishi@gmail.com"},"location_lng":null,"device_model":null,"device_type":null,"server_upload_time":"2020-08-14 07:37:45.369000","$schema":12,"platform":"Web","groups":{},"amplitude_attribution_ids":null,"client_upload_time":"2020-08-14 07:37:46.600000","device_brand":null,"start_version":null,"event_properties":{"project-id":526116354,"search-type":"All","search-term":"script on the go"},"paying":null,"idfa":null,"is_attribution_event":false,"server_received_time":"2020-08-14 07:37:45.364000","group_properties":{},"event_time":"2020-08-14 07:37:46.599000","amplitude_event_type":null,"device_manufacturer":null,"dma":null,"uuid":"0c3bb870-de01-11ea-bc8e-0aed3e686caf","city":"Bengaluru","sample_rate":null,"device_family":null,"region":"Karnataka","client_event_time":"2020-08-14 07:37:46.599000","device_id":"nIoUyTpHWVmZt0YtAvMwe5","ip_address":"49.207.200.186","version_name":null,"session_id":1597390163457,"event_type":"asset-searched","country":"India","event_id":25,"location_lat":null,"$insert_id":"a7e3ee30-5ed4-4685-b7b2-e59d119c6e71","data":{},"adid":null,"user_id":"grover.nishi@gmail.com","os_version":"84"}
{"language":"English","processed_time":"2020-08-14 07:38:02.780922","os_name":"Chrome","user_creation_time":"2020-05-18 05:50:09.332000","library":"amplitude-js\/6.1.0","app":277124,"amplitude_id":159981070295,"device_carrier":null,"user_properties":{"Username":"grover.nishi@gmail.com"},"location_lng":null,"device_model":null,"device_type":null,"server_upload_time":"2020-08-14 07:38:01.251000","$schema":12,"platform":"Web","groups":{},"amplitude_attribution_ids":null,"client_upload_time":"2020-08-14 07:38:02.468000","device_brand":null,"start_version":null,"event_properties":{"project-id":526116354,"search-type":"All","search-term":"script on the go"},"paying":null,"idfa":null,"is_attribution_event":false,"server_received_time":"2020-08-14 07:38:01.236000","group_properties":{},"event_time":"2020-08-14 07:38:02.468000","amplitude_event_type":null,"device_manufacturer":null,"dma":null,"uuid":"15a4a87c-de01-11ea-bc8e-0aed3e686caf","city":"Bengaluru","sample_rate":null,"device_family":null,"region":"Karnataka","client_event_time":"2020-08-14 07:38:02.468000","device_id":"nIoUyTpHWVmZt0YtAvMwe5","ip_address":"49.207.200.186","version_name":null,"session_id":1597390163457,"event_type":"asset-searched","country":"India","event_id":26,"location_lat":null,"$insert_id":"db731df8-055f-4e7d-aea6-ba257ab3707f","data":{},"adid":null,"user_id":"grover.nishi@gmail.com","os_version":"84"}
{"language":"English","processed_time":"2020-08-14 07:38:10.072428","os_name":"Chrome","user_creation_time":"2020-05-18 05:50:09.332000","library":"amplitude-js\/6.1.0","app":277124,"amplitude_id":159981070295,"device_carrier":null,"user_properties":{"Username":"grover.nishi@gmail.com"},"location_lng":null,"device_model":null,"device_type":null,"server_upload_time":"2020-08-14 07:38:07.386000","$schema":12,"platform":"Web","groups":{},"amplitude_attribution_ids":null,"client_upload_time":"2020-08-14 07:38:08.611000","device_brand":null,"start_version":null,"event_properties":{"project-id":526116354,"search-type":"All","search-term":"continuous testing"},"paying":null,"idfa":null,"is_attribution_event":false,"server_received_time":"2020-08-14 07:38:07.376000","group_properties":{},"event_time":"2020-08-14 07:38:08.610000","amplitude_event_type":null,"device_manufacturer":null,"dma":null,"uuid":"19fd99a6-de01-11ea-bc8e-0aed3e686caf","city":"Bengaluru","sample_rate":null,"device_family":null,"region":"Karnataka","client_event_time":"2020-08-14 07:38:08.610000","device_id":"nIoUyTpHWVmZt0YtAvMwe5","ip_address":"49.207.200.186","version_name":null,"session_id":1597390163457,"event_type":"asset-searched","country":"India","event_id":27,"location_lat":null,"$insert_id":"4dffe1a5-f777-484d-896f-a7c7808554f3","data":{},"adid":null,"user_id":"grover.nishi@gmail.com","os_version":"84"}
{"language":"English","processed_time":"2020-08-14 07:38:34.116331","os_name":"Chrome","user_creation_time":"2020-05-18 05:50:09.332000","library":"amplitude-js\/6.1.0","app":277124,"amplitude_id":159981070295,"device_carrier":null,"user_properties":{"Username":"grover.nishi@gmail.com"},"location_lng":null,"device_model":null,"device_type":null,"server_upload_time":"2020-08-14 07:38:31.989000","$schema":12,"platform":"Web","groups":{},"amplitude_attribution_ids":null,"client_upload_time":"2020-08-14 07:38:33.210000","device_brand":null,"start_version":null,"event_properties":{"project-id":526116354,"search-type":"All","search-term":"continuous testing"},"paying":null,"idfa":null,"is_attribution_event":false,"server_received_time":"2020-08-14 07:38:31.977000","group_properties":{},"event_time":"2020-08-14 07:38:33.209000","amplitude_event_type":null,"device_manufacturer":null,"dma":null,"uuid":"2852dc6e-de01-11ea-bc8e-0aed3e686caf","city":"Bengaluru","sample_rate":null,"device_family":null,"region":"Karnataka","client_event_time":"2020-08-14 07:38:33.209000","device_id":"nIoUyTpHWVmZt0YtAvMwe5","ip_address":"49.207.200.186","version_name":null,"session_id":1597390163457,"event_type":"asset-searched","country":"India","event_id":28,"location_lat":null,"$insert_id":"0aea5333-1d0a-4264-bd28-b6c17b40ea12","data":{},"adid":null,"user_id":"grover.nishi@gmail.com","os_version":"84"}
{"language":"English","processed_time":"2020-08-14 07:38:46.366486","os_name":"Chrome","user_creation_time":"2020-05-18 05:50:09.332000","library":"amplitude-js\/6.1.0","app":277124,"amplitude_id":159981070295,"device_carrier":null,"user_properties":{"Username":"grover.nishi@gmail.com"},"location_lng":null,"device_model":null,"device_type":null,"server_upload_time":"2020-08-14 07:38:44.388000","$schema":12,"platform":"Web","groups":{},"amplitude_attribution_ids":null,"client_upload_time":"2020-08-14 07:38:45.615000","device_brand":null,"start_version":null,"event_properties":{"project-id":526116354,"project-category":"Countries around the world have been impacted by the ongoing cornonavirus pandemic","project-name":"Collaboration when WFH - with BDT","save-type":"Saved Video"},"paying":null,"idfa":null,"is_attribution_event":false,"server_received_time":"2020-08-14 07:38:44.378000","group_properties":{},"event_time":"2020-08-14 07:38:45.614000","amplitude_event_type":null,"device_manufacturer":null,"dma":null,"uuid":"2f9ff600-de01-11ea-bc8e-0aed3e686caf","city":"Bengaluru","sample_rate":null,"device_family":null,"region":"Karnataka","client_event_time":"2020-08-14 07:38:45.614000","device_id":"nIoUyTpHWVmZt0YtAvMwe5","ip_address":"49.207.200.186","version_name":null,"session_id":1597390163457,"event_type":"video-saved","country":"India","event_id":29,"location_lat":null,"$insert_id":"03f1e030-784d-4e95-b236-1242b293851e","data":{},"adid":null,"user_id":"grover.nishi@gmail.com","os_version":"84"}
{"language":"English","processed_time":"2020-08-14 07:38:48.592317","os_name":"Chrome","user_creation_time":"2020-05-18 05:50:09.332000","library":"amplitude-js\/6.1.0","app":277124,"amplitude_id":159981070295,"device_carrier":null,"user_properties":{"Username":"grover.nishi@gmail.com"},"location_lng":null,"device_model":null,"device_type":null,"server_upload_time":"2020-08-14 07:38:45.378000","$schema":12,"platform":"Web","groups":{},"amplitude_attribution_ids":null,"client_upload_time":"2020-08-14 07:38:46.604000","device_brand":null,"start_version":null,"event_properties":{"project-id":526116354},"paying":null,"idfa":null,"is_attribution_event":false,"server_received_time":"2020-08-14 07:38:45.370000","group_properties":{},"event_time":"2020-08-14 07:38:46.603000","amplitude_event_type":null,"device_manufacturer":null,"dma":null,"uuid":"30ee7a72-de01-11ea-bc8e-0aed3e686caf","city":"Bengaluru","sample_rate":null,"device_family":null,"region":"Karnataka","client_event_time":"2020-08-14 07:38:46.603000","device_id":"nIoUyTpHWVmZt0YtAvMwe5","ip_address":"49.207.200.186","version_name":null,"session_id":1597390163457,"event_type":"preview-clicked","country":"India","event_id":30,"location_lat":null,"$insert_id":"6945d419-9b59-4bb6-8efe-aef996f3e15e","data":{},"adid":null,"user_id":"grover.nishi@gmail.com","os_version":"84"}
{"language":"English","processed_time":"2020-08-14 07:39:07.083512","os_name":"Chrome","user_creation_time":"2020-05-18 05:50:09.332000","library":"amplitude-js\/6.1.0","app":277124,"amplitude_id":159981070295,"device_carrier":null,"user_properties":{"Username":"grover.nishi@gmail.com"},"location_lng":null,"device_model":null,"device_type":null,"server_upload_time":"2020-08-14 07:39:04.615000","$schema":12,"platform":"Web","groups":{},"amplitude_attribution_ids":null,"client_upload_time":"2020-08-14 07:39:05.843000","device_brand":null,"start_version":null,"event_properties":{"service-name":"Downloadd-Video-Resources"},"paying":null,"idfa":null,"is_attribution_event":false,"server_received_time":"2020-08-14 07:39:04.611000","group_properties":{},"event_time":"2020-08-14 07:39:05.841000","amplitude_event_type":null,"device_manufacturer":null,"dma":null,"uuid":"3bf804ba-de01-11ea-bc8e-0aed3e686caf","city":"Bengaluru","sample_rate":null,"device_family":null,"region":"Karnataka","client_event_time":"2020-08-14 07:39:05.841000","device_id":"nIoUyTpHWVmZt0YtAvMwe5","ip_address":"49.207.200.186","version_name":null,"session_id":1597390163457,"event_type":"resource-download-failed","country":"India","event_id":31,"location_lat":null,"$insert_id":"2460dd76-5fb5-4354-83d9-dff4f0ce1159","data":{},"adid":null,"user_id":"grover.nishi@gmail.com","os_version":"84"}
{"language":"English","processed_time":"2020-08-14 07:39:07.091051","os_name":"Chrome","user_creation_time":"2020-05-18 05:50:09.332000","library":"amplitude-js\/6.1.0","app":277124,"amplitude_id":159981070295,"device_carrier":null,"user_properties":{"Username":"grover.nishi@gmail.com"},"location_lng":null,"device_model":null,"device_type":null,"server_upload_time":"2020-08-14 07:39:04.904000","$schema":12,"platform":"Web","groups":{},"amplitude_attribution_ids":null,"client_upload_time":"2020-08-14 07:39:06.122000","device_brand":null,"start_version":null,"event_properties":{"service-name":"Downloadd-Video-Resources"},"paying":null,"idfa":null,"is_attribution_event":false,"server_received_time":"2020-08-14 07:39:04.893000","group_properties":{},"event_time":"2020-08-14 07:39:05.847000","amplitude_event_type":null,"device_manufacturer":null,"dma":null,"uuid":"3bf81162-de01-11ea-bc8e-0aed3e686caf","city":"Bengaluru","sample_rate":null,"device_family":null,"region":"Karnataka","client_event_time":"2020-08-14 07:39:05.847000","device_id":"nIoUyTpHWVmZt0YtAvMwe5","ip_address":"49.207.200.186","version_name":null,"session_id":1597390163457,"event_type":"resource-download-failed","country":"India","event_id":32,"location_lat":null,"$insert_id":"2a8e084b-ba9b-4158-ae67-f7ca0bc21c86","data":{},"adid":null,"user_id":"grover.nishi@gmail.com","os_version":"84"}
{"language":"English","processed_time":"2020-08-14 07:39:07.091070","os_name":"Chrome","user_creation_time":"2020-05-18 05:50:09.332000","library":"amplitude-js\/6.1.0","app":277124,"amplitude_id":159981070295,"device_carrier":null,"user_properties":{"Username":"grover.nishi@gmail.com"},"location_lng":null,"device_model":null,"device_type":null,"server_upload_time":"2020-08-14 07:39:04.904000","$schema":12,"platform":"Web","groups":{},"amplitude_attribution_ids":null,"client_upload_time":"2020-08-14 07:39:06.122000","device_brand":null,"start_version":null,"event_properties":{"service-name":"Downloadd-Video-Resources"},"paying":null,"idfa":null,"is_attribution_event":false,"server_received_time":"2020-08-14 07:39:04.893000","group_properties":{},"event_time":"2020-08-14 07:39:05.850000","amplitude_event_type":null,"device_manufacturer":null,"dma":null,"uuid":"3bf81d88-de01-11ea-bc8e-0aed3e686caf","city":"Bengaluru","sample_rate":null,"device_family":null,"region":"Karnataka","client_event_time":"2020-08-14 07:39:05.850000","device_id":"nIoUyTpHWVmZt0YtAvMwe5","ip_address":"49.207.200.186","version_name":null,"session_id":1597390163457,"event_type":"resource-download-failed","country":"India","event_id":33,"location_lat":null,"$insert_id":"daed77c4-5882-4a45-adb6-fb1f7e1e8192","data":{},"adid":null,"user_id":"grover.nishi@gmail.com","os_version":"84"}
{"language":"English","processed_time":"2020-08-14 07:39:07.097065","os_name":"Chrome","user_creation_time":"2020-05-18 05:50:09.332000","library":"amplitude-js\/6.1.0","app":277124,"amplitude_id":159981070295,"device_carrier":null,"user_properties":{"Username":"grover.nishi@gmail.com"},"location_lng":null,"device_model":null,"device_type":null,"server_upload_time":"2020-08-14 07:39:05.277000","$schema":12,"platform":"Web","groups":{},"amplitude_attribution_ids":null,"client_upload_time":"2020-08-14 07:39:06.507000","device_brand":null,"start_version":null,"event_properties":{"service-name":"Downloadd-Video-Resources"},"paying":null,"idfa":null,"is_attribution_event":false,"server_received_time":"2020-08-14 07:39:05.273000","group_properties":{},"event_time":"2020-08-14 07:39:06.506000","amplitude_event_type":null,"device_manufacturer":null,"dma":null,"uuid":"3bf829e0-de01-11ea-bc8e-0aed3e686caf","city":"Bengaluru","sample_rate":null,"device_family":null,"region":"Karnataka","client_event_time":"2020-08-14 07:39:06.506000","device_id":"nIoUyTpHWVmZt0YtAvMwe5","ip_address":"49.207.200.186","version_name":null,"session_id":1597390163457,"event_type":"resource-download-failed","country":"India","event_id":34,"location_lat":null,"$insert_id":"6df84551-9217-40fd-9cad-7c6af129272c","data":{},"adid":null,"user_id":"grover.nishi@gmail.com","os_version":"84"}
{"language":"English","processed_time":"2020-08-14 07:39:07.100313","os_name":"Chrome","user_creation_time":"2020-05-18 05:50:09.332000","library":"amplitude-js\/6.1.0","app":277124,"amplitude_id":159981070295,"device_carrier":null,"user_properties":{"Username":"grover.nishi@gmail.com"},"location_lng":null,"device_model":null,"device_type":null,"server_upload_time":"2020-08-14 07:39:05.565000","$schema":12,"platform":"Web","groups":{},"amplitude_attribution_ids":null,"client_upload_time":"2020-08-14 07:39:06.787000","device_brand":null,"start_version":null,"event_properties":{"service-name":"Downloadd-Video-Resources"},"paying":null,"idfa":null,"is_attribution_event":false,"server_received_time":"2020-08-14 07:39:05.556000","group_properties":{},"event_time":"2020-08-14 07:39:06.630000","amplitude_event_type":null,"device_manufacturer":null,"dma":null,"uuid":"3bf835d4-de01-11ea-bc8e-0aed3e686caf","city":"Bengaluru","sample_rate":null,"device_family":null,"region":"Karnataka","client_event_time":"2020-08-14 07:39:06.630000","device_id":"nIoUyTpHWVmZt0YtAvMwe5","ip_address":"49.207.200.186","version_name":null,"session_id":1597390163457,"event_type":"resource-download-failed","country":"India","event_id":35,"location_lat":null,"$insert_id":"9e641d66-052c-46cf-9bff-290ca53c09e3","data":{},"adid":null,"user_id":"grover.nishi@gmail.com","os_version":"84"}
{"language":"English","processed_time":"2020-08-14 07:39:07.100321","os_name":"Chrome","user_creation_time":"2020-05-18 05:50:09.332000","library":"amplitude-js\/6.1.0","app":277124,"amplitude_id":159981070295,"device_carrier":null,"user_properties":{"Username":"grover.nishi@gmail.com"},"location_lng":null,"device_model":null,"device_type":null,"server_upload_time":"2020-08-14 07:39:05.565000","$schema":12,"platform":"Web","groups":{},"amplitude_attribution_ids":null,"client_upload_time":"2020-08-14 07:39:06.787000","device_brand":null,"start_version":null,"event_properties":{"service-name":"Downloadd-Video-Resources"},"paying":null,"idfa":null,"is_attribution_event":false,"server_received_time":"2020-08-14 07:39:05.556000","group_properties":{},"event_time":"2020-08-14 07:39:06.632000","amplitude_event_type":null,"device_manufacturer":null,"dma":null,"uuid":"3bf84196-de01-11ea-bc8e-0aed3e686caf","city":"Bengaluru","sample_rate":null,"device_family":null,"region":"Karnataka","client_event_time":"2020-08-14 07:39:06.632000","device_id":"nIoUyTpHWVmZt0YtAvMwe5","ip_address":"49.207.200.186","version_name":null,"session_id":1597390163457,"event_type":"resource-download-failed","country":"India","event_id":36,"location_lat":null,"$insert_id":"cd524a72-369c-4ea5-b69a-cffa07f964ba","data":{},"adid":null,"user_id":"grover.nishi@gmail.com","os_version":"84"}
{"language":"English","processed_time":"2020-08-14 07:39:09.283334","os_name":"Chrome","user_creation_time":"2020-05-18 05:50:09.332000","library":"amplitude-js\/6.1.0","app":277124,"amplitude_id":159981070295,"device_carrier":null,"user_properties":{"Username":"grover.nishi@gmail.com"},"location_lng":null,"device_model":null,"device_type":null,"server_upload_time":"2020-08-14 07:39:06.225000","$schema":12,"platform":"Web","groups":{},"amplitude_attribution_ids":null,"client_upload_time":"2020-08-14 07:39:07.441000","device_brand":null,"start_version":null,"event_properties":{"service-name":"Downloadd-Video-Resources"},"paying":null,"idfa":null,"is_attribution_event":false,"server_received_time":"2020-08-14 07:39:06.210000","group_properties":{},"event_time":"2020-08-14 07:39:06.805000","amplitude_event_type":null,"device_manufacturer":null,"dma":null,"uuid":"3d473930-de01-11ea-bc8e-0aed3e686caf","city":"Bengaluru","sample_rate":null,"device_family":null,"region":"Karnataka","client_event_time":"2020-08-14 07:39:06.805000","device_id":"nIoUyTpHWVmZt0YtAvMwe5","ip_address":"49.207.200.186","version_name":null,"session_id":1597390163457,"event_type":"resource-download-failed","country":"India","event_id":37,"location_lat":null,"$insert_id":"0199c9a6-d7d3-4913-9c5f-bec81e22ba9b","data":{},"adid":null,"user_id":"grover.nishi@gmail.com","os_version":"84"}
{"language":"English","processed_time":"2020-08-14 07:39:09.283345","os_name":"Chrome","user_creation_time":"2020-05-18 05:50:09.332000","library":"amplitude-js\/6.1.0","app":277124,"amplitude_id":159981070295,"device_carrier":null,"user_properties":{"Username":"grover.nishi@gmail.com"},"location_lng":null,"device_model":null,"device_type":null,"server_upload_time":"2020-08-14 07:39:06.225000","$schema":12,"platform":"Web","groups":{},"amplitude_attribution_ids":null,"client_upload_time":"2020-08-14 07:39:07.441000","device_brand":null,"start_version":null,"event_properties":{"service-name":"Downloadd-Video-Resources"},"paying":null,"idfa":null,"is_attribution_event":false,"server_received_time":"2020-08-14 07:39:06.210000","group_properties":{},"event_time":"2020-08-14 07:39:06.806000","amplitude_event_type":null,"device_manufacturer":null,"dma":null,"uuid":"3d47416e-de01-11ea-bc8e-0aed3e686caf","city":"Bengaluru","sample_rate":null,"device_family":null,"region":"Karnataka","client_event_time":"2020-08-14 07:39:06.806000","device_id":"nIoUyTpHWVmZt0YtAvMwe5","ip_address":"49.207.200.186","version_name":null,"session_id":1597390163457,"event_type":"resource-download-failed","country":"India","event_id":38,"location_lat":null,"$insert_id":"eac6d946-864a-4e16-9b79-cfea46e60f84","data":{},"adid":null,"user_id":"grover.nishi@gmail.com","os_version":"84"}
{"language":"English","processed_time":"2020-08-14 07:39:09.283349","os_name":"Chrome","user_creation_time":"2020-05-18 05:50:09.332000","library":"amplitude-js\/6.1.0","app":277124,"amplitude_id":159981070295,"device_carrier":null,"user_properties":{"Username":"grover.nishi@gmail.com"},"location_lng":null,"device_model":null,"device_type":null,"server_upload_time":"2020-08-14 07:39:06.225000","$schema":12,"platform":"Web","groups":{},"amplitude_attribution_ids":null,"client_upload_time":"2020-08-14 07:39:07.441000","device_brand":null,"start_version":null,"event_properties":{"service-name":"Downloadd-Video-Resources"},"paying":null,"idfa":null,"is_attribution_event":false,"server_received_time":"2020-08-14 07:39:06.210000","group_properties":{},"event_time":"2020-08-14 07:39:06.807000","amplitude_event_type":null,"device_manufacturer":null,"dma":null,"uuid":"3d474cae-de01-11ea-bc8e-0aed3e686caf","city":"Bengaluru","sample_rate":null,"device_family":null,"region":"Karnataka","client_event_time":"2020-08-14 07:39:06.807000","device_id":"nIoUyTpHWVmZt0YtAvMwe5","ip_address":"49.207.200.186","version_name":null,"session_id":1597390163457,"event_type":"resource-download-failed","country":"India","event_id":39,"location_lat":null,"$insert_id":"831e9353-8dac-451a-b65b-b8702f6645c8","data":{},"adid":null,"user_id":"grover.nishi@gmail.com","os_version":"84"}
{"language":"English","processed_time":"2020-08-14 07:39:09.283352","os_name":"Chrome","user_creation_time":"2020-05-18 05:50:09.332000","library":"amplitude-js\/6.1.0","app":277124,"amplitude_id":159981070295,"device_carrier":null,"user_properties":{"Username":"grover.nishi@gmail.com"},"location_lng":null,"device_model":null,"device_type":null,"server_upload_time":"2020-08-14 07:39:06.225000","$schema":12,"platform":"Web","groups":{},"amplitude_attribution_ids":null,"client_upload_time":"2020-08-14 07:39:07.441000","device_brand":null,"start_version":null,"event_properties":{"service-name":"Downloadd-Video-Resources"},"paying":null,"idfa":null,"is_attribution_event":false,"server_received_time":"2020-08-14 07:39:06.210000","group_properties":{},"event_time":"2020-08-14 07:39:06.808000","amplitude_event_type":null,"device_manufacturer":null,"dma":null,"uuid":"3d4757ee-de01-11ea-bc8e-0aed3e686caf","city":"Bengaluru","sample_rate":null,"device_family":null,"region":"Karnataka","client_event_time":"2020-08-14 07:39:06.808000","device_id":"nIoUyTpHWVmZt0YtAvMwe5","ip_address":"49.207.200.186","version_name":null,"session_id":1597390163457,"event_type":"resource-download-failed","country":"India","event_id":40,"location_lat":null,"$insert_id":"b1056255-e1b6-4c72-9d09-30647eb4d3fe","data":{},"adid":null,"user_id":"grover.nishi@gmail.com","os_version":"84"}
{"language":"English","processed_time":"2020-08-14 07:41:41.485146","os_name":"Chrome","user_creation_time":"2020-05-18 05:50:09.332000","library":"amplitude-js\/6.1.0","app":277124,"amplitude_id":159981070295,"device_carrier":null,"user_properties":{"Username":"grover.nishi@gmail.com"},"location_lng":null,"device_model":null,"device_type":null,"server_upload_time":"2020-08-14 07:41:38.759000","$schema":12,"platform":"Web","groups":{},"amplitude_attribution_ids":null,"client_upload_time":"2020-08-14 07:41:39.483000","device_brand":null,"start_version":null,"event_properties":{"project-id":526116354,"total-time":"2:36","closed-time":"2:32"},"paying":null,"idfa":null,"is_attribution_event":false,"server_received_time":"2020-08-14 07:41:38.749000","group_properties":{},"event_time":"2020-08-14 07:41:39.479000","amplitude_event_type":null,"device_manufacturer":null,"dma":null,"uuid":"97fdbf34-de01-11ea-bc8e-0aed3e686caf","city":"Bengaluru","sample_rate":null,"device_family":null,"region":"Karnataka","client_event_time":"2020-08-14 07:41:39.479000","device_id":"nIoUyTpHWVmZt0YtAvMwe5","ip_address":"49.207.200.186","version_name":null,"session_id":1597390163457,"event_type":"preview-closed","country":"India","event_id":41,"location_lat":null,"$insert_id":"a144324e-92ff-42ff-907d-9b38a28fd91b","data":{},"adid":null,"user_id":"grover.nishi@gmail.com","os_version":"84"}
{"language":"English","processed_time":"2020-08-14 07:41:48.225663","os_name":"Chrome","user_creation_time":"2020-05-18 05:50:09.332000","library":"amplitude-js\/6.1.0","app":277124,"amplitude_id":159981070295,"device_carrier":null,"user_properties":{"Username":"grover.nishi@gmail.com"},"location_lng":null,"device_model":null,"device_type":null,"server_upload_time":"2020-08-14 07:41:46.734000","$schema":12,"platform":"Web","groups":{},"amplitude_attribution_ids":null,"client_upload_time":"2020-08-14 07:41:47.955000","device_brand":null,"start_version":null,"event_properties":{},"paying":null,"idfa":null,"is_attribution_event":false,"server_received_time":"2020-08-14 07:41:46.724000","group_properties":{},"event_time":"2020-08-14 07:41:47.954000","amplitude_event_type":null,"device_manufacturer":null,"dma":null,"uuid":"9c025400-de01-11ea-bc8e-0aed3e686caf","city":"Bengaluru","sample_rate":null,"device_family":null,"region":"Karnataka","client_event_time":"2020-08-14 07:41:47.954000","device_id":"nIoUyTpHWVmZt0YtAvMwe5","ip_address":"49.207.200.186","version_name":null,"session_id":1597390163457,"event_type":"video-generation-canceled","country":"India","event_id":42,"location_lat":null,"$insert_id":"bd19a3b0-4636-4193-8ed6-13d9405a48d5","data":{},"adid":null,"user_id":"grover.nishi@gmail.com","os_version":"84"}
{"language":"English","processed_time":"2020-08-14 07:41:50.622767","os_name":"Chrome","user_creation_time":"2020-05-18 05:50:09.332000","library":"amplitude-js\/6.1.0","app":277124,"amplitude_id":159981070295,"device_carrier":null,"user_properties":{"Username":"grover.nishi@gmail.com"},"location_lng":null,"device_model":null,"device_type":null,"server_upload_time":"2020-08-14 07:41:48.502000","$schema":12,"platform":"Web","groups":{},"amplitude_attribution_ids":null,"client_upload_time":"2020-08-14 07:41:49.722000","device_brand":null,"start_version":null,"event_properties":{"project-id":526116354,"total-scenes":25,"total-video-time-in-minutes":"2.59","track-name":"Become","total-video-time-in-seconds":155.644333,"total-videos":13,"total-time-to-generate-in-seconds":703,"voice-track-name":"Joanna, female","total-scenes-with-original-image":20,"total-time-to-generate-in-minutes":"11.72","total-images":12,"total-sub-scenes":5},"paying":null,"idfa":null,"is_attribution_event":false,"server_received_time":"2020-08-14 07:41:48.494000","group_properties":{},"event_time":"2020-08-14 07:41:48.776000","amplitude_event_type":null,"device_manufacturer":null,"dma":null,"uuid":"9d6ea636-de01-11ea-bc8e-0aed3e686caf","city":"Bengaluru","sample_rate":null,"device_family":null,"region":"Karnataka","client_event_time":"2020-08-14 07:41:48.776000","device_id":"nIoUyTpHWVmZt0YtAvMwe5","ip_address":"49.207.200.186","version_name":null,"session_id":1597390163457,"event_type":"generate-clicked","country":"India","event_id":43,"location_lat":null,"$insert_id":"0c7466cd-3cb5-439c-bf81-7343f0e6e083","data":{},"adid":null,"user_id":"grover.nishi@gmail.com","os_version":"84"}
{"language":"English","processed_time":"2020-08-14 07:41:50.622777","os_name":"Chrome","user_creation_time":"2020-05-18 05:50:09.332000","library":"amplitude-js\/6.1.0","app":277124,"amplitude_id":159981070295,"device_carrier":null,"user_properties":{"Username":"grover.nishi@gmail.com"},"location_lng":null,"device_model":null,"device_type":null,"server_upload_time":"2020-08-14 07:41:48.502000","$schema":12,"platform":"Web","groups":{},"amplitude_attribution_ids":null,"client_upload_time":"2020-08-14 07:41:49.722000","device_brand":null,"start_version":null,"event_properties":{},"paying":null,"idfa":null,"is_attribution_event":false,"server_received_time":"2020-08-14 07:41:48.494000","group_properties":{},"event_time":"2020-08-14 07:41:49.112000","amplitude_event_type":null,"device_manufacturer":null,"dma":null,"uuid":"9d6eb27a-de01-11ea-bc8e-0aed3e686caf","city":"Bengaluru","sample_rate":null,"device_family":null,"region":"Karnataka","client_event_time":"2020-08-14 07:41:49.112000","device_id":"nIoUyTpHWVmZt0YtAvMwe5","ip_address":"49.207.200.186","version_name":null,"session_id":1597390163457,"event_type":"video-generation-canceled","country":"India","event_id":44,"location_lat":null,"$insert_id":"8346d3fe-5877-48ed-8c71-1f7534ade9f5","data":{},"adid":null,"user_id":"grover.nishi@gmail.com","os_version":"84"}
{"os_version":"84","session_id":1597391760975,"groups":{},"language":"English","event_properties":{"project-id":664893570,"total-time":"2:40","closed-time":"2:39"},"group_properties":{},"device_type":null,"device_model":null,"os_name":"Chrome","device_id":"FvjOK9CEKCuX17h8Sev8MC","event_type":"preview-closed","processed_time":"2020-08-14 07:56:03.837007","library":"amplitude-js\/6.1.0","user_properties":{"Username":"praveencapri@gmail.com"},"event_time":"2020-08-14 07:56:00.975000","ip_address":"116.74.243.77","is_attribution_event":false,"start_version":null,"amplitude_event_type":null,"amplitude_attribution_ids":null,"server_received_time":"2020-08-14 07:56:01.892000","city":"Hyderabad","paying":null,"platform":"Web","user_creation_time":"2020-08-02 07:07:16.958000","location_lng":null,"user_id":"praveencapri@gmail.com","region":"Telangana","version_name":null,"client_event_time":"2020-08-14 07:56:00.975000","idfa":null,"adid":null,"sample_rate":null,"event_id":32,"device_brand":null,"uuid":"99f110e6-de03-11ea-99e5-0244b5112225","dma":null,"device_carrier":null,"device_manufacturer":null,"amplitude_id":182009921658,"app":277124,"$insert_id":"dd9a8c42-89a2-454b-959f-dcdfdf1ebebb","location_lat":null,"data":{},"server_upload_time":"2020-08-14 07:56:01.915000","$schema":12,"device_family":null,"client_upload_time":"2020-08-14 07:56:00.979000","country":"India"}
