{"$schema":12,"group_properties":{},"language":"English","event_id":223,"country":"India","user_id":"abid@pictory.ai","sample_rate":null,"server_upload_time":"2020-08-07 09:37:16.708000","server_received_time":"2020-08-07 09:37:16.699000","region":"Telangana","app":277124,"data":{},"event_properties":{"project-category":"Startupbootcamp is aglobal family of industry-focused programs","project-name":"Startupbootcamp is aglobal family of industry-focused programs"},"dma":null,"client_upload_time":"2020-08-07 09:37:17.761000","ip_address":"49.204.190.33","version_name":null,"device_type":null,"library":"amplitude-js\/6.1.0","is_attribution_event":false,"idfa":null,"amplitude_event_type":null,"os_name":"Chrome","amplitude_id":158692843342,"city":"Hyderabad","user_creation_time":"2020-05-16 05:42:39.430000","device_brand":null,"groups":{},"os_version":"84","location_lng":null,"user_properties":{"Username":"abid@pictory.ai"},"platform":"Web","processed_time":"2020-08-07 09:37:18.146057","device_model":null,"adid":null,"uuid":"95ab6044-d891-11ea-af14-0202fcb5f3e8","device_family":null,"device_manufacturer":null,"$insert_id":"beed9de8-9fd7-47c1-8307-68a72c08e2f6","start_version":null,"client_event_time":"2020-08-07 09:37:17.760000","amplitude_attribution_ids":null,"paying":null,"event_time":"2020-08-07 09:37:17.760000","session_id":1596793019147,"device_id":"SU6p4CJdm3s_oS-hHOcwBp","location_lat":null,"event_type":"saved-video-opened","device_carrier":null}
{"$schema":12,"group_properties":{},"language":"English","event_id":224,"country":"India","user_id":"abid@pictory.ai","sample_rate":null,"server_upload_time":"2020-08-07 09:37:50.706000","server_received_time":"2020-08-07 09:37:50.701000","region":"Telangana","app":277124,"data":{},"event_properties":{"project-id":489563668},"dma":null,"client_upload_time":"2020-08-07 09:37:51.711000","ip_address":"49.204.190.33","version_name":null,"device_type":null,"library":"amplitude-js\/6.1.0","is_attribution_event":false,"idfa":null,"amplitude_event_type":null,"os_name":"Chrome","amplitude_id":158692843342,"city":"Hyderabad","user_creation_time":"2020-05-16 05:42:39.430000","device_brand":null,"groups":{},"os_version":"84","location_lng":null,"user_properties":{"Username":"abid@pictory.ai"},"platform":"Web","processed_time":"2020-08-07 09:37:52.909895","device_model":null,"adid":null,"uuid":"aa652da8-d891-11ea-af14-0202fcb5f3e8","device_family":null,"device_manufacturer":null,"$insert_id":"49697efa-2b1f-4400-9883-b449c5e724b8","start_version":null,"client_event_time":"2020-08-07 09:37:51.710000","amplitude_attribution_ids":null,"paying":null,"event_time":"2020-08-07 09:37:51.710000","session_id":1596793019147,"device_id":"SU6p4CJdm3s_oS-hHOcwBp","location_lat":null,"event_type":"preview-clicked","device_carrier":null}
{"$schema":12,"group_properties":{},"language":"English","event_id":225,"country":"India","user_id":"abid@pictory.ai","sample_rate":null,"server_upload_time":"2020-08-07 09:37:57.425000","server_received_time":"2020-08-07 09:37:57.418000","region":"Telangana","app":277124,"data":{},"event_properties":{"total-time":"0:52","paused-time":"0:02","project-id":489563668},"dma":null,"client_upload_time":"2020-08-07 09:37:58.478000","ip_address":"49.204.190.33","version_name":null,"device_type":null,"library":"amplitude-js\/6.1.0","is_attribution_event":false,"idfa":null,"amplitude_event_type":null,"os_name":"Chrome","amplitude_id":158692843342,"city":"Hyderabad","user_creation_time":"2020-05-16 05:42:39.430000","device_brand":null,"groups":{},"os_version":"84","location_lng":null,"user_properties":{"Username":"abid@pictory.ai"},"platform":"Web","processed_time":"2020-08-07 09:37:58.205380","device_model":null,"adid":null,"uuid":"ad8be0da-d891-11ea-af14-0202fcb5f3e8","device_family":null,"device_manufacturer":null,"$insert_id":"6a4e0334-abbe-4f3b-970b-4eb7332d0025","start_version":null,"client_event_time":"2020-08-07 09:37:58.477000","amplitude_attribution_ids":null,"paying":null,"event_time":"2020-08-07 09:37:58.477000","session_id":1596793019147,"device_id":"SU6p4CJdm3s_oS-hHOcwBp","location_lat":null,"event_type":"preview-paused","device_carrier":null}
