{"event_properties":{},"location_lng":null,"device_model":null,"device_brand":null,"platform":"Web","device_manufacturer":null,"city":"Buenos Aires","os_name":"Chrome","groups":{},"device_id":"RJcHL9jsiEEbWix4pGkapp","language":"English","server_upload_time":"2020-08-06 17:08:55.491000","adid":null,"amplitude_id":174246542447,"device_carrier":null,"library":"amplitude-js\/6.1.0","uuid":"83d2e0ca-d807-11ea-99d4-022f43d7df5d","user_properties":{"Username":"viethoangtranduong@gmail.com"},"location_lat":null,"user_creation_time":"2020-06-29 17:11:44.666000","is_attribution_event":false,"user_id":"viethoangtranduong@gmail.com","dma":null,"amplitude_event_type":null,"data":{},"client_event_time":"2020-08-06 17:08:56.650000","version_name":null,"event_id":82,"amplitude_attribution_ids":null,"ip_address":"170.150.153.233","event_type":"subscription-page-visited","sample_rate":null,"event_time":"2020-08-06 17:08:56.650000","idfa":null,"start_version":null,"client_upload_time":"2020-08-06 17:08:56.651000","country":"Argentina","paying":null,"session_id":1596732246020,"group_properties":{},"$insert_id":"25260185-de36-4476-a99c-1037ab8d3e41","processed_time":"2020-08-06 17:08:57.655514","device_family":null,"device_type":null,"os_version":"84","region":"Buenos Aires F.D.","$schema":12,"server_received_time":"2020-08-06 17:08:55.481000","app":277124}
{"data":{},"location_lng":null,"device_manufacturer":null,"event_type":"saved-video-opened","amplitude_event_type":null,"event_properties":{"project-name":"MedThink Communications","project-category":"Welcome our objective is to show you how we can Shift the Current state of KOL and peer-to-peer engagement influence HCP Behavior and amplify the power of Imbruvica"},"region":"North Carolina","event_id":1,"user_properties":{"Username":"spalmisano@medthink.com"},"uuid":"4804ad48-d80d-11ea-8534-02775f0c28fb","app":277124,"location_lat":null,"user_creation_time":"2020-07-21 16:47:53.962000","group_properties":{},"device_carrier":null,"country":"United States","sample_rate":null,"is_attribution_event":false,"event_time":"2020-08-06 17:50:12.827000","server_upload_time":"2020-08-06 17:50:12.967000","$insert_id":"e7fd2fed-4710-47a4-8872-a11f3105a56e","ip_address":"173.94.112.121","amplitude_attribution_ids":null,"session_id":1596736206078,"start_version":null,"client_event_time":"2020-08-06 17:50:12.827000","version_name":null,"groups":{},"adid":null,"user_id":"spalmisano@medthink.com","device_family":null,"platform":"Web","processed_time":"2020-08-06 17:50:14.286085","client_upload_time":"2020-08-06 17:50:12.828000","paying":null,"device_id":"A8CW1c61Gtm_iHEvLZwFHR","amplitude_id":179343697202,"server_received_time":"2020-08-06 17:50:12.955000","device_model":null,"os_name":"Chrome","city":"Greensboro","dma":"Greensboro-Winston Salem, NC","language":"English","device_type":null,"$schema":12,"library":"amplitude-js\/6.1.0","device_brand":null,"idfa":null,"os_version":"84"}
{"data":{},"location_lng":null,"device_manufacturer":null,"event_type":"failed-service","amplitude_event_type":null,"event_properties":{"service-name":"get-voice-over-track"},"region":"North Carolina","event_id":2,"user_properties":{"Username":"spalmisano@medthink.com"},"uuid":"4d794126-d80d-11ea-8534-02775f0c28fb","app":277124,"location_lat":null,"user_creation_time":"2020-07-21 16:47:53.962000","group_properties":{},"device_carrier":null,"country":"United States","sample_rate":null,"is_attribution_event":false,"event_time":"2020-08-06 17:50:21.570000","server_upload_time":"2020-08-06 17:50:21.688000","$insert_id":"c215abe9-586a-4e8e-981a-e4bdef4aa1e5","ip_address":"173.94.112.121","amplitude_attribution_ids":null,"session_id":1596736206078,"start_version":null,"client_event_time":"2020-08-06 17:50:21.570000","version_name":null,"groups":{},"adid":null,"user_id":"spalmisano@medthink.com","device_family":null,"platform":"Web","processed_time":"2020-08-06 17:50:23.428292","client_upload_time":"2020-08-06 17:50:21.571000","paying":null,"device_id":"A8CW1c61Gtm_iHEvLZwFHR","amplitude_id":179343697202,"server_received_time":"2020-08-06 17:50:21.683000","device_model":null,"os_name":"Chrome","city":"Greensboro","dma":"Greensboro-Winston Salem, NC","language":"English","device_type":null,"$schema":12,"library":"amplitude-js\/6.1.0","device_brand":null,"idfa":null,"os_version":"84"}
{"data":{},"location_lng":null,"device_manufacturer":null,"event_type":"generate-clicked","amplitude_event_type":null,"event_properties":{"total-time-to-generate-in-minutes":"0.62","total-video-time-in-minutes":"1.52","total-sub-scenes":3,"project-id":300577409,"total-time-to-generate-in-seconds":37,"total-video-time-in-seconds":91.296,"voice-track-name":"Matthew, male","total-videos":6,"total-images":6,"track-name":"Corporate Dreams","total-scenes-with-original-image":12,"total-scenes":12},"region":"North Carolina","event_id":3,"user_properties":{"Username":"spalmisano@medthink.com"},"uuid":"5f00b6ae-d80d-11ea-8534-02775f0c28fb","app":277124,"location_lat":null,"user_creation_time":"2020-07-21 16:47:53.962000","group_properties":{},"device_carrier":null,"country":"United States","sample_rate":null,"is_attribution_event":false,"event_time":"2020-08-06 17:50:51.677000","server_upload_time":"2020-08-06 17:50:51.794000","$insert_id":"7b980b11-f226-4370-83d4-ec2f9235465b","ip_address":"173.94.112.121","amplitude_attribution_ids":null,"session_id":1596736206078,"start_version":null,"client_event_time":"2020-08-06 17:50:51.677000","version_name":null,"groups":{},"adid":null,"user_id":"spalmisano@medthink.com","device_family":null,"platform":"Web","processed_time":"2020-08-06 17:50:52.835337","client_upload_time":"2020-08-06 17:50:51.681000","paying":null,"device_id":"A8CW1c61Gtm_iHEvLZwFHR","amplitude_id":179343697202,"server_received_time":"2020-08-06 17:50:51.788000","device_model":null,"os_name":"Chrome","city":"Greensboro","dma":"Greensboro-Winston Salem, NC","language":"English","device_type":null,"$schema":12,"library":"amplitude-js\/6.1.0","device_brand":null,"idfa":null,"os_version":"84"}
{"data":{},"location_lng":null,"device_manufacturer":null,"event_type":"video-generated","amplitude_event_type":null,"event_properties":{"project-id":300577409,"time-taken-in-minutes":"2.50","time-taken-in-seconds":150},"region":"North Carolina","event_id":4,"user_properties":{"Username":"spalmisano@medthink.com"},"uuid":"b3fa6772-d80d-11ea-8534-02775f0c28fb","app":277124,"location_lat":null,"user_creation_time":"2020-07-21 16:47:53.962000","group_properties":{},"device_carrier":null,"country":"United States","sample_rate":null,"is_attribution_event":false,"event_time":"2020-08-06 17:53:12.972000","server_upload_time":"2020-08-06 17:53:13.485000","$insert_id":"d44ab725-6e9f-4bb8-aff1-8a2840dcc099","ip_address":"173.94.112.121","amplitude_attribution_ids":null,"session_id":1596736206078,"start_version":null,"client_event_time":"2020-08-06 17:53:12.972000","version_name":null,"groups":{},"adid":null,"user_id":"spalmisano@medthink.com","device_family":null,"platform":"Web","processed_time":"2020-08-06 17:53:15.406905","client_upload_time":"2020-08-06 17:53:12.974000","paying":null,"device_id":"A8CW1c61Gtm_iHEvLZwFHR","amplitude_id":179343697202,"server_received_time":"2020-08-06 17:53:13.474000","device_model":null,"os_name":"Chrome","city":"Greensboro","dma":"Greensboro-Winston Salem, NC","language":"English","device_type":null,"$schema":12,"library":"amplitude-js\/6.1.0","device_brand":null,"idfa":null,"os_version":"84"}
{"data":{},"location_lng":null,"device_manufacturer":null,"event_type":"video-saved","amplitude_event_type":null,"event_properties":{"project-name":"MedThink Communications","project-id":300577409,"project-category":"Welcome our objective is to show you how we can Shift the Current state of KOL and peer-to-peer engagement influence HCP Behavior and amplify the power of Imbruvica","save-type":"Saved Video"},"region":"North Carolina","event_id":5,"user_properties":{"Username":"spalmisano@medthink.com"},"uuid":"b3fa71e0-d80d-11ea-8534-02775f0c28fb","app":277124,"location_lat":null,"user_creation_time":"2020-07-21 16:47:53.962000","group_properties":{},"device_carrier":null,"country":"United States","sample_rate":null,"is_attribution_event":false,"event_time":"2020-08-06 17:53:14.404000","server_upload_time":"2020-08-06 17:53:14.499000","$insert_id":"fb8672b9-1064-4b2c-b5cd-cf2d71542568","ip_address":"173.94.112.121","amplitude_attribution_ids":null,"session_id":1596736206078,"start_version":null,"client_event_time":"2020-08-06 17:53:14.404000","version_name":null,"groups":{},"adid":null,"user_id":"spalmisano@medthink.com","device_family":null,"platform":"Web","processed_time":"2020-08-06 17:53:15.414615","client_upload_time":"2020-08-06 17:53:14.405000","paying":null,"device_id":"A8CW1c61Gtm_iHEvLZwFHR","amplitude_id":179343697202,"server_received_time":"2020-08-06 17:53:14.490000","device_model":null,"os_name":"Chrome","city":"Greensboro","dma":"Greensboro-Winston Salem, NC","language":"English","device_type":null,"$schema":12,"library":"amplitude-js\/6.1.0","device_brand":null,"idfa":null,"os_version":"84"}
{"data":{},"location_lng":null,"device_manufacturer":null,"event_type":"video-downloaded","amplitude_event_type":null,"event_properties":{"video-name":"Welcome! Our objective is to show you how we can&nbsp;Shift the Current&nbsp;state&nbsp;of KOL and&nbsp;peer-to-peer engagement,&nbsp;and amplify the&nbsp;power of&nbsp;IMBRUVICA,&nbsp;and&nbsp;therefore, influence HCP&nbsp;behavior.&nbsp;<br>         .mp4","project-id":300577409,"video-link":"https:\/\/video.pictory.ai\/bux"},"region":"North Carolina","event_id":6,"user_properties":{"Username":"spalmisano@medthink.com"},"uuid":"6bbb773e-d80e-11ea-8534-02775f0c28fb","app":277124,"location_lat":null,"user_creation_time":"2020-07-21 16:47:53.962000","group_properties":{},"device_carrier":null,"country":"United States","sample_rate":null,"is_attribution_event":false,"event_time":"2020-08-06 17:58:21.769000","server_upload_time":"2020-08-06 17:58:22.213000","$insert_id":"bfd0ba57-4589-4edc-a10b-8d5376e6cf68","ip_address":"173.94.112.121","amplitude_attribution_ids":null,"session_id":1596736206078,"start_version":null,"client_event_time":"2020-08-06 17:58:21.769000","version_name":null,"groups":{},"adid":null,"user_id":"spalmisano@medthink.com","device_family":null,"platform":"Web","processed_time":"2020-08-06 17:58:23.709184","client_upload_time":"2020-08-06 17:58:21.771000","paying":null,"device_id":"A8CW1c61Gtm_iHEvLZwFHR","amplitude_id":179343697202,"server_received_time":"2020-08-06 17:58:22.207000","device_model":null,"os_name":"Chrome","city":"Greensboro","dma":"Greensboro-Winston Salem, NC","language":"English","device_type":null,"$schema":12,"library":"amplitude-js\/6.1.0","device_brand":null,"idfa":null,"os_version":"84"}
