{"is_attribution_event":false,"paying":null,"os_version":"84","app":277124,"$insert_id":"e839ec3d-7f32-41e3-b9ec-5eec65543071","region":"Washington","amplitude_event_type":null,"user_creation_time":"2020-08-07 22:17:25.167000","device_type":null,"location_lng":null,"dma":"Seattle-Tacoma, WA","platform":"Web","country":"United States","language":"English","groups":{},"server_received_time":"2020-08-07 23:23:58.756000","uuid":"12b10abc-d905-11ea-9786-0a55f860b39f","os_name":"Chrome","device_carrier":null,"event_properties":{"login-via":"Pictory"},"processed_time":"2020-08-07 23:24:00.264998","group_properties":{},"user_properties":{"Username":"knelson@plaingood.com"},"event_id":1,"server_upload_time":"2020-08-07 23:23:58.762000","client_upload_time":"2020-08-07 23:23:53.057000","event_type":"user-login","client_event_time":"2020-08-07 23:23:52.919000","location_lat":null,"data":{},"session_id":1596842627150,"version_name":null,"idfa":null,"sample_rate":null,"$schema":12,"device_brand":null,"start_version":null,"city":"Kirkland","ip_address":"67.182.147.135","device_family":null,"amplitude_id":183363421839,"user_id":"knelson@plaingood.com","library":"amplitude-js\/6.1.0","event_time":"2020-08-07 23:23:52.919000","adid":null,"device_manufacturer":null,"device_model":null,"device_id":"yMafgT19UvGO55wCwW40A1","amplitude_attribution_ids":null}
{"amplitude_attribution_ids":null,"language":"English","is_attribution_event":false,"app":277124,"version_name":null,"start_version":null,"os_name":"Chrome","user_id":"vikram@pictory.ai","amplitude_event_type":null,"device_manufacturer":null,"processed_time":"2020-08-07 23:32:48.996690","event_type":"app-crash","paying":null,"platform":"Web","device_type":null,"adid":null,"country":"United States","groups":{},"city":"Lake Stevens","uuid":"4dfb6a4e-d906-11ea-be3e-02a6add71501","dma":"Seattle-Tacoma, WA","idfa":null,"amplitude_id":157956802362,"device_carrier":null,"$schema":12,"device_model":null,"event_id":1741,"server_upload_time":"2020-08-07 23:32:47.522000","sample_rate":null,"user_properties":{"Username":"vikram@pictory.ai"},"event_properties":{"error-info":"https:\/\/brand-settings-images130431-pictory.s3.us-east-2.amazonaws.com\/public\/Google_104898658096797180988\/errors\/application\/1596843165458-crash.txt"},"location_lng":null,"session_id":1596843160790,"device_id":"Q7DEYHSryLp0H1aRz9RtrZ","user_creation_time":"2020-05-17 00:13:14.288000","library":"amplitude-js\/6.1.0","location_lat":null,"os_version":"84","$insert_id":"54c843e9-dc56-4b3d-84c5-6d8040f6d75a","region":"Washington","client_upload_time":"2020-08-07 23:32:47.499000","client_event_time":"2020-08-07 23:32:47.499000","device_family":null,"ip_address":"73.140.177.242","server_received_time":"2020-08-07 23:32:47.515000","event_time":"2020-08-07 23:32:47.499000","group_properties":{},"data":{},"device_brand":null}
{"client_upload_time":"2020-08-07 23:34:48.865000","country":"United States","device_carrier":null,"server_received_time":"2020-08-07 23:34:54.564000","sample_rate":null,"adid":null,"ip_address":"67.182.147.135","event_properties":{"service-name":"summarizer-api"},"app":277124,"location_lat":null,"uuid":"99cfeeb8-d906-11ea-8207-0a3d5c1be8cf","device_type":null,"group_properties":{},"event_type":"failed-service","$insert_id":"ae008c9e-8ab3-40c4-b077-ea7fa64bd3ce","is_attribution_event":false,"device_family":null,"language":"English","data":{},"library":"amplitude-js\/6.1.0","groups":{},"processed_time":"2020-08-07 23:34:56.245497","os_version":"84","city":"Kirkland","os_name":"Chrome","region":"Washington","event_id":1,"paying":null,"server_upload_time":"2020-08-07 23:34:54.574000","device_model":null,"dma":"Seattle-Tacoma, WA","amplitude_event_type":null,"user_creation_time":"2020-08-07 22:17:25.167000","device_manufacturer":null,"location_lng":null,"amplitude_attribution_ids":null,"platform":"Web","version_name":null,"start_version":null,"user_id":"knelson@plaingood.com","device_id":"nLZ-HaYvafYZ9Tk9yLmUlO","amplitude_id":183363421839,"event_time":"2020-08-07 23:34:48.863000","idfa":null,"user_properties":{"Username":"knelson@plaingood.com"},"$schema":12,"client_event_time":"2020-08-07 23:34:48.863000","session_id":1596842933119,"device_brand":null}
{"client_upload_time":"2020-08-07 23:34:48.927000","country":"United States","device_carrier":null,"server_received_time":"2020-08-07 23:34:54.622000","sample_rate":null,"adid":null,"ip_address":"67.182.147.135","event_properties":{"article-link":"www.redcross.org\/take-a-class\/swimming\/water-saftey\/water-saftey-tips-training","project-id":966249572},"app":277124,"location_lat":null,"uuid":"99cffb60-d906-11ea-8207-0a3d5c1be8cf","device_type":null,"group_properties":{},"event_type":"failed-article","$insert_id":"9731658b-08de-4cee-b6d9-71b51778774c","is_attribution_event":false,"device_family":null,"language":"English","data":{},"library":"amplitude-js\/6.1.0","groups":{},"processed_time":"2020-08-07 23:34:56.254403","os_version":"84","city":"Kirkland","os_name":"Chrome","region":"Washington","event_id":2,"paying":null,"server_upload_time":"2020-08-07 23:34:54.653000","device_model":null,"dma":"Seattle-Tacoma, WA","amplitude_event_type":null,"user_creation_time":"2020-08-07 22:17:25.167000","device_manufacturer":null,"location_lng":null,"amplitude_attribution_ids":null,"platform":"Web","version_name":null,"start_version":null,"user_id":"knelson@plaingood.com","device_id":"nLZ-HaYvafYZ9Tk9yLmUlO","amplitude_id":183363421839,"event_time":"2020-08-07 23:34:48.885000","idfa":null,"user_properties":{"Username":"knelson@plaingood.com"},"$schema":12,"client_event_time":"2020-08-07 23:34:48.885000","session_id":1596842933119,"device_brand":null}
{"client_upload_time":"2020-08-07 23:34:48.927000","country":"United States","device_carrier":null,"server_received_time":"2020-08-07 23:34:54.622000","sample_rate":null,"adid":null,"ip_address":"67.182.147.135","event_properties":{"service-name":"upload-image"},"app":277124,"location_lat":null,"uuid":"99d006c8-d906-11ea-8207-0a3d5c1be8cf","device_type":null,"group_properties":{},"event_type":"failed-service","$insert_id":"0f5b7ce2-9365-4cba-b79a-7253d9205974","is_attribution_event":false,"device_family":null,"language":"English","data":{},"library":"amplitude-js\/6.1.0","groups":{},"processed_time":"2020-08-07 23:34:56.254414","os_version":"84","city":"Kirkland","os_name":"Chrome","region":"Washington","event_id":3,"paying":null,"server_upload_time":"2020-08-07 23:34:54.653000","device_model":null,"dma":"Seattle-Tacoma, WA","amplitude_event_type":null,"user_creation_time":"2020-08-07 22:17:25.167000","device_manufacturer":null,"location_lng":null,"amplitude_attribution_ids":null,"platform":"Web","version_name":null,"start_version":null,"user_id":"knelson@plaingood.com","device_id":"nLZ-HaYvafYZ9Tk9yLmUlO","amplitude_id":183363421839,"event_time":"2020-08-07 23:34:48.917000","idfa":null,"user_properties":{"Username":"knelson@plaingood.com"},"$schema":12,"client_event_time":"2020-08-07 23:34:48.917000","session_id":1596842933119,"device_brand":null}
{"client_upload_time":"2020-08-07 23:38:48.726000","country":"United States","device_carrier":null,"server_received_time":"2020-08-07 23:38:54.439000","sample_rate":null,"adid":null,"ip_address":"67.182.147.135","event_properties":{"service-name":"summarizer-api"},"app":277124,"location_lat":null,"uuid":"2899cf38-d907-11ea-8207-0a3d5c1be8cf","device_type":null,"group_properties":{},"event_type":"failed-service","$insert_id":"2836e48d-56a5-4c0d-b719-b2945fbbae8b","is_attribution_event":false,"device_family":null,"language":"English","data":{},"library":"amplitude-js\/6.1.0","groups":{},"processed_time":"2020-08-07 23:38:55.754638","os_version":"84","city":"Kirkland","os_name":"Chrome","region":"Washington","event_id":4,"paying":null,"server_upload_time":"2020-08-07 23:38:54.454000","device_model":null,"dma":"Seattle-Tacoma, WA","amplitude_event_type":null,"user_creation_time":"2020-08-07 22:17:25.167000","device_manufacturer":null,"location_lng":null,"amplitude_attribution_ids":null,"platform":"Web","version_name":null,"start_version":null,"user_id":"knelson@plaingood.com","device_id":"nLZ-HaYvafYZ9Tk9yLmUlO","amplitude_id":183363421839,"event_time":"2020-08-07 23:38:48.725000","idfa":null,"user_properties":{"Username":"knelson@plaingood.com"},"$schema":12,"client_event_time":"2020-08-07 23:38:48.725000","session_id":1596842933119,"device_brand":null}
{"client_upload_time":"2020-08-07 23:38:48.797000","country":"United States","device_carrier":null,"server_received_time":"2020-08-07 23:38:54.494000","sample_rate":null,"adid":null,"ip_address":"67.182.147.135","event_properties":{"article-link":"redcross.org\/take-a-class\/swimming\/water-safety\/water-safety-tips-training","project-id":496371133},"app":277124,"location_lat":null,"uuid":"2899dbf4-d907-11ea-8207-0a3d5c1be8cf","device_type":null,"group_properties":{},"event_type":"failed-article","$insert_id":"8b225148-60e6-4b3d-8787-fd6b08f35ce9","is_attribution_event":false,"device_family":null,"language":"English","data":{},"library":"amplitude-js\/6.1.0","groups":{},"processed_time":"2020-08-07 23:38:55.772301","os_version":"84","city":"Kirkland","os_name":"Chrome","region":"Washington","event_id":5,"paying":null,"server_upload_time":"2020-08-07 23:38:54.510000","device_model":null,"dma":"Seattle-Tacoma, WA","amplitude_event_type":null,"user_creation_time":"2020-08-07 22:17:25.167000","device_manufacturer":null,"location_lng":null,"amplitude_attribution_ids":null,"platform":"Web","version_name":null,"start_version":null,"user_id":"knelson@plaingood.com","device_id":"nLZ-HaYvafYZ9Tk9yLmUlO","amplitude_id":183363421839,"event_time":"2020-08-07 23:38:48.749000","idfa":null,"user_properties":{"Username":"knelson@plaingood.com"},"$schema":12,"client_event_time":"2020-08-07 23:38:48.749000","session_id":1596842933119,"device_brand":null}
{"client_upload_time":"2020-08-07 23:38:48.797000","country":"United States","device_carrier":null,"server_received_time":"2020-08-07 23:38:54.494000","sample_rate":null,"adid":null,"ip_address":"67.182.147.135","event_properties":{"service-name":"upload-image"},"app":277124,"location_lat":null,"uuid":"2899e824-d907-11ea-8207-0a3d5c1be8cf","device_type":null,"group_properties":{},"event_type":"failed-service","$insert_id":"b8e9137b-ea00-4587-9957-65e7cf402aa4","is_attribution_event":false,"device_family":null,"language":"English","data":{},"library":"amplitude-js\/6.1.0","groups":{},"processed_time":"2020-08-07 23:38:55.772312","os_version":"84","city":"Kirkland","os_name":"Chrome","region":"Washington","event_id":6,"paying":null,"server_upload_time":"2020-08-07 23:38:54.510000","device_model":null,"dma":"Seattle-Tacoma, WA","amplitude_event_type":null,"user_creation_time":"2020-08-07 22:17:25.167000","device_manufacturer":null,"location_lng":null,"amplitude_attribution_ids":null,"platform":"Web","version_name":null,"start_version":null,"user_id":"knelson@plaingood.com","device_id":"nLZ-HaYvafYZ9Tk9yLmUlO","amplitude_id":183363421839,"event_time":"2020-08-07 23:38:48.768000","idfa":null,"user_properties":{"Username":"knelson@plaingood.com"},"$schema":12,"client_event_time":"2020-08-07 23:38:48.768000","session_id":1596842933119,"device_brand":null}
