{"user_properties":{"Username":"praveencapri@gmail.com"},"$schema":12,"dma":null,"library":"amplitude-js\/6.1.0","session_id":1596384152357,"device_brand":null,"client_event_time":"2020-08-02 16:02:32.357000","user_creation_time":"2020-08-02 07:07:16.958000","amplitude_event_type":null,"group_properties":{},"amplitude_id":182009921658,"platform":"Web","version_name":null,"user_id":"praveencapri@gmail.com","event_properties":{},"location_lng":null,"groups":{},"location_lat":null,"country":"India","city":"Hyderabad","event_type":"video-generation-canceled","event_id":67,"adid":null,"server_received_time":"2020-08-02 16:02:33.368000","device_id":"5--sw0O1-ccfnO_Ib5dnhZ","paying":null,"event_time":"2020-08-02 16:02:32.357000","os_version":"84","server_upload_time":"2020-08-02 16:02:33.374000","amplitude_attribution_ids":null,"$insert_id":"532df093-d4bb-455f-99ba-b5fb71d76b03","app":277124,"device_model":null,"device_manufacturer":null,"data":{},"idfa":null,"is_attribution_event":false,"device_family":null,"ip_address":"49.206.49.225","start_version":null,"region":"Telangana","client_upload_time":"2020-08-02 16:02:32.360000","language":"English","os_name":"Chrome","processed_time":"2020-08-02 16:02:35.128166","device_carrier":null,"device_type":null,"uuid":"946377b4-d4d9-11ea-9910-06fc158e4c21","sample_rate":null}
{"version_name":null,"device_brand":null,"$schema":12,"event_id":1,"user_properties":{"Username":"ant.cord2006@gmail.com"},"processed_time":"2020-08-02 16:15:44.677405","location_lng":null,"country":"United States","language":"English","amplitude_id":182031829605,"amplitude_event_type":null,"location_lat":null,"region":"Texas","data":{},"dma":"Abilene-Sweetwater, TX","device_model":null,"client_upload_time":"2020-08-02 16:15:42.078000","server_received_time":"2020-08-02 16:15:42.975000","device_carrier":null,"device_type":null,"groups":{},"ip_address":"50.26.255.104","server_upload_time":"2020-08-02 16:15:42.982000","event_time":"2020-08-02 16:15:42.071000","session_id":1596384938710,"event_properties":{"error-info":"https:\/\/brand-settings-images130431-pictory.s3.us-east-2.amazonaws.com\/public\/Google_105214511722151372770\/errors\/application\/1596384940448-crash.txt"},"client_event_time":"2020-08-02 16:15:42.071000","platform":"Web","user_creation_time":"2020-08-02 10:35:14.943000","device_id":"axqo8BSyYpjZfNRbWbZVjK","paying":null,"app":277124,"idfa":null,"user_id":"ant.cord2006@gmail.com","group_properties":{},"os_name":"Chrome","sample_rate":null,"city":"Abilene","adid":null,"device_family":null,"event_type":"app-crash","amplitude_attribution_ids":null,"start_version":null,"device_manufacturer":null,"uuid":"6b0586e4-d4db-11ea-ad1d-0ab25848ee6a","os_version":"84","is_attribution_event":false,"library":"amplitude-js\/6.1.0","$insert_id":"d6ba21b9-c9f5-4dd7-83ff-20c8f4d6e80c"}
{"language":"English","client_upload_time":"2020-08-02 16:27:50.751000","sample_rate":null,"amplitude_attribution_ids":null,"country":"United States","event_properties":{"provider":"Google"},"device_family":null,"start_version":null,"dma":"Atlanta, GA","amplitude_event_type":null,"$schema":12,"app":277124,"is_attribution_event":false,"data":{"first_event":true},"server_received_time":"2020-08-02 16:27:52.881000","region":"Georgia","library":"amplitude-js\/6.1.0","device_brand":null,"groups":{},"amplitude_id":182085508417,"device_id":"Bu3qNnbK0FXjxpwxEUOctV","user_properties":{"Username":"kidsofsomethingnew@gmail.com"},"event_id":1,"ip_address":"24.98.81.37","platform":"Web","server_upload_time":"2020-08-02 16:27:52.886000","uuid":"1d73317c-d4dd-11ea-afea-02ed8556a1ef","device_type":null,"client_event_time":"2020-08-02 16:27:50.747000","device_model":null,"idfa":null,"adid":null,"version_name":null,"group_properties":{},"event_type":"user-signup","device_carrier":null,"city":"Riverdale","session_id":1596385579287,"user_id":"kidsofsomethingnew@gmail.com","location_lng":null,"os_name":"Chrome","$insert_id":"9537256e-10b4-4989-a10e-f663f51b1e57","device_manufacturer":null,"location_lat":null,"paying":null,"user_creation_time":"2020-08-02 16:27:50.747000","event_time":"2020-08-02 16:27:50.747000","os_version":"84","processed_time":"2020-08-02 16:27:53.672507"}
{"language":"English","client_upload_time":"2020-08-02 16:27:51.057000","sample_rate":null,"amplitude_attribution_ids":null,"country":"United States","event_properties":{},"device_family":null,"start_version":null,"dma":"Atlanta, GA","amplitude_event_type":null,"$schema":12,"app":277124,"is_attribution_event":false,"data":{},"server_received_time":"2020-08-02 16:27:53.164000","region":"Georgia","library":"amplitude-js\/6.1.0","device_brand":null,"groups":{},"amplitude_id":182085508417,"device_id":"Bu3qNnbK0FXjxpwxEUOctV","user_properties":{"Username":"kidsofsomethingnew@gmail.com"},"event_id":2,"ip_address":"24.98.81.37","platform":"Web","server_upload_time":"2020-08-02 16:27:53.177000","uuid":"1d734360-d4dd-11ea-afea-02ed8556a1ef","device_type":null,"client_event_time":"2020-08-02 16:27:50.756000","device_model":null,"idfa":null,"adid":null,"version_name":null,"group_properties":{},"event_type":"trial-activated","device_carrier":null,"city":"Riverdale","session_id":1596385579287,"user_id":"kidsofsomethingnew@gmail.com","location_lng":null,"os_name":"Chrome","$insert_id":"b7cc4d6e-57fd-497f-ba6b-681e6ede06d5","device_manufacturer":null,"location_lat":null,"paying":null,"user_creation_time":"2020-08-02 16:27:50.747000","event_time":"2020-08-02 16:27:50.756000","os_version":"84","processed_time":"2020-08-02 16:27:53.694520"}
{"language":"English","client_upload_time":"2020-08-02 16:28:29.470000","sample_rate":null,"amplitude_attribution_ids":null,"country":"United States","event_properties":{"script":"<p>editing<\/p>"},"device_family":null,"start_version":null,"dma":"Atlanta, GA","amplitude_event_type":null,"$schema":12,"app":277124,"is_attribution_event":false,"data":{},"server_received_time":"2020-08-02 16:28:31.583000","region":"Georgia","library":"amplitude-js\/6.1.0","device_brand":null,"groups":{},"amplitude_id":182085508417,"device_id":"Bu3qNnbK0FXjxpwxEUOctV","user_properties":{"Username":"kidsofsomethingnew@gmail.com"},"event_id":3,"ip_address":"24.98.81.37","platform":"Web","server_upload_time":"2020-08-02 16:28:31.597000","uuid":"34833038-d4dd-11ea-afea-02ed8556a1ef","device_type":null,"client_event_time":"2020-08-02 16:28:29.468000","device_model":null,"idfa":null,"adid":null,"version_name":null,"group_properties":{},"event_type":"start-with-script","device_carrier":null,"city":"Riverdale","session_id":1596385579287,"user_id":"kidsofsomethingnew@gmail.com","location_lng":null,"os_name":"Chrome","$insert_id":"10cc538f-2c12-4a74-8239-2ee3548bd857","device_manufacturer":null,"location_lat":null,"paying":null,"user_creation_time":"2020-08-02 16:27:50.747000","event_time":"2020-08-02 16:28:29.468000","os_version":"84","processed_time":"2020-08-02 16:28:32.229101"}
{"language":"English","client_upload_time":"2020-08-02 16:28:37.116000","sample_rate":null,"amplitude_attribution_ids":null,"country":"United States","event_properties":{"project-name":"editing","project-category":"editing","save-type":"New Video","project-id":51645295},"device_family":null,"start_version":null,"dma":"Atlanta, GA","amplitude_event_type":null,"$schema":12,"app":277124,"is_attribution_event":false,"data":{},"server_received_time":"2020-08-02 16:28:39.241000","region":"Georgia","library":"amplitude-js\/6.1.0","device_brand":null,"groups":{},"amplitude_id":182085508417,"device_id":"Bu3qNnbK0FXjxpwxEUOctV","user_properties":{"Username":"kidsofsomethingnew@gmail.com"},"event_id":4,"ip_address":"24.98.81.37","platform":"Web","server_upload_time":"2020-08-02 16:28:39.281000","uuid":"39274ef8-d4dd-11ea-afea-02ed8556a1ef","device_type":null,"client_event_time":"2020-08-02 16:28:37.114000","device_model":null,"idfa":null,"adid":null,"version_name":null,"group_properties":{},"event_type":"video-saved","device_carrier":null,"city":"Riverdale","session_id":1596385579287,"user_id":"kidsofsomethingnew@gmail.com","location_lng":null,"os_name":"Chrome","$insert_id":"65508947-ecc5-4354-a87d-5a5ca43cb0c0","device_manufacturer":null,"location_lat":null,"paying":null,"user_creation_time":"2020-08-02 16:27:50.747000","event_time":"2020-08-02 16:28:37.114000","os_version":"84","processed_time":"2020-08-02 16:28:40.066762"}
{"language":"English","client_upload_time":"2020-08-02 16:28:39.744000","sample_rate":null,"amplitude_attribution_ids":null,"country":"United States","event_properties":{"track-name":"Above the Skies","project-id":51645295},"device_family":null,"start_version":null,"dma":"Atlanta, GA","amplitude_event_type":null,"$schema":12,"app":277124,"is_attribution_event":false,"data":{},"server_received_time":"2020-08-02 16:28:42.001000","region":"Georgia","library":"amplitude-js\/6.1.0","device_brand":null,"groups":{},"amplitude_id":182085508417,"device_id":"Bu3qNnbK0FXjxpwxEUOctV","user_properties":{"Username":"kidsofsomethingnew@gmail.com"},"event_id":5,"ip_address":"24.98.81.37","platform":"Web","server_upload_time":"2020-08-02 16:28:42.023000","uuid":"3b7399be-d4dd-11ea-afea-02ed8556a1ef","device_type":null,"client_event_time":"2020-08-02 16:28:39.743000","device_model":null,"idfa":null,"adid":null,"version_name":null,"group_properties":{},"event_type":"track-selected","device_carrier":null,"city":"Riverdale","session_id":1596385579287,"user_id":"kidsofsomethingnew@gmail.com","location_lng":null,"os_name":"Chrome","$insert_id":"d023cd69-f564-47be-a8d5-d6a271917c9a","device_manufacturer":null,"location_lat":null,"paying":null,"user_creation_time":"2020-08-02 16:27:50.747000","event_time":"2020-08-02 16:28:39.743000","os_version":"84","processed_time":"2020-08-02 16:28:43.881485"}
{"language":"English","client_upload_time":"2020-08-02 16:28:40.228000","sample_rate":null,"amplitude_attribution_ids":null,"country":"United States","event_properties":{"project-name":"editing","project-category":"editing","save-type":"Saved Video","project-id":51645295},"device_family":null,"start_version":null,"dma":"Atlanta, GA","amplitude_event_type":null,"$schema":12,"app":277124,"is_attribution_event":false,"data":{},"server_received_time":"2020-08-02 16:28:42.348000","region":"Georgia","library":"amplitude-js\/6.1.0","device_brand":null,"groups":{},"amplitude_id":182085508417,"device_id":"Bu3qNnbK0FXjxpwxEUOctV","user_properties":{"Username":"kidsofsomethingnew@gmail.com"},"event_id":6,"ip_address":"24.98.81.37","platform":"Web","server_upload_time":"2020-08-02 16:28:42.354000","uuid":"3b753b70-d4dd-11ea-afea-02ed8556a1ef","device_type":null,"client_event_time":"2020-08-02 16:28:40.223000","device_model":null,"idfa":null,"adid":null,"version_name":null,"group_properties":{},"event_type":"video-saved","device_carrier":null,"city":"Riverdale","session_id":1596385579287,"user_id":"kidsofsomethingnew@gmail.com","location_lng":null,"os_name":"Chrome","$insert_id":"ed84c665-413a-4f60-b7e1-19e1e64d5eda","device_manufacturer":null,"location_lat":null,"paying":null,"user_creation_time":"2020-08-02 16:27:50.747000","event_time":"2020-08-02 16:28:40.223000","os_version":"84","processed_time":"2020-08-02 16:28:43.885783"}
{"language":"English","client_upload_time":"2020-08-02 16:29:29.990000","sample_rate":null,"amplitude_attribution_ids":null,"country":"United States","event_properties":{"project-name":"Digital Dre","project-category":"editing","save-type":"Saved Video","project-id":51645295},"device_family":null,"start_version":null,"dma":"Atlanta, GA","amplitude_event_type":null,"$schema":12,"app":277124,"is_attribution_event":false,"data":{},"server_received_time":"2020-08-02 16:29:32.314000","region":"Georgia","library":"amplitude-js\/6.1.0","device_brand":null,"groups":{},"amplitude_id":182085508417,"device_id":"Bu3qNnbK0FXjxpwxEUOctV","user_properties":{"Username":"kidsofsomethingnew@gmail.com"},"event_id":7,"ip_address":"24.98.81.37","platform":"Web","server_upload_time":"2020-08-02 16:29:32.321000","uuid":"598be0be-d4dd-11ea-afea-02ed8556a1ef","device_type":null,"client_event_time":"2020-08-02 16:29:29.988000","device_model":null,"idfa":null,"adid":null,"version_name":null,"group_properties":{},"event_type":"video-saved","device_carrier":null,"city":"Riverdale","session_id":1596385579287,"user_id":"kidsofsomethingnew@gmail.com","location_lng":null,"os_name":"Chrome","$insert_id":"6f08bc04-9085-4655-bd0e-20af78a30a6c","device_manufacturer":null,"location_lat":null,"paying":null,"user_creation_time":"2020-08-02 16:27:50.747000","event_time":"2020-08-02 16:29:29.988000","os_version":"84","processed_time":"2020-08-02 16:29:34.350803"}
{"language":"English","client_upload_time":"2020-08-02 16:29:56.962000","sample_rate":null,"amplitude_attribution_ids":null,"country":"United States","event_properties":{"new-scene-text":"how to edit"},"device_family":null,"start_version":null,"dma":"Atlanta, GA","amplitude_event_type":null,"$schema":12,"app":277124,"is_attribution_event":false,"data":{},"server_received_time":"2020-08-02 16:29:59.121000","region":"Georgia","library":"amplitude-js\/6.1.0","device_brand":null,"groups":{},"amplitude_id":182085508417,"device_id":"Bu3qNnbK0FXjxpwxEUOctV","user_properties":{"Username":"kidsofsomethingnew@gmail.com"},"event_id":8,"ip_address":"24.98.81.37","platform":"Web","server_upload_time":"2020-08-02 16:29:59.147000","uuid":"6a143602-d4dd-11ea-afea-02ed8556a1ef","device_type":null,"client_event_time":"2020-08-02 16:29:56.961000","device_model":null,"idfa":null,"adid":null,"version_name":null,"group_properties":{},"event_type":"add-new-scene","device_carrier":null,"city":"Riverdale","session_id":1596385579287,"user_id":"kidsofsomethingnew@gmail.com","location_lng":null,"os_name":"Chrome","$insert_id":"b7643338-37f0-45a6-bd70-bb010c6f051e","device_manufacturer":null,"location_lat":null,"paying":null,"user_creation_time":"2020-08-02 16:27:50.747000","event_time":"2020-08-02 16:29:56.961000","os_version":"84","processed_time":"2020-08-02 16:30:02.084352"}
{"language":"English","client_upload_time":"2020-08-02 16:30:00.114000","sample_rate":null,"amplitude_attribution_ids":null,"country":"United States","event_properties":{"project-name":"Digital Dre","project-category":"editing","save-type":"Saved Video","project-id":51645295},"device_family":null,"start_version":null,"dma":"Atlanta, GA","amplitude_event_type":null,"$schema":12,"app":277124,"is_attribution_event":false,"data":{},"server_received_time":"2020-08-02 16:30:02.420000","region":"Georgia","library":"amplitude-js\/6.1.0","device_brand":null,"groups":{},"amplitude_id":182085508417,"device_id":"Bu3qNnbK0FXjxpwxEUOctV","user_properties":{"Username":"kidsofsomethingnew@gmail.com"},"event_id":9,"ip_address":"24.98.81.37","platform":"Web","server_upload_time":"2020-08-02 16:30:02.440000","uuid":"6b4e1790-d4dd-11ea-afea-02ed8556a1ef","device_type":null,"client_event_time":"2020-08-02 16:30:00.112000","device_model":null,"idfa":null,"adid":null,"version_name":null,"group_properties":{},"event_type":"video-saved","device_carrier":null,"city":"Riverdale","session_id":1596385579287,"user_id":"kidsofsomethingnew@gmail.com","location_lng":null,"os_name":"Chrome","$insert_id":"2a530564-f8bf-4ca0-879b-66ddf098183a","device_manufacturer":null,"location_lat":null,"paying":null,"user_creation_time":"2020-08-02 16:27:50.747000","event_time":"2020-08-02 16:30:00.112000","os_version":"84","processed_time":"2020-08-02 16:30:04.141851"}
{"language":"English","client_upload_time":"2020-08-02 16:30:49.268000","sample_rate":null,"amplitude_attribution_ids":null,"country":"United States","event_properties":{"project-name":"editing","project-category":"editing","save-type":"New Video","project-id":51645295},"device_family":null,"start_version":null,"dma":"Atlanta, GA","amplitude_event_type":null,"$schema":12,"app":277124,"is_attribution_event":false,"data":{},"server_received_time":"2020-08-02 16:30:51.380000","region":"Georgia","library":"amplitude-js\/6.1.0","device_brand":null,"groups":{},"amplitude_id":182085508417,"device_id":"Bu3qNnbK0FXjxpwxEUOctV","user_properties":{"Username":"kidsofsomethingnew@gmail.com"},"event_id":10,"ip_address":"24.98.81.37","platform":"Web","server_upload_time":"2020-08-02 16:30:51.386000","uuid":"89ab3de4-d4dd-11ea-afea-02ed8556a1ef","device_type":null,"client_event_time":"2020-08-02 16:30:49.265000","device_model":null,"idfa":null,"adid":null,"version_name":null,"group_properties":{},"event_type":"video-saved","device_carrier":null,"city":"Riverdale","session_id":1596385579287,"user_id":"kidsofsomethingnew@gmail.com","location_lng":null,"os_name":"Chrome","$insert_id":"47771403-0cfd-4120-a165-6e3e35efef38","device_manufacturer":null,"location_lat":null,"paying":null,"user_creation_time":"2020-08-02 16:27:50.747000","event_time":"2020-08-02 16:30:49.265000","os_version":"84","processed_time":"2020-08-02 16:30:55.095279"}
{"language":"English","client_upload_time":"2020-08-02 16:30:52.346000","sample_rate":null,"amplitude_attribution_ids":null,"country":"United States","event_properties":{"track-name":"Above the Skies","project-id":51645295},"device_family":null,"start_version":null,"dma":"Atlanta, GA","amplitude_event_type":null,"$schema":12,"app":277124,"is_attribution_event":false,"data":{},"server_received_time":"2020-08-02 16:30:54.514000","region":"Georgia","library":"amplitude-js\/6.1.0","device_brand":null,"groups":{},"amplitude_id":182085508417,"device_id":"Bu3qNnbK0FXjxpwxEUOctV","user_properties":{"Username":"kidsofsomethingnew@gmail.com"},"event_id":11,"ip_address":"24.98.81.37","platform":"Web","server_upload_time":"2020-08-02 16:30:54.522000","uuid":"8a36614e-d4dd-11ea-afea-02ed8556a1ef","device_type":null,"client_event_time":"2020-08-02 16:30:52.344000","device_model":null,"idfa":null,"adid":null,"version_name":null,"group_properties":{},"event_type":"track-deselected","device_carrier":null,"city":"Riverdale","session_id":1596385579287,"user_id":"kidsofsomethingnew@gmail.com","location_lng":null,"os_name":"Chrome","$insert_id":"bbf94e32-5786-435f-90e0-cbda698bf402","device_manufacturer":null,"location_lat":null,"paying":null,"user_creation_time":"2020-08-02 16:27:50.747000","event_time":"2020-08-02 16:30:52.344000","os_version":"84","processed_time":"2020-08-02 16:30:55.996018"}
{"language":"English","client_upload_time":"2020-08-02 16:30:53.035000","sample_rate":null,"amplitude_attribution_ids":null,"country":"United States","event_properties":{"track-name":"Above the Skies","project-id":51645295},"device_family":null,"start_version":null,"dma":"Atlanta, GA","amplitude_event_type":null,"$schema":12,"app":277124,"is_attribution_event":false,"data":{},"server_received_time":"2020-08-02 16:30:55.146000","region":"Georgia","library":"amplitude-js\/6.1.0","device_brand":null,"groups":{},"amplitude_id":182085508417,"device_id":"Bu3qNnbK0FXjxpwxEUOctV","user_properties":{"Username":"kidsofsomethingnew@gmail.com"},"event_id":12,"ip_address":"24.98.81.37","platform":"Web","server_upload_time":"2020-08-02 16:30:55.161000","uuid":"8bd10d24-d4dd-11ea-afea-02ed8556a1ef","device_type":null,"client_event_time":"2020-08-02 16:30:53.034000","device_model":null,"idfa":null,"adid":null,"version_name":null,"group_properties":{},"event_type":"track-selected","device_carrier":null,"city":"Riverdale","session_id":1596385579287,"user_id":"kidsofsomethingnew@gmail.com","location_lng":null,"os_name":"Chrome","$insert_id":"e16f9c2b-0aae-4d57-86b7-91ff6f5c0337","device_manufacturer":null,"location_lat":null,"paying":null,"user_creation_time":"2020-08-02 16:27:50.747000","event_time":"2020-08-02 16:30:53.034000","os_version":"84","processed_time":"2020-08-02 16:30:58.689891"}
{"language":"English","client_upload_time":"2020-08-02 16:30:53.284000","sample_rate":null,"amplitude_attribution_ids":null,"country":"United States","event_properties":{"project-name":"editing","project-category":"editing","save-type":"Saved Video","project-id":51645295},"device_family":null,"start_version":null,"dma":"Atlanta, GA","amplitude_event_type":null,"$schema":12,"app":277124,"is_attribution_event":false,"data":{},"server_received_time":"2020-08-02 16:30:55.439000","region":"Georgia","library":"amplitude-js\/6.1.0","device_brand":null,"groups":{},"amplitude_id":182085508417,"device_id":"Bu3qNnbK0FXjxpwxEUOctV","user_properties":{"Username":"kidsofsomethingnew@gmail.com"},"event_id":13,"ip_address":"24.98.81.37","platform":"Web","server_upload_time":"2020-08-02 16:30:55.451000","uuid":"8bd11b8e-d4dd-11ea-afea-02ed8556a1ef","device_type":null,"client_event_time":"2020-08-02 16:30:53.283000","device_model":null,"idfa":null,"adid":null,"version_name":null,"group_properties":{},"event_type":"video-saved","device_carrier":null,"city":"Riverdale","session_id":1596385579287,"user_id":"kidsofsomethingnew@gmail.com","location_lng":null,"os_name":"Chrome","$insert_id":"80cdd91a-c1df-4707-ba1d-16d7e3fbd3a4","device_manufacturer":null,"location_lat":null,"paying":null,"user_creation_time":"2020-08-02 16:27:50.747000","event_time":"2020-08-02 16:30:53.283000","os_version":"84","processed_time":"2020-08-02 16:30:58.692438"}
{"language":"English","client_upload_time":"2020-08-02 16:30:55.276000","sample_rate":null,"amplitude_attribution_ids":null,"country":"United States","event_properties":{"track-name":"Ground Breaker","project-id":51645295},"device_family":null,"start_version":null,"dma":"Atlanta, GA","amplitude_event_type":null,"$schema":12,"app":277124,"is_attribution_event":false,"data":{},"server_received_time":"2020-08-02 16:30:57.491000","region":"Georgia","library":"amplitude-js\/6.1.0","device_brand":null,"groups":{},"amplitude_id":182085508417,"device_id":"Bu3qNnbK0FXjxpwxEUOctV","user_properties":{"Username":"kidsofsomethingnew@gmail.com"},"event_id":14,"ip_address":"24.98.81.37","platform":"Web","server_upload_time":"2020-08-02 16:30:57.497000","uuid":"8c8a7624-d4dd-11ea-afea-02ed8556a1ef","device_type":null,"client_event_time":"2020-08-02 16:30:55.274000","device_model":null,"idfa":null,"adid":null,"version_name":null,"group_properties":{},"event_type":"track-sample-played","device_carrier":null,"city":"Riverdale","session_id":1596385579287,"user_id":"kidsofsomethingnew@gmail.com","location_lng":null,"os_name":"Chrome","$insert_id":"c6cd7faf-b0a1-4f34-b1d7-28c8252b14f6","device_manufacturer":null,"location_lat":null,"paying":null,"user_creation_time":"2020-08-02 16:27:50.747000","event_time":"2020-08-02 16:30:55.274000","os_version":"84","processed_time":"2020-08-02 16:30:59.922065"}
{"language":"English","client_upload_time":"2020-08-02 16:31:00.539000","sample_rate":null,"amplitude_attribution_ids":null,"country":"United States","event_properties":{"track-name":"Beauty Unfolds","project-id":51645295},"device_family":null,"start_version":null,"dma":"Atlanta, GA","amplitude_event_type":null,"$schema":12,"app":277124,"is_attribution_event":false,"data":{},"server_received_time":"2020-08-02 16:31:02.651000","region":"Georgia","library":"amplitude-js\/6.1.0","device_brand":null,"groups":{},"amplitude_id":182085508417,"device_id":"Bu3qNnbK0FXjxpwxEUOctV","user_properties":{"Username":"kidsofsomethingnew@gmail.com"},"event_id":15,"ip_address":"24.98.81.37","platform":"Web","server_upload_time":"2020-08-02 16:31:02.668000","uuid":"8ffbfa76-d4dd-11ea-afea-02ed8556a1ef","device_type":null,"client_event_time":"2020-08-02 16:31:00.536000","device_model":null,"idfa":null,"adid":null,"version_name":null,"group_properties":{},"event_type":"track-sample-played","device_carrier":null,"city":"Riverdale","session_id":1596385579287,"user_id":"kidsofsomethingnew@gmail.com","location_lng":null,"os_name":"Chrome","$insert_id":"9b05f1db-067d-47d7-bf2c-c43d65144dd0","device_manufacturer":null,"location_lat":null,"paying":null,"user_creation_time":"2020-08-02 16:27:50.747000","event_time":"2020-08-02 16:31:00.536000","os_version":"84","processed_time":"2020-08-02 16:31:05.678260"}
{"language":"English","client_upload_time":"2020-08-02 16:31:16.570000","sample_rate":null,"amplitude_attribution_ids":null,"country":"United States","event_properties":{"track-name":"Beauty Unfolds","project-id":51645295},"device_family":null,"start_version":null,"dma":"Atlanta, GA","amplitude_event_type":null,"$schema":12,"app":277124,"is_attribution_event":false,"data":{},"server_received_time":"2020-08-02 16:31:18.687000","region":"Georgia","library":"amplitude-js\/6.1.0","device_brand":null,"groups":{},"amplitude_id":182085508417,"device_id":"Bu3qNnbK0FXjxpwxEUOctV","user_properties":{"Username":"kidsofsomethingnew@gmail.com"},"event_id":16,"ip_address":"24.98.81.37","platform":"Web","server_upload_time":"2020-08-02 16:31:18.704000","uuid":"98eca126-d4dd-11ea-afea-02ed8556a1ef","device_type":null,"client_event_time":"2020-08-02 16:31:16.569000","device_model":null,"idfa":null,"adid":null,"version_name":null,"group_properties":{},"event_type":"track-selected","device_carrier":null,"city":"Riverdale","session_id":1596385579287,"user_id":"kidsofsomethingnew@gmail.com","location_lng":null,"os_name":"Chrome","$insert_id":"3a92fdcb-a682-4646-b035-ec40b5dd3135","device_manufacturer":null,"location_lat":null,"paying":null,"user_creation_time":"2020-08-02 16:27:50.747000","event_time":"2020-08-02 16:31:16.569000","os_version":"84","processed_time":"2020-08-02 16:31:20.680140"}
{"language":"English","client_upload_time":"2020-08-02 16:31:16.901000","sample_rate":null,"amplitude_attribution_ids":null,"country":"United States","event_properties":{"project-name":"editing","project-category":"editing","save-type":"Saved Video","project-id":51645295},"device_family":null,"start_version":null,"dma":"Atlanta, GA","amplitude_event_type":null,"$schema":12,"app":277124,"is_attribution_event":false,"data":{},"server_received_time":"2020-08-02 16:31:19.020000","region":"Georgia","library":"amplitude-js\/6.1.0","device_brand":null,"groups":{},"amplitude_id":182085508417,"device_id":"Bu3qNnbK0FXjxpwxEUOctV","user_properties":{"Username":"kidsofsomethingnew@gmail.com"},"event_id":17,"ip_address":"24.98.81.37","platform":"Web","server_upload_time":"2020-08-02 16:31:19.026000","uuid":"98ecb0f8-d4dd-11ea-afea-02ed8556a1ef","device_type":null,"client_event_time":"2020-08-02 16:31:16.897000","device_model":null,"idfa":null,"adid":null,"version_name":null,"group_properties":{},"event_type":"video-saved","device_carrier":null,"city":"Riverdale","session_id":1596385579287,"user_id":"kidsofsomethingnew@gmail.com","location_lng":null,"os_name":"Chrome","$insert_id":"dd1860d2-37c6-4214-928f-c8f237f2b21b","device_manufacturer":null,"location_lat":null,"paying":null,"user_creation_time":"2020-08-02 16:27:50.747000","event_time":"2020-08-02 16:31:16.897000","os_version":"84","processed_time":"2020-08-02 16:31:20.683362"}
