{"groups":{},"$schema":12,"sample_rate":null,"processed_time":"2020-08-12 16:00:07.564291","paying":null,"device_type":null,"server_upload_time":"2020-08-12 16:00:05.022000","dma":null,"ip_address":"183.83.169.114","device_model":null,"uuid":"e4967708-dcb4-11ea-bb10-06234426564d","os_version":"84","amplitude_event_type":null,"device_manufacturer":null,"event_properties":{"total-scenes":11,"total-video-time-in-seconds":68.346,"total-time-to-generate-in-minutes":"5.08","total-time-to-generate-in-seconds":305,"total-scenes-with-original-image":11,"track-name":"Boundless Inspiration","project-id":870577839,"total-video-time-in-minutes":"1.14","total-sub-scenes":3,"total-videos":8,"total-images":3,"voice-track-name":"Matthew, male"},"user_properties":{"Username":"innovativeinvesting7@gmail.com"},"data":{},"version_name":null,"amplitude_attribution_ids":null,"device_carrier":null,"server_received_time":"2020-08-12 16:00:05.005000","city":"Hyderabad","app":277124,"region":"Telangana","user_creation_time":"2020-08-10 10:30:25.279000","$insert_id":"e99117ad-97d3-430b-878b-5fc3c9e28053","library":"amplitude-js\/6.1.0","client_event_time":"2020-08-12 16:00:04.858000","device_family":null,"user_id":"innovativeinvesting7@gmail.com","device_id":"KbcUSnJEV3bUOV5XlXhtJA","session_id":1597247672384,"start_version":null,"os_name":"Chrome","device_brand":null,"group_properties":{},"idfa":null,"event_id":45,"event_time":"2020-08-12 16:00:04.858000","is_attribution_event":false,"location_lat":null,"event_type":"generate-clicked","platform":"Web","adid":null,"client_upload_time":"2020-08-12 16:00:04.860000","country":"India","location_lng":null,"amplitude_id":183851922931,"language":"English"}
{"groups":{},"$schema":12,"sample_rate":null,"processed_time":"2020-08-12 16:02:23.658573","paying":null,"device_type":null,"server_upload_time":"2020-08-12 16:02:22.093000","dma":null,"ip_address":"183.83.169.114","device_model":null,"uuid":"35aa59fc-dcb5-11ea-bb10-06234426564d","os_version":"84","amplitude_event_type":null,"device_manufacturer":null,"event_properties":{"project-id":870577839,"time-taken-in-minutes":"2.40","time-taken-in-seconds":144},"user_properties":{"Username":"innovativeinvesting7@gmail.com"},"data":{},"version_name":null,"amplitude_attribution_ids":null,"device_carrier":null,"server_received_time":"2020-08-12 16:02:22.083000","city":"Hyderabad","app":277124,"region":"Telangana","user_creation_time":"2020-08-10 10:30:25.279000","$insert_id":"c1f797ee-ae5d-4f95-885a-b78322902a44","library":"amplitude-js\/6.1.0","client_event_time":"2020-08-12 16:02:21.386000","device_family":null,"user_id":"innovativeinvesting7@gmail.com","device_id":"KbcUSnJEV3bUOV5XlXhtJA","session_id":1597247672384,"start_version":null,"os_name":"Chrome","device_brand":null,"group_properties":{},"idfa":null,"event_id":46,"event_time":"2020-08-12 16:02:21.386000","is_attribution_event":false,"location_lat":null,"event_type":"video-generated","platform":"Web","adid":null,"client_upload_time":"2020-08-12 16:02:21.387000","country":"India","location_lng":null,"amplitude_id":183851922931,"language":"English"}
{"groups":{},"$schema":12,"sample_rate":null,"processed_time":"2020-08-12 16:02:25.087889","paying":null,"device_type":null,"server_upload_time":"2020-08-12 16:02:24.011000","dma":null,"ip_address":"183.83.169.114","device_model":null,"uuid":"368faac0-dcb5-11ea-bb10-06234426564d","os_version":"84","amplitude_event_type":null,"device_manufacturer":null,"event_properties":{"project-id":870577839,"project-name":"Jenny is a very brig","project-category":"Jenny is a very bright student and wanted to study at Harvard University","save-type":"Saved Video"},"user_properties":{"Username":"innovativeinvesting7@gmail.com"},"data":{},"version_name":null,"amplitude_attribution_ids":null,"device_carrier":null,"server_received_time":"2020-08-12 16:02:23.996000","city":"Hyderabad","app":277124,"region":"Telangana","user_creation_time":"2020-08-10 10:30:25.279000","$insert_id":"100c2d26-4593-463a-a3b4-edb422584fbb","library":"amplitude-js\/6.1.0","client_event_time":"2020-08-12 16:02:23.859000","device_family":null,"user_id":"innovativeinvesting7@gmail.com","device_id":"KbcUSnJEV3bUOV5XlXhtJA","session_id":1597247672384,"start_version":null,"os_name":"Chrome","device_brand":null,"group_properties":{},"idfa":null,"event_id":47,"event_time":"2020-08-12 16:02:23.859000","is_attribution_event":false,"location_lat":null,"event_type":"video-saved","platform":"Web","adid":null,"client_upload_time":"2020-08-12 16:02:23.860000","country":"India","location_lng":null,"amplitude_id":183851922931,"language":"English"}
{"groups":{},"$schema":12,"sample_rate":null,"processed_time":"2020-08-12 16:03:23.972055","paying":null,"device_type":null,"server_upload_time":"2020-08-12 16:03:21.430000","dma":null,"ip_address":"183.83.169.114","device_model":null,"uuid":"59a77a06-dcb5-11ea-bb10-06234426564d","os_version":"84","amplitude_event_type":null,"device_manufacturer":null,"event_properties":{"video-link":"https:\/\/video.pictory.ai\/wwx","project-id":870577839,"video-name":"<strong>Jenny<\/strong> is a very bright student and wanted to study at Harvard University..mp4"},"user_properties":{"Username":"innovativeinvesting7@gmail.com"},"data":{},"version_name":null,"amplitude_attribution_ids":null,"device_carrier":null,"server_received_time":"2020-08-12 16:03:21.403000","city":"Hyderabad","app":277124,"region":"Telangana","user_creation_time":"2020-08-10 10:30:25.279000","$insert_id":"1765e154-ff01-45ed-89c0-d3dc923f1c2f","library":"amplitude-js\/6.1.0","client_event_time":"2020-08-12 16:03:21.176000","device_family":null,"user_id":"innovativeinvesting7@gmail.com","device_id":"KbcUSnJEV3bUOV5XlXhtJA","session_id":1597247672384,"start_version":null,"os_name":"Chrome","device_brand":null,"group_properties":{},"idfa":null,"event_id":48,"event_time":"2020-08-12 16:03:21.176000","is_attribution_event":false,"location_lat":null,"event_type":"video-downloaded","platform":"Web","adid":null,"client_upload_time":"2020-08-12 16:03:21.177000","country":"India","location_lng":null,"amplitude_id":183851922931,"language":"English"}
{"is_attribution_event":false,"idfa":null,"groups":{},"ip_address":"73.221.253.48","client_upload_time":"2020-08-12 16:35:17.393000","os_name":"Chrome","uuid":"cf6e8050-dcb9-11ea-b273-0ad9311a6285","user_properties":{"Username":"egranberg@insuranceagencynetwork.com"},"data":{},"user_id":"egranberg@insuranceagencynetwork.com","event_type":"saved-video-opened","location_lng":null,"adid":null,"start_version":null,"session_id":1597250097895,"device_type":null,"dma":"Seattle-Tacoma, WA","country":"United States","server_upload_time":"2020-08-12 16:35:18.075000","event_time":"2020-08-12 16:35:17.392000","version_name":null,"paying":null,"device_brand":null,"platform":"Web","amplitude_attribution_ids":null,"group_properties":{},"device_family":null,"event_id":104,"client_event_time":"2020-08-12 16:35:17.392000","event_properties":{"project-name":"Insurance Agency Net(4)","project-category":"Insurance Agency Network was formed in 2017 by a small group of profitable insurance agents looking to band together to succeed in the ever-changing marketplace"},"server_received_time":"2020-08-12 16:35:18.063000","amplitude_id":184248102469,"device_id":"KZadTqDHTrow4VSVYwmx0o","$insert_id":"7ce9777c-c518-4855-9437-867a990f8989","device_carrier":null,"user_creation_time":"2020-08-12 00:24:06.731000","library":"amplitude-js\/6.1.0","app":277124,"device_manufacturer":null,"device_model":null,"region":"Washington","language":"English","$schema":12,"os_version":"84","processed_time":"2020-08-12 16:35:19.562715","amplitude_event_type":null,"city":"Redmond","location_lat":null,"sample_rate":null}
{"is_attribution_event":false,"idfa":null,"groups":{},"ip_address":"73.221.253.48","client_upload_time":"2020-08-12 16:36:57.405000","os_name":"Chrome","uuid":"0b6a9c6a-dcba-11ea-b273-0ad9311a6285","user_properties":{"Username":"egranberg@insuranceagencynetwork.com"},"data":{},"user_id":"egranberg@insuranceagencynetwork.com","event_type":"saved-video-opened","location_lng":null,"adid":null,"start_version":null,"session_id":1597250097895,"device_type":null,"dma":"Seattle-Tacoma, WA","country":"United States","server_upload_time":"2020-08-12 16:36:58.100000","event_time":"2020-08-12 16:36:57.404000","version_name":null,"paying":null,"device_brand":null,"platform":"Web","amplitude_attribution_ids":null,"group_properties":{},"device_family":null,"event_id":105,"client_event_time":"2020-08-12 16:36:57.404000","event_properties":{"project-name":"Insurance Agency Net","project-category":"Insurance Agency Network was formed in 2017 by a small group of profitable insurance agents looking to band together to succeed in the marketplace"},"server_received_time":"2020-08-12 16:36:58.080000","amplitude_id":184248102469,"device_id":"KZadTqDHTrow4VSVYwmx0o","$insert_id":"df650fc1-28e5-4742-a616-d70f62018aec","device_carrier":null,"user_creation_time":"2020-08-12 00:24:06.731000","library":"amplitude-js\/6.1.0","app":277124,"device_manufacturer":null,"device_model":null,"region":"Washington","language":"English","$schema":12,"os_version":"84","processed_time":"2020-08-12 16:37:00.199995","amplitude_event_type":null,"city":"Redmond","location_lat":null,"sample_rate":null}
{"is_attribution_event":false,"idfa":null,"groups":{},"ip_address":"73.221.253.48","client_upload_time":"2020-08-12 16:37:30.630000","os_name":"Chrome","uuid":"20cdf53e-dcba-11ea-b273-0ad9311a6285","user_properties":{"Username":"egranberg@insuranceagencynetwork.com"},"data":{},"user_id":"egranberg@insuranceagencynetwork.com","event_type":"delete-video","location_lng":null,"adid":null,"start_version":null,"session_id":1597250097895,"device_type":null,"dma":"Seattle-Tacoma, WA","country":"United States","server_upload_time":"2020-08-12 16:37:31.335000","event_time":"2020-08-12 16:37:30.627000","version_name":null,"paying":null,"device_brand":null,"platform":"Web","amplitude_attribution_ids":null,"group_properties":{},"device_family":null,"event_id":106,"client_event_time":"2020-08-12 16:37:30.627000","event_properties":{"video-name":"Insurance Agency Net"},"server_received_time":"2020-08-12 16:37:31.304000","amplitude_id":184248102469,"device_id":"KZadTqDHTrow4VSVYwmx0o","$insert_id":"cebe45a2-dd84-4876-ab57-644fbb114803","device_carrier":null,"user_creation_time":"2020-08-12 00:24:06.731000","library":"amplitude-js\/6.1.0","app":277124,"device_manufacturer":null,"device_model":null,"region":"Washington","language":"English","$schema":12,"os_version":"84","processed_time":"2020-08-12 16:37:36.119984","amplitude_event_type":null,"city":"Redmond","location_lat":null,"sample_rate":null}
{"is_attribution_event":false,"idfa":null,"groups":{},"ip_address":"73.221.253.48","client_upload_time":"2020-08-12 16:37:38.386000","os_name":"Chrome","uuid":"23bdf05a-dcba-11ea-b273-0ad9311a6285","user_properties":{"Username":"egranberg@insuranceagencynetwork.com"},"data":{},"user_id":"egranberg@insuranceagencynetwork.com","event_type":"saved-video-opened","location_lng":null,"adid":null,"start_version":null,"session_id":1597250097895,"device_type":null,"dma":"Seattle-Tacoma, WA","country":"United States","server_upload_time":"2020-08-12 16:37:39.067000","event_time":"2020-08-12 16:37:38.386000","version_name":null,"paying":null,"device_brand":null,"platform":"Web","amplitude_attribution_ids":null,"group_properties":{},"device_family":null,"event_id":107,"client_event_time":"2020-08-12 16:37:38.386000","event_properties":{"project-name":"Insurance Agency Net(1)","project-category":"Insurance Agency Network was formed in 2017 by a small group of profitable insurance agents looking to band together to succeed in the marketplace"},"server_received_time":"2020-08-12 16:37:39.060000","amplitude_id":184248102469,"device_id":"KZadTqDHTrow4VSVYwmx0o","$insert_id":"9681e806-3e91-406e-9018-d3b3ebcffd06","device_carrier":null,"user_creation_time":"2020-08-12 00:24:06.731000","library":"amplitude-js\/6.1.0","app":277124,"device_manufacturer":null,"device_model":null,"region":"Washington","language":"English","$schema":12,"os_version":"84","processed_time":"2020-08-12 16:37:40.995514","amplitude_event_type":null,"city":"Redmond","location_lat":null,"sample_rate":null}
{"is_attribution_event":false,"idfa":null,"groups":{},"ip_address":"73.221.253.48","client_upload_time":"2020-08-12 16:37:50.311000","os_name":"Chrome","uuid":"2a56b8de-dcba-11ea-b273-0ad9311a6285","user_properties":{"Username":"egranberg@insuranceagencynetwork.com"},"data":{},"user_id":"egranberg@insuranceagencynetwork.com","event_type":"delete-video","location_lng":null,"adid":null,"start_version":null,"session_id":1597250097895,"device_type":null,"dma":"Seattle-Tacoma, WA","country":"United States","server_upload_time":"2020-08-12 16:37:50.997000","event_time":"2020-08-12 16:37:50.310000","version_name":null,"paying":null,"device_brand":null,"platform":"Web","amplitude_attribution_ids":null,"group_properties":{},"device_family":null,"event_id":108,"client_event_time":"2020-08-12 16:37:50.310000","event_properties":{"video-name":"Insurance Agency Net(1)"},"server_received_time":"2020-08-12 16:37:50.990000","amplitude_id":184248102469,"device_id":"KZadTqDHTrow4VSVYwmx0o","$insert_id":"2535e683-e304-43bf-977b-0b87aefcc2e3","device_carrier":null,"user_creation_time":"2020-08-12 00:24:06.731000","library":"amplitude-js\/6.1.0","app":277124,"device_manufacturer":null,"device_model":null,"region":"Washington","language":"English","$schema":12,"os_version":"84","processed_time":"2020-08-12 16:37:52.067543","amplitude_event_type":null,"city":"Redmond","location_lat":null,"sample_rate":null}
{"is_attribution_event":false,"idfa":null,"groups":{},"ip_address":"73.221.253.48","client_upload_time":"2020-08-12 16:37:56.524000","os_name":"Chrome","uuid":"2e34e278-dcba-11ea-b273-0ad9311a6285","user_properties":{"Username":"egranberg@insuranceagencynetwork.com"},"data":{},"user_id":"egranberg@insuranceagencynetwork.com","event_type":"saved-video-opened","location_lng":null,"adid":null,"start_version":null,"session_id":1597250097895,"device_type":null,"dma":"Seattle-Tacoma, WA","country":"United States","server_upload_time":"2020-08-12 16:37:57.206000","event_time":"2020-08-12 16:37:56.523000","version_name":null,"paying":null,"device_brand":null,"platform":"Web","amplitude_attribution_ids":null,"group_properties":{},"device_family":null,"event_id":109,"client_event_time":"2020-08-12 16:37:56.523000","event_properties":{"project-name":"Insurance Agency Net(2)","project-category":"Insurance Agency Network was formed in 2017 by a small group of profitable insurance agents looking to band together to succeed in the ever-changing marketplace"},"server_received_time":"2020-08-12 16:37:57.195000","amplitude_id":184248102469,"device_id":"KZadTqDHTrow4VSVYwmx0o","$insert_id":"43632393-d8d5-40a7-bba1-5b4732ef548a","device_carrier":null,"user_creation_time":"2020-08-12 00:24:06.731000","library":"amplitude-js\/6.1.0","app":277124,"device_manufacturer":null,"device_model":null,"region":"Washington","language":"English","$schema":12,"os_version":"84","processed_time":"2020-08-12 16:37:58.559552","amplitude_event_type":null,"city":"Redmond","location_lat":null,"sample_rate":null}
{"is_attribution_event":false,"idfa":null,"groups":{},"ip_address":"73.221.253.48","client_upload_time":"2020-08-12 16:38:11.666000","os_name":"Chrome","uuid":"37c497ca-dcba-11ea-b273-0ad9311a6285","user_properties":{"Username":"egranberg@insuranceagencynetwork.com"},"data":{},"user_id":"egranberg@insuranceagencynetwork.com","event_type":"delete-video","location_lng":null,"adid":null,"start_version":null,"session_id":1597250097895,"device_type":null,"dma":"Seattle-Tacoma, WA","country":"United States","server_upload_time":"2020-08-12 16:38:12.350000","event_time":"2020-08-12 16:38:11.665000","version_name":null,"paying":null,"device_brand":null,"platform":"Web","amplitude_attribution_ids":null,"group_properties":{},"device_family":null,"event_id":110,"client_event_time":"2020-08-12 16:38:11.665000","event_properties":{"video-name":"Insurance Agency Net(2)"},"server_received_time":"2020-08-12 16:38:12.342000","amplitude_id":184248102469,"device_id":"KZadTqDHTrow4VSVYwmx0o","$insert_id":"3f9881e7-e71e-4b91-8bf0-b2df23312620","device_carrier":null,"user_creation_time":"2020-08-12 00:24:06.731000","library":"amplitude-js\/6.1.0","app":277124,"device_manufacturer":null,"device_model":null,"region":"Washington","language":"English","$schema":12,"os_version":"84","processed_time":"2020-08-12 16:38:14.606766","amplitude_event_type":null,"city":"Redmond","location_lat":null,"sample_rate":null}
{"is_attribution_event":false,"idfa":null,"groups":{},"ip_address":"73.221.253.48","client_upload_time":"2020-08-12 16:38:29.536000","os_name":"Chrome","uuid":"4185f61e-dcba-11ea-b273-0ad9311a6285","user_properties":{"Username":"egranberg@insuranceagencynetwork.com"},"data":{},"user_id":"egranberg@insuranceagencynetwork.com","event_type":"saved-video-opened","location_lng":null,"adid":null,"start_version":null,"session_id":1597250097895,"device_type":null,"dma":"Seattle-Tacoma, WA","country":"United States","server_upload_time":"2020-08-12 16:38:30.220000","event_time":"2020-08-12 16:38:29.536000","version_name":null,"paying":null,"device_brand":null,"platform":"Web","amplitude_attribution_ids":null,"group_properties":{},"device_family":null,"event_id":111,"client_event_time":"2020-08-12 16:38:29.536000","event_properties":{"project-name":"Insurance Agency Net(3)","project-category":"Insurance Agency Network was formed in 2017 by a small group of profitable insurance agents looking to band together to succeed in the ever-changing marketplace"},"server_received_time":"2020-08-12 16:38:30.211000","amplitude_id":184248102469,"device_id":"KZadTqDHTrow4VSVYwmx0o","$insert_id":"80bf17c3-55a8-4cc3-9ebc-35a279f60865","device_carrier":null,"user_creation_time":"2020-08-12 00:24:06.731000","library":"amplitude-js\/6.1.0","app":277124,"device_manufacturer":null,"device_model":null,"region":"Washington","language":"English","$schema":12,"os_version":"84","processed_time":"2020-08-12 16:38:30.971612","amplitude_event_type":null,"city":"Redmond","location_lat":null,"sample_rate":null}
{"is_attribution_event":false,"idfa":null,"groups":{},"ip_address":"73.221.253.48","client_upload_time":"2020-08-12 16:40:39.978000","os_name":"Chrome","uuid":"8f2ed890-dcba-11ea-b273-0ad9311a6285","user_properties":{"Username":"egranberg@insuranceagencynetwork.com"},"data":{},"user_id":"egranberg@insuranceagencynetwork.com","event_type":"saved-video-opened","location_lng":null,"adid":null,"start_version":null,"session_id":1597250097895,"device_type":null,"dma":"Seattle-Tacoma, WA","country":"United States","server_upload_time":"2020-08-12 16:40:40.672000","event_time":"2020-08-12 16:40:39.977000","version_name":null,"paying":null,"device_brand":null,"platform":"Web","amplitude_attribution_ids":null,"group_properties":{},"device_family":null,"event_id":112,"client_event_time":"2020-08-12 16:40:39.977000","event_properties":{"project-name":"Insurance Agency Net(4)","project-category":"Insurance Agency Network was formed in 2017 by a small group of profitable insurance agents looking to band together to succeed in the ever-changing marketplace"},"server_received_time":"2020-08-12 16:40:40.653000","amplitude_id":184248102469,"device_id":"KZadTqDHTrow4VSVYwmx0o","$insert_id":"73e1b40c-8bb0-4073-a645-d42402c2f71a","device_carrier":null,"user_creation_time":"2020-08-12 00:24:06.731000","library":"amplitude-js\/6.1.0","app":277124,"device_manufacturer":null,"device_model":null,"region":"Washington","language":"English","$schema":12,"os_version":"84","processed_time":"2020-08-12 16:40:41.259847","amplitude_event_type":null,"city":"Redmond","location_lat":null,"sample_rate":null}
{"is_attribution_event":false,"idfa":null,"groups":{},"ip_address":"73.221.253.48","client_upload_time":"2020-08-12 16:40:42.879000","os_name":"Chrome","uuid":"91d70324-dcba-11ea-b273-0ad9311a6285","user_properties":{"Username":"egranberg@insuranceagencynetwork.com"},"data":{},"user_id":"egranberg@insuranceagencynetwork.com","event_type":"preview-clicked","location_lng":null,"adid":null,"start_version":null,"session_id":1597250097895,"device_type":null,"dma":"Seattle-Tacoma, WA","country":"United States","server_upload_time":"2020-08-12 16:40:43.561000","event_time":"2020-08-12 16:40:42.878000","version_name":null,"paying":null,"device_brand":null,"platform":"Web","amplitude_attribution_ids":null,"group_properties":{},"device_family":null,"event_id":113,"client_event_time":"2020-08-12 16:40:42.878000","event_properties":{"project-id":779893972},"server_received_time":"2020-08-12 16:40:43.553000","amplitude_id":184248102469,"device_id":"KZadTqDHTrow4VSVYwmx0o","$insert_id":"f38b1b5f-b8e2-40ef-bb32-ce25d142d3b0","device_carrier":null,"user_creation_time":"2020-08-12 00:24:06.731000","library":"amplitude-js\/6.1.0","app":277124,"device_manufacturer":null,"device_model":null,"region":"Washington","language":"English","$schema":12,"os_version":"84","processed_time":"2020-08-12 16:40:45.741074","amplitude_event_type":null,"city":"Redmond","location_lat":null,"sample_rate":null}
{"is_attribution_event":false,"idfa":null,"groups":{},"ip_address":"73.221.253.48","client_upload_time":"2020-08-12 16:45:08.844000","os_name":"Chrome","uuid":"2f58f97c-dcbb-11ea-b273-0ad9311a6285","user_properties":{"Username":"egranberg@insuranceagencynetwork.com"},"data":{},"user_id":"egranberg@insuranceagencynetwork.com","event_type":"preview-clicked","location_lng":null,"adid":null,"start_version":null,"session_id":1597250097895,"device_type":null,"dma":"Seattle-Tacoma, WA","country":"United States","server_upload_time":"2020-08-12 16:45:09.599000","event_time":"2020-08-12 16:45:08.842000","version_name":null,"paying":null,"device_brand":null,"platform":"Web","amplitude_attribution_ids":null,"group_properties":{},"device_family":null,"event_id":114,"client_event_time":"2020-08-12 16:45:08.842000","event_properties":{"project-id":779893972},"server_received_time":"2020-08-12 16:45:09.587000","amplitude_id":184248102469,"device_id":"KZadTqDHTrow4VSVYwmx0o","$insert_id":"99010ade-da05-4db8-a076-29e738737022","device_carrier":null,"user_creation_time":"2020-08-12 00:24:06.731000","library":"amplitude-js\/6.1.0","app":277124,"device_manufacturer":null,"device_model":null,"region":"Washington","language":"English","$schema":12,"os_version":"84","processed_time":"2020-08-12 16:45:09.970190","amplitude_event_type":null,"city":"Redmond","location_lat":null,"sample_rate":null}
