{"device_family":null,"session_id":1596306797691,"processed_time":"2020-08-01 18:34:29.254431","event_time":"2020-08-01 18:34:26.620000","device_brand":null,"server_received_time":"2020-08-01 18:34:27.413000","os_version":"72","country":"United States","data":{"first_event":true},"location_lat":null,"language":"English","idfa":null,"version_name":null,"is_attribution_event":false,"amplitude_attribution_ids":null,"library":"amplitude-js\/6.1.0","$insert_id":"70cb6792-e511-48f7-83d8-5909d50158fe","event_type":"user-signup","amplitude_event_type":null,"sample_rate":null,"event_properties":{"provider":"pictory"},"device_model":null,"user_id":null,"device_type":null,"start_version":null,"device_carrier":null,"region":"Wisconsin","device_manufacturer":null,"paying":null,"user_properties":{},"event_id":1,"city":"Brookfield","client_event_time":"2020-08-01 18:34:26.620000","uuid":"a250f946-d425-11ea-8815-0a5ec830078e","location_lng":null,"device_id":"OqLiwnGrUucEvd-h-VvDyM","adid":null,"client_upload_time":"2020-08-01 18:34:26.635000","app":277124,"group_properties":{},"$schema":12,"ip_address":"98.144.67.57","user_creation_time":"2020-08-01 18:34:26.620000","dma":"Milwaukee, WI","amplitude_id":181907320193,"platform":"Web","os_name":"Chrome","groups":{},"server_upload_time":"2020-08-01 18:34:27.418000"}
{"device_family":null,"session_id":1596306797691,"processed_time":"2020-08-01 18:34:39.397716","event_time":"2020-08-01 18:34:38.152000","device_brand":null,"server_received_time":"2020-08-01 18:34:38.851000","os_version":"72","country":"United States","data":{},"location_lat":null,"language":"English","idfa":null,"version_name":null,"is_attribution_event":false,"amplitude_attribution_ids":null,"library":"amplitude-js\/6.1.0","$insert_id":"514d9082-7325-4841-a18c-986e3f8553ee","event_type":"user-login","amplitude_event_type":null,"sample_rate":null,"event_properties":{"login-via":"Google"},"device_model":null,"user_id":null,"device_type":null,"start_version":null,"device_carrier":null,"region":"Wisconsin","device_manufacturer":null,"paying":null,"user_properties":{},"event_id":2,"city":"Brookfield","client_event_time":"2020-08-01 18:34:38.152000","uuid":"a87c97e4-d425-11ea-8815-0a5ec830078e","location_lng":null,"device_id":"OqLiwnGrUucEvd-h-VvDyM","adid":null,"client_upload_time":"2020-08-01 18:34:38.154000","app":277124,"group_properties":{},"$schema":12,"ip_address":"98.144.67.57","user_creation_time":"2020-08-01 18:34:26.620000","dma":"Milwaukee, WI","amplitude_id":181907320193,"platform":"Web","os_name":"Chrome","groups":{},"server_upload_time":"2020-08-01 18:34:38.853000"}
{"device_family":null,"session_id":1596306797691,"processed_time":"2020-08-01 18:42:12.531841","event_time":"2020-08-01 18:42:09.705000","device_brand":null,"server_received_time":"2020-08-01 18:42:10.610000","os_version":"72","country":"United States","data":{},"location_lat":null,"language":"English","idfa":null,"version_name":null,"is_attribution_event":false,"amplitude_attribution_ids":null,"library":"amplitude-js\/6.1.0","$insert_id":"21d4fe92-6637-4f4a-8e56-f58dd66e81e7","event_type":"user-login","amplitude_event_type":null,"sample_rate":null,"event_properties":{"login-via":"Google"},"device_model":null,"user_id":null,"device_type":null,"start_version":null,"device_carrier":null,"region":"Wisconsin","device_manufacturer":null,"paying":null,"user_properties":{},"event_id":3,"city":"Brookfield","client_event_time":"2020-08-01 18:42:09.705000","uuid":"b6934b6a-d426-11ea-8815-0a5ec830078e","location_lng":null,"device_id":"OqLiwnGrUucEvd-h-VvDyM","adid":null,"client_upload_time":"2020-08-01 18:42:09.723000","app":277124,"group_properties":{},"$schema":12,"ip_address":"98.144.67.57","user_creation_time":"2020-08-01 18:34:26.620000","dma":"Milwaukee, WI","amplitude_id":181907320193,"platform":"Web","os_name":"Chrome","groups":{},"server_upload_time":"2020-08-01 18:42:10.614000"}
{"device_family":null,"session_id":1596306797691,"processed_time":"2020-08-01 18:43:03.701534","event_time":"2020-08-01 18:43:02.339000","device_brand":null,"server_received_time":"2020-08-01 18:43:03.054000","os_version":"72","country":"United States","data":{},"location_lat":null,"language":"English","idfa":null,"version_name":null,"is_attribution_event":false,"amplitude_attribution_ids":null,"library":"amplitude-js\/6.1.0","$insert_id":"05940cd0-6fea-4182-8f99-4ae3e900b4c4","event_type":"user-signup","amplitude_event_type":null,"sample_rate":null,"event_properties":{"provider":"Google"},"device_model":null,"user_id":"davesdsthompto060@gmail.com","device_type":null,"start_version":null,"device_carrier":null,"region":"Wisconsin","device_manufacturer":null,"paying":null,"user_properties":{"Username":"davesdsthompto060@gmail.com"},"event_id":4,"city":"Brookfield","client_event_time":"2020-08-01 18:43:02.339000","uuid":"d5143edc-d426-11ea-8815-0a5ec830078e","location_lng":null,"device_id":"OqLiwnGrUucEvd-h-VvDyM","adid":null,"client_upload_time":"2020-08-01 18:43:02.339000","app":277124,"group_properties":{},"$schema":12,"ip_address":"98.144.67.57","user_creation_time":"2020-08-01 18:34:26.620000","dma":"Milwaukee, WI","amplitude_id":181907320193,"platform":"Web","os_name":"Chrome","groups":{},"server_upload_time":"2020-08-01 18:43:03.064000"}
{"device_family":null,"session_id":1596306797691,"processed_time":"2020-08-01 18:43:05.884641","event_time":"2020-08-01 18:43:02.355000","device_brand":null,"server_received_time":"2020-08-01 18:43:03.586000","os_version":"72","country":"United States","data":{},"location_lat":null,"language":"English","idfa":null,"version_name":null,"is_attribution_event":false,"amplitude_attribution_ids":null,"library":"amplitude-js\/6.1.0","$insert_id":"075ad7e9-f464-40e5-baa1-d2f87d787426","event_type":"trial-activated","amplitude_event_type":null,"sample_rate":null,"event_properties":{},"device_model":null,"user_id":"davesdsthompto060@gmail.com","device_type":null,"start_version":null,"device_carrier":null,"region":"Wisconsin","device_manufacturer":null,"paying":null,"user_properties":{"Username":"davesdsthompto060@gmail.com"},"event_id":5,"city":"Brookfield","client_event_time":"2020-08-01 18:43:02.355000","uuid":"d6611f76-d426-11ea-8815-0a5ec830078e","location_lng":null,"device_id":"OqLiwnGrUucEvd-h-VvDyM","adid":null,"client_upload_time":"2020-08-01 18:43:03.099000","app":277124,"group_properties":{},"$schema":12,"ip_address":"98.144.67.57","user_creation_time":"2020-08-01 18:34:26.620000","dma":"Milwaukee, WI","amplitude_id":181907320193,"platform":"Web","os_name":"Chrome","groups":{},"server_upload_time":"2020-08-01 18:43:03.598000"}
{"device_family":null,"session_id":1596306797691,"processed_time":"2020-08-01 18:43:31.085489","event_time":"2020-08-01 18:43:27.933000","device_brand":null,"server_received_time":"2020-08-01 18:43:28.948000","os_version":"72","country":"United States","data":{},"location_lat":null,"language":"English","idfa":null,"version_name":null,"is_attribution_event":false,"amplitude_attribution_ids":null,"library":"amplitude-js\/6.1.0","$insert_id":"c7be6f5c-32b5-4049-bcbe-610d2912ba89","event_type":"start-with-script","amplitude_event_type":null,"sample_rate":null,"event_properties":{"script":"<p>hg<\/p>"},"device_model":null,"user_id":"davesdsthompto060@gmail.com","device_type":null,"start_version":null,"device_carrier":null,"region":"Wisconsin","device_manufacturer":null,"paying":null,"user_properties":{"Username":"davesdsthompto060@gmail.com"},"event_id":6,"city":"Brookfield","client_event_time":"2020-08-01 18:43:27.933000","uuid":"e561b008-d426-11ea-8815-0a5ec830078e","location_lng":null,"device_id":"OqLiwnGrUucEvd-h-VvDyM","adid":null,"client_upload_time":"2020-08-01 18:43:27.951000","app":277124,"group_properties":{},"$schema":12,"ip_address":"98.144.67.57","user_creation_time":"2020-08-01 18:34:26.620000","dma":"Milwaukee, WI","amplitude_id":181907320193,"platform":"Web","os_name":"Chrome","groups":{},"server_upload_time":"2020-08-01 18:43:28.962000"}
{"device_family":null,"session_id":1596306797691,"processed_time":"2020-08-01 18:43:40.735813","event_time":"2020-08-01 18:43:39.456000","device_brand":null,"server_received_time":"2020-08-01 18:43:40.138000","os_version":"72","country":"United States","data":{},"location_lat":null,"language":"English","idfa":null,"version_name":null,"is_attribution_event":false,"amplitude_attribution_ids":null,"library":"amplitude-js\/6.1.0","$insert_id":"803ac704-8f9f-4812-aa3d-edaeb7c58d2a","event_type":"track-selected","amplitude_event_type":null,"sample_rate":null,"event_properties":{"track-name":"Easy Bake Blues","project-id":688376147},"device_model":null,"user_id":"davesdsthompto060@gmail.com","device_type":null,"start_version":null,"device_carrier":null,"region":"Wisconsin","device_manufacturer":null,"paying":null,"user_properties":{"Username":"davesdsthompto060@gmail.com"},"event_id":7,"city":"Brookfield","client_event_time":"2020-08-01 18:43:39.456000","uuid":"eb25a602-d426-11ea-8815-0a5ec830078e","location_lng":null,"device_id":"OqLiwnGrUucEvd-h-VvDyM","adid":null,"client_upload_time":"2020-08-01 18:43:39.458000","app":277124,"group_properties":{},"$schema":12,"ip_address":"98.144.67.57","user_creation_time":"2020-08-01 18:34:26.620000","dma":"Milwaukee, WI","amplitude_id":181907320193,"platform":"Web","os_name":"Chrome","groups":{},"server_upload_time":"2020-08-01 18:43:40.150000"}
{"device_family":null,"session_id":1596306797691,"processed_time":"2020-08-01 18:43:42.711224","event_time":"2020-08-01 18:43:39.624000","device_brand":null,"server_received_time":"2020-08-01 18:43:40.570000","os_version":"72","country":"United States","data":{},"location_lat":null,"language":"English","idfa":null,"version_name":null,"is_attribution_event":false,"amplitude_attribution_ids":null,"library":"amplitude-js\/6.1.0","$insert_id":"8b44312c-2378-4a41-9f5d-d26f215b57fd","event_type":"video-saved","amplitude_event_type":null,"sample_rate":null,"event_properties":{"project-name":"hg","save-type":"New Video","project-category":"hg","project-id":688376147},"device_model":null,"user_id":"davesdsthompto060@gmail.com","device_type":null,"start_version":null,"device_carrier":null,"region":"Wisconsin","device_manufacturer":null,"paying":null,"user_properties":{"Username":"davesdsthompto060@gmail.com"},"event_id":8,"city":"Brookfield","client_event_time":"2020-08-01 18:43:39.624000","uuid":"ec518438-d426-11ea-8815-0a5ec830078e","location_lng":null,"device_id":"OqLiwnGrUucEvd-h-VvDyM","adid":null,"client_upload_time":"2020-08-01 18:43:40.092000","app":277124,"group_properties":{},"$schema":12,"ip_address":"98.144.67.57","user_creation_time":"2020-08-01 18:34:26.620000","dma":"Milwaukee, WI","amplitude_id":181907320193,"platform":"Web","os_name":"Chrome","groups":{},"server_upload_time":"2020-08-01 18:43:40.584000"}
{"device_family":null,"session_id":1596306797691,"processed_time":"2020-08-01 18:43:42.711235","event_time":"2020-08-01 18:43:39.676000","device_brand":null,"server_received_time":"2020-08-01 18:43:40.570000","os_version":"72","country":"United States","data":{},"location_lat":null,"language":"English","idfa":null,"version_name":null,"is_attribution_event":false,"amplitude_attribution_ids":null,"library":"amplitude-js\/6.1.0","$insert_id":"ff9415a9-467b-4188-9e96-68bb81cfe62e","event_type":"video-saved","amplitude_event_type":null,"sample_rate":null,"event_properties":{"project-name":"hg","save-type":"Saved Video","project-category":"hg","project-id":688376147},"device_model":null,"user_id":"davesdsthompto060@gmail.com","device_type":null,"start_version":null,"device_carrier":null,"region":"Wisconsin","device_manufacturer":null,"paying":null,"user_properties":{"Username":"davesdsthompto060@gmail.com"},"event_id":9,"city":"Brookfield","client_event_time":"2020-08-01 18:43:39.676000","uuid":"ec51978e-d426-11ea-8815-0a5ec830078e","location_lng":null,"device_id":"OqLiwnGrUucEvd-h-VvDyM","adid":null,"client_upload_time":"2020-08-01 18:43:40.092000","app":277124,"group_properties":{},"$schema":12,"ip_address":"98.144.67.57","user_creation_time":"2020-08-01 18:34:26.620000","dma":"Milwaukee, WI","amplitude_id":181907320193,"platform":"Web","os_name":"Chrome","groups":{},"server_upload_time":"2020-08-01 18:43:40.584000"}
{"device_family":null,"session_id":1596306797691,"processed_time":"2020-08-01 18:44:21.196844","event_time":"2020-08-01 18:44:18.975000","device_brand":null,"server_received_time":"2020-08-01 18:44:19.719000","os_version":"72","country":"United States","data":{},"location_lat":null,"language":"English","idfa":null,"version_name":null,"is_attribution_event":false,"amplitude_attribution_ids":null,"library":"amplitude-js\/6.1.0","$insert_id":"9a658c34-4f9c-4df7-a6bc-0964aa54348f","event_type":"voice-over-clicked","amplitude_event_type":null,"sample_rate":null,"event_properties":{"project-id":688376147},"device_model":null,"user_id":"davesdsthompto060@gmail.com","device_type":null,"start_version":null,"device_carrier":null,"region":"Wisconsin","device_manufacturer":null,"paying":null,"user_properties":{"Username":"davesdsthompto060@gmail.com"},"event_id":10,"city":"Brookfield","client_event_time":"2020-08-01 18:44:18.975000","uuid":"034423e4-d427-11ea-8815-0a5ec830078e","location_lng":null,"device_id":"OqLiwnGrUucEvd-h-VvDyM","adid":null,"client_upload_time":"2020-08-01 18:44:18.977000","app":277124,"group_properties":{},"$schema":12,"ip_address":"98.144.67.57","user_creation_time":"2020-08-01 18:34:26.620000","dma":"Milwaukee, WI","amplitude_id":181907320193,"platform":"Web","os_name":"Chrome","groups":{},"server_upload_time":"2020-08-01 18:44:19.725000"}
{"device_family":null,"session_id":1596306797691,"processed_time":"2020-08-01 18:44:29.746328","event_time":"2020-08-01 18:44:26.774000","device_brand":null,"server_received_time":"2020-08-01 18:44:27.254000","os_version":"72","country":"United States","data":{},"location_lat":null,"language":"English","idfa":null,"version_name":null,"is_attribution_event":false,"amplitude_attribution_ids":null,"library":"amplitude-js\/6.1.0","$insert_id":"48a8c0be-c207-4b4f-82a7-f0222ca15a56","event_type":"voice-sample-played","amplitude_event_type":null,"sample_rate":null,"event_properties":{"name":"Joanna","country":"US English","project-id":688376147},"device_model":null,"user_id":"davesdsthompto060@gmail.com","device_type":null,"start_version":null,"device_carrier":null,"region":"Wisconsin","device_manufacturer":null,"paying":null,"user_properties":{"Username":"davesdsthompto060@gmail.com"},"event_id":11,"city":"Brookfield","client_event_time":"2020-08-01 18:44:26.774000","uuid":"085c136e-d427-11ea-8815-0a5ec830078e","location_lng":null,"device_id":"OqLiwnGrUucEvd-h-VvDyM","adid":null,"client_upload_time":"2020-08-01 18:44:26.776000","app":277124,"group_properties":{},"$schema":12,"ip_address":"98.144.67.57","user_creation_time":"2020-08-01 18:34:26.620000","dma":"Milwaukee, WI","amplitude_id":181907320193,"platform":"Web","os_name":"Chrome","groups":{},"server_upload_time":"2020-08-01 18:44:27.285000"}
{"device_family":null,"session_id":1596306797691,"processed_time":"2020-08-01 18:44:34.338329","event_time":"2020-08-01 18:44:31.239000","device_brand":null,"server_received_time":"2020-08-01 18:44:32.323000","os_version":"72","country":"United States","data":{},"location_lat":null,"language":"English","idfa":null,"version_name":null,"is_attribution_event":false,"amplitude_attribution_ids":null,"library":"amplitude-js\/6.1.0","$insert_id":"4f987394-968f-44c3-84f1-a99260032f34","event_type":"voice-sample-played","amplitude_event_type":null,"sample_rate":null,"event_properties":{"name":"Joanna","country":"US English","project-id":688376147},"device_model":null,"user_id":"davesdsthompto060@gmail.com","device_type":null,"start_version":null,"device_carrier":null,"region":"Wisconsin","device_manufacturer":null,"paying":null,"user_properties":{"Username":"davesdsthompto060@gmail.com"},"event_id":12,"city":"Brookfield","client_event_time":"2020-08-01 18:44:31.239000","uuid":"0b1a2348-d427-11ea-8815-0a5ec830078e","location_lng":null,"device_id":"OqLiwnGrUucEvd-h-VvDyM","adid":null,"client_upload_time":"2020-08-01 18:44:31.243000","app":277124,"group_properties":{},"$schema":12,"ip_address":"98.144.67.57","user_creation_time":"2020-08-01 18:34:26.620000","dma":"Milwaukee, WI","amplitude_id":181907320193,"platform":"Web","os_name":"Chrome","groups":{},"server_upload_time":"2020-08-01 18:44:32.356000"}
{"device_family":null,"session_id":1596306797691,"processed_time":"2020-08-01 18:44:41.184292","event_time":"2020-08-01 18:44:38.738000","device_brand":null,"server_received_time":"2020-08-01 18:44:39.788000","os_version":"72","country":"United States","data":{},"location_lat":null,"language":"English","idfa":null,"version_name":null,"is_attribution_event":false,"amplitude_attribution_ids":null,"library":"amplitude-js\/6.1.0","$insert_id":"501d4fdb-ba8f-4397-9e92-a83ca3e24768","event_type":"recent-clicked","amplitude_event_type":null,"sample_rate":null,"event_properties":{"source":"Audio","project-id":688376147},"device_model":null,"user_id":"davesdsthompto060@gmail.com","device_type":null,"start_version":null,"device_carrier":null,"region":"Wisconsin","device_manufacturer":null,"paying":null,"user_properties":{"Username":"davesdsthompto060@gmail.com"},"event_id":13,"city":"Brookfield","client_event_time":"2020-08-01 18:44:38.738000","uuid":"0f2ee68a-d427-11ea-8815-0a5ec830078e","location_lng":null,"device_id":"OqLiwnGrUucEvd-h-VvDyM","adid":null,"client_upload_time":"2020-08-01 18:44:38.740000","app":277124,"group_properties":{},"$schema":12,"ip_address":"98.144.67.57","user_creation_time":"2020-08-01 18:34:26.620000","dma":"Milwaukee, WI","amplitude_id":181907320193,"platform":"Web","os_name":"Chrome","groups":{},"server_upload_time":"2020-08-01 18:44:39.811000"}
{"device_family":null,"session_id":1596306797691,"processed_time":"2020-08-01 18:45:13.050505","event_time":"2020-08-01 18:45:11.248000","device_brand":null,"server_received_time":"2020-08-01 18:45:12.169000","os_version":"72","country":"United States","data":{},"location_lat":null,"language":"English","idfa":null,"version_name":null,"is_attribution_event":false,"amplitude_attribution_ids":null,"library":"amplitude-js\/6.1.0","$insert_id":"fc9e2de2-ba84-4021-80f1-2594474b0b30","event_type":"generate-clicked","amplitude_event_type":null,"sample_rate":null,"event_properties":{"total-sub-scenes":0,"total-scenes-with-original-image":1,"total-videos":1,"total-time-to-generate-in-minutes":"1.70","total-video-time-in-seconds":5,"total-video-time-in-minutes":"0.08","total-scenes":1,"track-name":"Easy Bake Blues","total-images":0,"total-time-to-generate-in-seconds":102,"project-id":688376147},"device_model":null,"user_id":"davesdsthompto060@gmail.com","device_type":null,"start_version":null,"device_carrier":null,"region":"Wisconsin","device_manufacturer":null,"paying":null,"user_properties":{"Username":"davesdsthompto060@gmail.com"},"event_id":14,"city":"Brookfield","client_event_time":"2020-08-01 18:45:11.248000","uuid":"222ca7cc-d427-11ea-8815-0a5ec830078e","location_lng":null,"device_id":"OqLiwnGrUucEvd-h-VvDyM","adid":null,"client_upload_time":"2020-08-01 18:45:11.250000","app":277124,"group_properties":{},"$schema":12,"ip_address":"98.144.67.57","user_creation_time":"2020-08-01 18:34:26.620000","dma":"Milwaukee, WI","amplitude_id":181907320193,"platform":"Web","os_name":"Chrome","groups":{},"server_upload_time":"2020-08-01 18:45:12.178000"}
{"device_family":null,"session_id":1596306797691,"processed_time":"2020-08-01 18:45:36.183687","event_time":"2020-08-01 18:45:32.455000","device_brand":null,"server_received_time":"2020-08-01 18:45:33.630000","os_version":"72","country":"United States","data":{},"location_lat":null,"language":"English","idfa":null,"version_name":null,"is_attribution_event":false,"amplitude_attribution_ids":null,"library":"amplitude-js\/6.1.0","$insert_id":"baa715fb-dcf0-4831-a77f-53418751cb0e","event_type":"video-generated","amplitude_event_type":null,"sample_rate":null,"event_properties":{"time-taken-in-seconds":21,"time-taken-in-minutes":"0.35","project-id":688376147},"device_model":null,"user_id":"davesdsthompto060@gmail.com","device_type":null,"start_version":null,"device_carrier":null,"region":"Wisconsin","device_manufacturer":null,"paying":null,"user_properties":{"Username":"davesdsthompto060@gmail.com"},"event_id":15,"city":"Brookfield","client_event_time":"2020-08-01 18:45:32.455000","uuid":"2ff3a2e8-d427-11ea-8815-0a5ec830078e","location_lng":null,"device_id":"OqLiwnGrUucEvd-h-VvDyM","adid":null,"client_upload_time":"2020-08-01 18:45:32.457000","app":277124,"group_properties":{},"$schema":12,"ip_address":"98.144.67.57","user_creation_time":"2020-08-01 18:34:26.620000","dma":"Milwaukee, WI","amplitude_id":181907320193,"platform":"Web","os_name":"Chrome","groups":{},"server_upload_time":"2020-08-01 18:45:33.637000"}
{"device_family":null,"session_id":1596306797691,"processed_time":"2020-08-01 18:45:36.187081","event_time":"2020-08-01 18:45:33.692000","device_brand":null,"server_received_time":"2020-08-01 18:45:34.161000","os_version":"72","country":"United States","data":{},"location_lat":null,"language":"English","idfa":null,"version_name":null,"is_attribution_event":false,"amplitude_attribution_ids":null,"library":"amplitude-js\/6.1.0","$insert_id":"d258776a-be67-4572-88bd-90c8c5764034","event_type":"video-saved","amplitude_event_type":null,"sample_rate":null,"event_properties":{"project-name":"hg","save-type":"Saved Video","project-category":"hg","project-id":688376147},"device_model":null,"user_id":"davesdsthompto060@gmail.com","device_type":null,"start_version":null,"device_carrier":null,"region":"Wisconsin","device_manufacturer":null,"paying":null,"user_properties":{"Username":"davesdsthompto060@gmail.com"},"event_id":16,"city":"Brookfield","client_event_time":"2020-08-01 18:45:33.692000","uuid":"2ff3b1d4-d427-11ea-8815-0a5ec830078e","location_lng":null,"device_id":"OqLiwnGrUucEvd-h-VvDyM","adid":null,"client_upload_time":"2020-08-01 18:45:33.694000","app":277124,"group_properties":{},"$schema":12,"ip_address":"98.144.67.57","user_creation_time":"2020-08-01 18:34:26.620000","dma":"Milwaukee, WI","amplitude_id":181907320193,"platform":"Web","os_name":"Chrome","groups":{},"server_upload_time":"2020-08-01 18:45:34.172000"}
{"device_family":null,"session_id":1596306797691,"processed_time":"2020-08-01 18:46:08.036822","event_time":"2020-08-01 18:46:05.872000","device_brand":null,"server_received_time":"2020-08-01 18:46:06.659000","os_version":"72","country":"United States","data":{},"location_lat":null,"language":"English","idfa":null,"version_name":null,"is_attribution_event":false,"amplitude_attribution_ids":null,"library":"amplitude-js\/6.1.0","$insert_id":"634f1dd8-36fb-425c-9e41-fa79ddf31aa1","event_type":"upload-clicked","amplitude_event_type":null,"sample_rate":null,"event_properties":{"project-id":688376147},"device_model":null,"user_id":"davesdsthompto060@gmail.com","device_type":null,"start_version":null,"device_carrier":null,"region":"Wisconsin","device_manufacturer":null,"paying":null,"user_properties":{"Username":"davesdsthompto060@gmail.com"},"event_id":17,"city":"Brookfield","client_event_time":"2020-08-01 18:46:05.872000","uuid":"42eda75e-d427-11ea-8815-0a5ec830078e","location_lng":null,"device_id":"OqLiwnGrUucEvd-h-VvDyM","adid":null,"client_upload_time":"2020-08-01 18:46:05.876000","app":277124,"group_properties":{},"$schema":12,"ip_address":"98.144.67.57","user_creation_time":"2020-08-01 18:34:26.620000","dma":"Milwaukee, WI","amplitude_id":181907320193,"platform":"Web","os_name":"Chrome","groups":{},"server_upload_time":"2020-08-01 18:46:06.668000"}
{"device_family":null,"session_id":1596306797691,"processed_time":"2020-08-01 18:47:01.610554","event_time":"2020-08-01 18:46:58.454000","device_brand":null,"server_received_time":"2020-08-01 18:46:59.526000","os_version":"72","country":"United States","data":{},"location_lat":null,"language":"English","idfa":null,"version_name":null,"is_attribution_event":false,"amplitude_attribution_ids":null,"library":"amplitude-js\/6.1.0","$insert_id":"a48e80b7-20bc-4572-8f77-53c56f1b3cda","event_type":"image-upload","amplitude_event_type":null,"sample_rate":null,"event_properties":{"image-url":"https:\/\/brand-settings-images130431-pictory.s3.us-east-2.amazonaws.com\/public\/Google_102097506268845996859\/images\/418455441446_500.jpg","upload-type":"browsed","project-id":688376147},"device_model":null,"user_id":"davesdsthompto060@gmail.com","device_type":null,"start_version":null,"device_carrier":null,"region":"Wisconsin","device_manufacturer":null,"paying":null,"user_properties":{"Username":"davesdsthompto060@gmail.com"},"event_id":18,"city":"Brookfield","client_event_time":"2020-08-01 18:46:58.454000","uuid":"62dfdcbc-d427-11ea-8815-0a5ec830078e","location_lng":null,"device_id":"OqLiwnGrUucEvd-h-VvDyM","adid":null,"client_upload_time":"2020-08-01 18:46:58.456000","app":277124,"group_properties":{},"$schema":12,"ip_address":"98.144.67.57","user_creation_time":"2020-08-01 18:34:26.620000","dma":"Milwaukee, WI","amplitude_id":181907320193,"platform":"Web","os_name":"Chrome","groups":{},"server_upload_time":"2020-08-01 18:46:59.540000"}
{"device_family":null,"session_id":1596306797691,"processed_time":"2020-08-01 18:47:05.552036","event_time":"2020-08-01 18:47:04.283000","device_brand":null,"server_received_time":"2020-08-01 18:47:04.792000","os_version":"72","country":"United States","data":{},"location_lat":null,"language":"English","idfa":null,"version_name":null,"is_attribution_event":false,"amplitude_attribution_ids":null,"library":"amplitude-js\/6.1.0","$insert_id":"525bc29d-88b6-4938-a3dd-6ee45ef43467","event_type":"image-replaced","amplitude_event_type":null,"sample_rate":null,"event_properties":{"source":"Upload Image","new-image":"https:\/\/brand-settings-images130431-pictory.s3.us-east-2.amazonaws.com\/public\/Google_102097506268845996859\/images\/418455441446_500.jpg","old-image":"https:\/\/kta7t51vz9.execute-api.us-east-2.amazonaws.com\/prod\/api\/v1\/libraries\/story_blocks\/video\/preview\/10920665.mp4","project-id":688376147},"device_model":null,"user_id":"davesdsthompto060@gmail.com","device_type":null,"start_version":null,"device_carrier":null,"region":"Wisconsin","device_manufacturer":null,"paying":null,"user_properties":{"Username":"davesdsthompto060@gmail.com"},"event_id":19,"city":"Brookfield","client_event_time":"2020-08-01 18:47:04.283000","uuid":"653b0b12-d427-11ea-8815-0a5ec830078e","location_lng":null,"device_id":"OqLiwnGrUucEvd-h-VvDyM","adid":null,"client_upload_time":"2020-08-01 18:47:04.285000","app":277124,"group_properties":{},"$schema":12,"ip_address":"98.144.67.57","user_creation_time":"2020-08-01 18:34:26.620000","dma":"Milwaukee, WI","amplitude_id":181907320193,"platform":"Web","os_name":"Chrome","groups":{},"server_upload_time":"2020-08-01 18:47:04.812000"}
{"device_family":null,"session_id":1596306797691,"processed_time":"2020-08-01 18:47:07.560803","event_time":"2020-08-01 18:47:05.774000","device_brand":null,"server_received_time":"2020-08-01 18:47:06.248000","os_version":"72","country":"United States","data":{},"location_lat":null,"language":"English","idfa":null,"version_name":null,"is_attribution_event":false,"amplitude_attribution_ids":null,"library":"amplitude-js\/6.1.0","$insert_id":"7f4ae3c0-0b17-4983-8338-1b09294b25ee","event_type":"video-saved","amplitude_event_type":null,"sample_rate":null,"event_properties":{"project-name":"hg","save-type":"Saved Video","project-category":"hg","project-id":688376147},"device_model":null,"user_id":"davesdsthompto060@gmail.com","device_type":null,"start_version":null,"device_carrier":null,"region":"Wisconsin","device_manufacturer":null,"paying":null,"user_properties":{"Username":"davesdsthompto060@gmail.com"},"event_id":20,"city":"Brookfield","client_event_time":"2020-08-01 18:47:05.774000","uuid":"666eb844-d427-11ea-8815-0a5ec830078e","location_lng":null,"device_id":"OqLiwnGrUucEvd-h-VvDyM","adid":null,"client_upload_time":"2020-08-01 18:47:05.774000","app":277124,"group_properties":{},"$schema":12,"ip_address":"98.144.67.57","user_creation_time":"2020-08-01 18:34:26.620000","dma":"Milwaukee, WI","amplitude_id":181907320193,"platform":"Web","os_name":"Chrome","groups":{},"server_upload_time":"2020-08-01 18:47:06.259000"}
{"device_family":null,"session_id":1596306797691,"processed_time":"2020-08-01 18:47:13.294676","event_time":"2020-08-01 18:47:10.372000","device_brand":null,"server_received_time":"2020-08-01 18:47:11.203000","os_version":"72","country":"United States","data":{},"location_lat":null,"language":"English","idfa":null,"version_name":null,"is_attribution_event":false,"amplitude_attribution_ids":null,"library":"amplitude-js\/6.1.0","$insert_id":"c6950e67-b70f-415e-93fd-a1dd29a53334","event_type":"preview-clicked","amplitude_event_type":null,"sample_rate":null,"event_properties":{},"device_model":null,"user_id":"davesdsthompto060@gmail.com","device_type":null,"start_version":null,"device_carrier":null,"region":"Wisconsin","device_manufacturer":null,"paying":null,"user_properties":{"Username":"davesdsthompto060@gmail.com"},"event_id":21,"city":"Brookfield","client_event_time":"2020-08-01 18:47:10.372000","uuid":"69d89c8e-d427-11ea-8815-0a5ec830078e","location_lng":null,"device_id":"OqLiwnGrUucEvd-h-VvDyM","adid":null,"client_upload_time":"2020-08-01 18:47:10.375000","app":277124,"group_properties":{},"$schema":12,"ip_address":"98.144.67.57","user_creation_time":"2020-08-01 18:34:26.620000","dma":"Milwaukee, WI","amplitude_id":181907320193,"platform":"Web","os_name":"Chrome","groups":{},"server_upload_time":"2020-08-01 18:47:11.210000"}
{"device_family":null,"session_id":1596306797691,"processed_time":"2020-08-01 18:47:14.881879","event_time":"2020-08-01 18:47:12.665000","device_brand":null,"server_received_time":"2020-08-01 18:47:13.195000","os_version":"72","country":"United States","data":{},"location_lat":null,"language":"English","idfa":null,"version_name":null,"is_attribution_event":false,"amplitude_attribution_ids":null,"library":"amplitude-js\/6.1.0","$insert_id":"bbd115c6-b610-4e59-9213-6ee110ea12e6","event_type":"preview-clicked","amplitude_event_type":null,"sample_rate":null,"event_properties":{},"device_model":null,"user_id":"davesdsthompto060@gmail.com","device_type":null,"start_version":null,"device_carrier":null,"region":"Wisconsin","device_manufacturer":null,"paying":null,"user_properties":{"Username":"davesdsthompto060@gmail.com"},"event_id":22,"city":"Brookfield","client_event_time":"2020-08-01 18:47:12.665000","uuid":"6aca8530-d427-11ea-8815-0a5ec830078e","location_lng":null,"device_id":"OqLiwnGrUucEvd-h-VvDyM","adid":null,"client_upload_time":"2020-08-01 18:47:12.667000","app":277124,"group_properties":{},"$schema":12,"ip_address":"98.144.67.57","user_creation_time":"2020-08-01 18:34:26.620000","dma":"Milwaukee, WI","amplitude_id":181907320193,"platform":"Web","os_name":"Chrome","groups":{},"server_upload_time":"2020-08-01 18:47:13.206000"}
{"device_family":null,"session_id":1596306797691,"processed_time":"2020-08-01 18:47:48.769403","event_time":"2020-08-01 18:47:47.086000","device_brand":null,"server_received_time":"2020-08-01 18:47:47.782000","os_version":"72","country":"United States","data":{},"location_lat":null,"language":"English","idfa":null,"version_name":null,"is_attribution_event":false,"amplitude_attribution_ids":null,"library":"amplitude-js\/6.1.0","$insert_id":"75f9899f-996a-463f-a202-1bc9a289008a","event_type":"image-upload","amplitude_event_type":null,"sample_rate":null,"event_properties":{"image-url":"https:\/\/brand-settings-images130431-pictory.s3.us-east-2.amazonaws.com\/public\/Google_102097506268845996859\/black-hole-sun-lodi.mp3","upload-type":"browsed","project-id":688376147},"device_model":null,"user_id":"davesdsthompto060@gmail.com","device_type":null,"start_version":null,"device_carrier":null,"region":"Wisconsin","device_manufacturer":null,"paying":null,"user_properties":{"Username":"davesdsthompto060@gmail.com"},"event_id":23,"city":"Brookfield","client_event_time":"2020-08-01 18:47:47.086000","uuid":"7efe4eba-d427-11ea-8815-0a5ec830078e","location_lng":null,"device_id":"OqLiwnGrUucEvd-h-VvDyM","adid":null,"client_upload_time":"2020-08-01 18:47:47.087000","app":277124,"group_properties":{},"$schema":12,"ip_address":"98.144.67.57","user_creation_time":"2020-08-01 18:34:26.620000","dma":"Milwaukee, WI","amplitude_id":181907320193,"platform":"Web","os_name":"Chrome","groups":{},"server_upload_time":"2020-08-01 18:47:47.810000"}
{"device_family":null,"session_id":1596306797691,"processed_time":"2020-08-01 18:47:56.806870","event_time":"2020-08-01 18:47:55.719000","device_brand":null,"server_received_time":"2020-08-01 18:47:56.421000","os_version":"72","country":"United States","data":{},"location_lat":null,"language":"English","idfa":null,"version_name":null,"is_attribution_event":false,"amplitude_attribution_ids":null,"library":"amplitude-js\/6.1.0","$insert_id":"c2e508c4-641e-4021-b258-92603d14ad88","event_type":"preview-clicked","amplitude_event_type":null,"sample_rate":null,"event_properties":{},"device_model":null,"user_id":"davesdsthompto060@gmail.com","device_type":null,"start_version":null,"device_carrier":null,"region":"Wisconsin","device_manufacturer":null,"paying":null,"user_properties":{"Username":"davesdsthompto060@gmail.com"},"event_id":24,"city":"Brookfield","client_event_time":"2020-08-01 18:47:55.719000","uuid":"83c8cc2c-d427-11ea-8815-0a5ec830078e","location_lng":null,"device_id":"OqLiwnGrUucEvd-h-VvDyM","adid":null,"client_upload_time":"2020-08-01 18:47:55.721000","app":277124,"group_properties":{},"$schema":12,"ip_address":"98.144.67.57","user_creation_time":"2020-08-01 18:34:26.620000","dma":"Milwaukee, WI","amplitude_id":181907320193,"platform":"Web","os_name":"Chrome","groups":{},"server_upload_time":"2020-08-01 18:47:56.438000"}
{"device_family":null,"session_id":1596306797691,"processed_time":"2020-08-01 18:48:03.186224","event_time":"2020-08-01 18:48:00.331000","device_brand":null,"server_received_time":"2020-08-01 18:48:01.084000","os_version":"72","country":"United States","data":{},"location_lat":null,"language":"English","idfa":null,"version_name":null,"is_attribution_event":false,"amplitude_attribution_ids":null,"library":"amplitude-js\/6.1.0","$insert_id":"0bb7ff08-2478-457e-ad13-b116f92b6550","event_type":"preview-clicked","amplitude_event_type":null,"sample_rate":null,"event_properties":{},"device_model":null,"user_id":"davesdsthompto060@gmail.com","device_type":null,"start_version":null,"device_carrier":null,"region":"Wisconsin","device_manufacturer":null,"paying":null,"user_properties":{"Username":"davesdsthompto060@gmail.com"},"event_id":25,"city":"Brookfield","client_event_time":"2020-08-01 18:48:00.331000","uuid":"8793d748-d427-11ea-8815-0a5ec830078e","location_lng":null,"device_id":"OqLiwnGrUucEvd-h-VvDyM","adid":null,"client_upload_time":"2020-08-01 18:48:00.334000","app":277124,"group_properties":{},"$schema":12,"ip_address":"98.144.67.57","user_creation_time":"2020-08-01 18:34:26.620000","dma":"Milwaukee, WI","amplitude_id":181907320193,"platform":"Web","os_name":"Chrome","groups":{},"server_upload_time":"2020-08-01 18:48:01.100000"}
{"device_family":null,"session_id":1596306797691,"processed_time":"2020-08-01 18:48:06.942903","event_time":"2020-08-01 18:48:05.570000","device_brand":null,"server_received_time":"2020-08-01 18:48:06.042000","os_version":"72","country":"United States","data":{},"location_lat":null,"language":"English","idfa":null,"version_name":null,"is_attribution_event":false,"amplitude_attribution_ids":null,"library":"amplitude-js\/6.1.0","$insert_id":"c9a46e25-68ba-4684-916e-7a9effad9ee2","event_type":"generate-clicked","amplitude_event_type":null,"sample_rate":null,"event_properties":{"total-sub-scenes":0,"total-scenes-with-original-image":0,"total-videos":0,"total-time-to-generate-in-minutes":"2.30","total-video-time-in-seconds":5,"total-video-time-in-minutes":"0.08","total-scenes":1,"track-name":"Easy Bake Blues","total-images":1,"total-time-to-generate-in-seconds":138,"project-id":688376147},"device_model":null,"user_id":"davesdsthompto060@gmail.com","device_type":null,"start_version":null,"device_carrier":null,"region":"Wisconsin","device_manufacturer":null,"paying":null,"user_properties":{"Username":"davesdsthompto060@gmail.com"},"event_id":26,"city":"Brookfield","client_event_time":"2020-08-01 18:48:05.570000","uuid":"89d2ebca-d427-11ea-8815-0a5ec830078e","location_lng":null,"device_id":"OqLiwnGrUucEvd-h-VvDyM","adid":null,"client_upload_time":"2020-08-01 18:48:05.571000","app":277124,"group_properties":{},"$schema":12,"ip_address":"98.144.67.57","user_creation_time":"2020-08-01 18:34:26.620000","dma":"Milwaukee, WI","amplitude_id":181907320193,"platform":"Web","os_name":"Chrome","groups":{},"server_upload_time":"2020-08-01 18:48:06.066000"}
{"device_family":null,"session_id":1596306797691,"processed_time":"2020-08-01 18:48:26.246426","event_time":"2020-08-01 18:48:23.251000","device_brand":null,"server_received_time":"2020-08-01 18:48:23.945000","os_version":"72","country":"United States","data":{},"location_lat":null,"language":"English","idfa":null,"version_name":null,"is_attribution_event":false,"amplitude_attribution_ids":null,"library":"amplitude-js\/6.1.0","$insert_id":"2e9fe579-92d8-4301-8f4a-5ff20eeb3b4d","event_type":"video-generated","amplitude_event_type":null,"sample_rate":null,"event_properties":{"time-taken-in-seconds":17,"time-taken-in-minutes":"0.28","project-id":688376147},"device_model":null,"user_id":"davesdsthompto060@gmail.com","device_type":null,"start_version":null,"device_carrier":null,"region":"Wisconsin","device_manufacturer":null,"paying":null,"user_properties":{"Username":"davesdsthompto060@gmail.com"},"event_id":27,"city":"Brookfield","client_event_time":"2020-08-01 18:48:23.251000","uuid":"955359bc-d427-11ea-8815-0a5ec830078e","location_lng":null,"device_id":"OqLiwnGrUucEvd-h-VvDyM","adid":null,"client_upload_time":"2020-08-01 18:48:23.252000","app":277124,"group_properties":{},"$schema":12,"ip_address":"98.144.67.57","user_creation_time":"2020-08-01 18:34:26.620000","dma":"Milwaukee, WI","amplitude_id":181907320193,"platform":"Web","os_name":"Chrome","groups":{},"server_upload_time":"2020-08-01 18:48:23.955000"}
{"device_family":null,"session_id":1596306797691,"processed_time":"2020-08-01 18:48:26.250983","event_time":"2020-08-01 18:48:23.728000","device_brand":null,"server_received_time":"2020-08-01 18:48:24.206000","os_version":"72","country":"United States","data":{},"location_lat":null,"language":"English","idfa":null,"version_name":null,"is_attribution_event":false,"amplitude_attribution_ids":null,"library":"amplitude-js\/6.1.0","$insert_id":"9bdeebd8-3179-4f95-83ae-28f75c0abde5","event_type":"video-saved","amplitude_event_type":null,"sample_rate":null,"event_properties":{"project-name":"hg","save-type":"Saved Video","project-category":"hg","project-id":688376147},"device_model":null,"user_id":"davesdsthompto060@gmail.com","device_type":null,"start_version":null,"device_carrier":null,"region":"Wisconsin","device_manufacturer":null,"paying":null,"user_properties":{"Username":"davesdsthompto060@gmail.com"},"event_id":28,"city":"Brookfield","client_event_time":"2020-08-01 18:48:23.728000","uuid":"95540d12-d427-11ea-8815-0a5ec830078e","location_lng":null,"device_id":"OqLiwnGrUucEvd-h-VvDyM","adid":null,"client_upload_time":"2020-08-01 18:48:23.744000","app":277124,"group_properties":{},"$schema":12,"ip_address":"98.144.67.57","user_creation_time":"2020-08-01 18:34:26.620000","dma":"Milwaukee, WI","amplitude_id":181907320193,"platform":"Web","os_name":"Chrome","groups":{},"server_upload_time":"2020-08-01 18:48:24.214000"}
{"device_family":null,"session_id":1596306797691,"processed_time":"2020-08-01 18:48:30.274597","event_time":"2020-08-01 18:48:28.341000","device_brand":null,"server_received_time":"2020-08-01 18:48:28.811000","os_version":"72","country":"United States","data":{},"location_lat":null,"language":"English","idfa":null,"version_name":null,"is_attribution_event":false,"amplitude_attribution_ids":null,"library":"amplitude-js\/6.1.0","$insert_id":"e4cac028-5230-4cea-b23f-0dbc34acebd6","event_type":"video-saved","amplitude_event_type":null,"sample_rate":null,"event_properties":{"project-name":"hg","save-type":"Saved Video","project-category":"hg","project-id":688376147},"device_model":null,"user_id":"davesdsthompto060@gmail.com","device_type":null,"start_version":null,"device_carrier":null,"region":"Wisconsin","device_manufacturer":null,"paying":null,"user_properties":{"Username":"davesdsthompto060@gmail.com"},"event_id":29,"city":"Brookfield","client_event_time":"2020-08-01 18:48:28.341000","uuid":"97bb176c-d427-11ea-8815-0a5ec830078e","location_lng":null,"device_id":"OqLiwnGrUucEvd-h-VvDyM","adid":null,"client_upload_time":"2020-08-01 18:48:28.343000","app":277124,"group_properties":{},"$schema":12,"ip_address":"98.144.67.57","user_creation_time":"2020-08-01 18:34:26.620000","dma":"Milwaukee, WI","amplitude_id":181907320193,"platform":"Web","os_name":"Chrome","groups":{},"server_upload_time":"2020-08-01 18:48:28.819000"}
{"device_family":null,"session_id":1596306797691,"processed_time":"2020-08-01 18:48:51.387714","event_time":"2020-08-01 18:48:48.368000","device_brand":null,"server_received_time":"2020-08-01 18:48:49.017000","os_version":"72","country":"United States","data":{},"location_lat":null,"language":"English","idfa":null,"version_name":null,"is_attribution_event":false,"amplitude_attribution_ids":null,"library":"amplitude-js\/6.1.0","$insert_id":"106d0a16-e573-442d-ab5e-52341d273516","event_type":"video-saved","amplitude_event_type":null,"sample_rate":null,"event_properties":{"project-name":"hg","save-type":"Saved Video","project-category":"hg","project-id":688376147},"device_model":null,"user_id":"davesdsthompto060@gmail.com","device_type":null,"start_version":null,"device_carrier":null,"region":"Wisconsin","device_manufacturer":null,"paying":null,"user_properties":{"Username":"davesdsthompto060@gmail.com"},"event_id":30,"city":"Brookfield","client_event_time":"2020-08-01 18:48:48.368000","uuid":"a44e84be-d427-11ea-8815-0a5ec830078e","location_lng":null,"device_id":"OqLiwnGrUucEvd-h-VvDyM","adid":null,"client_upload_time":"2020-08-01 18:48:48.368000","app":277124,"group_properties":{},"$schema":12,"ip_address":"98.144.67.57","user_creation_time":"2020-08-01 18:34:26.620000","dma":"Milwaukee, WI","amplitude_id":181907320193,"platform":"Web","os_name":"Chrome","groups":{},"server_upload_time":"2020-08-01 18:48:49.029000"}
{"device_family":null,"session_id":1596306797691,"processed_time":"2020-08-01 18:49:06.627204","event_time":"2020-08-01 18:49:04.118000","device_brand":null,"server_received_time":"2020-08-01 18:49:05","os_version":"72","country":"United States","data":{},"location_lat":null,"language":"English","idfa":null,"version_name":null,"is_attribution_event":false,"amplitude_attribution_ids":null,"library":"amplitude-js\/6.1.0","$insert_id":"6b38de27-7b1a-4e4c-bc24-6b30902bae58","event_type":"saved-video-opened","amplitude_event_type":null,"sample_rate":null,"event_properties":{"project-category":"hg","project-name":"hg"},"device_model":null,"user_id":"davesdsthompto060@gmail.com","device_type":null,"start_version":null,"device_carrier":null,"region":"Wisconsin","device_manufacturer":null,"paying":null,"user_properties":{"Username":"davesdsthompto060@gmail.com"},"event_id":31,"city":"Brookfield","client_event_time":"2020-08-01 18:49:04.118000","uuid":"ad58cd1c-d427-11ea-8815-0a5ec830078e","location_lng":null,"device_id":"OqLiwnGrUucEvd-h-VvDyM","adid":null,"client_upload_time":"2020-08-01 18:49:04.133000","app":277124,"group_properties":{},"$schema":12,"ip_address":"98.144.67.57","user_creation_time":"2020-08-01 18:34:26.620000","dma":"Milwaukee, WI","amplitude_id":181907320193,"platform":"Web","os_name":"Chrome","groups":{},"server_upload_time":"2020-08-01 18:49:05.039000"}
{"device_family":null,"session_id":1596306797691,"processed_time":"2020-08-01 18:49:16.096217","event_time":"2020-08-01 18:49:13.547000","device_brand":null,"server_received_time":"2020-08-01 18:49:14.600000","os_version":"72","country":"United States","data":{},"location_lat":null,"language":"English","idfa":null,"version_name":null,"is_attribution_event":false,"amplitude_attribution_ids":null,"library":"amplitude-js\/6.1.0","$insert_id":"76153191-0249-48af-b2d0-dfb81fd51030","event_type":"voice-over-clicked","amplitude_event_type":null,"sample_rate":null,"event_properties":{"project-id":688376147},"device_model":null,"user_id":"davesdsthompto060@gmail.com","device_type":null,"start_version":null,"device_carrier":null,"region":"Wisconsin","device_manufacturer":null,"paying":null,"user_properties":{"Username":"davesdsthompto060@gmail.com"},"event_id":32,"city":"Brookfield","client_event_time":"2020-08-01 18:49:13.547000","uuid":"b30a0488-d427-11ea-8815-0a5ec830078e","location_lng":null,"device_id":"OqLiwnGrUucEvd-h-VvDyM","adid":null,"client_upload_time":"2020-08-01 18:49:13.548000","app":277124,"group_properties":{},"$schema":12,"ip_address":"98.144.67.57","user_creation_time":"2020-08-01 18:34:26.620000","dma":"Milwaukee, WI","amplitude_id":181907320193,"platform":"Web","os_name":"Chrome","groups":{},"server_upload_time":"2020-08-01 18:49:14.606000"}
{"device_family":null,"session_id":1596306797691,"processed_time":"2020-08-01 18:49:16.098623","event_time":"2020-08-01 18:49:15.207000","device_brand":null,"server_received_time":"2020-08-01 18:49:15.669000","os_version":"72","country":"United States","data":{},"location_lat":null,"language":"English","idfa":null,"version_name":null,"is_attribution_event":false,"amplitude_attribution_ids":null,"library":"amplitude-js\/6.1.0","$insert_id":"f13121c5-1a35-497b-8303-fea8faf263ed","event_type":"recent-clicked","amplitude_event_type":null,"sample_rate":null,"event_properties":{"source":"Audio","project-id":688376147},"device_model":null,"user_id":"davesdsthompto060@gmail.com","device_type":null,"start_version":null,"device_carrier":null,"region":"Wisconsin","device_manufacturer":null,"paying":null,"user_properties":{"Username":"davesdsthompto060@gmail.com"},"event_id":33,"city":"Brookfield","client_event_time":"2020-08-01 18:49:15.207000","uuid":"b30a1194-d427-11ea-8815-0a5ec830078e","location_lng":null,"device_id":"OqLiwnGrUucEvd-h-VvDyM","adid":null,"client_upload_time":"2020-08-01 18:49:15.208000","app":277124,"group_properties":{},"$schema":12,"ip_address":"98.144.67.57","user_creation_time":"2020-08-01 18:34:26.620000","dma":"Milwaukee, WI","amplitude_id":181907320193,"platform":"Web","os_name":"Chrome","groups":{},"server_upload_time":"2020-08-01 18:49:15.689000"}
