{"user_id":"vishal@pictory.ai","server_upload_time":"2020-08-12 22:44:27.081000","is_attribution_event":false,"session_id":1597272260015,"ip_address":"73.239.8.13","library":"amplitude-js\/6.1.0","country":"United States","device_id":"MXc6mZVI1P6Z2V6ctncKpe","device_family":null,"sample_rate":null,"location_lat":null,"amplitude_attribution_ids":null,"dma":"Seattle-Tacoma, WA","user_properties":{"Username":"vishal@pictory.ai"},"location_lng":null,"device_type":null,"event_properties":{"login-via":"Google"},"paying":null,"device_brand":null,"platform":"Web","device_model":null,"processed_time":"2020-08-12 22:44:29.135418","event_type":"user-login","client_event_time":"2020-08-12 22:44:27.028000","device_manufacturer":null,"event_time":"2020-08-12 22:44:27.028000","os_version":"84","user_creation_time":"2020-05-15 20:33:50.158000","amplitude_event_type":null,"amplitude_id":158589205788,"start_version":null,"language":"English","app":277124,"idfa":null,"event_id":1,"adid":null,"server_received_time":"2020-08-12 22:44:27.071000","city":"Kirkland","region":"Washington","client_upload_time":"2020-08-12 22:44:27.029000","groups":{},"uuid":"619b8c24-dced-11ea-8981-065fd41b280d","device_carrier":null,"os_name":"Chrome","data":{},"version_name":null,"group_properties":{},"$insert_id":"0e4f156f-6b6e-478c-8dbd-2691e0e93b0a","$schema":12}
