{"device_brand":null,"adid":null,"platform":"Web","client_event_time":"2020-08-11 03:58:28.179000","event_type":"user-signup","dma":null,"os_version":"84","groups":{},"idfa":null,"session_id":1597118281807,"amplitude_attribution_ids":null,"city":"New Delhi","start_version":null,"library":"amplitude-js\/6.1.0","device_type":null,"data":{"first_event":true},"paying":null,"user_properties":{},"os_name":"Chrome","group_properties":{},"uuid":"eab37444-db86-11ea-9a5c-0a9137a3bd96","location_lng":null,"amplitude_event_type":null,"country":"India","version_name":null,"device_model":null,"region":"National Capital Territory of Delhi","event_properties":{"provider":"pictory"},"event_id":1,"device_manufacturer":null,"client_upload_time":"2020-08-11 03:58:28.181000","user_id":null,"device_carrier":null,"device_id":"BbMby_fzZfvc0mDJgXqaRs","device_family":null,"server_received_time":"2020-08-11 03:58:28.906000","$schema":12,"ip_address":"117.97.132.32","location_lat":null,"user_creation_time":"2020-08-11 03:58:28.179000","processed_time":"2020-08-11 03:58:29.880906","language":"English","amplitude_id":184038751736,"is_attribution_event":false,"app":277124,"server_upload_time":"2020-08-11 03:58:28.908000","sample_rate":null,"event_time":"2020-08-11 03:58:28.179000","$insert_id":"f3dfddb7-639e-4e80-a3c3-369d9235addb"}
{"device_brand":null,"adid":null,"platform":"Web","client_event_time":"2020-08-11 03:58:50.970000","event_type":"user-login","dma":null,"os_version":"84","groups":{},"idfa":null,"session_id":1597118281807,"amplitude_attribution_ids":null,"city":"New Delhi","start_version":null,"library":"amplitude-js\/6.1.0","device_type":null,"data":{},"paying":null,"user_properties":{"Username":"java@turnthebus.org"},"os_name":"Chrome","group_properties":{},"uuid":"f8e1cdc2-db86-11ea-9a5c-0a9137a3bd96","location_lng":null,"amplitude_event_type":null,"country":"India","version_name":null,"device_model":null,"region":"National Capital Territory of Delhi","event_properties":{"login-via":"Pictory"},"event_id":2,"device_manufacturer":null,"client_upload_time":"2020-08-11 03:58:51.272000","user_id":"java@turnthebus.org","device_carrier":null,"device_id":"BbMby_fzZfvc0mDJgXqaRs","device_family":null,"server_received_time":"2020-08-11 03:58:51.412000","$schema":12,"ip_address":"117.97.132.32","location_lat":null,"user_creation_time":"2020-08-11 03:58:28.179000","processed_time":"2020-08-11 03:58:53.606736","language":"English","amplitude_id":184038751736,"is_attribution_event":false,"app":277124,"server_upload_time":"2020-08-11 03:58:51.424000","sample_rate":null,"event_time":"2020-08-11 03:58:50.970000","$insert_id":"602ec238-3074-493b-9433-0a865c8c859c"}
{"device_brand":null,"adid":null,"platform":"Web","client_event_time":"2020-08-11 03:59:54.954000","event_type":"trial-activated","dma":null,"os_version":"84","groups":{},"idfa":null,"session_id":1597118281807,"amplitude_attribution_ids":null,"city":"New Delhi","start_version":null,"library":"amplitude-js\/6.1.0","device_type":null,"data":{},"paying":null,"user_properties":{"Username":"java@turnthebus.org"},"os_name":"Chrome","group_properties":{},"uuid":"1e31e382-db87-11ea-9a5c-0a9137a3bd96","location_lng":null,"amplitude_event_type":null,"country":"India","version_name":null,"device_model":null,"region":"National Capital Territory of Delhi","event_properties":{},"event_id":3,"device_manufacturer":null,"client_upload_time":"2020-08-11 03:59:54.955000","user_id":"java@turnthebus.org","device_carrier":null,"device_id":"BbMby_fzZfvc0mDJgXqaRs","device_family":null,"server_received_time":"2020-08-11 03:59:55.098000","$schema":12,"ip_address":"117.97.132.32","location_lat":null,"user_creation_time":"2020-08-11 03:58:28.179000","processed_time":"2020-08-11 03:59:56.196418","language":"English","amplitude_id":184038751736,"is_attribution_event":false,"app":277124,"server_upload_time":"2020-08-11 03:59:55.104000","sample_rate":null,"event_time":"2020-08-11 03:59:54.954000","$insert_id":"7801b67e-f691-4b4b-b092-7da06433306b"}
