{"dma":"Seattle-Tacoma, WA","city":"Lake Stevens","os_version":"84","event_properties":{"error-info":"https:\/\/brand-settings-images130431-pictory.s3.us-east-2.amazonaws.com\/public\/Google_104898658096797180988\/errors\/application\/1596957075352-crash.txt"},"device_carrier":null,"location_lng":null,"user_creation_time":"2020-05-17 00:13:14.288000","library":"amplitude-js\/6.1.0","device_model":null,"amplitude_attribution_ids":null,"uuid":"84cb2cc6-da0f-11ea-8ff5-02d7b4e9e9b8","platform":"Web","event_type":"app-crash","user_id":"vikram@pictory.ai","$insert_id":"ea1dff48-0f0f-4f47-b89c-780b3244fa67","server_received_time":"2020-08-09 07:11:16.407000","app":277124,"processed_time":"2020-08-09 07:11:17.651281","os_name":"Chrome","device_family":null,"device_type":null,"amplitude_id":157956802362,"is_attribution_event":false,"location_lat":null,"country":"United States","event_time":"2020-08-09 07:11:16.395000","$schema":12,"amplitude_event_type":null,"paying":null,"start_version":null,"session_id":1596957075286,"group_properties":{},"idfa":null,"user_properties":{"Username":"vikram@pictory.ai"},"ip_address":"73.140.177.242","device_manufacturer":null,"sample_rate":null,"language":"English","event_id":1802,"client_event_time":"2020-08-09 07:11:16.395000","data":{},"adid":null,"groups":{},"device_id":"Q7DEYHSryLp0H1aRz9RtrZ","version_name":null,"region":"Washington","device_brand":null,"client_upload_time":"2020-08-09 07:11:16.395000","server_upload_time":"2020-08-09 07:11:16.416000"}
{"dma":"Seattle-Tacoma, WA","version_name":null,"language":"English","group_properties":{},"groups":{},"device_family":null,"user_creation_time":"2020-08-09 07:30:30.952000","client_event_time":"2020-08-09 07:30:30.952000","processed_time":"2020-08-09 07:30:30.760387","data":{"first_event":true},"location_lat":null,"uuid":"341d6b9c-da12-11ea-9ec9-069c63a46938","library":"amplitude-js\/6.1.0","server_received_time":"2020-08-09 07:30:29.723000","event_id":1,"event_properties":{"provider":"pictory"},"client_upload_time":"2020-08-09 07:30:30.957000","os_version":"84","user_id":null,"is_attribution_event":false,"device_carrier":null,"session_id":1596958201646,"$insert_id":"5eac0773-9ae8-49de-9327-9e158b40872f","paying":null,"device_manufacturer":null,"sample_rate":null,"server_upload_time":"2020-08-09 07:30:29.725000","event_time":"2020-08-09 07:30:30.952000","device_model":null,"idfa":null,"amplitude_id":183631066682,"city":"Redmond","country":"United States","adid":null,"user_properties":{},"region":"Washington","os_name":"Chrome","app":277124,"ip_address":"50.47.105.201","amplitude_attribution_ids":null,"$schema":12,"start_version":null,"platform":"Web","event_type":"user-signup","amplitude_event_type":null,"device_brand":null,"device_id":"xJqkwJpuCaBDDm4ossoP5Q","location_lng":null,"device_type":null}
{"dma":"Seattle-Tacoma, WA","version_name":null,"language":"English","group_properties":{},"groups":{},"device_family":null,"user_creation_time":"2020-08-09 07:30:30.952000","client_event_time":"2020-08-09 07:31:53.744000","processed_time":"2020-08-09 07:31:54.465384","data":{},"location_lat":null,"uuid":"660a0a7a-da12-11ea-9ec9-069c63a46938","library":"amplitude-js\/6.1.0","server_received_time":"2020-08-09 07:31:52.401000","event_id":2,"event_properties":{"provider":"pictory"},"client_upload_time":"2020-08-09 07:31:53.746000","os_version":"84","user_id":null,"is_attribution_event":false,"device_carrier":null,"session_id":1596958201646,"$insert_id":"73105220-fb4b-4f24-be7b-a5f32fd0fbf5","paying":null,"device_manufacturer":null,"sample_rate":null,"server_upload_time":"2020-08-09 07:31:52.410000","event_time":"2020-08-09 07:31:53.744000","device_model":null,"idfa":null,"amplitude_id":183631066682,"city":"Redmond","country":"United States","adid":null,"user_properties":{},"region":"Washington","os_name":"Chrome","app":277124,"ip_address":"50.47.105.201","amplitude_attribution_ids":null,"$schema":12,"start_version":null,"platform":"Web","event_type":"user-signup","amplitude_event_type":null,"device_brand":null,"device_id":"xJqkwJpuCaBDDm4ossoP5Q","location_lng":null,"device_type":null}
{"dma":"Seattle-Tacoma, WA","version_name":null,"language":"English","group_properties":{},"groups":{},"device_family":null,"user_creation_time":"2020-08-09 07:30:30.952000","client_event_time":"2020-08-09 07:32:12.917000","processed_time":"2020-08-09 07:32:12.148858","data":{},"location_lat":null,"uuid":"708fef14-da12-11ea-9ec9-069c63a46938","library":"amplitude-js\/6.1.0","server_received_time":"2020-08-09 07:32:11.621000","event_id":3,"event_properties":{"login-via":"Pictory"},"client_upload_time":"2020-08-09 07:32:12.966000","os_version":"84","user_id":"raynku@gmail.com","is_attribution_event":false,"device_carrier":null,"session_id":1596958201646,"$insert_id":"d3cbbb53-18ff-4977-85ca-4f6df2a9e19d","paying":null,"device_manufacturer":null,"sample_rate":null,"server_upload_time":"2020-08-09 07:32:11.630000","event_time":"2020-08-09 07:32:12.917000","device_model":null,"idfa":null,"amplitude_id":183631066682,"city":"Redmond","country":"United States","adid":null,"user_properties":{"Username":"raynku@gmail.com"},"region":"Washington","os_name":"Chrome","app":277124,"ip_address":"50.47.105.201","amplitude_attribution_ids":null,"$schema":12,"start_version":null,"platform":"Web","event_type":"user-login","amplitude_event_type":null,"device_brand":null,"device_id":"xJqkwJpuCaBDDm4ossoP5Q","location_lng":null,"device_type":null}
{"dma":"Seattle-Tacoma, WA","version_name":null,"language":"English","group_properties":{},"groups":{},"device_family":null,"user_creation_time":"2020-08-09 07:30:30.952000","client_event_time":"2020-08-09 07:32:55.271000","processed_time":"2020-08-09 07:32:54.648382","data":{},"location_lat":null,"uuid":"89eaf972-da12-11ea-9ec9-069c63a46938","library":"amplitude-js\/6.1.0","server_received_time":"2020-08-09 07:32:53.922000","event_id":4,"event_properties":{},"client_upload_time":"2020-08-09 07:32:55.272000","os_version":"84","user_id":"raynku@gmail.com","is_attribution_event":false,"device_carrier":null,"session_id":1596958201646,"$insert_id":"4d347117-e00b-4500-992a-a09f11be7657","paying":null,"device_manufacturer":null,"sample_rate":null,"server_upload_time":"2020-08-09 07:32:53.935000","event_time":"2020-08-09 07:32:55.271000","device_model":null,"idfa":null,"amplitude_id":183631066682,"city":"Redmond","country":"United States","adid":null,"user_properties":{"Username":"raynku@gmail.com"},"region":"Washington","os_name":"Chrome","app":277124,"ip_address":"50.47.105.201","amplitude_attribution_ids":null,"$schema":12,"start_version":null,"platform":"Web","event_type":"trial-activated","amplitude_event_type":null,"device_brand":null,"device_id":"xJqkwJpuCaBDDm4ossoP5Q","location_lng":null,"device_type":null}
{"dma":"Seattle-Tacoma, WA","version_name":null,"language":"English","group_properties":{},"groups":{},"device_family":null,"user_creation_time":"2020-08-09 07:30:30.952000","client_event_time":"2020-08-09 07:33:22.666000","processed_time":"2020-08-09 07:33:22.600246","data":{},"location_lat":null,"uuid":"9a91cf9e-da12-11ea-9ec9-069c63a46938","library":"amplitude-js\/6.1.0","server_received_time":"2020-08-09 07:33:21.319000","event_id":5,"event_properties":{"service-name":"Get-ProjectName"},"client_upload_time":"2020-08-09 07:33:22.668000","os_version":"84","user_id":"raynku@gmail.com","is_attribution_event":false,"device_carrier":null,"session_id":1596958201646,"$insert_id":"c04e31ee-ddf8-475a-8dd9-7d11f5d73e60","paying":null,"device_manufacturer":null,"sample_rate":null,"server_upload_time":"2020-08-09 07:33:21.339000","event_time":"2020-08-09 07:33:22.666000","device_model":null,"idfa":null,"amplitude_id":183631066682,"city":"Redmond","country":"United States","adid":null,"user_properties":{"Username":"raynku@gmail.com"},"region":"Washington","os_name":"Chrome","app":277124,"ip_address":"50.47.105.201","amplitude_attribution_ids":null,"$schema":12,"start_version":null,"platform":"Web","event_type":"failed-service","amplitude_event_type":null,"device_brand":null,"device_id":"xJqkwJpuCaBDDm4ossoP5Q","location_lng":null,"device_type":null}
{"dma":"Seattle-Tacoma, WA","version_name":null,"language":"English","group_properties":{},"groups":{},"device_family":null,"user_creation_time":"2020-08-09 07:30:30.952000","client_event_time":"2020-08-09 07:33:23.017000","processed_time":"2020-08-09 07:33:22.602493","data":{},"location_lat":null,"uuid":"9a91d534-da12-11ea-9ec9-069c63a46938","library":"amplitude-js\/6.1.0","server_received_time":"2020-08-09 07:33:21.771000","event_id":6,"event_properties":{"project-id":606109684,"article-link":"https:\/\/nomwrites.com\/powerful-writing-a-blank-page\/"},"client_upload_time":"2020-08-09 07:33:23.121000","os_version":"84","user_id":"raynku@gmail.com","is_attribution_event":false,"device_carrier":null,"session_id":1596958201646,"$insert_id":"dc5298ad-b466-45ec-87a7-a626930b9392","paying":null,"device_manufacturer":null,"sample_rate":null,"server_upload_time":"2020-08-09 07:33:21.795000","event_time":"2020-08-09 07:33:23.017000","device_model":null,"idfa":null,"amplitude_id":183631066682,"city":"Redmond","country":"United States","adid":null,"user_properties":{"Username":"raynku@gmail.com"},"region":"Washington","os_name":"Chrome","app":277124,"ip_address":"50.47.105.201","amplitude_attribution_ids":null,"$schema":12,"start_version":null,"platform":"Web","event_type":"start-with-article","amplitude_event_type":null,"device_brand":null,"device_id":"xJqkwJpuCaBDDm4ossoP5Q","location_lng":null,"device_type":null}
{"dma":"Seattle-Tacoma, WA","version_name":null,"language":"English","group_properties":{},"groups":{},"device_family":null,"user_creation_time":"2020-08-09 07:30:30.952000","client_event_time":"2020-08-09 07:33:34.476000","processed_time":"2020-08-09 07:33:34.594444","data":{},"location_lat":null,"uuid":"a1baa174-da12-11ea-9ec9-069c63a46938","library":"amplitude-js\/6.1.0","server_received_time":"2020-08-09 07:33:33.131000","event_id":7,"event_properties":{"project-id":606109684,"total-selected-sentences":7,"article-link":"https:\/\/nomwrites.com\/powerful-writing-a-blank-page\/"},"client_upload_time":"2020-08-09 07:33:34.476000","os_version":"84","user_id":"raynku@gmail.com","is_attribution_event":false,"device_carrier":null,"session_id":1596958201646,"$insert_id":"2ed5c23d-b569-4fc7-86f3-fd6735fa0390","paying":null,"device_manufacturer":null,"sample_rate":null,"server_upload_time":"2020-08-09 07:33:33.137000","event_time":"2020-08-09 07:33:34.476000","device_model":null,"idfa":null,"amplitude_id":183631066682,"city":"Redmond","country":"United States","adid":null,"user_properties":{"Username":"raynku@gmail.com"},"region":"Washington","os_name":"Chrome","app":277124,"ip_address":"50.47.105.201","amplitude_attribution_ids":null,"$schema":12,"start_version":null,"platform":"Web","event_type":"next-button-pressed","amplitude_event_type":null,"device_brand":null,"device_id":"xJqkwJpuCaBDDm4ossoP5Q","location_lng":null,"device_type":null}
{"dma":"Seattle-Tacoma, WA","version_name":null,"language":"English","group_properties":{},"groups":{},"device_family":null,"user_creation_time":"2020-08-09 07:30:30.952000","client_event_time":"2020-08-09 07:33:44.828000","processed_time":"2020-08-09 07:33:44.342347","data":{},"location_lat":null,"uuid":"a785e1f4-da12-11ea-9ec9-069c63a46938","library":"amplitude-js\/6.1.0","server_received_time":"2020-08-09 07:33:43.484000","event_id":8,"event_properties":{"project-id":606109684,"track-name":"Fresh Morning Rain"},"client_upload_time":"2020-08-09 07:33:44.829000","os_version":"84","user_id":"raynku@gmail.com","is_attribution_event":false,"device_carrier":null,"session_id":1596958201646,"$insert_id":"9e72e476-1567-4edc-ad22-fa784fb9de1d","paying":null,"device_manufacturer":null,"sample_rate":null,"server_upload_time":"2020-08-09 07:33:43.496000","event_time":"2020-08-09 07:33:44.828000","device_model":null,"idfa":null,"amplitude_id":183631066682,"city":"Redmond","country":"United States","adid":null,"user_properties":{"Username":"raynku@gmail.com"},"region":"Washington","os_name":"Chrome","app":277124,"ip_address":"50.47.105.201","amplitude_attribution_ids":null,"$schema":12,"start_version":null,"platform":"Web","event_type":"track-selected","amplitude_event_type":null,"device_brand":null,"device_id":"xJqkwJpuCaBDDm4ossoP5Q","location_lng":null,"device_type":null}
{"dma":"Seattle-Tacoma, WA","version_name":null,"language":"English","group_properties":{},"groups":{},"device_family":null,"user_creation_time":"2020-08-09 07:30:30.952000","client_event_time":"2020-08-09 07:33:45.781000","processed_time":"2020-08-09 07:33:45.732052","data":{},"location_lat":null,"uuid":"a85d7268-da12-11ea-9ec9-069c63a46938","library":"amplitude-js\/6.1.0","server_received_time":"2020-08-09 07:33:44.438000","event_id":9,"event_properties":{"project-id":606109684,"project-name":"A BlankPage - Nom de Plumes Den","save-type":"New Video","project-category":"A BlankPage - Nom de Plumes Den"},"client_upload_time":"2020-08-09 07:33:45.782000","os_version":"84","user_id":"raynku@gmail.com","is_attribution_event":false,"device_carrier":null,"session_id":1596958201646,"$insert_id":"a66bce06-6dc0-4bc2-9236-a9c2c6a3b0c4","paying":null,"device_manufacturer":null,"sample_rate":null,"server_upload_time":"2020-08-09 07:33:44.442000","event_time":"2020-08-09 07:33:45.781000","device_model":null,"idfa":null,"amplitude_id":183631066682,"city":"Redmond","country":"United States","adid":null,"user_properties":{"Username":"raynku@gmail.com"},"region":"Washington","os_name":"Chrome","app":277124,"ip_address":"50.47.105.201","amplitude_attribution_ids":null,"$schema":12,"start_version":null,"platform":"Web","event_type":"video-saved","amplitude_event_type":null,"device_brand":null,"device_id":"xJqkwJpuCaBDDm4ossoP5Q","location_lng":null,"device_type":null}
{"dma":"Seattle-Tacoma, WA","version_name":null,"language":"English","group_properties":{},"groups":{},"device_family":null,"user_creation_time":"2020-08-09 07:30:30.952000","client_event_time":"2020-08-09 07:33:49.992000","processed_time":"2020-08-09 07:33:49.040712","data":{},"location_lat":null,"uuid":"aa56f22e-da12-11ea-9ec9-069c63a46938","library":"amplitude-js\/6.1.0","server_received_time":"2020-08-09 07:33:48.656000","event_id":10,"event_properties":{"project-id":606109684,"project-name":"A BlankPage - Nom de Plumes Den","save-type":"Saved Video","project-category":"A BlankPage - Nom de Plumes Den"},"client_upload_time":"2020-08-09 07:33:49.994000","os_version":"84","user_id":"raynku@gmail.com","is_attribution_event":false,"device_carrier":null,"session_id":1596958201646,"$insert_id":"9c8b5792-d729-4c21-819f-d1c6237411f8","paying":null,"device_manufacturer":null,"sample_rate":null,"server_upload_time":"2020-08-09 07:33:48.661000","event_time":"2020-08-09 07:33:49.992000","device_model":null,"idfa":null,"amplitude_id":183631066682,"city":"Redmond","country":"United States","adid":null,"user_properties":{"Username":"raynku@gmail.com"},"region":"Washington","os_name":"Chrome","app":277124,"ip_address":"50.47.105.201","amplitude_attribution_ids":null,"$schema":12,"start_version":null,"platform":"Web","event_type":"video-saved","amplitude_event_type":null,"device_brand":null,"device_id":"xJqkwJpuCaBDDm4ossoP5Q","location_lng":null,"device_type":null}
{"dma":"Seattle-Tacoma, WA","version_name":null,"language":"English","group_properties":{},"groups":{},"device_family":null,"user_creation_time":"2020-08-09 07:30:30.952000","client_event_time":"2020-08-09 07:33:55.590000","processed_time":"2020-08-09 07:33:54.657539","data":{},"location_lat":null,"uuid":"adaffd26-da12-11ea-9ec9-069c63a46938","library":"amplitude-js\/6.1.0","server_received_time":"2020-08-09 07:33:54.247000","event_id":11,"event_properties":{},"client_upload_time":"2020-08-09 07:33:55.591000","os_version":"84","user_id":"raynku@gmail.com","is_attribution_event":false,"device_carrier":null,"session_id":1596958201646,"$insert_id":"553382e8-61ff-4be4-87ee-d82534597820","paying":null,"device_manufacturer":null,"sample_rate":null,"server_upload_time":"2020-08-09 07:33:54.250000","event_time":"2020-08-09 07:33:55.590000","device_model":null,"idfa":null,"amplitude_id":183631066682,"city":"Redmond","country":"United States","adid":null,"user_properties":{"Username":"raynku@gmail.com"},"region":"Washington","os_name":"Chrome","app":277124,"ip_address":"50.47.105.201","amplitude_attribution_ids":null,"$schema":12,"start_version":null,"platform":"Web","event_type":"preview-clicked","amplitude_event_type":null,"device_brand":null,"device_id":"xJqkwJpuCaBDDm4ossoP5Q","location_lng":null,"device_type":null}
{"dma":"Seattle-Tacoma, WA","version_name":null,"language":"English","group_properties":{},"groups":{},"device_family":null,"user_creation_time":"2020-08-09 07:30:30.952000","client_event_time":"2020-08-09 07:34:10.823000","processed_time":"2020-08-09 07:34:11.164506","data":{},"location_lat":null,"uuid":"b786ea1c-da12-11ea-9ec9-069c63a46938","library":"amplitude-js\/6.1.0","server_received_time":"2020-08-09 07:34:09.578000","event_id":12,"event_properties":{},"client_upload_time":"2020-08-09 07:34:10.824000","os_version":"84","user_id":"raynku@gmail.com","is_attribution_event":false,"device_carrier":null,"session_id":1596958201646,"$insert_id":"f21e25a2-53d7-4b36-b52e-da57b168cb54","paying":null,"device_manufacturer":null,"sample_rate":null,"server_upload_time":"2020-08-09 07:34:09.582000","event_time":"2020-08-09 07:34:10.823000","device_model":null,"idfa":null,"amplitude_id":183631066682,"city":"Redmond","country":"United States","adid":null,"user_properties":{"Username":"raynku@gmail.com"},"region":"Washington","os_name":"Chrome","app":277124,"ip_address":"50.47.105.201","amplitude_attribution_ids":null,"$schema":12,"start_version":null,"platform":"Web","event_type":"preview-clicked","amplitude_event_type":null,"device_brand":null,"device_id":"xJqkwJpuCaBDDm4ossoP5Q","location_lng":null,"device_type":null}
{"dma":"Seattle-Tacoma, WA","version_name":null,"language":"English","group_properties":{},"groups":{},"device_family":null,"user_creation_time":"2020-08-09 07:30:30.952000","client_event_time":"2020-08-09 07:34:34.723000","processed_time":"2020-08-09 07:34:34.456432","data":{},"location_lat":null,"uuid":"c5684978-da12-11ea-9ec9-069c63a46938","library":"amplitude-js\/6.1.0","server_received_time":"2020-08-09 07:34:33.382000","event_id":13,"event_properties":{"project-id":606109684,"total-scenes":8,"total-time-to-generate-in-seconds":55,"total-videos":6,"total-video-time-in-seconds":67,"total-scenes-with-original-image":8,"total-sub-scenes":5,"total-video-time-in-minutes":"1.12","total-images":2,"total-time-to-generate-in-minutes":"0.92","track-name":"Fresh Morning Rain"},"client_upload_time":"2020-08-09 07:34:34.726000","os_version":"84","user_id":"raynku@gmail.com","is_attribution_event":false,"device_carrier":null,"session_id":1596958201646,"$insert_id":"1571564e-a398-47f1-8d82-3911de2faa67","paying":null,"device_manufacturer":null,"sample_rate":null,"server_upload_time":"2020-08-09 07:34:33.395000","event_time":"2020-08-09 07:34:34.723000","device_model":null,"idfa":null,"amplitude_id":183631066682,"city":"Redmond","country":"United States","adid":null,"user_properties":{"Username":"raynku@gmail.com"},"region":"Washington","os_name":"Chrome","app":277124,"ip_address":"50.47.105.201","amplitude_attribution_ids":null,"$schema":12,"start_version":null,"platform":"Web","event_type":"generate-clicked","amplitude_event_type":null,"device_brand":null,"device_id":"xJqkwJpuCaBDDm4ossoP5Q","location_lng":null,"device_type":null}
{"dma":"Seattle-Tacoma, WA","version_name":null,"language":"English","group_properties":{},"groups":{},"device_family":null,"user_creation_time":"2020-08-09 07:30:30.952000","client_event_time":"2020-08-09 07:36:27.030000","processed_time":"2020-08-09 07:36:26.595502","data":{},"location_lat":null,"uuid":"083981ea-da13-11ea-9ec9-069c63a46938","library":"amplitude-js\/6.1.0","server_received_time":"2020-08-09 07:36:25.692000","event_id":14,"event_properties":{"project-id":606109684,"time-taken-in-seconds":109,"time-taken-in-minutes":"1.82"},"client_upload_time":"2020-08-09 07:36:27.035000","os_version":"84","user_id":"raynku@gmail.com","is_attribution_event":false,"device_carrier":null,"session_id":1596958201646,"$insert_id":"781c4e33-db25-491f-afcf-59ca535dc6e3","paying":null,"device_manufacturer":null,"sample_rate":null,"server_upload_time":"2020-08-09 07:36:25.698000","event_time":"2020-08-09 07:36:27.030000","device_model":null,"idfa":null,"amplitude_id":183631066682,"city":"Redmond","country":"United States","adid":null,"user_properties":{"Username":"raynku@gmail.com"},"region":"Washington","os_name":"Chrome","app":277124,"ip_address":"50.47.105.201","amplitude_attribution_ids":null,"$schema":12,"start_version":null,"platform":"Web","event_type":"video-generated","amplitude_event_type":null,"device_brand":null,"device_id":"xJqkwJpuCaBDDm4ossoP5Q","location_lng":null,"device_type":null}
{"dma":"Seattle-Tacoma, WA","version_name":null,"language":"English","group_properties":{},"groups":{},"device_family":null,"user_creation_time":"2020-08-09 07:30:30.952000","client_event_time":"2020-08-09 07:36:28.449000","processed_time":"2020-08-09 07:36:28.743299","data":{},"location_lat":null,"uuid":"09886610-da13-11ea-9ec9-069c63a46938","library":"amplitude-js\/6.1.0","server_received_time":"2020-08-09 07:36:27.101000","event_id":15,"event_properties":{"project-id":606109684,"project-name":"A BlankPage - Nom de Plumes Den","save-type":"Saved Video","project-category":"A BlankPage - Nom de Plumes Den"},"client_upload_time":"2020-08-09 07:36:28.449000","os_version":"84","user_id":"raynku@gmail.com","is_attribution_event":false,"device_carrier":null,"session_id":1596958201646,"$insert_id":"ded2567e-f540-418b-a018-67e01af0f444","paying":null,"device_manufacturer":null,"sample_rate":null,"server_upload_time":"2020-08-09 07:36:27.108000","event_time":"2020-08-09 07:36:28.449000","device_model":null,"idfa":null,"amplitude_id":183631066682,"city":"Redmond","country":"United States","adid":null,"user_properties":{"Username":"raynku@gmail.com"},"region":"Washington","os_name":"Chrome","app":277124,"ip_address":"50.47.105.201","amplitude_attribution_ids":null,"$schema":12,"start_version":null,"platform":"Web","event_type":"video-saved","amplitude_event_type":null,"device_brand":null,"device_id":"xJqkwJpuCaBDDm4ossoP5Q","location_lng":null,"device_type":null}
{"dma":"Seattle-Tacoma, WA","version_name":null,"language":"English","group_properties":{},"groups":{},"device_family":null,"user_creation_time":"2020-08-09 07:30:30.952000","client_event_time":"2020-08-09 07:36:41.587000","processed_time":"2020-08-09 07:36:42.228703","data":{},"location_lat":null,"uuid":"11859806-da13-11ea-9ec9-069c63a46938","library":"amplitude-js\/6.1.0","server_received_time":"2020-08-09 07:36:40.251000","event_id":16,"event_properties":{"project-id":606109684,"video-link":"https:\/\/video.pictory.ai\/wgm","video-name":"A Blank\u00a0Page - Nom de Plume's Den.mp4","article-link":"https:\/\/nomwrites.com\/powerful-writing-a-blank-page\/"},"client_upload_time":"2020-08-09 07:36:41.588000","os_version":"84","user_id":"raynku@gmail.com","is_attribution_event":false,"device_carrier":null,"session_id":1596958201646,"$insert_id":"87b4a2f5-6e2c-486b-a4e2-6213c745eda4","paying":null,"device_manufacturer":null,"sample_rate":null,"server_upload_time":"2020-08-09 07:36:40.262000","event_time":"2020-08-09 07:36:41.587000","device_model":null,"idfa":null,"amplitude_id":183631066682,"city":"Redmond","country":"United States","adid":null,"user_properties":{"Username":"raynku@gmail.com"},"region":"Washington","os_name":"Chrome","app":277124,"ip_address":"50.47.105.201","amplitude_attribution_ids":null,"$schema":12,"start_version":null,"platform":"Web","event_type":"video-downloaded","amplitude_event_type":null,"device_brand":null,"device_id":"xJqkwJpuCaBDDm4ossoP5Q","location_lng":null,"device_type":null}
