{"user_creation_time":"2020-05-16 05:42:39.430000","session_id":1597404388293,"user_id":"abid@pictory.ai","$insert_id":"ab0155fc-99cc-4c2f-bbf8-f4bb73109232","device_model":null,"sample_rate":null,"groups":{},"library":"amplitude-js\/6.1.0","idfa":null,"server_upload_time":"2020-08-14 11:26:35.491000","event_type":"user-login","client_upload_time":"2020-08-14 11:26:36.706000","amplitude_id":158692843342,"uuid":"037cd5be-de21-11ea-8bf0-02761c53cd77","os_version":"84","event_id":1,"device_type":null,"location_lng":null,"client_event_time":"2020-08-14 11:26:35.772000","is_attribution_event":false,"event_time":"2020-08-14 11:26:35.772000","device_manufacturer":null,"country":"India","group_properties":{},"server_received_time":"2020-08-14 11:26:35.466000","device_id":"Lk1ybugR7WMcZp3iRenXY_","ip_address":"49.204.190.195","paying":null,"event_properties":{"login-via":"Pictory"},"device_carrier":null,"adid":null,"region":"Telangana","version_name":null,"$schema":12,"location_lat":null,"app":277124,"dma":null,"platform":"Web","language":"English","amplitude_event_type":null,"data":{},"processed_time":"2020-08-14 11:26:36.269952","start_version":null,"amplitude_attribution_ids":null,"user_properties":{"Username":"abid@pictory.ai"},"device_brand":null,"os_name":"Chrome","device_family":null,"city":"Hyderabad"}
