{"user_id":"sridhar@truvs.com","$schema":12,"location_lat":null,"os_version":"84","device_model":null,"is_attribution_event":false,"processed_time":"2020-08-15 04:28:35.884125","uuid":"c8d7b67e-deaf-11ea-9889-06cf732f0163","device_family":null,"language":"English","ip_address":"76.22.119.133","client_event_time":"2020-08-15 04:28:34.020000","device_brand":null,"location_lng":null,"device_manufacturer":null,"idfa":null,"groups":{},"country":"United States","client_upload_time":"2020-08-15 04:28:34.022000","library":"amplitude-js\/6.1.0","event_type":"start-with-script","event_properties":{"script":"<p>Dealing with any emerging technology is tricky. You want to take advantage of the new technology which may solve some of your toughest business problems. The sooner you implement \"the\" emerging technology, the faster you can gain a competitive advantage. At the same time, you don't want to risk destabilizing your existing processes and systems. TruVs can help you decide with the emerging technology choices and decision making.<\/p><p><strong>Through this offering, you can benefit in multiple ways, such as:<\/strong><\/p><ul><li>Explore implementing the emerging technology for a sample business and share the implementation learnings for a larger scale implementation<\/li><li>Accelerate and scale emerging technology if your POC succeeds, and you can see the path for business value realization<\/li><li>If the technology is not meeting your needs, fail quickly rather than spending millions of dollars and realizing the same<\/li><\/ul><p>TruVs has deep expertise and has partnerships with the best technology providers "},"data":{},"adid":null,"city":"Sammamish","group_properties":{},"amplitude_event_type":null,"app":277124,"session_id":1597465649925,"os_name":"Chrome","$insert_id":"20cc0475-a244-405f-b1d0-93f9e1e4e4fe","sample_rate":null,"event_time":"2020-08-15 04:28:34.020000","dma":"Seattle-Tacoma, WA","user_creation_time":"2020-08-13 15:51:02.522000","user_properties":{"Username":"sridhar@truvs.com"},"device_id":"lgKoAHjJpT979Ur2AwawYd","version_name":null,"platform":"Web","server_received_time":"2020-08-15 04:28:34.428000","event_id":33,"device_carrier":null,"start_version":null,"paying":null,"amplitude_attribution_ids":null,"amplitude_id":184625470590,"device_type":null,"region":"Washington","server_upload_time":"2020-08-15 04:28:34.441000"}
{"user_id":"sridhar@truvs.com","$schema":12,"location_lat":null,"os_version":"84","device_model":null,"is_attribution_event":false,"processed_time":"2020-08-15 04:28:49.733003","uuid":"d11a7b14-deaf-11ea-9889-06cf732f0163","device_family":null,"language":"English","ip_address":"76.22.119.133","client_event_time":"2020-08-15 04:28:47.476000","device_brand":null,"location_lng":null,"device_manufacturer":null,"idfa":null,"groups":{},"country":"United States","client_upload_time":"2020-08-15 04:28:47.476000","library":"amplitude-js\/6.1.0","event_type":"track-deselected","event_properties":{"track-name":"All We Know","project-id":616273945},"data":{},"adid":null,"city":"Sammamish","group_properties":{},"amplitude_event_type":null,"app":277124,"session_id":1597465649925,"os_name":"Chrome","$insert_id":"4d094315-b80e-4ab3-9275-2955e62877df","sample_rate":null,"event_time":"2020-08-15 04:28:47.476000","dma":"Seattle-Tacoma, WA","user_creation_time":"2020-08-13 15:51:02.522000","user_properties":{"Username":"sridhar@truvs.com"},"device_id":"lgKoAHjJpT979Ur2AwawYd","version_name":null,"platform":"Web","server_received_time":"2020-08-15 04:28:47.880000","event_id":34,"device_carrier":null,"start_version":null,"paying":null,"amplitude_attribution_ids":null,"amplitude_id":184625470590,"device_type":null,"region":"Washington","server_upload_time":"2020-08-15 04:28:47.891000"}
{"user_id":"sridhar@truvs.com","$schema":12,"location_lat":null,"os_version":"84","device_model":null,"is_attribution_event":false,"processed_time":"2020-08-15 04:28:49.742759","uuid":"d11a89ce-deaf-11ea-9889-06cf732f0163","device_family":null,"language":"English","ip_address":"76.22.119.133","client_event_time":"2020-08-15 04:28:48.604000","device_brand":null,"location_lng":null,"device_manufacturer":null,"idfa":null,"groups":{},"country":"United States","client_upload_time":"2020-08-15 04:28:48.604000","library":"amplitude-js\/6.1.0","event_type":"track-selected","event_properties":{"track-name":"All We Know","project-id":616273945},"data":{},"adid":null,"city":"Sammamish","group_properties":{},"amplitude_event_type":null,"app":277124,"session_id":1597465649925,"os_name":"Chrome","$insert_id":"d466a3b5-9d1f-40f2-85a3-69c29b3d9816","sample_rate":null,"event_time":"2020-08-15 04:28:48.604000","dma":"Seattle-Tacoma, WA","user_creation_time":"2020-08-13 15:51:02.522000","user_properties":{"Username":"sridhar@truvs.com"},"device_id":"lgKoAHjJpT979Ur2AwawYd","version_name":null,"platform":"Web","server_received_time":"2020-08-15 04:28:49.003000","event_id":35,"device_carrier":null,"start_version":null,"paying":null,"amplitude_attribution_ids":null,"amplitude_id":184625470590,"device_type":null,"region":"Washington","server_upload_time":"2020-08-15 04:28:49.015000"}
{"user_id":"sridhar@truvs.com","$schema":12,"location_lat":null,"os_version":"84","device_model":null,"is_attribution_event":false,"processed_time":"2020-08-15 04:28:52.204156","uuid":"d28c9b08-deaf-11ea-9889-06cf732f0163","device_family":null,"language":"English","ip_address":"76.22.119.133","client_event_time":"2020-08-15 04:28:49.529000","device_brand":null,"location_lng":null,"device_manufacturer":null,"idfa":null,"groups":{},"country":"United States","client_upload_time":"2020-08-15 04:28:49.529000","library":"amplitude-js\/6.1.0","event_type":"video-saved","event_properties":{"project-name":"Dealing with any eme(1)","save-type":"New Video","project-category":"Dealing with any emerging technology is tricky","project-id":616273945},"data":{},"adid":null,"city":"Sammamish","group_properties":{},"amplitude_event_type":null,"app":277124,"session_id":1597465649925,"os_name":"Chrome","$insert_id":"6ee9bc8d-bdfd-4007-aa92-904f0c8a7246","sample_rate":null,"event_time":"2020-08-15 04:28:49.529000","dma":"Seattle-Tacoma, WA","user_creation_time":"2020-08-13 15:51:02.522000","user_properties":{"Username":"sridhar@truvs.com"},"device_id":"lgKoAHjJpT979Ur2AwawYd","version_name":null,"platform":"Web","server_received_time":"2020-08-15 04:28:49.930000","event_id":36,"device_carrier":null,"start_version":null,"paying":null,"amplitude_attribution_ids":null,"amplitude_id":184625470590,"device_type":null,"region":"Washington","server_upload_time":"2020-08-15 04:28:49.939000"}
{"user_id":"sridhar@truvs.com","$schema":12,"location_lat":null,"os_version":"84","device_model":null,"is_attribution_event":false,"processed_time":"2020-08-15 04:29:14.192669","uuid":"dfb1ac2e-deaf-11ea-9889-06cf732f0163","device_family":null,"language":"English","ip_address":"76.22.119.133","client_event_time":"2020-08-15 04:29:12.558000","device_brand":null,"location_lng":null,"device_manufacturer":null,"idfa":null,"groups":{},"country":"United States","client_upload_time":"2020-08-15 04:29:12.558000","library":"amplitude-js\/6.1.0","event_type":"video-saved","event_properties":{"project-name":"Dealing with any eme(1)","save-type":"Saved Video","project-category":"Dealing with any emerging technology is tricky","project-id":616273945},"data":{},"adid":null,"city":"Sammamish","group_properties":{},"amplitude_event_type":null,"app":277124,"session_id":1597465649925,"os_name":"Chrome","$insert_id":"3139aeef-2f0f-4505-8632-1b2eda417967","sample_rate":null,"event_time":"2020-08-15 04:29:12.558000","dma":"Seattle-Tacoma, WA","user_creation_time":"2020-08-13 15:51:02.522000","user_properties":{"Username":"sridhar@truvs.com"},"device_id":"lgKoAHjJpT979Ur2AwawYd","version_name":null,"platform":"Web","server_received_time":"2020-08-15 04:29:12.960000","event_id":37,"device_carrier":null,"start_version":null,"paying":null,"amplitude_attribution_ids":null,"amplitude_id":184625470590,"device_type":null,"region":"Washington","server_upload_time":"2020-08-15 04:29:12.967000"}
{"user_id":"sridhar@truvs.com","$schema":12,"location_lat":null,"os_version":"84","device_model":null,"is_attribution_event":false,"processed_time":"2020-08-15 04:29:27.370958","uuid":"e78cbfa6-deaf-11ea-9889-06cf732f0163","device_family":null,"language":"English","ip_address":"76.22.119.133","client_event_time":"2020-08-15 04:29:17.957000","device_brand":null,"location_lng":null,"device_manufacturer":null,"idfa":null,"groups":{},"country":"United States","client_upload_time":"2020-08-15 04:29:17.957000","library":"amplitude-js\/6.1.0","event_type":"preview-clicked","event_properties":{},"data":{},"adid":null,"city":"Sammamish","group_properties":{},"amplitude_event_type":null,"app":277124,"session_id":1597465649925,"os_name":"Chrome","$insert_id":"b88e0fad-6933-4afb-9761-ae662148d604","sample_rate":null,"event_time":"2020-08-15 04:29:17.957000","dma":"Seattle-Tacoma, WA","user_creation_time":"2020-08-13 15:51:02.522000","user_properties":{"Username":"sridhar@truvs.com"},"device_id":"lgKoAHjJpT979Ur2AwawYd","version_name":null,"platform":"Web","server_received_time":"2020-08-15 04:29:18.359000","event_id":38,"device_carrier":null,"start_version":null,"paying":null,"amplitude_attribution_ids":null,"amplitude_id":184625470590,"device_type":null,"region":"Washington","server_upload_time":"2020-08-15 04:29:18.365000"}
{"user_id":"sridhar@truvs.com","$schema":12,"location_lat":null,"os_version":"84","device_model":null,"is_attribution_event":false,"processed_time":"2020-08-15 04:29:31.672434","uuid":"ea1d81b0-deaf-11ea-9889-06cf732f0163","device_family":null,"language":"English","ip_address":"76.22.119.133","client_event_time":"2020-08-15 04:29:25.083000","device_brand":null,"location_lng":null,"device_manufacturer":null,"idfa":null,"groups":{},"country":"United States","client_upload_time":"2020-08-15 04:29:25.083000","library":"amplitude-js\/6.1.0","event_type":"preview-clicked","event_properties":{},"data":{},"adid":null,"city":"Sammamish","group_properties":{},"amplitude_event_type":null,"app":277124,"session_id":1597465649925,"os_name":"Chrome","$insert_id":"cb3fdfff-5fd8-40fe-8a14-b7c14393fb83","sample_rate":null,"event_time":"2020-08-15 04:29:25.083000","dma":"Seattle-Tacoma, WA","user_creation_time":"2020-08-13 15:51:02.522000","user_properties":{"Username":"sridhar@truvs.com"},"device_id":"lgKoAHjJpT979Ur2AwawYd","version_name":null,"platform":"Web","server_received_time":"2020-08-15 04:29:25.500000","event_id":39,"device_carrier":null,"start_version":null,"paying":null,"amplitude_attribution_ids":null,"amplitude_id":184625470590,"device_type":null,"region":"Washington","server_upload_time":"2020-08-15 04:29:25.517000"}
{"user_id":"sridhar@truvs.com","$schema":12,"location_lat":null,"os_version":"84","device_model":null,"is_attribution_event":false,"processed_time":"2020-08-15 04:29:36.536995","uuid":"ecffff3e-deaf-11ea-9889-06cf732f0163","device_family":null,"language":"English","ip_address":"76.22.119.133","client_event_time":"2020-08-15 04:29:35.192000","device_brand":null,"location_lng":null,"device_manufacturer":null,"idfa":null,"groups":{},"country":"United States","client_upload_time":"2020-08-15 04:29:35.192000","library":"amplitude-js\/6.1.0","event_type":"generate-clicked","event_properties":{"total-video-time-in-minutes":"1.00","total-sub-scenes":1,"track-name":"All We Know","total-time-to-generate-in-minutes":"0.93","total-time-to-generate-in-seconds":56,"total-videos":6,"total-scenes-with-original-image":11,"total-video-time-in-seconds":60,"total-images":5,"project-id":616273945,"total-scenes":11},"data":{},"adid":null,"city":"Sammamish","group_properties":{},"amplitude_event_type":null,"app":277124,"session_id":1597465649925,"os_name":"Chrome","$insert_id":"b662ebfa-2a6d-47bd-9a0e-90a55b5cd5b8","sample_rate":null,"event_time":"2020-08-15 04:29:35.192000","dma":"Seattle-Tacoma, WA","user_creation_time":"2020-08-13 15:51:02.522000","user_properties":{"Username":"sridhar@truvs.com"},"device_id":"lgKoAHjJpT979Ur2AwawYd","version_name":null,"platform":"Web","server_received_time":"2020-08-15 04:29:35.594000","event_id":40,"device_carrier":null,"start_version":null,"paying":null,"amplitude_attribution_ids":null,"amplitude_id":184625470590,"device_type":null,"region":"Washington","server_upload_time":"2020-08-15 04:29:35.607000"}
{"user_id":"sridhar@truvs.com","$schema":12,"location_lat":null,"os_version":"84","device_model":null,"is_attribution_event":false,"processed_time":"2020-08-15 04:30:16.241760","uuid":"04addbb0-deb0-11ea-9889-06cf732f0163","device_family":null,"language":"English","ip_address":"76.22.119.133","client_event_time":"2020-08-15 04:30:14.641000","device_brand":null,"location_lng":null,"device_manufacturer":null,"idfa":null,"groups":{},"country":"United States","client_upload_time":"2020-08-15 04:30:14.642000","library":"amplitude-js\/6.1.0","event_type":"video-generation-canceled","event_properties":{},"data":{},"adid":null,"city":"Sammamish","group_properties":{},"amplitude_event_type":null,"app":277124,"session_id":1597465649925,"os_name":"Chrome","$insert_id":"2e9a7fb6-5efc-4f67-8b98-5e44ef12ba25","sample_rate":null,"event_time":"2020-08-15 04:30:14.641000","dma":"Seattle-Tacoma, WA","user_creation_time":"2020-08-13 15:51:02.522000","user_properties":{"Username":"sridhar@truvs.com"},"device_id":"lgKoAHjJpT979Ur2AwawYd","version_name":null,"platform":"Web","server_received_time":"2020-08-15 04:30:15.044000","event_id":41,"device_carrier":null,"start_version":null,"paying":null,"amplitude_attribution_ids":null,"amplitude_id":184625470590,"device_type":null,"region":"Washington","server_upload_time":"2020-08-15 04:30:15.056000"}
{"user_id":"sridhar@truvs.com","$schema":12,"location_lat":null,"os_version":"84","device_model":null,"is_attribution_event":false,"processed_time":"2020-08-15 04:31:24.437978","uuid":"2d52d426-deb0-11ea-9889-06cf732f0163","device_family":null,"language":"English","ip_address":"76.22.119.133","client_event_time":"2020-08-15 04:31:23.395000","device_brand":null,"location_lng":null,"device_manufacturer":null,"idfa":null,"groups":{},"country":"United States","client_upload_time":"2020-08-15 04:31:23.396000","library":"amplitude-js\/6.1.0","event_type":"start-with-script","event_properties":{"script":"<p>If you have not implemented Robotic Process Automation(RPA) to run at least some of your business operations, you are literally leaving money on table. RPA has been in the industry for more than a decade however in the recent past RPA\u2019s growth has taken a much faster trajectory because of technology breakthroughs and also because of rapidly changing RPA software vendor landscape. To understand RPA technology, cut through the clutter and benefit from the technology, you need a strong partner who can help you navigate.<\/p><p>TruVs has the depth and breadth of RPA expertise and can help you starting from trainings to implementation in the world of RPA.<\/p>"},"data":{},"adid":null,"city":"Sammamish","group_properties":{},"amplitude_event_type":null,"app":277124,"session_id":1597465649925,"os_name":"Chrome","$insert_id":"f35ddabd-d6ff-4ffa-9039-cb25e17121c7","sample_rate":null,"event_time":"2020-08-15 04:31:23.395000","dma":"Seattle-Tacoma, WA","user_creation_time":"2020-08-13 15:51:02.522000","user_properties":{"Username":"sridhar@truvs.com"},"device_id":"lgKoAHjJpT979Ur2AwawYd","version_name":null,"platform":"Web","server_received_time":"2020-08-15 04:31:23.801000","event_id":42,"device_carrier":null,"start_version":null,"paying":null,"amplitude_attribution_ids":null,"amplitude_id":184625470590,"device_type":null,"region":"Washington","server_upload_time":"2020-08-15 04:31:23.808000"}
{"user_id":"sridhar@truvs.com","$schema":12,"location_lat":null,"os_version":"84","device_model":null,"is_attribution_event":false,"processed_time":"2020-08-15 04:31:32.413528","uuid":"3212e30c-deb0-11ea-9889-06cf732f0163","device_family":null,"language":"English","ip_address":"76.22.119.133","client_event_time":"2020-08-15 04:31:29.614000","device_brand":null,"location_lng":null,"device_manufacturer":null,"idfa":null,"groups":{},"country":"United States","client_upload_time":"2020-08-15 04:31:29.615000","library":"amplitude-js\/6.1.0","event_type":"track-deselected","event_properties":{"track-name":"All We Know","project-id":767357050},"data":{},"adid":null,"city":"Sammamish","group_properties":{},"amplitude_event_type":null,"app":277124,"session_id":1597465649925,"os_name":"Chrome","$insert_id":"4c2d1ccc-04dc-43f7-93a8-193cf0b284f0","sample_rate":null,"event_time":"2020-08-15 04:31:29.614000","dma":"Seattle-Tacoma, WA","user_creation_time":"2020-08-13 15:51:02.522000","user_properties":{"Username":"sridhar@truvs.com"},"device_id":"lgKoAHjJpT979Ur2AwawYd","version_name":null,"platform":"Web","server_received_time":"2020-08-15 04:31:30.016000","event_id":43,"device_carrier":null,"start_version":null,"paying":null,"amplitude_attribution_ids":null,"amplitude_id":184625470590,"device_type":null,"region":"Washington","server_upload_time":"2020-08-15 04:31:30.022000"}
{"user_id":"sridhar@truvs.com","$schema":12,"location_lat":null,"os_version":"84","device_model":null,"is_attribution_event":false,"processed_time":"2020-08-15 04:31:32.424661","uuid":"3212ef96-deb0-11ea-9889-06cf732f0163","device_family":null,"language":"English","ip_address":"76.22.119.133","client_event_time":"2020-08-15 04:31:30.811000","device_brand":null,"location_lng":null,"device_manufacturer":null,"idfa":null,"groups":{},"country":"United States","client_upload_time":"2020-08-15 04:31:30.812000","library":"amplitude-js\/6.1.0","event_type":"track-selected","event_properties":{"track-name":"All We Know","project-id":767357050},"data":{},"adid":null,"city":"Sammamish","group_properties":{},"amplitude_event_type":null,"app":277124,"session_id":1597465649925,"os_name":"Chrome","$insert_id":"b9a2ddf4-cf38-4ae7-a7a1-70ae4a447470","sample_rate":null,"event_time":"2020-08-15 04:31:30.811000","dma":"Seattle-Tacoma, WA","user_creation_time":"2020-08-13 15:51:02.522000","user_properties":{"Username":"sridhar@truvs.com"},"device_id":"lgKoAHjJpT979Ur2AwawYd","version_name":null,"platform":"Web","server_received_time":"2020-08-15 04:31:31.227000","event_id":44,"device_carrier":null,"start_version":null,"paying":null,"amplitude_attribution_ids":null,"amplitude_id":184625470590,"device_type":null,"region":"Washington","server_upload_time":"2020-08-15 04:31:31.240000"}
{"user_id":"sridhar@truvs.com","$schema":12,"location_lat":null,"os_version":"84","device_model":null,"is_attribution_event":false,"processed_time":"2020-08-15 04:31:32.435356","uuid":"3212fbbc-deb0-11ea-9889-06cf732f0163","device_family":null,"language":"English","ip_address":"76.22.119.133","client_event_time":"2020-08-15 04:31:31.233000","device_brand":null,"location_lng":null,"device_manufacturer":null,"idfa":null,"groups":{},"country":"United States","client_upload_time":"2020-08-15 04:31:31.234000","library":"amplitude-js\/6.1.0","event_type":"video-saved","event_properties":{"project-name":"If you have not impl","save-type":"New Video","project-category":"If you have not implemented Robotic Process Automation(RPA) to run at least some of your business operations you are literally leaving money on table","project-id":767357050},"data":{},"adid":null,"city":"Sammamish","group_properties":{},"amplitude_event_type":null,"app":277124,"session_id":1597465649925,"os_name":"Chrome","$insert_id":"97ee5ff9-255c-4eee-90a9-0e2a8620a833","sample_rate":null,"event_time":"2020-08-15 04:31:31.233000","dma":"Seattle-Tacoma, WA","user_creation_time":"2020-08-13 15:51:02.522000","user_properties":{"Username":"sridhar@truvs.com"},"device_id":"lgKoAHjJpT979Ur2AwawYd","version_name":null,"platform":"Web","server_received_time":"2020-08-15 04:31:31.636000","event_id":45,"device_carrier":null,"start_version":null,"paying":null,"amplitude_attribution_ids":null,"amplitude_id":184625470590,"device_type":null,"region":"Washington","server_upload_time":"2020-08-15 04:31:31.645000"}
{"user_id":"sridhar@truvs.com","$schema":12,"location_lat":null,"os_version":"84","device_model":null,"is_attribution_event":false,"processed_time":"2020-08-15 04:31:42.804537","uuid":"38458b6c-deb0-11ea-9889-06cf732f0163","device_family":null,"language":"English","ip_address":"76.22.119.133","client_event_time":"2020-08-15 04:31:39.968000","device_brand":null,"location_lng":null,"device_manufacturer":null,"idfa":null,"groups":{},"country":"United States","client_upload_time":"2020-08-15 04:31:39.969000","library":"amplitude-js\/6.1.0","event_type":"video-saved","event_properties":{"project-name":"If you have not impl","save-type":"Saved Video","project-category":"If you have not implemented Robotic Process Automation(RPA) to run at least some of your business operations you are literally leaving money on table","project-id":767357050},"data":{},"adid":null,"city":"Sammamish","group_properties":{},"amplitude_event_type":null,"app":277124,"session_id":1597465649925,"os_name":"Chrome","$insert_id":"051bacf6-6723-400c-98eb-97afa4910972","sample_rate":null,"event_time":"2020-08-15 04:31:39.968000","dma":"Seattle-Tacoma, WA","user_creation_time":"2020-08-13 15:51:02.522000","user_properties":{"Username":"sridhar@truvs.com"},"device_id":"lgKoAHjJpT979Ur2AwawYd","version_name":null,"platform":"Web","server_received_time":"2020-08-15 04:31:40.387000","event_id":46,"device_carrier":null,"start_version":null,"paying":null,"amplitude_attribution_ids":null,"amplitude_id":184625470590,"device_type":null,"region":"Washington","server_upload_time":"2020-08-15 04:31:40.402000"}
{"user_id":"sridhar@truvs.com","$schema":12,"location_lat":null,"os_version":"84","device_model":null,"is_attribution_event":false,"processed_time":"2020-08-15 04:31:49.714259","uuid":"3c64eeb8-deb0-11ea-9889-06cf732f0163","device_family":null,"language":"English","ip_address":"76.22.119.133","client_event_time":"2020-08-15 04:31:47.518000","device_brand":null,"location_lng":null,"device_manufacturer":null,"idfa":null,"groups":{},"country":"United States","client_upload_time":"2020-08-15 04:31:47.518000","library":"amplitude-js\/6.1.0","event_type":"generate-clicked","event_properties":{"total-video-time-in-minutes":"0.67","total-sub-scenes":4,"track-name":"All We Know","total-time-to-generate-in-minutes":"0.38","total-time-to-generate-in-seconds":23,"total-videos":3,"total-scenes-with-original-image":4,"total-video-time-in-seconds":40,"total-images":1,"project-id":767357050,"total-scenes":4},"data":{},"adid":null,"city":"Sammamish","group_properties":{},"amplitude_event_type":null,"app":277124,"session_id":1597465649925,"os_name":"Chrome","$insert_id":"e7392860-df12-4a94-9c5b-071c2c4d9824","sample_rate":null,"event_time":"2020-08-15 04:31:47.518000","dma":"Seattle-Tacoma, WA","user_creation_time":"2020-08-13 15:51:02.522000","user_properties":{"Username":"sridhar@truvs.com"},"device_id":"lgKoAHjJpT979Ur2AwawYd","version_name":null,"platform":"Web","server_received_time":"2020-08-15 04:31:47.927000","event_id":47,"device_carrier":null,"start_version":null,"paying":null,"amplitude_attribution_ids":null,"amplitude_id":184625470590,"device_type":null,"region":"Washington","server_upload_time":"2020-08-15 04:31:47.932000"}
{"user_id":"sridhar@truvs.com","$schema":12,"location_lat":null,"os_version":"84","device_model":null,"is_attribution_event":false,"processed_time":"2020-08-15 04:33:08.262172","uuid":"6b311a0a-deb0-11ea-9889-06cf732f0163","device_family":null,"language":"English","ip_address":"76.22.119.133","client_event_time":"2020-08-15 04:33:05.636000","device_brand":null,"location_lng":null,"device_manufacturer":null,"idfa":null,"groups":{},"country":"United States","client_upload_time":"2020-08-15 04:33:05.637000","library":"amplitude-js\/6.1.0","event_type":"video-generated","event_properties":{"time-taken-in-seconds":78,"project-id":767357050,"time-taken-in-minutes":"1.30"},"data":{},"adid":null,"city":"Sammamish","group_properties":{},"amplitude_event_type":null,"app":277124,"session_id":1597465649925,"os_name":"Chrome","$insert_id":"e80d992f-8285-4d86-837e-7a1854db4d30","sample_rate":null,"event_time":"2020-08-15 04:33:05.636000","dma":"Seattle-Tacoma, WA","user_creation_time":"2020-08-13 15:51:02.522000","user_properties":{"Username":"sridhar@truvs.com"},"device_id":"lgKoAHjJpT979Ur2AwawYd","version_name":null,"platform":"Web","server_received_time":"2020-08-15 04:33:06.041000","event_id":48,"device_carrier":null,"start_version":null,"paying":null,"amplitude_attribution_ids":null,"amplitude_id":184625470590,"device_type":null,"region":"Washington","server_upload_time":"2020-08-15 04:33:06.054000"}
{"user_id":"sridhar@truvs.com","$schema":12,"location_lat":null,"os_version":"84","device_model":null,"is_attribution_event":false,"processed_time":"2020-08-15 04:33:08.277772","uuid":"6b312676-deb0-11ea-9889-06cf732f0163","device_family":null,"language":"English","ip_address":"76.22.119.133","client_event_time":"2020-08-15 04:33:06.530000","device_brand":null,"location_lng":null,"device_manufacturer":null,"idfa":null,"groups":{},"country":"United States","client_upload_time":"2020-08-15 04:33:06.530000","library":"amplitude-js\/6.1.0","event_type":"video-saved","event_properties":{"project-name":"If you have not impl","save-type":"Saved Video","project-category":"If you have not implemented Robotic Process Automation(RPA) to run at least some of your business operations you are literally leaving money on table","project-id":767357050},"data":{},"adid":null,"city":"Sammamish","group_properties":{},"amplitude_event_type":null,"app":277124,"session_id":1597465649925,"os_name":"Chrome","$insert_id":"9b541f38-9146-44ff-8ddd-50043154eb74","sample_rate":null,"event_time":"2020-08-15 04:33:06.530000","dma":"Seattle-Tacoma, WA","user_creation_time":"2020-08-13 15:51:02.522000","user_properties":{"Username":"sridhar@truvs.com"},"device_id":"lgKoAHjJpT979Ur2AwawYd","version_name":null,"platform":"Web","server_received_time":"2020-08-15 04:33:06.933000","event_id":49,"device_carrier":null,"start_version":null,"paying":null,"amplitude_attribution_ids":null,"amplitude_id":184625470590,"device_type":null,"region":"Washington","server_upload_time":"2020-08-15 04:33:06.949000"}
{"user_id":"sridhar@truvs.com","$schema":12,"location_lat":null,"os_version":"84","device_model":null,"is_attribution_event":false,"processed_time":"2020-08-15 04:33:37.765003","uuid":"7cca425a-deb0-11ea-9889-06cf732f0163","device_family":null,"language":"English","ip_address":"76.22.119.133","client_event_time":"2020-08-15 04:33:36.170000","device_brand":null,"location_lng":null,"device_manufacturer":null,"idfa":null,"groups":{},"country":"United States","client_upload_time":"2020-08-15 04:33:36.171000","library":"amplitude-js\/6.1.0","event_type":"video-downloaded","event_properties":{"video-name":"If you have not implemented Robotic Process Automation(RPA) to run at least some of your business operations, you are literally leaving money on table..mp4","video-link":"https:\/\/video.pictory.ai\/slg","project-id":767357050},"data":{},"adid":null,"city":"Sammamish","group_properties":{},"amplitude_event_type":null,"app":277124,"session_id":1597465649925,"os_name":"Chrome","$insert_id":"b297190d-3213-41c7-a226-940326f2cba5","sample_rate":null,"event_time":"2020-08-15 04:33:36.170000","dma":"Seattle-Tacoma, WA","user_creation_time":"2020-08-13 15:51:02.522000","user_properties":{"Username":"sridhar@truvs.com"},"device_id":"lgKoAHjJpT979Ur2AwawYd","version_name":null,"platform":"Web","server_received_time":"2020-08-15 04:33:36.578000","event_id":50,"device_carrier":null,"start_version":null,"paying":null,"amplitude_attribution_ids":null,"amplitude_id":184625470590,"device_type":null,"region":"Washington","server_upload_time":"2020-08-15 04:33:36.582000"}
{"user_id":"sridhar@truvs.com","$schema":12,"location_lat":null,"os_version":"84","device_model":null,"is_attribution_event":false,"processed_time":"2020-08-15 04:37:00.201208","uuid":"f56fc2de-deb0-11ea-9889-06cf732f0163","device_family":null,"language":"English","ip_address":"76.22.119.133","client_event_time":"2020-08-15 04:36:57.941000","device_brand":null,"location_lng":null,"device_manufacturer":null,"idfa":null,"groups":{},"country":"United States","client_upload_time":"2020-08-15 04:36:57.942000","library":"amplitude-js\/6.1.0","event_type":"subscription-page-visited","event_properties":{},"data":{},"adid":null,"city":"Sammamish","group_properties":{},"amplitude_event_type":null,"app":277124,"session_id":1597465649925,"os_name":"Chrome","$insert_id":"e20814d3-f365-476c-be96-c0c55940f0c0","sample_rate":null,"event_time":"2020-08-15 04:36:57.941000","dma":"Seattle-Tacoma, WA","user_creation_time":"2020-08-13 15:51:02.522000","user_properties":{"Username":"sridhar@truvs.com"},"device_id":"lgKoAHjJpT979Ur2AwawYd","version_name":null,"platform":"Web","server_received_time":"2020-08-15 04:36:58.352000","event_id":51,"device_carrier":null,"start_version":null,"paying":null,"amplitude_attribution_ids":null,"amplitude_id":184625470590,"device_type":null,"region":"Washington","server_upload_time":"2020-08-15 04:36:58.365000"}
{"user_id":"sridhar@truvs.com","$schema":12,"location_lat":null,"os_version":"84","device_model":null,"is_attribution_event":false,"processed_time":"2020-08-15 04:37:58.400428","uuid":"18256cde-deb1-11ea-9889-06cf732f0163","device_family":null,"language":"English","ip_address":"76.22.119.133","client_event_time":"2020-08-15 04:37:55.870000","device_brand":null,"location_lng":null,"device_manufacturer":null,"idfa":null,"groups":{},"country":"United States","client_upload_time":"2020-08-15 04:37:55.871000","library":"amplitude-js\/6.1.0","event_type":"start-with-script","event_properties":{"script":"<p>Designing and developing business systems can run into millions of dollars, especially for large enterprises. Business systems in large enterprises impact essential stakeholders such as customers, partners, and sometimes even employees. Lack of quality in these business systems have a massive impact on the company's credibility. However, teams that deliver these business systems (engineering and business teams) are also under constant pressure to deliver business systems rapidly. Unfortunately, agility does not mean sacrificing quality (and vice versa).&nbsp;<\/p><p>Our \"Mistake Proof and Agile QA\" offering can help businesses build high-quality products without sacrificing the agility. We believe in quality upfront (shift-left) philosophy rather than finding expensive and embarrassing defects late in the development process or production. Our Mistake proofing design process helps you to avoid mistakes in the first place. If mistakes do happen, we learn from them and change our processes so that the same ty"},"data":{},"adid":null,"city":"Sammamish","group_properties":{},"amplitude_event_type":null,"app":277124,"session_id":1597465649925,"os_name":"Chrome","$insert_id":"2757df77-1f71-4a2f-844b-2eccaf4c5f5b","sample_rate":null,"event_time":"2020-08-15 04:37:55.870000","dma":"Seattle-Tacoma, WA","user_creation_time":"2020-08-13 15:51:02.522000","user_properties":{"Username":"sridhar@truvs.com"},"device_id":"lgKoAHjJpT979Ur2AwawYd","version_name":null,"platform":"Web","server_received_time":"2020-08-15 04:37:56.275000","event_id":52,"device_carrier":null,"start_version":null,"paying":null,"amplitude_attribution_ids":null,"amplitude_id":184625470590,"device_type":null,"region":"Washington","server_upload_time":"2020-08-15 04:37:56.292000"}
{"user_id":"sridhar@truvs.com","$schema":12,"location_lat":null,"os_version":"84","device_model":null,"is_attribution_event":false,"processed_time":"2020-08-15 04:38:05.763763","uuid":"1c8924e6-deb1-11ea-9889-06cf732f0163","device_family":null,"language":"English","ip_address":"76.22.119.133","client_event_time":"2020-08-15 04:38:04.770000","device_brand":null,"location_lng":null,"device_manufacturer":null,"idfa":null,"groups":{},"country":"United States","client_upload_time":"2020-08-15 04:38:04.771000","library":"amplitude-js\/6.1.0","event_type":"track-deselected","event_properties":{"track-name":"All We Know","project-id":90973137},"data":{},"adid":null,"city":"Sammamish","group_properties":{},"amplitude_event_type":null,"app":277124,"session_id":1597465649925,"os_name":"Chrome","$insert_id":"e260eb8d-f77c-4d8a-a235-a204e856090a","sample_rate":null,"event_time":"2020-08-15 04:38:04.770000","dma":"Seattle-Tacoma, WA","user_creation_time":"2020-08-13 15:51:02.522000","user_properties":{"Username":"sridhar@truvs.com"},"device_id":"lgKoAHjJpT979Ur2AwawYd","version_name":null,"platform":"Web","server_received_time":"2020-08-15 04:38:05.177000","event_id":53,"device_carrier":null,"start_version":null,"paying":null,"amplitude_attribution_ids":null,"amplitude_id":184625470590,"device_type":null,"region":"Washington","server_upload_time":"2020-08-15 04:38:05.183000"}
{"user_id":"sridhar@truvs.com","$schema":12,"location_lat":null,"os_version":"84","device_model":null,"is_attribution_event":false,"processed_time":"2020-08-15 04:38:07.739198","uuid":"1db6d3ae-deb1-11ea-9889-06cf732f0163","device_family":null,"language":"English","ip_address":"76.22.119.133","client_event_time":"2020-08-15 04:38:05.506000","device_brand":null,"location_lng":null,"device_manufacturer":null,"idfa":null,"groups":{},"country":"United States","client_upload_time":"2020-08-15 04:38:05.506000","library":"amplitude-js\/6.1.0","event_type":"track-selected","event_properties":{"track-name":"All We Know","project-id":90973137},"data":{},"adid":null,"city":"Sammamish","group_properties":{},"amplitude_event_type":null,"app":277124,"session_id":1597465649925,"os_name":"Chrome","$insert_id":"942d5b99-77cc-456a-bbfa-90c1709d42a9","sample_rate":null,"event_time":"2020-08-15 04:38:05.506000","dma":"Seattle-Tacoma, WA","user_creation_time":"2020-08-13 15:51:02.522000","user_properties":{"Username":"sridhar@truvs.com"},"device_id":"lgKoAHjJpT979Ur2AwawYd","version_name":null,"platform":"Web","server_received_time":"2020-08-15 04:38:05.909000","event_id":54,"device_carrier":null,"start_version":null,"paying":null,"amplitude_attribution_ids":null,"amplitude_id":184625470590,"device_type":null,"region":"Washington","server_upload_time":"2020-08-15 04:38:05.935000"}
{"user_id":"sridhar@truvs.com","$schema":12,"location_lat":null,"os_version":"84","device_model":null,"is_attribution_event":false,"processed_time":"2020-08-15 04:38:07.742002","uuid":"1db6dc96-deb1-11ea-9889-06cf732f0163","device_family":null,"language":"English","ip_address":"76.22.119.133","client_event_time":"2020-08-15 04:38:05.774000","device_brand":null,"location_lng":null,"device_manufacturer":null,"idfa":null,"groups":{},"country":"United States","client_upload_time":"2020-08-15 04:38:05.775000","library":"amplitude-js\/6.1.0","event_type":"video-saved","event_properties":{"project-name":"Designing and develo","save-type":"New Video","project-category":"Designing and developing business systems can run into millions of dollars especially for large enterprises","project-id":90973137},"data":{},"adid":null,"city":"Sammamish","group_properties":{},"amplitude_event_type":null,"app":277124,"session_id":1597465649925,"os_name":"Chrome","$insert_id":"81ad833c-8d0b-4424-9609-230c9fe41246","sample_rate":null,"event_time":"2020-08-15 04:38:05.774000","dma":"Seattle-Tacoma, WA","user_creation_time":"2020-08-13 15:51:02.522000","user_properties":{"Username":"sridhar@truvs.com"},"device_id":"lgKoAHjJpT979Ur2AwawYd","version_name":null,"platform":"Web","server_received_time":"2020-08-15 04:38:06.185000","event_id":55,"device_carrier":null,"start_version":null,"paying":null,"amplitude_attribution_ids":null,"amplitude_id":184625470590,"device_type":null,"region":"Washington","server_upload_time":"2020-08-15 04:38:06.189000"}
{"user_id":"sridhar@truvs.com","$schema":12,"location_lat":null,"os_version":"84","device_model":null,"is_attribution_event":false,"processed_time":"2020-08-15 04:38:44.643616","uuid":"33b4d926-deb1-11ea-9889-06cf732f0163","device_family":null,"language":"English","ip_address":"76.22.119.133","client_event_time":"2020-08-15 04:38:43.193000","device_brand":null,"location_lng":null,"device_manufacturer":null,"idfa":null,"groups":{},"country":"United States","client_upload_time":"2020-08-15 04:38:43.193000","library":"amplitude-js\/6.1.0","event_type":"video-saved","event_properties":{"project-name":"Designing and develo","save-type":"Saved Video","project-category":"Designing and developing business systems can run into millions of dollars especially for large enterprises","project-id":90973137},"data":{},"adid":null,"city":"Sammamish","group_properties":{},"amplitude_event_type":null,"app":277124,"session_id":1597465649925,"os_name":"Chrome","$insert_id":"126bf49e-1a79-4411-aece-33a763afff88","sample_rate":null,"event_time":"2020-08-15 04:38:43.193000","dma":"Seattle-Tacoma, WA","user_creation_time":"2020-08-13 15:51:02.522000","user_properties":{"Username":"sridhar@truvs.com"},"device_id":"lgKoAHjJpT979Ur2AwawYd","version_name":null,"platform":"Web","server_received_time":"2020-08-15 04:38:43.604000","event_id":56,"device_carrier":null,"start_version":null,"paying":null,"amplitude_attribution_ids":null,"amplitude_id":184625470590,"device_type":null,"region":"Washington","server_upload_time":"2020-08-15 04:38:43.613000"}
{"user_id":"sridhar@truvs.com","$schema":12,"location_lat":null,"os_version":"84","device_model":null,"is_attribution_event":false,"processed_time":"2020-08-15 04:39:32.860135","uuid":"50712e8e-deb1-11ea-9889-06cf732f0163","device_family":null,"language":"English","ip_address":"76.22.119.133","client_event_time":"2020-08-15 04:39:30.499000","device_brand":null,"location_lng":null,"device_manufacturer":null,"idfa":null,"groups":{},"country":"United States","client_upload_time":"2020-08-15 04:39:30.500000","library":"amplitude-js\/6.1.0","event_type":"generate-clicked-after-exceeding-quota","event_properties":{},"data":{},"adid":null,"city":"Sammamish","group_properties":{},"amplitude_event_type":null,"app":277124,"session_id":1597465649925,"os_name":"Chrome","$insert_id":"edcf077c-f95f-4ade-a77d-75d8aff5ac5b","sample_rate":null,"event_time":"2020-08-15 04:39:30.499000","dma":"Seattle-Tacoma, WA","user_creation_time":"2020-08-13 15:51:02.522000","user_properties":{"Username":"sridhar@truvs.com"},"device_id":"lgKoAHjJpT979Ur2AwawYd","version_name":null,"platform":"Web","server_received_time":"2020-08-15 04:39:30.908000","event_id":57,"device_carrier":null,"start_version":null,"paying":null,"amplitude_attribution_ids":null,"amplitude_id":184625470590,"device_type":null,"region":"Washington","server_upload_time":"2020-08-15 04:39:30.925000"}
{"user_id":"sridhar@truvs.com","$schema":12,"location_lat":null,"os_version":"84","device_model":null,"is_attribution_event":false,"processed_time":"2020-08-15 04:47:35.039348","uuid":"6fcbc2b6-deb2-11ea-9889-06cf732f0163","device_family":null,"language":"English","ip_address":"76.22.119.133","client_event_time":"2020-08-15 04:47:34.240000","device_brand":null,"location_lng":null,"device_manufacturer":null,"idfa":null,"groups":{},"country":"United States","client_upload_time":"2020-08-15 04:47:34.241000","library":"amplitude-js\/6.1.0","event_type":"clicked-buy-from-freeTrial","event_properties":{},"data":{},"adid":null,"city":"Sammamish","group_properties":{},"amplitude_event_type":null,"app":277124,"session_id":1597465649925,"os_name":"Chrome","$insert_id":"0edf9860-72ab-488b-bebd-c7f1a35786a4","sample_rate":null,"event_time":"2020-08-15 04:47:34.240000","dma":"Seattle-Tacoma, WA","user_creation_time":"2020-08-13 15:51:02.522000","user_properties":{"Username":"sridhar@truvs.com"},"device_id":"lgKoAHjJpT979Ur2AwawYd","version_name":null,"platform":"Web","server_received_time":"2020-08-15 04:47:34.730000","event_id":58,"device_carrier":null,"start_version":null,"paying":null,"amplitude_attribution_ids":null,"amplitude_id":184625470590,"device_type":null,"region":"Washington","server_upload_time":"2020-08-15 04:47:34.739000"}
{"user_id":"sridhar@truvs.com","$schema":12,"location_lat":null,"os_version":"84","device_model":null,"is_attribution_event":false,"processed_time":"2020-08-15 04:47:46.771376","uuid":"76d69f40-deb2-11ea-9889-06cf732f0163","device_family":null,"language":"English","ip_address":"76.22.119.133","client_event_time":"2020-08-15 04:47:45.565000","device_brand":null,"location_lng":null,"device_manufacturer":null,"idfa":null,"groups":{},"country":"United States","client_upload_time":"2020-08-15 04:47:45.565000","library":"amplitude-js\/6.1.0","event_type":"clicked-buy-from-freeTrial","event_properties":{},"data":{},"adid":null,"city":"Sammamish","group_properties":{},"amplitude_event_type":null,"app":277124,"session_id":1597465649925,"os_name":"Chrome","$insert_id":"4483731c-fe3a-4fbe-b38b-2108be015d86","sample_rate":null,"event_time":"2020-08-15 04:47:45.565000","dma":"Seattle-Tacoma, WA","user_creation_time":"2020-08-13 15:51:02.522000","user_properties":{"Username":"sridhar@truvs.com"},"device_id":"lgKoAHjJpT979Ur2AwawYd","version_name":null,"platform":"Web","server_received_time":"2020-08-15 04:47:46.009000","event_id":59,"device_carrier":null,"start_version":null,"paying":null,"amplitude_attribution_ids":null,"amplitude_id":184625470590,"device_type":null,"region":"Washington","server_upload_time":"2020-08-15 04:47:46.019000"}
{"user_id":"sridhar@truvs.com","$schema":12,"location_lat":null,"os_version":"84","device_model":null,"is_attribution_event":false,"processed_time":"2020-08-15 04:48:14.541223","uuid":"875b41cc-deb2-11ea-9889-06cf732f0163","device_family":null,"language":"English","ip_address":"76.22.119.133","client_event_time":"2020-08-15 04:48:12.906000","device_brand":null,"location_lng":null,"device_manufacturer":null,"idfa":null,"groups":{},"country":"United States","client_upload_time":"2020-08-15 04:48:12.907000","library":"amplitude-js\/6.1.0","event_type":"clicked-buy-from-freeTrial","event_properties":{},"data":{},"adid":null,"city":"Sammamish","group_properties":{},"amplitude_event_type":null,"app":277124,"session_id":1597465649925,"os_name":"Chrome","$insert_id":"148e371e-0feb-4cf2-a409-ee514c4ac51e","sample_rate":null,"event_time":"2020-08-15 04:48:12.906000","dma":"Seattle-Tacoma, WA","user_creation_time":"2020-08-13 15:51:02.522000","user_properties":{"Username":"sridhar@truvs.com"},"device_id":"lgKoAHjJpT979Ur2AwawYd","version_name":null,"platform":"Web","server_received_time":"2020-08-15 04:48:13.330000","event_id":60,"device_carrier":null,"start_version":null,"paying":null,"amplitude_attribution_ids":null,"amplitude_id":184625470590,"device_type":null,"region":"Washington","server_upload_time":"2020-08-15 04:48:13.339000"}
{"user_id":"sridhar@truvs.com","$schema":12,"location_lat":null,"os_version":"84","device_model":null,"is_attribution_event":false,"processed_time":"2020-08-15 04:49:20.621331","uuid":"aec0db28-deb2-11ea-9889-06cf732f0163","device_family":null,"language":"English","ip_address":"76.22.119.133","client_event_time":"2020-08-15 04:49:19.246000","device_brand":null,"location_lng":null,"device_manufacturer":null,"idfa":null,"groups":{},"country":"United States","client_upload_time":"2020-08-15 04:49:19.397000","library":"amplitude-js\/6.1.0","event_type":"payment-successful","event_properties":{},"data":{},"adid":null,"city":"Sammamish","group_properties":{},"amplitude_event_type":null,"app":277124,"session_id":1597465649925,"os_name":"Chrome","$insert_id":"f89255f4-dd79-4bb1-94e7-25967bf3cb2d","sample_rate":null,"event_time":"2020-08-15 04:49:19.246000","dma":"Seattle-Tacoma, WA","user_creation_time":"2020-08-13 15:51:02.522000","user_properties":{"Username":"sridhar@truvs.com"},"device_id":"lgKoAHjJpT979Ur2AwawYd","version_name":null,"platform":"Web","server_received_time":"2020-08-15 04:49:19.814000","event_id":61,"device_carrier":null,"start_version":null,"paying":null,"amplitude_attribution_ids":null,"amplitude_id":184625470590,"device_type":null,"region":"Washington","server_upload_time":"2020-08-15 04:49:19.827000"}
{"user_id":"sridhar@truvs.com","$schema":12,"location_lat":null,"os_version":"84","device_model":null,"is_attribution_event":false,"processed_time":"2020-08-15 04:49:24.312425","uuid":"b0f909d8-deb2-11ea-9889-06cf732f0163","device_family":null,"language":"English","ip_address":"76.22.119.133","client_event_time":"2020-08-15 04:49:22.239000","device_brand":null,"location_lng":null,"device_manufacturer":null,"idfa":null,"groups":{},"country":"United States","client_upload_time":"2020-08-15 04:49:22.239000","library":"amplitude-js\/6.1.0","event_type":"first-plan-purchased","event_properties":{},"data":{},"adid":null,"city":"Sammamish","group_properties":{},"amplitude_event_type":null,"app":277124,"session_id":1597465649925,"os_name":"Chrome","$insert_id":"e39b9052-09f3-4273-8a44-f274d25e5b5e","sample_rate":null,"event_time":"2020-08-15 04:49:22.239000","dma":"Seattle-Tacoma, WA","user_creation_time":"2020-08-13 15:51:02.522000","user_properties":{"Username":"sridhar@truvs.com"},"device_id":"lgKoAHjJpT979Ur2AwawYd","version_name":null,"platform":"Web","server_received_time":"2020-08-15 04:49:22.656000","event_id":62,"device_carrier":null,"start_version":null,"paying":null,"amplitude_attribution_ids":null,"amplitude_id":184625470590,"device_type":null,"region":"Washington","server_upload_time":"2020-08-15 04:49:22.665000"}
{"user_id":"sridhar@truvs.com","$schema":12,"location_lat":null,"os_version":"84","device_model":null,"is_attribution_event":false,"processed_time":"2020-08-15 04:50:12.106509","uuid":"cd7820bc-deb2-11ea-9889-06cf732f0163","device_family":null,"language":"English","ip_address":"76.22.119.133","client_event_time":"2020-08-15 04:50:10.031000","device_brand":null,"location_lng":null,"device_manufacturer":null,"idfa":null,"groups":{},"country":"United States","client_upload_time":"2020-08-15 04:50:10.032000","library":"amplitude-js\/6.1.0","event_type":"start-with-script","event_properties":{"script":"<p>Designing and developing business systems can run into millions of dollars, especially for large enterprises. Business systems in large enterprises impact essential stakeholders such as customers, partners, and sometimes even employees. Lack of quality in these business systems have a massive impact on the company's credibility. However, teams that deliver these business systems (engineering and business teams) are also under constant pressure to deliver business systems rapidly. Unfortunately, agility does not mean sacrificing quality (and vice versa).&nbsp;<\/p><p>Our \"Mistake Proof and Agile QA\" offering can help businesses build high-quality products without sacrificing the agility. We believe in quality upfront (shift-left) philosophy rather than finding expensive and embarrassing defects late in the development process or production. Our Mistake proofing design process helps you to avoid mistakes in the first place. If mistakes do happen, we learn from them and change our processes so that the same ty"},"data":{},"adid":null,"city":"Sammamish","group_properties":{},"amplitude_event_type":null,"app":277124,"session_id":1597465649925,"os_name":"Chrome","$insert_id":"a92dee88-76ea-4e56-a172-19804395d729","sample_rate":null,"event_time":"2020-08-15 04:50:10.031000","dma":"Seattle-Tacoma, WA","user_creation_time":"2020-08-13 15:51:02.522000","user_properties":{"Username":"sridhar@truvs.com"},"device_id":"lgKoAHjJpT979Ur2AwawYd","version_name":null,"platform":"Web","server_received_time":"2020-08-15 04:50:10.455000","event_id":63,"device_carrier":null,"start_version":null,"paying":null,"amplitude_attribution_ids":null,"amplitude_id":184625470590,"device_type":null,"region":"Washington","server_upload_time":"2020-08-15 04:50:10.462000"}
{"user_id":"sridhar@truvs.com","$schema":12,"location_lat":null,"os_version":"84","device_model":null,"is_attribution_event":false,"processed_time":"2020-08-15 04:50:23.637449","uuid":"d4552ad8-deb2-11ea-9889-06cf732f0163","device_family":null,"language":"English","ip_address":"76.22.119.133","client_event_time":"2020-08-15 04:50:21.674000","device_brand":null,"location_lng":null,"device_manufacturer":null,"idfa":null,"groups":{},"country":"United States","client_upload_time":"2020-08-15 04:50:21.675000","library":"amplitude-js\/6.1.0","event_type":"track-deselected","event_properties":{"track-name":"All We Know","project-id":901336235},"data":{},"adid":null,"city":"Sammamish","group_properties":{},"amplitude_event_type":null,"app":277124,"session_id":1597465649925,"os_name":"Chrome","$insert_id":"66323ab1-68b1-42f4-801f-1ea4891d2a6e","sample_rate":null,"event_time":"2020-08-15 04:50:21.674000","dma":"Seattle-Tacoma, WA","user_creation_time":"2020-08-13 15:51:02.522000","user_properties":{"Username":"sridhar@truvs.com"},"device_id":"lgKoAHjJpT979Ur2AwawYd","version_name":null,"platform":"Web","server_received_time":"2020-08-15 04:50:22.097000","event_id":64,"device_carrier":null,"start_version":null,"paying":null,"amplitude_attribution_ids":null,"amplitude_id":184625470590,"device_type":null,"region":"Washington","server_upload_time":"2020-08-15 04:50:22.104000"}
{"user_id":"sridhar@truvs.com","$schema":12,"location_lat":null,"os_version":"84","device_model":null,"is_attribution_event":false,"processed_time":"2020-08-15 04:50:23.649390","uuid":"d455396a-deb2-11ea-9889-06cf732f0163","device_family":null,"language":"English","ip_address":"76.22.119.133","client_event_time":"2020-08-15 04:50:22.665000","device_brand":null,"location_lng":null,"device_manufacturer":null,"idfa":null,"groups":{},"country":"United States","client_upload_time":"2020-08-15 04:50:22.665000","library":"amplitude-js\/6.1.0","event_type":"track-selected","event_properties":{"track-name":"All We Know","project-id":901336235},"data":{},"adid":null,"city":"Sammamish","group_properties":{},"amplitude_event_type":null,"app":277124,"session_id":1597465649925,"os_name":"Chrome","$insert_id":"921810ca-06e3-4c5d-8260-6c0cf599cf43","sample_rate":null,"event_time":"2020-08-15 04:50:22.665000","dma":"Seattle-Tacoma, WA","user_creation_time":"2020-08-13 15:51:02.522000","user_properties":{"Username":"sridhar@truvs.com"},"device_id":"lgKoAHjJpT979Ur2AwawYd","version_name":null,"platform":"Web","server_received_time":"2020-08-15 04:50:23.082000","event_id":65,"device_carrier":null,"start_version":null,"paying":null,"amplitude_attribution_ids":null,"amplitude_id":184625470590,"device_type":null,"region":"Washington","server_upload_time":"2020-08-15 04:50:23.087000"}
{"user_id":"sridhar@truvs.com","$schema":12,"location_lat":null,"os_version":"84","device_model":null,"is_attribution_event":false,"processed_time":"2020-08-15 04:50:25.325250","uuid":"d55833da-deb2-11ea-9889-06cf732f0163","device_family":null,"language":"English","ip_address":"76.22.119.133","client_event_time":"2020-08-15 04:50:23.375000","device_brand":null,"location_lng":null,"device_manufacturer":null,"idfa":null,"groups":{},"country":"United States","client_upload_time":"2020-08-15 04:50:23.375000","library":"amplitude-js\/6.1.0","event_type":"video-saved","event_properties":{"project-name":"Designing and develo(1)","save-type":"New Video","project-category":"Designing and developing business systems can run into millions of dollars especially for large enterprises","project-id":901336235},"data":{},"adid":null,"city":"Sammamish","group_properties":{},"amplitude_event_type":null,"app":277124,"session_id":1597465649925,"os_name":"Chrome","$insert_id":"15b0646e-0a50-4b73-96f1-c630f3e76b14","sample_rate":null,"event_time":"2020-08-15 04:50:23.375000","dma":"Seattle-Tacoma, WA","user_creation_time":"2020-08-13 15:51:02.522000","user_properties":{"Username":"sridhar@truvs.com"},"device_id":"lgKoAHjJpT979Ur2AwawYd","version_name":null,"platform":"Web","server_received_time":"2020-08-15 04:50:23.792000","event_id":66,"device_carrier":null,"start_version":null,"paying":null,"amplitude_attribution_ids":null,"amplitude_id":184625470590,"device_type":null,"region":"Washington","server_upload_time":"2020-08-15 04:50:23.795000"}
{"user_id":"sridhar@truvs.com","$schema":12,"location_lat":null,"os_version":"84","device_model":null,"is_attribution_event":false,"processed_time":"2020-08-15 04:50:58.701770","uuid":"e93e6126-deb2-11ea-9889-06cf732f0163","device_family":null,"language":"English","ip_address":"76.22.119.133","client_event_time":"2020-08-15 04:50:57.037000","device_brand":null,"location_lng":null,"device_manufacturer":null,"idfa":null,"groups":{},"country":"United States","client_upload_time":"2020-08-15 04:50:57.037000","library":"amplitude-js\/6.1.0","event_type":"video-saved","event_properties":{"project-name":"Designing and develo(1)","save-type":"Saved Video","project-category":"Designing and developing business systems can run into millions of dollars especially for large enterprises","project-id":901336235},"data":{},"adid":null,"city":"Sammamish","group_properties":{},"amplitude_event_type":null,"app":277124,"session_id":1597465649925,"os_name":"Chrome","$insert_id":"ee443e81-c344-4368-9b55-2dd56df3c13d","sample_rate":null,"event_time":"2020-08-15 04:50:57.037000","dma":"Seattle-Tacoma, WA","user_creation_time":"2020-08-13 15:51:02.522000","user_properties":{"Username":"sridhar@truvs.com"},"device_id":"lgKoAHjJpT979Ur2AwawYd","version_name":null,"platform":"Web","server_received_time":"2020-08-15 04:50:57.456000","event_id":67,"device_carrier":null,"start_version":null,"paying":null,"amplitude_attribution_ids":null,"amplitude_id":184625470590,"device_type":null,"region":"Washington","server_upload_time":"2020-08-15 04:50:57.466000"}
{"user_id":"sridhar@truvs.com","$schema":12,"location_lat":null,"os_version":"84","device_model":null,"is_attribution_event":false,"processed_time":"2020-08-15 04:51:04.992207","uuid":"ecfe2bde-deb2-11ea-9889-06cf732f0163","device_family":null,"language":"English","ip_address":"76.22.119.133","client_event_time":"2020-08-15 04:51:02.128000","device_brand":null,"location_lng":null,"device_manufacturer":null,"idfa":null,"groups":{},"country":"United States","client_upload_time":"2020-08-15 04:51:02.129000","library":"amplitude-js\/6.1.0","event_type":"generate-clicked","event_properties":{"total-video-time-in-minutes":"1.50","total-sub-scenes":3,"track-name":"All We Know","total-time-to-generate-in-minutes":"0.80","total-time-to-generate-in-seconds":48,"total-videos":8,"total-scenes-with-original-image":15,"total-video-time-in-seconds":90,"total-images":7,"project-id":901336235,"total-scenes":15},"data":{},"adid":null,"city":"Sammamish","group_properties":{},"amplitude_event_type":null,"app":277124,"session_id":1597465649925,"os_name":"Chrome","$insert_id":"6e7901d4-d25f-44e1-8dba-b6faa3305411","sample_rate":null,"event_time":"2020-08-15 04:51:02.128000","dma":"Seattle-Tacoma, WA","user_creation_time":"2020-08-13 15:51:02.522000","user_properties":{"Username":"sridhar@truvs.com"},"device_id":"lgKoAHjJpT979Ur2AwawYd","version_name":null,"platform":"Web","server_received_time":"2020-08-15 04:51:02.546000","event_id":68,"device_carrier":null,"start_version":null,"paying":null,"amplitude_attribution_ids":null,"amplitude_id":184625470590,"device_type":null,"region":"Washington","server_upload_time":"2020-08-15 04:51:02.566000"}
{"user_id":"sridhar@truvs.com","$schema":12,"location_lat":null,"os_version":"84","device_model":null,"is_attribution_event":false,"processed_time":"2020-08-15 04:53:41.149616","uuid":"4a0ef704-deb3-11ea-9889-06cf732f0163","device_family":null,"language":"English","ip_address":"76.22.119.133","client_event_time":"2020-08-15 04:53:40.045000","device_brand":null,"location_lng":null,"device_manufacturer":null,"idfa":null,"groups":{},"country":"United States","client_upload_time":"2020-08-15 04:53:40.047000","library":"amplitude-js\/6.1.0","event_type":"video-generated","event_properties":{"time-taken-in-seconds":157,"project-id":901336235,"time-taken-in-minutes":"2.62"},"data":{},"adid":null,"city":"Sammamish","group_properties":{},"amplitude_event_type":null,"app":277124,"session_id":1597465649925,"os_name":"Chrome","$insert_id":"280722c1-2dec-47cd-8883-cc5e0c942d22","sample_rate":null,"event_time":"2020-08-15 04:53:40.045000","dma":"Seattle-Tacoma, WA","user_creation_time":"2020-08-13 15:51:02.522000","user_properties":{"Username":"sridhar@truvs.com"},"device_id":"lgKoAHjJpT979Ur2AwawYd","version_name":null,"platform":"Web","server_received_time":"2020-08-15 04:53:40.548000","event_id":69,"device_carrier":null,"start_version":null,"paying":null,"amplitude_attribution_ids":null,"amplitude_id":184625470590,"device_type":null,"region":"Washington","server_upload_time":"2020-08-15 04:53:40.559000"}
{"user_id":"sridhar@truvs.com","$schema":12,"location_lat":null,"os_version":"84","device_model":null,"is_attribution_event":false,"processed_time":"2020-08-15 04:53:43.448652","uuid":"4b71151e-deb3-11ea-9889-06cf732f0163","device_family":null,"language":"English","ip_address":"76.22.119.133","client_event_time":"2020-08-15 04:53:41.277000","device_brand":null,"location_lng":null,"device_manufacturer":null,"idfa":null,"groups":{},"country":"United States","client_upload_time":"2020-08-15 04:53:41.278000","library":"amplitude-js\/6.1.0","event_type":"video-saved","event_properties":{"project-name":"Designing and develo(1)","save-type":"Saved Video","project-category":"Designing and developing business systems can run into millions of dollars especially for large enterprises","project-id":901336235},"data":{},"adid":null,"city":"Sammamish","group_properties":{},"amplitude_event_type":null,"app":277124,"session_id":1597465649925,"os_name":"Chrome","$insert_id":"e12a84ed-eb52-454b-9440-6f596db22bdc","sample_rate":null,"event_time":"2020-08-15 04:53:41.277000","dma":"Seattle-Tacoma, WA","user_creation_time":"2020-08-13 15:51:02.522000","user_properties":{"Username":"sridhar@truvs.com"},"device_id":"lgKoAHjJpT979Ur2AwawYd","version_name":null,"platform":"Web","server_received_time":"2020-08-15 04:53:41.691000","event_id":70,"device_carrier":null,"start_version":null,"paying":null,"amplitude_attribution_ids":null,"amplitude_id":184625470590,"device_type":null,"region":"Washington","server_upload_time":"2020-08-15 04:53:41.697000"}
{"user_id":"sridhar@truvs.com","$schema":12,"location_lat":null,"os_version":"84","device_model":null,"is_attribution_event":false,"processed_time":"2020-08-15 04:53:45.746546","uuid":"4cceef12-deb3-11ea-9889-06cf732f0163","device_family":null,"language":"English","ip_address":"76.22.119.133","client_event_time":"2020-08-15 04:53:42.759000","device_brand":null,"location_lng":null,"device_manufacturer":null,"idfa":null,"groups":{},"country":"United States","client_upload_time":"2020-08-15 04:53:42.759000","library":"amplitude-js\/6.1.0","event_type":"video-downloaded","event_properties":{"video-name":"Designing and developing business systems can run into millions of dollars, especially for large enterprises..mp4","video-link":"https:\/\/video.pictory.ai\/a5h","project-id":901336235},"data":{},"adid":null,"city":"Sammamish","group_properties":{},"amplitude_event_type":null,"app":277124,"session_id":1597465649925,"os_name":"Chrome","$insert_id":"2cd984b4-c8e9-4b40-b4e3-c8063bc7fc2d","sample_rate":null,"event_time":"2020-08-15 04:53:42.759000","dma":"Seattle-Tacoma, WA","user_creation_time":"2020-08-13 15:51:02.522000","user_properties":{"Username":"sridhar@truvs.com"},"device_id":"lgKoAHjJpT979Ur2AwawYd","version_name":null,"platform":"Web","server_received_time":"2020-08-15 04:53:43.178000","event_id":71,"device_carrier":null,"start_version":null,"paying":null,"amplitude_attribution_ids":null,"amplitude_id":184625470590,"device_type":null,"region":"Washington","server_upload_time":"2020-08-15 04:53:43.197000"}
{"user_id":"sridhar@truvs.com","$schema":12,"location_lat":null,"os_version":"84","device_model":null,"is_attribution_event":false,"processed_time":"2020-08-15 04:56:22.905823","uuid":"aa7b20fe-deb3-11ea-9889-06cf732f0163","device_family":null,"language":"English","ip_address":"76.22.119.133","client_event_time":"2020-08-15 04:56:19.554000","device_brand":null,"location_lng":null,"device_manufacturer":null,"idfa":null,"groups":{},"country":"United States","client_upload_time":"2020-08-15 04:56:19.554000","library":"amplitude-js\/6.1.0","event_type":"subscription-page-visited","event_properties":{},"data":{},"adid":null,"city":"Sammamish","group_properties":{},"amplitude_event_type":null,"app":277124,"session_id":1597465649925,"os_name":"Chrome","$insert_id":"82294b80-16b5-48fb-aca0-df4c6598433b","sample_rate":null,"event_time":"2020-08-15 04:56:19.554000","dma":"Seattle-Tacoma, WA","user_creation_time":"2020-08-13 15:51:02.522000","user_properties":{"Username":"sridhar@truvs.com"},"device_id":"lgKoAHjJpT979Ur2AwawYd","version_name":null,"platform":"Web","server_received_time":"2020-08-15 04:56:20.043000","event_id":72,"device_carrier":null,"start_version":null,"paying":null,"amplitude_attribution_ids":null,"amplitude_id":184625470590,"device_type":null,"region":"Washington","server_upload_time":"2020-08-15 04:56:20.049000"}
{"user_id":"sridhar@truvs.com","$schema":12,"location_lat":null,"os_version":"84","device_model":null,"is_attribution_event":false,"processed_time":"2020-08-15 04:57:39.629699","uuid":"d8289568-deb3-11ea-9889-06cf732f0163","device_family":null,"language":"English","ip_address":"76.22.119.133","client_event_time":"2020-08-15 04:57:36.859000","device_brand":null,"location_lng":null,"device_manufacturer":null,"idfa":null,"groups":{},"country":"United States","client_upload_time":"2020-08-15 04:57:36.860000","library":"amplitude-js\/6.1.0","event_type":"brand-settings","event_properties":{"intro-style-used":false,"logo-uploaded":true,"logo-location":"Top-Right","scene-style-used":false,"outro-scene-used":false},"data":{},"adid":null,"city":"Sammamish","group_properties":{},"amplitude_event_type":null,"app":277124,"session_id":1597465649925,"os_name":"Chrome","$insert_id":"f643326e-5805-4a48-a6e9-dfeb9041b070","sample_rate":null,"event_time":"2020-08-15 04:57:36.859000","dma":"Seattle-Tacoma, WA","user_creation_time":"2020-08-13 15:51:02.522000","user_properties":{"Username":"sridhar@truvs.com"},"device_id":"lgKoAHjJpT979Ur2AwawYd","version_name":null,"platform":"Web","server_received_time":"2020-08-15 04:57:37.294000","event_id":73,"device_carrier":null,"start_version":null,"paying":null,"amplitude_attribution_ids":null,"amplitude_id":184625470590,"device_type":null,"region":"Washington","server_upload_time":"2020-08-15 04:57:37.304000"}
{"user_id":"sridhar@truvs.com","$schema":12,"location_lat":null,"os_version":"84","device_model":null,"is_attribution_event":false,"processed_time":"2020-08-15 04:58:14.080363","uuid":"ecbf3414-deb3-11ea-9889-06cf732f0163","device_family":null,"language":"English","ip_address":"76.22.119.133","client_event_time":"2020-08-15 04:58:11.238000","device_brand":null,"location_lng":null,"device_manufacturer":null,"idfa":null,"groups":{},"country":"United States","client_upload_time":"2020-08-15 04:58:11.238000","library":"amplitude-js\/6.1.0","event_type":"delete-video","event_properties":{"video-name":"Designing and develo"},"data":{},"adid":null,"city":"Sammamish","group_properties":{},"amplitude_event_type":null,"app":277124,"session_id":1597465649925,"os_name":"Chrome","$insert_id":"3e715bc6-1331-44cb-9182-86c6ed1adf15","sample_rate":null,"event_time":"2020-08-15 04:58:11.238000","dma":"Seattle-Tacoma, WA","user_creation_time":"2020-08-13 15:51:02.522000","user_properties":{"Username":"sridhar@truvs.com"},"device_id":"lgKoAHjJpT979Ur2AwawYd","version_name":null,"platform":"Web","server_received_time":"2020-08-15 04:58:11.665000","event_id":74,"device_carrier":null,"start_version":null,"paying":null,"amplitude_attribution_ids":null,"amplitude_id":184625470590,"device_type":null,"region":"Washington","server_upload_time":"2020-08-15 04:58:11.673000"}
{"user_id":"sridhar@truvs.com","$schema":12,"location_lat":null,"os_version":"84","device_model":null,"is_attribution_event":false,"processed_time":"2020-08-15 04:58:20.424953","uuid":"f087bfd0-deb3-11ea-9889-06cf732f0163","device_family":null,"language":"English","ip_address":"76.22.119.133","client_event_time":"2020-08-15 04:58:19.043000","device_brand":null,"location_lng":null,"device_manufacturer":null,"idfa":null,"groups":{},"country":"United States","client_upload_time":"2020-08-15 04:58:19.043000","library":"amplitude-js\/6.1.0","event_type":"delete-video","event_properties":{"video-name":"Dealing with any eme(1)"},"data":{},"adid":null,"city":"Sammamish","group_properties":{},"amplitude_event_type":null,"app":277124,"session_id":1597465649925,"os_name":"Chrome","$insert_id":"4e43b510-3c36-4c97-a74e-741cef30dd35","sample_rate":null,"event_time":"2020-08-15 04:58:19.043000","dma":"Seattle-Tacoma, WA","user_creation_time":"2020-08-13 15:51:02.522000","user_properties":{"Username":"sridhar@truvs.com"},"device_id":"lgKoAHjJpT979Ur2AwawYd","version_name":null,"platform":"Web","server_received_time":"2020-08-15 04:58:19.465000","event_id":75,"device_carrier":null,"start_version":null,"paying":null,"amplitude_attribution_ids":null,"amplitude_id":184625470590,"device_type":null,"region":"Washington","server_upload_time":"2020-08-15 04:58:19.476000"}
{"user_id":"sridhar@truvs.com","$schema":12,"location_lat":null,"os_version":"84","device_model":null,"is_attribution_event":false,"processed_time":"2020-08-15 04:58:34.233920","uuid":"f8bf8408-deb3-11ea-9889-06cf732f0163","device_family":null,"language":"English","ip_address":"76.22.119.133","client_event_time":"2020-08-15 04:58:31.949000","device_brand":null,"location_lng":null,"device_manufacturer":null,"idfa":null,"groups":{},"country":"United States","client_upload_time":"2020-08-15 04:58:31.950000","library":"amplitude-js\/6.1.0","event_type":"saved-video-opened","event_properties":{"project-name":"Designing and develo(1)","project-category":"Designing and developing business systems can run into millions of dollars especially for large enterprises"},"data":{},"adid":null,"city":"Sammamish","group_properties":{},"amplitude_event_type":null,"app":277124,"session_id":1597465649925,"os_name":"Chrome","$insert_id":"fbcb004b-4942-4b12-ad3e-6828ab9bf606","sample_rate":null,"event_time":"2020-08-15 04:58:31.949000","dma":"Seattle-Tacoma, WA","user_creation_time":"2020-08-13 15:51:02.522000","user_properties":{"Username":"sridhar@truvs.com"},"device_id":"lgKoAHjJpT979Ur2AwawYd","version_name":null,"platform":"Web","server_received_time":"2020-08-15 04:58:32.370000","event_id":76,"device_carrier":null,"start_version":null,"paying":null,"amplitude_attribution_ids":null,"amplitude_id":184625470590,"device_type":null,"region":"Washington","server_upload_time":"2020-08-15 04:58:32.387000"}
{"user_id":"sridhar@truvs.com","$schema":12,"location_lat":null,"os_version":"84","device_model":null,"is_attribution_event":false,"processed_time":"2020-08-15 04:59:15.212332","uuid":"112ca868-deb4-11ea-9889-06cf732f0163","device_family":null,"language":"English","ip_address":"76.22.119.133","client_event_time":"2020-08-15 04:59:13.166000","device_brand":null,"location_lng":null,"device_manufacturer":null,"idfa":null,"groups":{},"country":"United States","client_upload_time":"2020-08-15 04:59:13.166000","library":"amplitude-js\/6.1.0","event_type":"track-selected","event_properties":{"track-name":"Easy Bake Blues","project-id":901336235},"data":{},"adid":null,"city":"Sammamish","group_properties":{},"amplitude_event_type":null,"app":277124,"session_id":1597465649925,"os_name":"Chrome","$insert_id":"da7de802-a9e1-454a-9520-b61596ef8e58","sample_rate":null,"event_time":"2020-08-15 04:59:13.166000","dma":"Seattle-Tacoma, WA","user_creation_time":"2020-08-13 15:51:02.522000","user_properties":{"Username":"sridhar@truvs.com"},"device_id":"lgKoAHjJpT979Ur2AwawYd","version_name":null,"platform":"Web","server_received_time":"2020-08-15 04:59:13.584000","event_id":77,"device_carrier":null,"start_version":null,"paying":null,"amplitude_attribution_ids":null,"amplitude_id":184625470590,"device_type":null,"region":"Washington","server_upload_time":"2020-08-15 04:59:13.600000"}
{"user_id":"sridhar@truvs.com","$schema":12,"location_lat":null,"os_version":"84","device_model":null,"is_attribution_event":false,"processed_time":"2020-08-15 04:59:15.222277","uuid":"112cb7ae-deb4-11ea-9889-06cf732f0163","device_family":null,"language":"English","ip_address":"76.22.119.133","client_event_time":"2020-08-15 04:59:13.946000","device_brand":null,"location_lng":null,"device_manufacturer":null,"idfa":null,"groups":{},"country":"United States","client_upload_time":"2020-08-15 04:59:13.946000","library":"amplitude-js\/6.1.0","event_type":"voice-over-clicked","event_properties":{"project-id":901336235},"data":{},"adid":null,"city":"Sammamish","group_properties":{},"amplitude_event_type":null,"app":277124,"session_id":1597465649925,"os_name":"Chrome","$insert_id":"89beefa0-d3c3-4e04-9698-8234a95231e5","sample_rate":null,"event_time":"2020-08-15 04:59:13.946000","dma":"Seattle-Tacoma, WA","user_creation_time":"2020-08-13 15:51:02.522000","user_properties":{"Username":"sridhar@truvs.com"},"device_id":"lgKoAHjJpT979Ur2AwawYd","version_name":null,"platform":"Web","server_received_time":"2020-08-15 04:59:14.367000","event_id":78,"device_carrier":null,"start_version":null,"paying":null,"amplitude_attribution_ids":null,"amplitude_id":184625470590,"device_type":null,"region":"Washington","server_upload_time":"2020-08-15 04:59:14.377000"}
{"user_id":"sridhar@truvs.com","$schema":12,"location_lat":null,"os_version":"84","device_model":null,"is_attribution_event":false,"processed_time":"2020-08-15 04:59:15.225384","uuid":"112ccc30-deb4-11ea-9889-06cf732f0163","device_family":null,"language":"English","ip_address":"76.22.119.133","client_event_time":"2020-08-15 04:59:14.276000","device_brand":null,"location_lng":null,"device_manufacturer":null,"idfa":null,"groups":{},"country":"United States","client_upload_time":"2020-08-15 04:59:14.276000","library":"amplitude-js\/6.1.0","event_type":"video-saved","event_properties":{"project-name":"Designing and develo(1)","save-type":"Saved Video","project-category":"Designing and developing business systems can run into millions of dollars especially for large enterprises","project-id":901336235},"data":{},"adid":null,"city":"Sammamish","group_properties":{},"amplitude_event_type":null,"app":277124,"session_id":1597465649925,"os_name":"Chrome","$insert_id":"190937da-7bd6-45e4-8e3a-f0a6a114c6d5","sample_rate":null,"event_time":"2020-08-15 04:59:14.276000","dma":"Seattle-Tacoma, WA","user_creation_time":"2020-08-13 15:51:02.522000","user_properties":{"Username":"sridhar@truvs.com"},"device_id":"lgKoAHjJpT979Ur2AwawYd","version_name":null,"platform":"Web","server_received_time":"2020-08-15 04:59:14.696000","event_id":79,"device_carrier":null,"start_version":null,"paying":null,"amplitude_attribution_ids":null,"amplitude_id":184625470590,"device_type":null,"region":"Washington","server_upload_time":"2020-08-15 04:59:14.711000"}
{"user_id":"sridhar@truvs.com","$schema":12,"location_lat":null,"os_version":"84","device_model":null,"is_attribution_event":false,"processed_time":"2020-08-15 04:59:22.779730","uuid":"15afead0-deb4-11ea-9889-06cf732f0163","device_family":null,"language":"English","ip_address":"76.22.119.133","client_event_time":"2020-08-15 04:59:19.933000","device_brand":null,"location_lng":null,"device_manufacturer":null,"idfa":null,"groups":{},"country":"United States","client_upload_time":"2020-08-15 04:59:19.934000","library":"amplitude-js\/6.1.0","event_type":"recent-clicked","event_properties":{"project-id":901336235,"source":"Audio"},"data":{},"adid":null,"city":"Sammamish","group_properties":{},"amplitude_event_type":null,"app":277124,"session_id":1597465649925,"os_name":"Chrome","$insert_id":"fabb1a49-2345-434b-86c8-7a9c166f3708","sample_rate":null,"event_time":"2020-08-15 04:59:19.933000","dma":"Seattle-Tacoma, WA","user_creation_time":"2020-08-13 15:51:02.522000","user_properties":{"Username":"sridhar@truvs.com"},"device_id":"lgKoAHjJpT979Ur2AwawYd","version_name":null,"platform":"Web","server_received_time":"2020-08-15 04:59:20.357000","event_id":80,"device_carrier":null,"start_version":null,"paying":null,"amplitude_attribution_ids":null,"amplitude_id":184625470590,"device_type":null,"region":"Washington","server_upload_time":"2020-08-15 04:59:20.363000"}
