{"ip_address":"67.84.93.87","start_version":null,"uuid":"55411b86-dddf-11ea-b9a1-0690cfe1a111","groups":{},"amplitude_id":184754522215,"paying":null,"amplitude_event_type":null,"device_family":null,"sample_rate":null,"location_lat":null,"device_brand":null,"server_upload_time":"2020-08-14 03:36:25.552000","device_carrier":null,"server_received_time":"2020-08-14 03:36:25.547000","amplitude_attribution_ids":null,"client_event_time":"2020-08-14 03:36:25.498000","country":"United States","processed_time":"2020-08-14 03:36:26.680654","location_lng":null,"device_id":"tYTVmnvQeendt3keetyhR7","device_model":null,"os_version":"78","event_properties":{"provider":"Google"},"user_id":"colemanhindes@gmail.com","user_properties":{"Username":"colemanhindes@gmail.com"},"adid":null,"city":"Brooklyn","language":"English","idfa":null,"user_creation_time":"2020-08-14 03:36:25.498000","device_manufacturer":null,"platform":"Web","session_id":1597376117025,"device_type":null,"region":"New York","os_name":"Chrome","app":277124,"version_name":null,"event_id":1,"$insert_id":"2d8b4dc1-c224-4096-b3da-be9c1e3224c9","library":"amplitude-js\/6.1.0","dma":"New York, NY","event_type":"user-signup","client_upload_time":"2020-08-14 03:36:25.499000","group_properties":{},"$schema":12,"data":{"first_event":true},"is_attribution_event":false,"event_time":"2020-08-14 03:36:25.498000"}
{"ip_address":"67.84.93.87","start_version":null,"uuid":"55412702-dddf-11ea-b9a1-0690cfe1a111","groups":{},"amplitude_id":184754522215,"paying":null,"amplitude_event_type":null,"device_family":null,"sample_rate":null,"location_lat":null,"device_brand":null,"server_upload_time":"2020-08-14 03:36:25.690000","device_carrier":null,"server_received_time":"2020-08-14 03:36:25.681000","amplitude_attribution_ids":null,"client_event_time":"2020-08-14 03:36:25.500000","country":"United States","processed_time":"2020-08-14 03:36:26.747700","location_lng":null,"device_id":"tYTVmnvQeendt3keetyhR7","device_model":null,"os_version":"78","event_properties":{},"user_id":"colemanhindes@gmail.com","user_properties":{"Username":"colemanhindes@gmail.com"},"adid":null,"city":"Brooklyn","language":"English","idfa":null,"user_creation_time":"2020-08-14 03:36:25.498000","device_manufacturer":null,"platform":"Web","session_id":1597376117025,"device_type":null,"region":"New York","os_name":"Chrome","app":277124,"version_name":null,"event_id":2,"$insert_id":"ea345573-1154-4340-9439-1a548551413a","library":"amplitude-js\/6.1.0","dma":"New York, NY","event_type":"trial-activated","client_upload_time":"2020-08-14 03:36:25.635000","group_properties":{},"$schema":12,"data":{},"is_attribution_event":false,"event_time":"2020-08-14 03:36:25.500000"}
{"ip_address":"67.84.93.87","start_version":null,"uuid":"c70da310-dddf-11ea-b9a1-0690cfe1a111","groups":{},"amplitude_id":184754522215,"paying":null,"amplitude_event_type":null,"device_family":null,"sample_rate":null,"location_lat":null,"device_brand":null,"server_upload_time":"2020-08-14 03:39:36.188000","device_carrier":null,"server_received_time":"2020-08-14 03:39:36.179000","amplitude_attribution_ids":null,"client_event_time":"2020-08-14 03:39:35.910000","country":"United States","processed_time":"2020-08-14 03:39:37.546771","location_lng":null,"device_id":"tYTVmnvQeendt3keetyhR7","device_model":null,"os_version":"78","event_properties":{"script":"<p><br><strong>Leading Man: Oh no! <\/strong>~~BOTH CARES~~ Leading Woman: I'm sorry. Leading Man: There's this alien growing inside me! What is going on?! Alien: Hi! Leading Man: Oh, god. Alien: Eat these sea shell things! Leading Man: *Inhales* They smell like the ocean. Alien: Eat this, too! Leading Man: *Inhales* I like that smell. Alien: *thumps* Leading Man: Ooh, I feel good. Alien: Get naked! Leading Man: Ooh, honey! I'm feeling it, too! *Kisses* Alien: Get ready! Leading Man: I'm ready! Alien: Unghhhh! Leading Man: Ooh, wow. That was crazy. Alien: What? Leading Man: You're... You're the big squid from I \u2665 H.P. Lovecraft Alien: Yeah, that's right. Leading Man: That was... that was pretty great. Alien: We're bonded now.<\/p>"},"user_id":"colemanhindes@gmail.com","user_properties":{"Username":"colemanhindes@gmail.com"},"adid":null,"city":"Brooklyn","language":"English","idfa":null,"user_creation_time":"2020-08-14 03:36:25.498000","device_manufacturer":null,"platform":"Web","session_id":1597376117025,"device_type":null,"region":"New York","os_name":"Chrome","app":277124,"version_name":null,"event_id":3,"$insert_id":"01359491-284f-413f-86b4-505c6261553f","library":"amplitude-js\/6.1.0","dma":"New York, NY","event_type":"start-with-script","client_upload_time":"2020-08-14 03:39:35.911000","group_properties":{},"$schema":12,"data":{},"is_attribution_event":false,"event_time":"2020-08-14 03:39:35.910000"}
{"ip_address":"67.84.93.87","start_version":null,"uuid":"cd29f12c-dddf-11ea-b9a1-0690cfe1a111","groups":{},"amplitude_id":184754522215,"paying":null,"amplitude_event_type":null,"device_family":null,"sample_rate":null,"location_lat":null,"device_brand":null,"server_upload_time":"2020-08-14 03:39:46.909000","device_carrier":null,"server_received_time":"2020-08-14 03:39:46.896000","amplitude_attribution_ids":null,"client_event_time":"2020-08-14 03:39:46.851000","country":"United States","processed_time":"2020-08-14 03:39:47.787811","location_lng":null,"device_id":"tYTVmnvQeendt3keetyhR7","device_model":null,"os_version":"78","event_properties":{"project-id":35551758,"track-name":"Bustling Life"},"user_id":"colemanhindes@gmail.com","user_properties":{"Username":"colemanhindes@gmail.com"},"adid":null,"city":"Brooklyn","language":"English","idfa":null,"user_creation_time":"2020-08-14 03:36:25.498000","device_manufacturer":null,"platform":"Web","session_id":1597376117025,"device_type":null,"region":"New York","os_name":"Chrome","app":277124,"version_name":null,"event_id":4,"$insert_id":"23b6a472-dff4-4c00-aa85-4b90f4f00e55","library":"amplitude-js\/6.1.0","dma":"New York, NY","event_type":"track-selected","client_upload_time":"2020-08-14 03:39:46.853000","group_properties":{},"$schema":12,"data":{},"is_attribution_event":false,"event_time":"2020-08-14 03:39:46.851000"}
{"ip_address":"67.84.93.87","start_version":null,"uuid":"cd2a01c6-dddf-11ea-b9a1-0690cfe1a111","groups":{},"amplitude_id":184754522215,"paying":null,"amplitude_event_type":null,"device_family":null,"sample_rate":null,"location_lat":null,"device_brand":null,"server_upload_time":"2020-08-14 03:39:47.388000","device_carrier":null,"server_received_time":"2020-08-14 03:39:47.378000","amplitude_attribution_ids":null,"client_event_time":"2020-08-14 03:39:47.336000","country":"United States","processed_time":"2020-08-14 03:39:47.790526","location_lng":null,"device_id":"tYTVmnvQeendt3keetyhR7","device_model":null,"os_version":"78","event_properties":{"project-category":"Leading Man Oh no","project-name":"Leading Man Oh no","save-type":"New Video","project-id":35551758},"user_id":"colemanhindes@gmail.com","user_properties":{"Username":"colemanhindes@gmail.com"},"adid":null,"city":"Brooklyn","language":"English","idfa":null,"user_creation_time":"2020-08-14 03:36:25.498000","device_manufacturer":null,"platform":"Web","session_id":1597376117025,"device_type":null,"region":"New York","os_name":"Chrome","app":277124,"version_name":null,"event_id":5,"$insert_id":"6964072a-7033-4631-8212-377af141dd48","library":"amplitude-js\/6.1.0","dma":"New York, NY","event_type":"video-saved","client_upload_time":"2020-08-14 03:39:47.336000","group_properties":{},"$schema":12,"data":{},"is_attribution_event":false,"event_time":"2020-08-14 03:39:47.336000"}
{"ip_address":"67.84.93.87","start_version":null,"uuid":"dc675dc8-dddf-11ea-b9a1-0690cfe1a111","groups":{},"amplitude_id":184754522215,"paying":null,"amplitude_event_type":null,"device_family":null,"sample_rate":null,"location_lat":null,"device_brand":null,"server_upload_time":"2020-08-14 03:40:12.169000","device_carrier":null,"server_received_time":"2020-08-14 03:40:12.150000","amplitude_attribution_ids":null,"client_event_time":"2020-08-14 03:40:12.083000","country":"United States","processed_time":"2020-08-14 03:40:13.357680","location_lng":null,"device_id":"tYTVmnvQeendt3keetyhR7","device_model":null,"os_version":"78","event_properties":{"project-category":"Leading Man Oh no","project-name":"Leading Man Oh no","save-type":"Saved Video","project-id":35551758},"user_id":"colemanhindes@gmail.com","user_properties":{"Username":"colemanhindes@gmail.com"},"adid":null,"city":"Brooklyn","language":"English","idfa":null,"user_creation_time":"2020-08-14 03:36:25.498000","device_manufacturer":null,"platform":"Web","session_id":1597376117025,"device_type":null,"region":"New York","os_name":"Chrome","app":277124,"version_name":null,"event_id":6,"$insert_id":"27ce5203-02a2-4bf6-aaf9-faa1811bb444","library":"amplitude-js\/6.1.0","dma":"New York, NY","event_type":"video-saved","client_upload_time":"2020-08-14 03:40:12.085000","group_properties":{},"$schema":12,"data":{},"is_attribution_event":false,"event_time":"2020-08-14 03:40:12.083000"}
