{"session_id":1597532738228,"version_name":null,"paying":null,"server_upload_time":"2020-08-15 23:06:26.013000","event_time":"2020-08-15 23:06:25.474000","amplitude_event_type":null,"event_properties":{"provider":"pictory"},"is_attribution_event":false,"platform":"Web","device_id":"O7SLPlMJCVCSW3GrvR7zbh","device_brand":null,"os_version":"13","$insert_id":"76bd3707-0856-4522-aa1d-ccd13bffa396","device_manufacturer":"Apple","app":277124,"server_received_time":"2020-08-15 23:06:26.005000","adid":null,"start_version":null,"amplitude_id":185140345572,"os_name":"Mobile Safari","sample_rate":null,"region":"Wisconsin","library":"amplitude-js\/6.1.0","amplitude_attribution_ids":null,"groups":{},"uuid":"f328fa40-df4b-11ea-b806-02f2c33a7348","group_properties":{},"user_properties":{},"$schema":12,"data":{"first_event":true},"device_type":null,"event_type":"user-signup","event_id":1,"language":"English","idfa":null,"user_id":null,"location_lng":null,"client_upload_time":"2020-08-15 23:06:25.478000","country":"United States","location_lat":null,"device_model":"iPhone","ip_address":"65.29.227.173","device_carrier":null,"city":"Milwaukee","processed_time":"2020-08-15 23:06:28.396115","device_family":"Apple iPhone","client_event_time":"2020-08-15 23:06:25.474000","dma":"Milwaukee, WI","user_creation_time":"2020-08-15 23:06:25.474000"}
{"session_id":1597532738228,"version_name":null,"paying":null,"server_upload_time":"2020-08-15 23:06:54.635000","event_time":"2020-08-15 23:06:54.343000","amplitude_event_type":null,"event_properties":{"login-via":"Pictory"},"is_attribution_event":false,"platform":"Web","device_id":"O7SLPlMJCVCSW3GrvR7zbh","device_brand":null,"os_version":"13","$insert_id":"3e25498b-828e-46c5-93ec-90d48e1f4c17","device_manufacturer":"Apple","app":277124,"server_received_time":"2020-08-15 23:06:54.613000","adid":null,"start_version":null,"amplitude_id":185140345572,"os_name":"Mobile Safari","sample_rate":null,"region":"Wisconsin","library":"amplitude-js\/6.1.0","amplitude_attribution_ids":null,"groups":{},"uuid":"02f8259a-df4c-11ea-b806-02f2c33a7348","group_properties":{},"user_properties":{"Username":"jeremiahlindsey805@gmail.com"},"$schema":12,"data":{},"device_type":null,"event_type":"user-login","event_id":2,"language":"English","idfa":null,"user_id":"jeremiahlindsey805@gmail.com","location_lng":null,"client_upload_time":"2020-08-15 23:06:54.550000","country":"United States","location_lat":null,"device_model":"iPhone","ip_address":"65.29.227.173","device_carrier":null,"city":"Milwaukee","processed_time":"2020-08-15 23:06:54.922035","device_family":"Apple iPhone","client_event_time":"2020-08-15 23:06:54.343000","dma":"Milwaukee, WI","user_creation_time":"2020-08-15 23:06:25.474000"}
{"is_attribution_event":false,"amplitude_event_type":null,"processed_time":"2020-08-15 23:20:56.253905","device_brand":null,"amplitude_id":185142266190,"device_type":"Apple iPad","os_name":"Chrome Mobile","paying":null,"user_id":"gabe123432676tfh@gmail.com","device_model":"iPad","$schema":12,"amplitude_attribution_ids":null,"app":277124,"start_version":null,"library":"amplitude-js\/6.1.0","city":"Elmhurst","user_creation_time":"2020-08-15 23:20:53.817000","client_upload_time":"2020-08-15 23:20:53.820000","device_family":"Apple iPad","data":{"first_event":true},"location_lat":null,"location_lng":null,"server_upload_time":"2020-08-15 23:20:53.953000","adid":null,"session_id":1597533598280,"platform":"Web","event_type":"user-signup","device_manufacturer":"Apple","ip_address":"107.77.206.157","event_id":1,"device_carrier":null,"uuid":"f86728d6-df4d-11ea-994b-02c7a1b71801","language":"English","event_properties":{"provider":"Google"},"idfa":null,"version_name":null,"region":"Illinois","dma":"Chicago, IL","country":"United States","event_time":"2020-08-15 23:20:53.817000","server_received_time":"2020-08-15 23:20:53.948000","sample_rate":null,"groups":{},"device_id":"PGiJP97H7eMrSsr9iDkX5R","group_properties":{},"os_version":"84","user_properties":{"Username":"gabe123432676tfh@gmail.com"},"client_event_time":"2020-08-15 23:20:53.817000","$insert_id":"3c89ae3d-16ae-42cb-9d4e-6f90ea9a5e14"}
{"is_attribution_event":false,"amplitude_event_type":null,"processed_time":"2020-08-15 23:20:56.267891","device_brand":null,"amplitude_id":185142266190,"device_type":"Apple iPad","os_name":"Chrome Mobile","paying":null,"user_id":"gabe123432676tfh@gmail.com","device_model":"iPad","$schema":12,"amplitude_attribution_ids":null,"app":277124,"start_version":null,"library":"amplitude-js\/6.1.0","city":"Elmhurst","user_creation_time":"2020-08-15 23:20:53.817000","client_upload_time":"2020-08-15 23:20:54.181000","device_family":"Apple iPad","data":{},"location_lat":null,"location_lng":null,"server_upload_time":"2020-08-15 23:20:54.338000","adid":null,"session_id":1597533598280,"platform":"Web","event_type":"trial-activated","device_manufacturer":"Apple","ip_address":"107.77.206.157","event_id":2,"device_carrier":null,"uuid":"f86734b6-df4d-11ea-994b-02c7a1b71801","language":"English","event_properties":{},"idfa":null,"version_name":null,"region":"Illinois","dma":"Chicago, IL","country":"United States","event_time":"2020-08-15 23:20:53.821000","server_received_time":"2020-08-15 23:20:54.332000","sample_rate":null,"groups":{},"device_id":"PGiJP97H7eMrSsr9iDkX5R","group_properties":{},"os_version":"84","user_properties":{"Username":"gabe123432676tfh@gmail.com"},"client_event_time":"2020-08-15 23:20:53.821000","$insert_id":"26d96008-883e-488f-b47e-5c6ca4253085"}
