{"device_manufacturer":null,"start_version":null,"user_id":"innovativeinvesting7@gmail.com","event_type":"video-generated","device_carrier":null,"amplitude_id":183851922931,"region":"Telangana","groups":{},"city":"Hyderabad","user_properties":{"Username":"innovativeinvesting7@gmail.com"},"device_family":null,"paying":null,"library":"amplitude-js\/6.1.0","location_lng":null,"device_brand":null,"version_name":null,"location_lat":null,"platform":"Web","country":"India","app":277124,"processed_time":"2020-08-11 20:01:30.420494","device_model":null,"device_type":null,"os_version":"84","client_upload_time":"2020-08-11 20:01:28.724000","device_id":"KzvHmnwRkh8l7NpSUNkopK","language":"English","group_properties":{},"event_id":280,"sample_rate":null,"idfa":null,"uuid":"7297b434-dc0d-11ea-b4b0-06c62a46e593","user_creation_time":"2020-08-10 10:30:25.279000","event_properties":{"time-taken-in-minutes":"2.32","time-taken-in-seconds":139,"project-id":870577839},"data":{},"adid":null,"$schema":12,"session_id":1597169214230,"dma":null,"$insert_id":"994e3104-c039-42cf-b6f3-63abad5bdba3","os_name":"Chrome","event_time":"2020-08-11 20:01:28.722000","ip_address":"183.83.169.114","amplitude_attribution_ids":null,"client_event_time":"2020-08-11 20:01:28.722000","is_attribution_event":false,"amplitude_event_type":null,"server_received_time":"2020-08-11 20:01:29.436000","server_upload_time":"2020-08-11 20:01:29.447000"}
{"device_manufacturer":null,"start_version":null,"user_id":"innovativeinvesting7@gmail.com","event_type":"video-saved","device_carrier":null,"amplitude_id":183851922931,"region":"Telangana","groups":{},"city":"Hyderabad","user_properties":{"Username":"innovativeinvesting7@gmail.com"},"device_family":null,"paying":null,"library":"amplitude-js\/6.1.0","location_lng":null,"device_brand":null,"version_name":null,"location_lat":null,"platform":"Web","country":"India","app":277124,"processed_time":"2020-08-11 20:01:33.689208","device_model":null,"device_type":null,"os_version":"84","client_upload_time":"2020-08-11 20:01:32.099000","device_id":"KzvHmnwRkh8l7NpSUNkopK","language":"English","group_properties":{},"event_id":281,"sample_rate":null,"idfa":null,"uuid":"74949c34-dc0d-11ea-b4b0-06c62a46e593","user_creation_time":"2020-08-10 10:30:25.279000","event_properties":{"save-type":"Saved Video","project-name":"Jenny is a very brig","project-category":"Jenny is a very bright student and wanted to study at Harvard University","project-id":870577839},"data":{},"adid":null,"$schema":12,"session_id":1597169214230,"dma":null,"$insert_id":"d8196bf7-ab9b-458a-8d8a-8e4b41c6f1f2","os_name":"Chrome","event_time":"2020-08-11 20:01:32.097000","ip_address":"183.83.169.114","amplitude_attribution_ids":null,"client_event_time":"2020-08-11 20:01:32.097000","is_attribution_event":false,"amplitude_event_type":null,"server_received_time":"2020-08-11 20:01:32.242000","server_upload_time":"2020-08-11 20:01:32.254000"}
{"device_manufacturer":null,"start_version":null,"user_id":"innovativeinvesting7@gmail.com","event_type":"video-saved","device_carrier":null,"amplitude_id":183851922931,"region":"Telangana","groups":{},"city":"Hyderabad","user_properties":{"Username":"innovativeinvesting7@gmail.com"},"device_family":null,"paying":null,"library":"amplitude-js\/6.1.0","location_lng":null,"device_brand":null,"version_name":null,"location_lat":null,"platform":"Web","country":"India","app":277124,"processed_time":"2020-08-11 20:01:52.420028","device_model":null,"device_type":null,"os_version":"84","client_upload_time":"2020-08-11 20:01:51.418000","device_id":"KzvHmnwRkh8l7NpSUNkopK","language":"English","group_properties":{},"event_id":282,"sample_rate":null,"idfa":null,"uuid":"7fbc70b4-dc0d-11ea-b4b0-06c62a46e593","user_creation_time":"2020-08-10 10:30:25.279000","event_properties":{"save-type":"Saved Video","project-name":"Jenny is a very brig","project-category":"Jenny is a very bright student and wanted to study at Harvard University","project-id":870577839},"data":{},"adid":null,"$schema":12,"session_id":1597169214230,"dma":null,"$insert_id":"41822937-0fb8-47a7-9409-8672a59d21bd","os_name":"Chrome","event_time":"2020-08-11 20:01:51.415000","ip_address":"183.83.169.114","amplitude_attribution_ids":null,"client_event_time":"2020-08-11 20:01:51.415000","is_attribution_event":false,"amplitude_event_type":null,"server_received_time":"2020-08-11 20:01:51.561000","server_upload_time":"2020-08-11 20:01:51.572000"}
{"device_manufacturer":null,"start_version":null,"user_id":"innovativeinvesting7@gmail.com","event_type":"video-saved","device_carrier":null,"amplitude_id":183851922931,"region":"Telangana","groups":{},"city":"Hyderabad","user_properties":{"Username":"innovativeinvesting7@gmail.com"},"device_family":null,"paying":null,"library":"amplitude-js\/6.1.0","location_lng":null,"device_brand":null,"version_name":null,"location_lat":null,"platform":"Web","country":"India","app":277124,"processed_time":"2020-08-11 20:20:17.890806","device_model":null,"device_type":null,"os_version":"84","client_upload_time":"2020-08-11 20:20:15.261000","device_id":"KzvHmnwRkh8l7NpSUNkopK","language":"English","group_properties":{},"event_id":283,"sample_rate":null,"idfa":null,"uuid":"12a1a316-dc10-11ea-b4b0-06c62a46e593","user_creation_time":"2020-08-10 10:30:25.279000","event_properties":{"save-type":"Saved Video","project-name":"Jenny is a very brig","project-category":"Jenny is a very bright student and wanted to study at Harvard University","project-id":870577839},"data":{},"adid":null,"$schema":12,"session_id":1597169214230,"dma":null,"$insert_id":"821edc01-4767-47bd-80ea-e52beb2e6fd5","os_name":"Chrome","event_time":"2020-08-11 20:20:15.259000","ip_address":"183.83.169.114","amplitude_attribution_ids":null,"client_event_time":"2020-08-11 20:20:15.259000","is_attribution_event":false,"amplitude_event_type":null,"server_received_time":"2020-08-11 20:20:15.947000","server_upload_time":"2020-08-11 20:20:15.985000"}
{"device_manufacturer":null,"start_version":null,"user_id":"innovativeinvesting7@gmail.com","event_type":"video-saved","device_carrier":null,"amplitude_id":183851922931,"region":"Telangana","groups":{},"city":"Hyderabad","user_properties":{"Username":"innovativeinvesting7@gmail.com"},"device_family":null,"paying":null,"library":"amplitude-js\/6.1.0","location_lng":null,"device_brand":null,"version_name":null,"location_lat":null,"platform":"Web","country":"India","app":277124,"processed_time":"2020-08-11 20:20:19.681956","device_model":null,"device_type":null,"os_version":"84","client_upload_time":"2020-08-11 20:20:17.076000","device_id":"KzvHmnwRkh8l7NpSUNkopK","language":"English","group_properties":{},"event_id":284,"sample_rate":null,"idfa":null,"uuid":"13b9c760-dc10-11ea-b4b0-06c62a46e593","user_creation_time":"2020-08-10 10:30:25.279000","event_properties":{"save-type":"Saved Video","project-name":"Jenny is a very brig","project-category":"Jenny is a very bright student and wanted to study at Harvard University","project-id":870577839},"data":{},"adid":null,"$schema":12,"session_id":1597169214230,"dma":null,"$insert_id":"afff9d29-4916-4b3f-83fd-697a2d6c02c8","os_name":"Chrome","event_time":"2020-08-11 20:20:15.838000","ip_address":"183.83.169.114","amplitude_attribution_ids":null,"client_event_time":"2020-08-11 20:20:15.838000","is_attribution_event":false,"amplitude_event_type":null,"server_received_time":"2020-08-11 20:20:17.218000","server_upload_time":"2020-08-11 20:20:17.238000"}
{"device_manufacturer":null,"start_version":null,"user_id":"innovativeinvesting7@gmail.com","event_type":"delete-scene","device_carrier":null,"amplitude_id":183851922931,"region":"Telangana","groups":{},"city":"Hyderabad","user_properties":{"Username":"innovativeinvesting7@gmail.com"},"device_family":null,"paying":null,"library":"amplitude-js\/6.1.0","location_lng":null,"device_brand":null,"version_name":null,"location_lat":null,"platform":"Web","country":"India","app":277124,"processed_time":"2020-08-11 20:22:15.393025","device_model":null,"device_type":null,"os_version":"84","client_upload_time":"2020-08-11 20:22:13.235000","device_id":"KzvHmnwRkh8l7NpSUNkopK","language":"English","group_properties":{},"event_id":285,"sample_rate":null,"idfa":null,"uuid":"589f2230-dc10-11ea-b4b0-06c62a46e593","user_creation_time":"2020-08-10 10:30:25.279000","event_properties":{"scene-text":"...joy and hugged her mother and said, \"thank you, mom.","scene-number":6},"data":{},"adid":null,"$schema":12,"session_id":1597169214230,"dma":null,"$insert_id":"dd159e0a-8c01-4130-b3fa-6673ce67e9f7","os_name":"Chrome","event_time":"2020-08-11 20:22:13.233000","ip_address":"183.83.169.114","amplitude_attribution_ids":null,"client_event_time":"2020-08-11 20:22:13.233000","is_attribution_event":false,"amplitude_event_type":null,"server_received_time":"2020-08-11 20:22:13.377000","server_upload_time":"2020-08-11 20:22:13.398000"}
{"device_manufacturer":null,"start_version":null,"user_id":"innovativeinvesting7@gmail.com","event_type":"video-saved","device_carrier":null,"amplitude_id":183851922931,"region":"Telangana","groups":{},"city":"Hyderabad","user_properties":{"Username":"innovativeinvesting7@gmail.com"},"device_family":null,"paying":null,"library":"amplitude-js\/6.1.0","location_lng":null,"device_brand":null,"version_name":null,"location_lat":null,"platform":"Web","country":"India","app":277124,"processed_time":"2020-08-11 20:22:19.201261","device_model":null,"device_type":null,"os_version":"84","client_upload_time":"2020-08-11 20:22:16.823000","device_id":"KzvHmnwRkh8l7NpSUNkopK","language":"English","group_properties":{},"event_id":286,"sample_rate":null,"idfa":null,"uuid":"5af55dba-dc10-11ea-b4b0-06c62a46e593","user_creation_time":"2020-08-10 10:30:25.279000","event_properties":{"save-type":"Saved Video","project-name":"Jenny is a very brig","project-category":"Jenny is a very bright student and wanted to study at Harvard University","project-id":870577839},"data":{},"adid":null,"$schema":12,"session_id":1597169214230,"dma":null,"$insert_id":"062ace13-1ae4-4aeb-aaa9-db5ad1945bed","os_name":"Chrome","event_time":"2020-08-11 20:22:16.822000","ip_address":"183.83.169.114","amplitude_attribution_ids":null,"client_event_time":"2020-08-11 20:22:16.822000","is_attribution_event":false,"amplitude_event_type":null,"server_received_time":"2020-08-11 20:22:16.958000","server_upload_time":"2020-08-11 20:22:16.979000"}
{"device_manufacturer":null,"start_version":null,"user_id":"innovativeinvesting7@gmail.com","event_type":"video-saved","device_carrier":null,"amplitude_id":183851922931,"region":"Telangana","groups":{},"city":"Hyderabad","user_properties":{"Username":"innovativeinvesting7@gmail.com"},"device_family":null,"paying":null,"library":"amplitude-js\/6.1.0","location_lng":null,"device_brand":null,"version_name":null,"location_lat":null,"platform":"Web","country":"India","app":277124,"processed_time":"2020-08-11 20:22:34.996740","device_model":null,"device_type":null,"os_version":"84","client_upload_time":"2020-08-11 20:22:32.668000","device_id":"KzvHmnwRkh8l7NpSUNkopK","language":"English","group_properties":{},"event_id":287,"sample_rate":null,"idfa":null,"uuid":"64604f18-dc10-11ea-b4b0-06c62a46e593","user_creation_time":"2020-08-10 10:30:25.279000","event_properties":{"save-type":"Saved Video","project-name":"Jenny is a very brig","project-category":"Jenny is a very bright student and wanted to study at Harvard University","project-id":870577839},"data":{},"adid":null,"$schema":12,"session_id":1597169214230,"dma":null,"$insert_id":"2e97d198-b94a-4478-bdf1-ed2771e2ccff","os_name":"Chrome","event_time":"2020-08-11 20:22:32.666000","ip_address":"183.83.169.114","amplitude_attribution_ids":null,"client_event_time":"2020-08-11 20:22:32.666000","is_attribution_event":false,"amplitude_event_type":null,"server_received_time":"2020-08-11 20:22:32.807000","server_upload_time":"2020-08-11 20:22:32.829000"}
{"device_manufacturer":null,"start_version":null,"user_id":"innovativeinvesting7@gmail.com","event_type":"delete-scene","device_carrier":null,"amplitude_id":183851922931,"region":"Telangana","groups":{},"city":"Hyderabad","user_properties":{"Username":"innovativeinvesting7@gmail.com"},"device_family":null,"paying":null,"library":"amplitude-js\/6.1.0","location_lng":null,"device_brand":null,"version_name":null,"location_lat":null,"platform":"Web","country":"India","app":277124,"processed_time":"2020-08-11 20:22:40.321663","device_model":null,"device_type":null,"os_version":"84","client_upload_time":"2020-08-11 20:22:38.517000","device_id":"KzvHmnwRkh8l7NpSUNkopK","language":"English","group_properties":{},"event_id":288,"sample_rate":null,"idfa":null,"uuid":"6787e9da-dc10-11ea-b4b0-06c62a46e593","user_creation_time":"2020-08-10 10:30:25.279000","event_properties":{"scene-text":"...joy and hugged her mother and said, \"thank you, mom.","scene-number":6},"data":{},"adid":null,"$schema":12,"session_id":1597169214230,"dma":null,"$insert_id":"0fec3349-c64f-48f2-afa1-eeccf50634f2","os_name":"Chrome","event_time":"2020-08-11 20:22:38.516000","ip_address":"183.83.169.114","amplitude_attribution_ids":null,"client_event_time":"2020-08-11 20:22:38.516000","is_attribution_event":false,"amplitude_event_type":null,"server_received_time":"2020-08-11 20:22:38.651000","server_upload_time":"2020-08-11 20:22:38.674000"}
{"device_manufacturer":null,"start_version":null,"user_id":"innovativeinvesting7@gmail.com","event_type":"video-saved","device_carrier":null,"amplitude_id":183851922931,"region":"Telangana","groups":{},"city":"Hyderabad","user_properties":{"Username":"innovativeinvesting7@gmail.com"},"device_family":null,"paying":null,"library":"amplitude-js\/6.1.0","location_lng":null,"device_brand":null,"version_name":null,"location_lat":null,"platform":"Web","country":"India","app":277124,"processed_time":"2020-08-11 20:22:51.265402","device_model":null,"device_type":null,"os_version":"84","client_upload_time":"2020-08-11 20:22:48.742000","device_id":"KzvHmnwRkh8l7NpSUNkopK","language":"English","group_properties":{},"event_id":289,"sample_rate":null,"idfa":null,"uuid":"6e11459e-dc10-11ea-b4b0-06c62a46e593","user_creation_time":"2020-08-10 10:30:25.279000","event_properties":{"save-type":"Saved Video","project-name":"Jenny is a very brig","project-category":"Jenny is a very bright student and wanted to study at Harvard University","project-id":870577839},"data":{},"adid":null,"$schema":12,"session_id":1597169214230,"dma":null,"$insert_id":"892a6b27-1dce-49b9-b157-fc9afee0ccfd","os_name":"Chrome","event_time":"2020-08-11 20:22:48.738000","ip_address":"183.83.169.114","amplitude_attribution_ids":null,"client_event_time":"2020-08-11 20:22:48.738000","is_attribution_event":false,"amplitude_event_type":null,"server_received_time":"2020-08-11 20:22:48.875000","server_upload_time":"2020-08-11 20:22:48.887000"}
{"device_manufacturer":null,"start_version":null,"user_id":"innovativeinvesting7@gmail.com","event_type":"video-saved","device_carrier":null,"amplitude_id":183851922931,"region":"Telangana","groups":{},"city":"Hyderabad","user_properties":{"Username":"innovativeinvesting7@gmail.com"},"device_family":null,"paying":null,"library":"amplitude-js\/6.1.0","location_lng":null,"device_brand":null,"version_name":null,"location_lat":null,"platform":"Web","country":"India","app":277124,"processed_time":"2020-08-11 20:22:52.498940","device_model":null,"device_type":null,"os_version":"84","client_upload_time":"2020-08-11 20:22:51.267000","device_id":"KzvHmnwRkh8l7NpSUNkopK","language":"English","group_properties":{},"event_id":290,"sample_rate":null,"idfa":null,"uuid":"6ecf8b9e-dc10-11ea-b4b0-06c62a46e593","user_creation_time":"2020-08-10 10:30:25.279000","event_properties":{"save-type":"Saved Video","project-name":"Jenny is a very brig","project-category":"Jenny is a very bright student and wanted to study at Harvard University","project-id":870577839},"data":{},"adid":null,"$schema":12,"session_id":1597169214230,"dma":null,"$insert_id":"a73a92b5-2949-4a94-bcf2-26863c59bab5","os_name":"Chrome","event_time":"2020-08-11 20:22:49.398000","ip_address":"183.83.169.114","amplitude_attribution_ids":null,"client_event_time":"2020-08-11 20:22:49.398000","is_attribution_event":false,"amplitude_event_type":null,"server_received_time":"2020-08-11 20:22:51.404000","server_upload_time":"2020-08-11 20:22:51.418000"}
{"device_manufacturer":null,"start_version":null,"user_id":"innovativeinvesting7@gmail.com","event_type":"edit-scene-text","device_carrier":null,"amplitude_id":183851922931,"region":"Telangana","groups":{},"city":"Hyderabad","user_properties":{"Username":"innovativeinvesting7@gmail.com"},"device_family":null,"paying":null,"library":"amplitude-js\/6.1.0","location_lng":null,"device_brand":null,"version_name":null,"location_lat":null,"platform":"Web","country":"India","app":277124,"processed_time":"2020-08-11 20:23:15.376854","device_model":null,"device_type":null,"os_version":"84","client_upload_time":"2020-08-11 20:23:12.966000","device_id":"KzvHmnwRkh8l7NpSUNkopK","language":"English","group_properties":{},"event_id":291,"sample_rate":null,"idfa":null,"uuid":"7c61e37e-dc10-11ea-b4b0-06c62a46e593","user_creation_time":"2020-08-10 10:30:25.279000","event_properties":{"old-text":"I <strong>love<\/strong> you!\""},"data":{},"adid":null,"$schema":12,"session_id":1597169214230,"dma":null,"$insert_id":"7629879a-96b2-4980-b226-00a514fad17d","os_name":"Chrome","event_time":"2020-08-11 20:23:12.965000","ip_address":"183.83.169.114","amplitude_attribution_ids":null,"client_event_time":"2020-08-11 20:23:12.965000","is_attribution_event":false,"amplitude_event_type":null,"server_received_time":"2020-08-11 20:23:13.102000","server_upload_time":"2020-08-11 20:23:13.128000"}
{"device_manufacturer":null,"start_version":null,"user_id":"innovativeinvesting7@gmail.com","event_type":"video-saved","device_carrier":null,"amplitude_id":183851922931,"region":"Telangana","groups":{},"city":"Hyderabad","user_properties":{"Username":"innovativeinvesting7@gmail.com"},"device_family":null,"paying":null,"library":"amplitude-js\/6.1.0","location_lng":null,"device_brand":null,"version_name":null,"location_lat":null,"platform":"Web","country":"India","app":277124,"processed_time":"2020-08-11 20:23:16.933547","device_model":null,"device_type":null,"os_version":"84","client_upload_time":"2020-08-11 20:23:15.718000","device_id":"KzvHmnwRkh8l7NpSUNkopK","language":"English","group_properties":{},"event_id":292,"sample_rate":null,"idfa":null,"uuid":"7d5ee75e-dc10-11ea-b4b0-06c62a46e593","user_creation_time":"2020-08-10 10:30:25.279000","event_properties":{"save-type":"Saved Video","project-name":"Jenny is a very brig","project-category":"Jenny is a very bright student and wanted to study at Harvard University","project-id":870577839},"data":{},"adid":null,"$schema":12,"session_id":1597169214230,"dma":null,"$insert_id":"ab9cda60-62d0-4c91-aaa5-a02d924ba8b3","os_name":"Chrome","event_time":"2020-08-11 20:23:15.716000","ip_address":"183.83.169.114","amplitude_attribution_ids":null,"client_event_time":"2020-08-11 20:23:15.716000","is_attribution_event":false,"amplitude_event_type":null,"server_received_time":"2020-08-11 20:23:15.852000","server_upload_time":"2020-08-11 20:23:15.864000"}
{"device_manufacturer":null,"start_version":null,"user_id":"innovativeinvesting7@gmail.com","event_type":"video-saved","device_carrier":null,"amplitude_id":183851922931,"region":"Telangana","groups":{},"city":"Hyderabad","user_properties":{"Username":"innovativeinvesting7@gmail.com"},"device_family":null,"paying":null,"library":"amplitude-js\/6.1.0","location_lng":null,"device_brand":null,"version_name":null,"location_lat":null,"platform":"Web","country":"India","app":277124,"processed_time":"2020-08-11 20:23:34.145284","device_model":null,"device_type":null,"os_version":"84","client_upload_time":"2020-08-11 20:23:32.844000","device_id":"KzvHmnwRkh8l7NpSUNkopK","language":"English","group_properties":{},"event_id":293,"sample_rate":null,"idfa":null,"uuid":"87a14cc0-dc10-11ea-b4b0-06c62a46e593","user_creation_time":"2020-08-10 10:30:25.279000","event_properties":{"save-type":"Saved Video","project-name":"Jenny is a very brig","project-category":"Jenny is a very bright student and wanted to study at Harvard University","project-id":870577839},"data":{},"adid":null,"$schema":12,"session_id":1597169214230,"dma":null,"$insert_id":"7bb953ea-bc4f-4ced-a2c5-f1f18a9f66a9","os_name":"Chrome","event_time":"2020-08-11 20:23:32.844000","ip_address":"183.83.169.114","amplitude_attribution_ids":null,"client_event_time":"2020-08-11 20:23:32.844000","is_attribution_event":false,"amplitude_event_type":null,"server_received_time":"2020-08-11 20:23:32.978000","server_upload_time":"2020-08-11 20:23:32.988000"}
{"device_manufacturer":null,"start_version":null,"user_id":"innovativeinvesting7@gmail.com","event_type":"video-saved","device_carrier":null,"amplitude_id":183851922931,"region":"Telangana","groups":{},"city":"Hyderabad","user_properties":{"Username":"innovativeinvesting7@gmail.com"},"device_family":null,"paying":null,"library":"amplitude-js\/6.1.0","location_lng":null,"device_brand":null,"version_name":null,"location_lat":null,"platform":"Web","country":"India","app":277124,"processed_time":"2020-08-11 20:23:35.671770","device_model":null,"device_type":null,"os_version":"84","client_upload_time":"2020-08-11 20:23:34.574000","device_id":"KzvHmnwRkh8l7NpSUNkopK","language":"English","group_properties":{},"event_id":294,"sample_rate":null,"idfa":null,"uuid":"888b8786-dc10-11ea-b4b0-06c62a46e593","user_creation_time":"2020-08-10 10:30:25.279000","event_properties":{"save-type":"Saved Video","project-name":"Jenny is a very brig","project-category":"Jenny is a very bright student and wanted to study at Harvard University","project-id":870577839},"data":{},"adid":null,"$schema":12,"session_id":1597169214230,"dma":null,"$insert_id":"856a4c13-44a6-4c24-a23e-6ac5669420cf","os_name":"Chrome","event_time":"2020-08-11 20:23:33.468000","ip_address":"183.83.169.114","amplitude_attribution_ids":null,"client_event_time":"2020-08-11 20:23:33.468000","is_attribution_event":false,"amplitude_event_type":null,"server_received_time":"2020-08-11 20:23:34.707000","server_upload_time":"2020-08-11 20:23:34.736000"}
{"amplitude_attribution_ids":null,"session_id":1597178447755,"city":"Lake Stevens","platform":"Web","client_upload_time":"2020-08-11 20:40:49.388000","device_model":null,"start_version":null,"data":{},"location_lat":null,"region":"Washington","event_time":"2020-08-11 20:40:49.387000","country":"United States","server_received_time":"2020-08-11 20:40:49.399000","client_event_time":"2020-08-11 20:40:49.387000","event_id":1922,"user_properties":{"Username":"vikram@pictory.ai"},"app":277124,"event_properties":{"error-info":"https:\/\/brand-settings-images130431-pictory.s3.us-east-2.amazonaws.com\/public\/Google_104898658096797180988\/errors\/application\/1597178447742-crash.txt"},"language":"English","user_creation_time":"2020-05-17 00:13:14.288000","device_id":"Q7DEYHSryLp0H1aRz9RtrZ","uuid":"f271c7da-dc12-11ea-b330-023064a3dce3","paying":null,"device_carrier":null,"os_name":"Chrome","is_attribution_event":false,"idfa":null,"library":"amplitude-js\/6.1.0","device_manufacturer":null,"$schema":12,"version_name":null,"adid":null,"sample_rate":null,"device_family":null,"server_upload_time":"2020-08-11 20:40:49.414000","processed_time":"2020-08-11 20:40:52.390556","$insert_id":"f6a79762-2c0a-4a79-9bfc-05a9be2c03fb","dma":"Seattle-Tacoma, WA","os_version":"84","device_type":null,"location_lng":null,"groups":{},"amplitude_event_type":null,"amplitude_id":157956802362,"event_type":"app-crash","group_properties":{},"device_brand":null,"ip_address":"73.140.177.242","user_id":"vikram@pictory.ai"}
