{"user_properties":{"Username":"praveencapri@gmail.com"},"$schema":12,"dma":null,"library":"amplitude-js\/6.1.0","session_id":1596366515824,"device_brand":null,"client_event_time":"2020-08-02 12:04:06.179000","user_creation_time":"2020-08-02 07:07:16.958000","amplitude_event_type":null,"group_properties":{},"amplitude_id":182009921658,"platform":"Web","version_name":null,"user_id":"praveencapri@gmail.com","event_properties":{},"location_lng":null,"groups":{},"location_lat":null,"country":"India","city":"Hyderabad","event_type":"video-generation-canceled","event_id":92,"adid":null,"server_received_time":"2020-08-02 12:04:07.256000","device_id":"5--sw0O1-ccfnO_Ib5dnhZ","paying":null,"event_time":"2020-08-02 12:04:06.179000","os_version":"84","server_upload_time":"2020-08-02 12:04:07.271000","amplitude_attribution_ids":null,"$insert_id":"e6a86e0f-2da3-4251-87a0-0c7b3642a3a0","app":277124,"device_model":null,"device_manufacturer":null,"data":{},"idfa":null,"is_attribution_event":false,"device_family":null,"ip_address":"223.228.127.148","start_version":null,"region":"Telangana","client_upload_time":"2020-08-02 12:04:06.183000","language":"English","os_name":"Chrome","processed_time":"2020-08-02 12:04:11.815150","device_carrier":null,"device_type":null,"uuid":"46f3c5b8-d4b8-11ea-81c1-06fc158e4c21","sample_rate":null}
{"user_properties":{"Username":"praveencapri@gmail.com"},"$schema":12,"dma":null,"library":"amplitude-js\/6.1.0","session_id":1596366515824,"device_brand":null,"client_event_time":"2020-08-02 12:04:09.879000","user_creation_time":"2020-08-02 07:07:16.958000","amplitude_event_type":null,"group_properties":{},"amplitude_id":182009921658,"platform":"Web","version_name":null,"user_id":"praveencapri@gmail.com","event_properties":{"project-id":664893570,"total-video-time-in-seconds":163,"total-time-to-generate-in-seconds":3,"total-videos":19,"total-images":1,"total-video-time-in-minutes":"2.72","total-scenes-with-original-image":18,"total-sub-scenes":11,"total-scenes":20,"total-time-to-generate-in-minutes":"0.05","track-name":"Fly With My Dreams"},"location_lng":null,"groups":{},"location_lat":null,"country":"India","city":"Hyderabad","event_type":"generate-clicked","event_id":93,"adid":null,"server_received_time":"2020-08-02 12:04:10.310000","device_id":"5--sw0O1-ccfnO_Ib5dnhZ","paying":null,"event_time":"2020-08-02 12:04:09.879000","os_version":"84","server_upload_time":"2020-08-02 12:04:10.319000","amplitude_attribution_ids":null,"$insert_id":"b26be35d-a0f3-4b50-8987-4df93fb0c033","app":277124,"device_model":null,"device_manufacturer":null,"data":{},"idfa":null,"is_attribution_event":false,"device_family":null,"ip_address":"223.228.127.148","start_version":null,"region":"Telangana","client_upload_time":"2020-08-02 12:04:09.880000","language":"English","os_name":"Chrome","processed_time":"2020-08-02 12:04:14.207075","device_carrier":null,"device_type":null,"uuid":"4866a5a0-d4b8-11ea-81c1-06fc158e4c21","sample_rate":null}
{"user_properties":{"Username":"praveencapri@gmail.com"},"$schema":12,"dma":null,"library":"amplitude-js\/6.1.0","session_id":1596366515824,"device_brand":null,"client_event_time":"2020-08-02 12:11:04.421000","user_creation_time":"2020-08-02 07:07:16.958000","amplitude_event_type":null,"group_properties":{},"amplitude_id":182009921658,"platform":"Web","version_name":null,"user_id":"praveencapri@gmail.com","event_properties":{},"location_lng":null,"groups":{},"location_lat":null,"country":"India","city":"Hyderabad","event_type":"video-generation-canceled","event_id":94,"adid":null,"server_received_time":"2020-08-02 12:11:05.229000","device_id":"5--sw0O1-ccfnO_Ib5dnhZ","paying":null,"event_time":"2020-08-02 12:11:04.421000","os_version":"84","server_upload_time":"2020-08-02 12:11:05.234000","amplitude_attribution_ids":null,"$insert_id":"6b99674d-5e8e-48cd-bd42-435bea73156e","app":277124,"device_model":null,"device_manufacturer":null,"data":{},"idfa":null,"is_attribution_event":false,"device_family":null,"ip_address":"49.206.49.225","start_version":null,"region":"Telangana","client_upload_time":"2020-08-02 12:11:04.423000","language":"English","os_name":"Chrome","processed_time":"2020-08-02 12:11:07.297141","device_carrier":null,"device_type":null,"uuid":"3e9b9ee4-d4b9-11ea-81c1-06fc158e4c21","sample_rate":null}
{"version_name":null,"device_brand":null,"$schema":12,"event_id":1,"user_properties":{},"processed_time":"2020-08-02 12:14:14.286676","location_lng":null,"country":"India","language":"English","amplitude_id":182043625725,"amplitude_event_type":null,"location_lat":null,"region":"Telangana","data":{"first_event":true},"dma":null,"device_model":null,"client_upload_time":"2020-08-02 12:14:09.080000","server_received_time":"2020-08-02 12:14:12.761000","device_carrier":null,"device_type":null,"groups":{},"ip_address":"49.206.49.225","server_upload_time":"2020-08-02 12:14:12.766000","event_time":"2020-08-02 12:14:09.061000","session_id":1596370425455,"event_properties":{"login-via":"Google"},"client_event_time":"2020-08-02 12:14:09.061000","platform":"Web","user_creation_time":"2020-08-02 12:14:09.061000","device_id":"qOd9vbrA9EVsXt7taaW9bz","paying":null,"app":277124,"idfa":null,"user_id":null,"group_properties":{},"os_name":"Chrome Mobile","sample_rate":null,"city":"Hyderabad","adid":null,"device_family":null,"event_type":"user-login","amplitude_attribution_ids":null,"start_version":null,"device_manufacturer":null,"uuid":"adfd2276-d4b9-11ea-b958-0ab25848ee6a","os_version":"84","is_attribution_event":false,"library":"amplitude-js\/6.1.0","$insert_id":"39537b97-b69c-4f88-b994-052df0a9139a"}
{"version_name":null,"device_brand":null,"$schema":12,"event_id":2,"user_properties":{},"processed_time":"2020-08-02 12:14:53.613412","location_lng":null,"country":"India","language":"English","amplitude_id":182043625725,"amplitude_event_type":null,"location_lat":null,"region":"Telangana","data":{},"dma":null,"device_model":null,"client_upload_time":"2020-08-02 12:14:49.225000","server_received_time":"2020-08-02 12:14:52.921000","device_carrier":null,"device_type":null,"groups":{},"ip_address":"49.206.49.225","server_upload_time":"2020-08-02 12:14:52.924000","event_time":"2020-08-02 12:14:49.212000","session_id":1596370425455,"event_properties":{"login-via":"Google"},"client_event_time":"2020-08-02 12:14:49.212000","platform":"Web","user_creation_time":"2020-08-02 12:14:09.061000","device_id":"qOd9vbrA9EVsXt7taaW9bz","paying":null,"app":277124,"idfa":null,"user_id":null,"group_properties":{},"os_name":"Chrome Mobile","sample_rate":null,"city":"Hyderabad","adid":null,"device_family":null,"event_type":"user-login","amplitude_attribution_ids":null,"start_version":null,"device_manufacturer":null,"uuid":"c584b846-d4b9-11ea-b958-0ab25848ee6a","os_version":"84","is_attribution_event":false,"library":"amplitude-js\/6.1.0","$insert_id":"1b2c051b-2afa-403e-84f5-9db1580abfa2"}
{"start_version":null,"device_type":null,"data":{"first_event":true},"session_id":1596370549227,"event_id":1,"country":"India","group_properties":{},"version_name":null,"uuid":"ec1bfb54-d4b9-11ea-917f-0a9a19c9ac5c","adid":null,"location_lng":null,"groups":{},"device_carrier":null,"server_received_time":"2020-08-02 12:15:56.753000","city":"Hyderabad","device_model":null,"processed_time":"2020-08-02 12:15:58.434090","paying":null,"device_family":null,"library":"amplitude-js\/6.1.0","event_type":"user-login","user_id":null,"$schema":12,"client_upload_time":"2020-08-02 12:15:53.018000","region":"Telangana","dma":null,"amplitude_event_type":null,"device_id":"KY9ORf1qEMcgRbUNdSx2lz","os_name":"Chrome Mobile","user_properties":{},"platform":"Web","server_upload_time":"2020-08-02 12:15:56.755000","user_creation_time":"2020-08-02 12:15:53.009000","idfa":null,"device_brand":null,"$insert_id":"60846427-07b5-43f9-9d58-f5192126494a","sample_rate":null,"client_event_time":"2020-08-02 12:15:53.009000","event_properties":{"login-via":"Google"},"ip_address":"49.206.49.225","event_time":"2020-08-02 12:15:53.009000","language":"English","location_lat":null,"app":277124,"amplitude_id":182043836451,"is_attribution_event":false,"os_version":"84","device_manufacturer":null,"amplitude_attribution_ids":null}
{"app":277124,"ip_address":"49.206.49.225","os_name":"Chrome Mobile","device_type":null,"amplitude_id":182009921658,"os_version":"84","groups":{},"amplitude_attribution_ids":null,"region":"Telangana","is_attribution_event":false,"paying":null,"user_id":"praveencapri@gmail.com","client_event_time":"2020-08-02 12:16:59.612000","processed_time":"2020-08-02 12:17:05.202489","dma":null,"version_name":null,"device_id":"2W84a4yRCBeWppMpuinCAO","device_brand":null,"amplitude_event_type":null,"group_properties":{},"device_manufacturer":null,"location_lng":null,"server_upload_time":"2020-08-02 12:17:02.641000","uuid":"13f1104c-d4ba-11ea-9269-0aef9ac6690c","event_id":1,"event_type":"saved-video-opened","user_creation_time":"2020-08-02 07:07:16.958000","city":"Hyderabad","language":"English","platform":"Web","start_version":null,"event_time":"2020-08-02 12:16:59.612000","data":{},"library":"amplitude-js\/6.1.0","user_properties":{"Username":"praveencapri@gmail.com"},"country":"India","device_model":null,"device_carrier":null,"session_id":1596370557334,"location_lat":null,"client_upload_time":"2020-08-02 12:16:59.622000","event_properties":{"project-category":"How AI Helps In Precision Agriculture Connected Farm Experience  Better Crop Yield","project-name":"How AI Helps In Precision Agriculture Connected Farm Experience  Better Crop Yield(1)"},"idfa":null,"device_family":null,"sample_rate":null,"adid":null,"$insert_id":"d13cd7d9-bad9-44bc-93e7-aae20b5de72a","server_received_time":"2020-08-02 12:17:02.633000","$schema":12}
{"app":277124,"ip_address":"49.206.49.225","os_name":"Chrome Mobile","device_type":null,"amplitude_id":182009921658,"os_version":"84","groups":{},"amplitude_attribution_ids":null,"region":"Telangana","is_attribution_event":false,"paying":null,"user_id":"praveencapri@gmail.com","client_event_time":"2020-08-02 12:17:32.542000","processed_time":"2020-08-02 12:17:38.927249","dma":null,"version_name":null,"device_id":"2W84a4yRCBeWppMpuinCAO","device_brand":null,"amplitude_event_type":null,"group_properties":{},"device_manufacturer":null,"location_lng":null,"server_upload_time":"2020-08-02 12:17:35.552000","uuid":"280b0d6c-d4ba-11ea-9269-0aef9ac6690c","event_id":2,"event_type":"preview-clicked","user_creation_time":"2020-08-02 07:07:16.958000","city":"Hyderabad","language":"English","platform":"Web","start_version":null,"event_time":"2020-08-02 12:17:32.542000","data":{},"library":"amplitude-js\/6.1.0","user_properties":{"Username":"praveencapri@gmail.com"},"country":"India","device_model":null,"device_carrier":null,"session_id":1596370557334,"location_lat":null,"client_upload_time":"2020-08-02 12:17:32.547000","event_properties":{"project-id":344365284},"idfa":null,"device_family":null,"sample_rate":null,"adid":null,"$insert_id":"846073f0-a481-43f8-a013-8cc9a36d31f9","server_received_time":"2020-08-02 12:17:35.542000","$schema":12}
{"app":277124,"ip_address":"49.206.49.225","os_name":"Chrome Mobile","device_type":null,"amplitude_id":182009921658,"os_version":"84","groups":{},"amplitude_attribution_ids":null,"region":"Telangana","is_attribution_event":false,"paying":null,"user_id":"praveencapri@gmail.com","client_event_time":"2020-08-02 12:18:31.486000","processed_time":"2020-08-02 12:18:36.647403","dma":null,"version_name":null,"device_id":"2W84a4yRCBeWppMpuinCAO","device_brand":null,"amplitude_event_type":null,"group_properties":{},"device_manufacturer":null,"location_lng":null,"server_upload_time":"2020-08-02 12:18:34.544000","uuid":"4a6e35c8-d4ba-11ea-9269-0aef9ac6690c","event_id":3,"event_type":"preview-closed","user_creation_time":"2020-08-02 07:07:16.958000","city":"Hyderabad","language":"English","platform":"Web","start_version":null,"event_time":"2020-08-02 12:18:31.486000","data":{},"library":"amplitude-js\/6.1.0","user_properties":{"Username":"praveencapri@gmail.com"},"country":"India","device_model":null,"device_carrier":null,"session_id":1596370557334,"location_lat":null,"client_upload_time":"2020-08-02 12:18:31.496000","event_properties":{"total-time":"8:40","closed-time":"0:36","project-id":344365284},"idfa":null,"device_family":null,"sample_rate":null,"adid":null,"$insert_id":"8f852641-6f4e-47bc-8925-da4427f46b40","server_received_time":"2020-08-02 12:18:34.520000","$schema":12}
{"app":277124,"ip_address":"49.206.49.225","os_name":"Chrome Mobile","device_type":null,"amplitude_id":182009921658,"os_version":"84","groups":{},"amplitude_attribution_ids":null,"region":"Telangana","is_attribution_event":false,"paying":null,"user_id":"praveencapri@gmail.com","client_event_time":"2020-08-02 12:18:51.681000","processed_time":"2020-08-02 12:18:57.752013","dma":null,"version_name":null,"device_id":"2W84a4yRCBeWppMpuinCAO","device_brand":null,"amplitude_event_type":null,"group_properties":{},"device_manufacturer":null,"location_lng":null,"server_upload_time":"2020-08-02 12:18:54.704000","uuid":"5703424c-d4ba-11ea-9269-0aef9ac6690c","event_id":4,"event_type":"saved-video-opened","user_creation_time":"2020-08-02 07:07:16.958000","city":"Hyderabad","language":"English","platform":"Web","start_version":null,"event_time":"2020-08-02 12:18:51.681000","data":{},"library":"amplitude-js\/6.1.0","user_properties":{"Username":"praveencapri@gmail.com"},"country":"India","device_model":null,"device_carrier":null,"session_id":1596370557334,"location_lat":null,"client_upload_time":"2020-08-02 12:18:51.688000","event_properties":{"project-category":"How AI Helps In Precision Agriculture Connected Farm Experience  Better Crop Yield","project-name":"How AI Helps In Precision Agriculture Connected Farm Experience  Better Crop Yield"},"idfa":null,"device_family":null,"sample_rate":null,"adid":null,"$insert_id":"87c21d7d-8168-49b1-b5dc-b0f3b8598a09","server_received_time":"2020-08-02 12:18:54.696000","$schema":12}
{"app":277124,"ip_address":"49.206.49.225","os_name":"Chrome Mobile","device_type":null,"amplitude_id":182009921658,"os_version":"84","groups":{},"amplitude_attribution_ids":null,"region":"Telangana","is_attribution_event":false,"paying":null,"user_id":"praveencapri@gmail.com","client_event_time":"2020-08-02 12:19:05.733000","processed_time":"2020-08-02 12:19:12.293797","dma":null,"version_name":null,"device_id":"2W84a4yRCBeWppMpuinCAO","device_brand":null,"amplitude_event_type":null,"group_properties":{},"device_manufacturer":null,"location_lng":null,"server_upload_time":"2020-08-02 12:19:08.777000","uuid":"5fb16e46-d4ba-11ea-9269-0aef9ac6690c","event_id":5,"event_type":"preview-clicked","user_creation_time":"2020-08-02 07:07:16.958000","city":"Hyderabad","language":"English","platform":"Web","start_version":null,"event_time":"2020-08-02 12:19:05.733000","data":{},"library":"amplitude-js\/6.1.0","user_properties":{"Username":"praveencapri@gmail.com"},"country":"India","device_model":null,"device_carrier":null,"session_id":1596370557334,"location_lat":null,"client_upload_time":"2020-08-02 12:19:05.740000","event_properties":{"article-link":"https:\/\/www.innominds.com\/blog\/how-ai-helps-in-precision-agriculture-connected-farm-experience-better-crop-yield","project-id":664893570},"idfa":null,"device_family":null,"sample_rate":null,"adid":null,"$insert_id":"5f5cc313-15da-4c64-8966-7e955d53e513","server_received_time":"2020-08-02 12:19:08.771000","$schema":12}
{"app":277124,"ip_address":"49.206.49.225","os_name":"Chrome Mobile","device_type":null,"amplitude_id":182009921658,"os_version":"84","groups":{},"amplitude_attribution_ids":null,"region":"Telangana","is_attribution_event":false,"paying":null,"user_id":"praveencapri@gmail.com","client_event_time":"2020-08-02 12:27:27.493000","processed_time":"2020-08-02 12:27:34.160221","dma":null,"version_name":null,"device_id":"2W84a4yRCBeWppMpuinCAO","device_brand":null,"amplitude_event_type":null,"group_properties":{},"device_manufacturer":null,"location_lng":null,"server_upload_time":"2020-08-02 12:27:31.449000","uuid":"8ad5ee8e-d4bb-11ea-9269-0aef9ac6690c","event_id":6,"event_type":"preview-closed","user_creation_time":"2020-08-02 07:07:16.958000","city":"Hyderabad","language":"English","platform":"Web","start_version":null,"event_time":"2020-08-02 12:27:27.493000","data":{},"library":"amplitude-js\/6.1.0","user_properties":{"Username":"praveencapri@gmail.com"},"country":"India","device_model":null,"device_carrier":null,"session_id":1596370557334,"location_lat":null,"client_upload_time":"2020-08-02 12:27:27.507000","event_properties":{"total-time":"2:40","closed-time":"2:09","project-id":664893570},"idfa":null,"device_family":null,"sample_rate":null,"adid":null,"$insert_id":"ff8ae6b0-9ba9-4818-b7c6-74d8b3522fad","server_received_time":"2020-08-02 12:27:31.445000","$schema":12}
{"app":277124,"ip_address":"49.206.49.225","os_name":"Chrome Mobile","device_type":null,"amplitude_id":182009921658,"os_version":"84","groups":{},"amplitude_attribution_ids":null,"region":"Telangana","is_attribution_event":false,"paying":null,"user_id":"praveencapri@gmail.com","client_event_time":"2020-08-02 12:28:14.942000","processed_time":"2020-08-02 12:28:20.386889","dma":null,"version_name":null,"device_id":"2W84a4yRCBeWppMpuinCAO","device_brand":null,"amplitude_event_type":null,"group_properties":{},"device_manufacturer":null,"location_lng":null,"server_upload_time":"2020-08-02 12:28:18.049000","uuid":"a6618ca8-d4bb-11ea-9269-0aef9ac6690c","event_id":7,"event_type":"preview-clicked","user_creation_time":"2020-08-02 07:07:16.958000","city":"Hyderabad","language":"English","platform":"Web","start_version":null,"event_time":"2020-08-02 12:28:14.942000","data":{},"library":"amplitude-js\/6.1.0","user_properties":{"Username":"praveencapri@gmail.com"},"country":"India","device_model":null,"device_carrier":null,"session_id":1596370557334,"location_lat":null,"client_upload_time":"2020-08-02 12:28:14.955000","event_properties":{},"idfa":null,"device_family":null,"sample_rate":null,"adid":null,"$insert_id":"0361126c-6a37-4cbf-85ea-3d8c9030fbcf","server_received_time":"2020-08-02 12:28:18.020000","$schema":12}
{"app":277124,"ip_address":"49.206.49.225","os_name":"Chrome Mobile","device_type":null,"amplitude_id":182009921658,"os_version":"84","groups":{},"amplitude_attribution_ids":null,"region":"Telangana","is_attribution_event":false,"paying":null,"user_id":"praveencapri@gmail.com","client_event_time":"2020-08-02 12:29:13.556000","processed_time":"2020-08-02 12:29:17.976301","dma":null,"version_name":null,"device_id":"2W84a4yRCBeWppMpuinCAO","device_brand":null,"amplitude_event_type":null,"group_properties":{},"device_manufacturer":null,"location_lng":null,"server_upload_time":"2020-08-02 12:29:16.604000","uuid":"c8b06a40-d4bb-11ea-9269-0aef9ac6690c","event_id":8,"event_type":"recent-clicked","user_creation_time":"2020-08-02 07:07:16.958000","city":"Hyderabad","language":"English","platform":"Web","start_version":null,"event_time":"2020-08-02 12:29:13.556000","data":{},"library":"amplitude-js\/6.1.0","user_properties":{"Username":"praveencapri@gmail.com"},"country":"India","device_model":null,"device_carrier":null,"session_id":1596370557334,"location_lat":null,"client_upload_time":"2020-08-02 12:29:13.569000","event_properties":{"source":"Visuals","project-id":664893570},"idfa":null,"device_family":null,"sample_rate":null,"adid":null,"$insert_id":"c5dcb5a8-b882-4c8c-b66a-4e798a2d8f33","server_received_time":"2020-08-02 12:29:16.595000","$schema":12}
{"user_properties":{"Username":"praveencapri@gmail.com"},"$schema":12,"dma":null,"library":"amplitude-js\/6.1.0","session_id":1596366515824,"device_brand":null,"client_event_time":"2020-08-02 12:30:20.056000","user_creation_time":"2020-08-02 07:07:16.958000","amplitude_event_type":null,"group_properties":{},"amplitude_id":182009921658,"platform":"Web","version_name":null,"user_id":"praveencapri@gmail.com","event_properties":{"search-type":"All","project-id":664893570,"search-term":"agriculture"},"location_lng":null,"groups":{},"location_lat":null,"country":"India","city":"Hyderabad","event_type":"asset-searched","event_id":95,"adid":null,"server_received_time":"2020-08-02 12:30:20.856000","device_id":"5--sw0O1-ccfnO_Ib5dnhZ","paying":null,"event_time":"2020-08-02 12:30:20.056000","os_version":"84","server_upload_time":"2020-08-02 12:30:20.877000","amplitude_attribution_ids":null,"$insert_id":"01427cad-0b23-4b5a-88e9-2aa3509babb5","app":277124,"device_model":null,"device_manufacturer":null,"data":{},"idfa":null,"is_attribution_event":false,"device_family":null,"ip_address":"49.206.49.225","start_version":null,"region":"Telangana","client_upload_time":"2020-08-02 12:30:20.063000","language":"English","os_name":"Chrome","processed_time":"2020-08-02 12:30:21.381684","device_carrier":null,"device_type":null,"uuid":"ee79230c-d4bb-11ea-9910-06fc158e4c21","sample_rate":null}
{"app":277124,"ip_address":"49.206.49.225","os_name":"Chrome Mobile","device_type":null,"amplitude_id":182009921658,"os_version":"84","groups":{},"amplitude_attribution_ids":null,"region":"Telangana","is_attribution_event":false,"paying":null,"user_id":"praveencapri@gmail.com","client_event_time":"2020-08-02 12:30:46.733000","processed_time":"2020-08-02 12:30:50.348433","dma":null,"version_name":null,"device_id":"2W84a4yRCBeWppMpuinCAO","device_brand":null,"amplitude_event_type":null,"group_properties":{},"device_manufacturer":null,"location_lng":null,"server_upload_time":"2020-08-02 12:30:49.778000","uuid":"ffc4a23a-d4bb-11ea-9269-0aef9ac6690c","event_id":9,"event_type":"asset-searched","user_creation_time":"2020-08-02 07:07:16.958000","city":"Hyderabad","language":"English","platform":"Web","start_version":null,"event_time":"2020-08-02 12:30:46.733000","data":{},"library":"amplitude-js\/6.1.0","user_properties":{"Username":"praveencapri@gmail.com"},"country":"India","device_model":null,"device_carrier":null,"session_id":1596370557334,"location_lat":null,"client_upload_time":"2020-08-02 12:30:46.743000","event_properties":{"search-term":"Agriculture","search-type":"All","project-id":664893570},"idfa":null,"device_family":null,"sample_rate":null,"adid":null,"$insert_id":"3216dc98-ae1b-47fd-a1f9-1bdf541f49c8","server_received_time":"2020-08-02 12:30:49.770000","$schema":12}
{"app":277124,"ip_address":"49.206.49.225","os_name":"Chrome Mobile","device_type":null,"amplitude_id":182009921658,"os_version":"84","groups":{},"amplitude_attribution_ids":null,"region":"Telangana","is_attribution_event":false,"paying":null,"user_id":"praveencapri@gmail.com","client_event_time":"2020-08-02 12:31:42.567000","processed_time":"2020-08-02 12:31:47.197203","dma":null,"version_name":null,"device_id":"2W84a4yRCBeWppMpuinCAO","device_brand":null,"amplitude_event_type":null,"group_properties":{},"device_manufacturer":null,"location_lng":null,"server_upload_time":"2020-08-02 12:31:45.602000","uuid":"21a51d9e-d4bc-11ea-9269-0aef9ac6690c","event_id":10,"event_type":"image-replaced","user_creation_time":"2020-08-02 07:07:16.958000","city":"Hyderabad","language":"English","platform":"Web","start_version":null,"event_time":"2020-08-02 12:31:42.567000","data":{},"library":"amplitude-js\/6.1.0","user_properties":{"Username":"praveencapri@gmail.com"},"country":"India","device_model":null,"device_carrier":null,"session_id":1596370557334,"location_lat":null,"client_upload_time":"2020-08-02 12:31:42.578000","event_properties":{"old-image":"https:\/\/kta7t51vz9.execute-api.us-east-2.amazonaws.com\/prod\/api\/v1\/libraries\/pixa_bay\/video\/large\/45655.mp4","scene-text":"for the health & growth tracking, and any persisting pest...","new-image":"https:\/\/kta7t51vz9.execute-api.us-east-2.amazonaws.com\/prod\/api\/v1\/libraries\/pixa_bay\/video\/large\/45655.mp4","source":"Visual Library","project-id":664893570},"idfa":null,"device_family":null,"sample_rate":null,"adid":null,"$insert_id":"f52122d2-d162-4837-8020-2170e407a3e7","server_received_time":"2020-08-02 12:31:45.599000","$schema":12}
{"app":277124,"ip_address":"49.206.49.225","os_name":"Chrome Mobile","device_type":null,"amplitude_id":182009921658,"os_version":"84","groups":{},"amplitude_attribution_ids":null,"region":"Telangana","is_attribution_event":false,"paying":null,"user_id":"praveencapri@gmail.com","client_event_time":"2020-08-02 12:31:55.933000","processed_time":"2020-08-02 12:32:02.095098","dma":null,"version_name":null,"device_id":"2W84a4yRCBeWppMpuinCAO","device_brand":null,"amplitude_event_type":null,"group_properties":{},"device_manufacturer":null,"location_lng":null,"server_upload_time":"2020-08-02 12:31:58.979000","uuid":"2a895de4-d4bc-11ea-9269-0aef9ac6690c","event_id":11,"event_type":"video-saved","user_creation_time":"2020-08-02 07:07:16.958000","city":"Hyderabad","language":"English","platform":"Web","start_version":null,"event_time":"2020-08-02 12:31:55.933000","data":{},"library":"amplitude-js\/6.1.0","user_properties":{"Username":"praveencapri@gmail.com"},"country":"India","device_model":null,"device_carrier":null,"session_id":1596370557334,"location_lat":null,"client_upload_time":"2020-08-02 12:31:55.943000","event_properties":{"project-category":"How AI Helps In Precision Agriculture Connected Farm Experience  Better Crop Yield","save-type":"Saved Video","project-name":"How AI Helps In Precision Agriculture Connected Farm Experience  Better Crop Yield","project-id":664893570},"idfa":null,"device_family":null,"sample_rate":null,"adid":null,"$insert_id":"f8868218-4021-4b44-ae65-22eeda9f40e2","server_received_time":"2020-08-02 12:31:58.971000","$schema":12}
{"app":277124,"ip_address":"49.206.49.225","os_name":"Chrome Mobile","device_type":null,"amplitude_id":182009921658,"os_version":"84","groups":{},"amplitude_attribution_ids":null,"region":"Telangana","is_attribution_event":false,"paying":null,"user_id":"praveencapri@gmail.com","client_event_time":"2020-08-02 12:32:03.223000","processed_time":"2020-08-02 12:32:07.846983","dma":null,"version_name":null,"device_id":"2W84a4yRCBeWppMpuinCAO","device_brand":null,"amplitude_event_type":null,"group_properties":{},"device_manufacturer":null,"location_lng":null,"server_upload_time":"2020-08-02 12:32:06.256000","uuid":"2df79cfc-d4bc-11ea-9269-0aef9ac6690c","event_id":12,"event_type":"image-replaced","user_creation_time":"2020-08-02 07:07:16.958000","city":"Hyderabad","language":"English","platform":"Web","start_version":null,"event_time":"2020-08-02 12:32:03.223000","data":{},"library":"amplitude-js\/6.1.0","user_properties":{"Username":"praveencapri@gmail.com"},"country":"India","device_model":null,"device_carrier":null,"session_id":1596370557334,"location_lat":null,"client_upload_time":"2020-08-02 12:32:03.228000","event_properties":{"old-image":"https:\/\/kta7t51vz9.execute-api.us-east-2.amazonaws.com\/prod\/api\/v1\/libraries\/pixa_bay\/video\/large\/45655.mp4","scene-text":"for the health & growth tracking, and any persisting pest...","new-image":"https:\/\/kta7t51vz9.execute-api.us-east-2.amazonaws.com\/prod\/api\/v1\/libraries\/pixa_bay\/video\/large\/45655.mp4","source":"Visual Library","project-id":664893570},"idfa":null,"device_family":null,"sample_rate":null,"adid":null,"$insert_id":"4d06e180-2e2e-4722-8c45-95248f2819d8","server_received_time":"2020-08-02 12:32:06.244000","$schema":12}
{"app":277124,"ip_address":"49.206.49.225","os_name":"Chrome Mobile","device_type":null,"amplitude_id":182009921658,"os_version":"84","groups":{},"amplitude_attribution_ids":null,"region":"Telangana","is_attribution_event":false,"paying":null,"user_id":"praveencapri@gmail.com","client_event_time":"2020-08-02 12:32:14.404000","processed_time":"2020-08-02 12:32:22.203063","dma":null,"version_name":null,"device_id":"2W84a4yRCBeWppMpuinCAO","device_brand":null,"amplitude_event_type":null,"group_properties":{},"device_manufacturer":null,"location_lng":null,"server_upload_time":"2020-08-02 12:32:20.641000","uuid":"3686a534-d4bc-11ea-9269-0aef9ac6690c","event_id":13,"event_type":"video-saved","user_creation_time":"2020-08-02 07:07:16.958000","city":"Hyderabad","language":"English","platform":"Web","start_version":null,"event_time":"2020-08-02 12:32:14.404000","data":{},"library":"amplitude-js\/6.1.0","user_properties":{"Username":"praveencapri@gmail.com"},"country":"India","device_model":null,"device_carrier":null,"session_id":1596370557334,"location_lat":null,"client_upload_time":"2020-08-02 12:32:17.594000","event_properties":{"project-category":"How AI Helps In Precision Agriculture Connected Farm Experience  Better Crop Yield","save-type":"Saved Video","project-name":"How AI Helps In Precision Agriculture Connected Farm Experience  Better Crop Yield","project-id":664893570},"idfa":null,"device_family":null,"sample_rate":null,"adid":null,"$insert_id":"10b6c8a4-df6a-4edb-830e-60dcd10ea23b","server_received_time":"2020-08-02 12:32:20.631000","$schema":12}
{"location_lat":null,"adid":null,"data":{},"platform":"Web","processed_time":"2020-08-02 12:33:03.730283","app":277124,"device_carrier":null,"device_manufacturer":null,"event_type":"app-crash","event_time":"2020-08-02 12:32:59.520000","version_name":null,"start_version":null,"idfa":null,"group_properties":{},"user_properties":{"Username":"praveencapri@gmail.com"},"server_upload_time":"2020-08-02 12:33:02.557000","os_name":"Chrome Mobile","region":"Telangana","client_upload_time":"2020-08-02 12:32:59.524000","$schema":12,"session_id":1596371576112,"user_creation_time":"2020-08-02 07:07:16.958000","country":"India","device_id":"7m-jmITaA7e5pCyhKoG58c","server_received_time":"2020-08-02 12:33:02.534000","dma":null,"amplitude_id":182009921658,"ip_address":"49.206.49.225","event_id":1,"device_model":null,"sample_rate":null,"is_attribution_event":false,"language":"English","client_event_time":"2020-08-02 12:32:59.520000","location_lng":null,"$insert_id":"0ac2c25a-ce03-43ac-ac32-8cc642e68f6e","os_version":"84","library":"amplitude-js\/6.1.0","paying":null,"city":"Hyderabad","amplitude_attribution_ids":null,"uuid":"4f464a8e-d4bc-11ea-b855-065e6989b11d","device_brand":null,"user_id":"praveencapri@gmail.com","device_type":null,"amplitude_event_type":null,"groups":{},"device_family":null,"event_properties":{"error-info":"https:\/\/brand-settings-images130431-pictory.s3.us-east-2.amazonaws.com\/public\/Google_113879456352005535409\/errors\/application\/1596371576447-crash.txt"}}
{"os_name":"Chrome Mobile","device_family":null,"adid":null,"amplitude_attribution_ids":null,"user_id":"praveencapri@gmail.com","event_time":"2020-08-02 12:33:49.792000","client_event_time":"2020-08-02 12:33:49.792000","data":{},"dma":null,"app":277124,"device_model":null,"device_id":"58KBzNxYffNIyGNyF9x01c","$insert_id":"7f356852-48e8-464f-a6a3-bf676b8c44c9","language":"English","os_version":"84","amplitude_id":182009921658,"sample_rate":null,"device_type":null,"group_properties":{},"user_properties":{"Username":"praveencapri@gmail.com"},"amplitude_event_type":null,"library":"amplitude-js\/6.1.0","device_carrier":null,"city":"Hyderabad","$schema":12,"processed_time":"2020-08-02 12:33:54.335776","region":"Telangana","groups":{},"event_type":"saved-video-opened","session_id":1596371600670,"location_lat":null,"client_upload_time":"2020-08-02 12:33:49.797000","server_upload_time":"2020-08-02 12:33:52.846000","device_manufacturer":null,"is_attribution_event":false,"country":"India","idfa":null,"uuid":"6d6f6d92-d4bc-11ea-9486-0a5ec830078e","location_lng":null,"event_id":1,"paying":null,"ip_address":"49.206.49.225","event_properties":{"project-name":"How AI Helps In Precision Agriculture Connected Farm Experience  Better Crop Yield","project-category":"How AI Helps In Precision Agriculture Connected Farm Experience  Better Crop Yield"},"user_creation_time":"2020-08-02 07:07:16.958000","version_name":null,"platform":"Web","start_version":null,"server_received_time":"2020-08-02 12:33:52.826000","device_brand":null}
{"processed_time":"2020-08-02 12:34:34.535009","platform":"Web","device_id":"iD0MDqbelL2GZH0EAxegKa","device_type":null,"client_event_time":"2020-08-02 12:34:30.557000","groups":{},"device_family":null,"amplitude_id":182009921658,"region":"Telangana","location_lat":null,"event_id":1,"country":"India","client_upload_time":"2020-08-02 12:34:30.561000","idfa":null,"event_properties":{"error-info":"https:\/\/brand-settings-images130431-pictory.s3.us-east-2.amazonaws.com\/public\/Google_113879456352005535409\/errors\/application\/1596371668118-crash.txt"},"uuid":"85626954-d4bc-11ea-8dae-0aca1acee2ad","user_creation_time":"2020-08-02 07:07:16.958000","dma":null,"server_upload_time":"2020-08-02 12:34:33.580000","is_attribution_event":false,"os_version":"84","amplitude_attribution_ids":null,"paying":null,"event_time":"2020-08-02 12:34:30.557000","$insert_id":"9b69ccff-3208-4e5d-926b-b4c29e3b45ca","event_type":"app-crash","city":"Hyderabad","amplitude_event_type":null,"data":{},"ip_address":"49.206.49.225","user_id":"praveencapri@gmail.com","language":"English","start_version":null,"version_name":null,"server_received_time":"2020-08-02 12:34:33.576000","os_name":"Chrome Mobile","app":277124,"session_id":1596371667970,"device_model":null,"adid":null,"group_properties":{},"device_carrier":null,"device_manufacturer":null,"user_properties":{"Username":"praveencapri@gmail.com"},"device_brand":null,"sample_rate":null,"$schema":12,"library":"amplitude-js\/6.1.0","location_lng":null}
{"app":277124,"ip_address":"49.206.49.225","os_name":"Chrome Mobile","device_type":null,"amplitude_id":182009921658,"os_version":"84","groups":{},"amplitude_attribution_ids":null,"region":"Telangana","is_attribution_event":false,"paying":null,"user_id":"praveencapri@gmail.com","client_event_time":"2020-08-02 12:35:07.717000","processed_time":"2020-08-02 12:35:12.809255","dma":null,"version_name":null,"device_id":"Lek-YKbaQnAKMA9v1UkfL9","device_brand":null,"amplitude_event_type":null,"group_properties":{},"device_manufacturer":null,"location_lng":null,"server_upload_time":"2020-08-02 12:35:10.785000","uuid":"9c361e82-d4bc-11ea-8318-0aef9ac6690c","event_id":1,"event_type":"saved-video-opened","user_creation_time":"2020-08-02 07:07:16.958000","city":"Hyderabad","language":"English","platform":"Web","start_version":null,"event_time":"2020-08-02 12:35:07.717000","data":{},"library":"amplitude-js\/6.1.0","user_properties":{"Username":"praveencapri@gmail.com"},"country":"India","device_model":null,"device_carrier":null,"session_id":1596371693108,"location_lat":null,"client_upload_time":"2020-08-02 12:35:07.724000","event_properties":{"project-category":"How AI Helps In Precision Agriculture Connected Farm Experience  Better Crop Yield","project-name":"How AI Helps In Precision Agriculture Connected Farm Experience  Better Crop Yield"},"idfa":null,"device_family":null,"sample_rate":null,"adid":null,"$insert_id":"5b93ebd9-e831-411d-809e-f46f717e7f38","server_received_time":"2020-08-02 12:35:10.778000","$schema":12}
{"app":277124,"ip_address":"49.206.49.225","os_name":"Chrome Mobile","device_type":null,"amplitude_id":182009921658,"os_version":"84","groups":{},"amplitude_attribution_ids":null,"region":"Telangana","is_attribution_event":false,"paying":null,"user_id":"praveencapri@gmail.com","client_event_time":"2020-08-02 12:35:19.558000","processed_time":"2020-08-02 12:35:24.197497","dma":null,"version_name":null,"device_id":"Lek-YKbaQnAKMA9v1UkfL9","device_brand":null,"amplitude_event_type":null,"group_properties":{},"device_manufacturer":null,"location_lng":null,"server_upload_time":"2020-08-02 12:35:22.576000","uuid":"a2fe9e56-d4bc-11ea-8318-0aef9ac6690c","event_id":2,"event_type":"preview-clicked","user_creation_time":"2020-08-02 07:07:16.958000","city":"Hyderabad","language":"English","platform":"Web","start_version":null,"event_time":"2020-08-02 12:35:19.558000","data":{},"library":"amplitude-js\/6.1.0","user_properties":{"Username":"praveencapri@gmail.com"},"country":"India","device_model":null,"device_carrier":null,"session_id":1596371693108,"location_lat":null,"client_upload_time":"2020-08-02 12:35:19.564000","event_properties":{"article-link":"https:\/\/www.innominds.com\/blog\/how-ai-helps-in-precision-agriculture-connected-farm-experience-better-crop-yield","project-id":664893570},"idfa":null,"device_family":null,"sample_rate":null,"adid":null,"$insert_id":"bb74cd54-257e-40da-af5d-fcb7f79edee0","server_received_time":"2020-08-02 12:35:22.570000","$schema":12}
{"app":277124,"ip_address":"49.206.49.225","os_name":"Chrome Mobile","device_type":null,"amplitude_id":182009921658,"os_version":"84","groups":{},"amplitude_attribution_ids":null,"region":"Telangana","is_attribution_event":false,"paying":null,"user_id":"praveencapri@gmail.com","client_event_time":"2020-08-02 12:40:27.252000","processed_time":"2020-08-02 12:40:32.474983","dma":null,"version_name":null,"device_id":"Lek-YKbaQnAKMA9v1UkfL9","device_brand":null,"amplitude_event_type":null,"group_properties":{},"device_manufacturer":null,"location_lng":null,"server_upload_time":"2020-08-02 12:40:30.857000","uuid":"5abbcec4-d4bd-11ea-8dc0-0aef9ac6690c","event_id":3,"event_type":"preview-closed","user_creation_time":"2020-08-02 07:07:16.958000","city":"Hyderabad","language":"English","platform":"Web","start_version":null,"event_time":"2020-08-02 12:40:27.252000","data":{},"library":"amplitude-js\/6.1.0","user_properties":{"Username":"praveencapri@gmail.com"},"country":"India","device_model":null,"device_carrier":null,"session_id":1596371693108,"location_lat":null,"client_upload_time":"2020-08-02 12:40:27.267000","event_properties":{"total-time":"2:40","closed-time":"2:40","project-id":664893570},"idfa":null,"device_family":null,"sample_rate":null,"adid":null,"$insert_id":"d5b45550-d88b-4981-8922-24e79b1101a8","server_received_time":"2020-08-02 12:40:30.849000","$schema":12}
{"app":277124,"ip_address":"49.206.49.225","os_name":"Chrome Mobile","device_type":null,"amplitude_id":182009921658,"os_version":"84","groups":{},"amplitude_attribution_ids":null,"region":"Telangana","is_attribution_event":false,"paying":null,"user_id":"praveencapri@gmail.com","client_event_time":"2020-08-02 12:41:07.856000","processed_time":"2020-08-02 12:41:12.952817","dma":null,"version_name":null,"device_id":"Lek-YKbaQnAKMA9v1UkfL9","device_brand":null,"amplitude_event_type":null,"group_properties":{},"device_manufacturer":null,"location_lng":null,"server_upload_time":"2020-08-02 12:41:10.917000","uuid":"72df4094-d4bd-11ea-8dc0-0aef9ac6690c","event_id":4,"event_type":"recent-clicked","user_creation_time":"2020-08-02 07:07:16.958000","city":"Hyderabad","language":"English","platform":"Web","start_version":null,"event_time":"2020-08-02 12:41:07.856000","data":{},"library":"amplitude-js\/6.1.0","user_properties":{"Username":"praveencapri@gmail.com"},"country":"India","device_model":null,"device_carrier":null,"session_id":1596371693108,"location_lat":null,"client_upload_time":"2020-08-02 12:41:07.864000","event_properties":{"source":"Visuals","project-id":664893570},"idfa":null,"device_family":null,"sample_rate":null,"adid":null,"$insert_id":"c84e3116-3754-4426-a56b-473dd3bc38e2","server_received_time":"2020-08-02 12:41:10.910000","$schema":12}
{"app":277124,"ip_address":"49.206.49.225","os_name":"Chrome Mobile","device_type":null,"amplitude_id":182009921658,"os_version":"84","groups":{},"amplitude_attribution_ids":null,"region":"Telangana","is_attribution_event":false,"paying":null,"user_id":"praveencapri@gmail.com","client_event_time":"2020-08-02 12:42:19.029000","processed_time":"2020-08-02 12:42:22.947188","dma":null,"version_name":null,"device_id":"Lek-YKbaQnAKMA9v1UkfL9","device_brand":null,"amplitude_event_type":null,"group_properties":{},"device_manufacturer":null,"location_lng":null,"server_upload_time":"2020-08-02 12:42:22.052000","uuid":"9c939336-d4bd-11ea-8dc0-0aef9ac6690c","event_id":5,"event_type":"asset-searched","user_creation_time":"2020-08-02 07:07:16.958000","city":"Hyderabad","language":"English","platform":"Web","start_version":null,"event_time":"2020-08-02 12:42:19.029000","data":{},"library":"amplitude-js\/6.1.0","user_properties":{"Username":"praveencapri@gmail.com"},"country":"India","device_model":null,"device_carrier":null,"session_id":1596371693108,"location_lat":null,"client_upload_time":"2020-08-02 12:42:19.033000","event_properties":{"search-term":"Agriculture","search-type":"All","project-id":664893570},"idfa":null,"device_family":null,"sample_rate":null,"adid":null,"$insert_id":"4b35f12d-68a1-4bbf-9dcf-6878cfec8828","server_received_time":"2020-08-02 12:42:22.043000","$schema":12}
{"app":277124,"ip_address":"49.206.49.225","os_name":"Chrome Mobile","device_type":null,"amplitude_id":182009921658,"os_version":"84","groups":{},"amplitude_attribution_ids":null,"region":"Telangana","is_attribution_event":false,"paying":null,"user_id":"praveencapri@gmail.com","client_event_time":"2020-08-02 12:42:45.180000","processed_time":"2020-08-02 12:42:50.092882","dma":null,"version_name":null,"device_id":"Lek-YKbaQnAKMA9v1UkfL9","device_brand":null,"amplitude_event_type":null,"group_properties":{},"device_manufacturer":null,"location_lng":null,"server_upload_time":"2020-08-02 12:42:48.241000","uuid":"acc66bf2-d4bd-11ea-8dc0-0aef9ac6690c","event_id":6,"event_type":"asset-searched","user_creation_time":"2020-08-02 07:07:16.958000","city":"Hyderabad","language":"English","platform":"Web","start_version":null,"event_time":"2020-08-02 12:42:45.180000","data":{},"library":"amplitude-js\/6.1.0","user_properties":{"Username":"praveencapri@gmail.com"},"country":"India","device_model":null,"device_carrier":null,"session_id":1596371693108,"location_lat":null,"client_upload_time":"2020-08-02 12:42:45.184000","event_properties":{"search-term":"Agriculture","search-type":"All","project-id":664893570},"idfa":null,"device_family":null,"sample_rate":null,"adid":null,"$insert_id":"21e23325-358c-43c0-aaf0-38a54686691d","server_received_time":"2020-08-02 12:42:48.231000","$schema":12}
{"app":277124,"ip_address":"49.206.49.225","os_name":"Chrome Mobile","device_type":null,"amplitude_id":182009921658,"os_version":"84","groups":{},"amplitude_attribution_ids":null,"region":"Telangana","is_attribution_event":false,"paying":null,"user_id":"praveencapri@gmail.com","client_event_time":"2020-08-02 12:42:54.517000","processed_time":"2020-08-02 12:42:58.588154","dma":null,"version_name":null,"device_id":"Lek-YKbaQnAKMA9v1UkfL9","device_brand":null,"amplitude_event_type":null,"group_properties":{},"device_manufacturer":null,"location_lng":null,"server_upload_time":"2020-08-02 12:42:57.556000","uuid":"b1d70778-d4bd-11ea-8dc0-0aef9ac6690c","event_id":7,"event_type":"image-replaced","user_creation_time":"2020-08-02 07:07:16.958000","city":"Hyderabad","language":"English","platform":"Web","start_version":null,"event_time":"2020-08-02 12:42:54.517000","data":{},"library":"amplitude-js\/6.1.0","user_properties":{"Username":"praveencapri@gmail.com"},"country":"India","device_model":null,"device_carrier":null,"session_id":1596371693108,"location_lat":null,"client_upload_time":"2020-08-02 12:42:54.523000","event_properties":{"old-image":"https:\/\/kta7t51vz9.execute-api.us-east-2.amazonaws.com\/prod\/api\/v1\/libraries\/pixa_bay\/video\/large\/45655.mp4","scene-text":"for the health & growth tracking, and any persisting pest...","new-image":"https:\/\/kta7t51vz9.execute-api.us-east-2.amazonaws.com\/prod\/api\/v1\/libraries\/pixa_bay\/video\/large\/45655.mp4","source":"Visual Library","project-id":664893570},"idfa":null,"device_family":null,"sample_rate":null,"adid":null,"$insert_id":"3afbccf5-a74a-4bd5-89d8-5ab751dd1456","server_received_time":"2020-08-02 12:42:57.546000","$schema":12}
{"app":277124,"ip_address":"49.206.49.225","os_name":"Chrome Mobile","device_type":null,"amplitude_id":182009921658,"os_version":"84","groups":{},"amplitude_attribution_ids":null,"region":"Telangana","is_attribution_event":false,"paying":null,"user_id":"praveencapri@gmail.com","client_event_time":"2020-08-02 12:43:03.233000","processed_time":"2020-08-02 12:43:08.919298","dma":null,"version_name":null,"device_id":"Lek-YKbaQnAKMA9v1UkfL9","device_brand":null,"amplitude_event_type":null,"group_properties":{},"device_manufacturer":null,"location_lng":null,"server_upload_time":"2020-08-02 12:43:06.268000","uuid":"b7fea43a-d4bd-11ea-8dc0-0aef9ac6690c","event_id":8,"event_type":"video-saved","user_creation_time":"2020-08-02 07:07:16.958000","city":"Hyderabad","language":"English","platform":"Web","start_version":null,"event_time":"2020-08-02 12:43:03.233000","data":{},"library":"amplitude-js\/6.1.0","user_properties":{"Username":"praveencapri@gmail.com"},"country":"India","device_model":null,"device_carrier":null,"session_id":1596371693108,"location_lat":null,"client_upload_time":"2020-08-02 12:43:03.237000","event_properties":{"project-category":"How AI Helps In Precision Agriculture Connected Farm Experience  Better Crop Yield","save-type":"Saved Video","project-name":"How AI Helps In Precision Agriculture Connected Farm Experience  Better Crop Yield","project-id":664893570},"idfa":null,"device_family":null,"sample_rate":null,"adid":null,"$insert_id":"aa01ef4c-0dfb-44ee-9028-962da23cf60f","server_received_time":"2020-08-02 12:43:06.258000","$schema":12}
{"app":277124,"ip_address":"49.206.49.225","os_name":"Chrome Mobile","device_type":null,"amplitude_id":182009921658,"os_version":"84","groups":{},"amplitude_attribution_ids":null,"region":"Telangana","is_attribution_event":false,"paying":null,"user_id":"praveencapri@gmail.com","client_event_time":"2020-08-02 12:43:20.714000","processed_time":"2020-08-02 12:43:25.197768","dma":null,"version_name":null,"device_id":"Lek-YKbaQnAKMA9v1UkfL9","device_brand":null,"amplitude_event_type":null,"group_properties":{},"device_manufacturer":null,"location_lng":null,"server_upload_time":"2020-08-02 12:43:23.741000","uuid":"c1b3b510-d4bd-11ea-8dc0-0aef9ac6690c","event_id":9,"event_type":"preview-clicked","user_creation_time":"2020-08-02 07:07:16.958000","city":"Hyderabad","language":"English","platform":"Web","start_version":null,"event_time":"2020-08-02 12:43:20.714000","data":{},"library":"amplitude-js\/6.1.0","user_properties":{"Username":"praveencapri@gmail.com"},"country":"India","device_model":null,"device_carrier":null,"session_id":1596371693108,"location_lat":null,"client_upload_time":"2020-08-02 12:43:20.717000","event_properties":{},"idfa":null,"device_family":null,"sample_rate":null,"adid":null,"$insert_id":"465778a7-378c-4a20-bdf6-5461988a7cdf","server_received_time":"2020-08-02 12:43:23.733000","$schema":12}
{"app":277124,"ip_address":"49.206.49.225","os_name":"Chrome Mobile","device_type":null,"amplitude_id":182009921658,"os_version":"84","groups":{},"amplitude_attribution_ids":null,"region":"Telangana","is_attribution_event":false,"paying":null,"user_id":"praveencapri@gmail.com","client_event_time":"2020-08-02 12:43:33.813000","processed_time":"2020-08-02 12:43:37.775270","dma":null,"version_name":null,"device_id":"Lek-YKbaQnAKMA9v1UkfL9","device_brand":null,"amplitude_event_type":null,"group_properties":{},"device_manufacturer":null,"location_lng":null,"server_upload_time":"2020-08-02 12:43:36.843000","uuid":"c9323ea6-d4bd-11ea-8dc0-0aef9ac6690c","event_id":10,"event_type":"image-replaced","user_creation_time":"2020-08-02 07:07:16.958000","city":"Hyderabad","language":"English","platform":"Web","start_version":null,"event_time":"2020-08-02 12:43:33.813000","data":{},"library":"amplitude-js\/6.1.0","user_properties":{"Username":"praveencapri@gmail.com"},"country":"India","device_model":null,"device_carrier":null,"session_id":1596371693108,"location_lat":null,"client_upload_time":"2020-08-02 12:43:33.818000","event_properties":{"old-image":"https:\/\/kta7t51vz9.execute-api.us-east-2.amazonaws.com\/prod\/api\/v1\/libraries\/pixa_bay\/video\/large\/45655.mp4","scene-text":"for the health & growth tracking, and any persisting pest...","new-image":"https:\/\/kta7t51vz9.execute-api.us-east-2.amazonaws.com\/prod\/api\/v1\/libraries\/pixa_bay\/video\/large\/45655.mp4","source":"Visual Library","project-id":664893570},"idfa":null,"device_family":null,"sample_rate":null,"adid":null,"$insert_id":"e29c2ca4-d759-4831-a82c-be6fc0539c51","server_received_time":"2020-08-02 12:43:36.826000","$schema":12}
{"app":277124,"ip_address":"49.206.49.225","os_name":"Chrome Mobile","device_type":null,"amplitude_id":182009921658,"os_version":"84","groups":{},"amplitude_attribution_ids":null,"region":"Telangana","is_attribution_event":false,"paying":null,"user_id":"praveencapri@gmail.com","client_event_time":"2020-08-02 12:43:43.228000","processed_time":"2020-08-02 12:43:48.948751","dma":null,"version_name":null,"device_id":"Lek-YKbaQnAKMA9v1UkfL9","device_brand":null,"amplitude_event_type":null,"group_properties":{},"device_manufacturer":null,"location_lng":null,"server_upload_time":"2020-08-02 12:43:46.250000","uuid":"cfd7526e-d4bd-11ea-8dc0-0aef9ac6690c","event_id":11,"event_type":"video-saved","user_creation_time":"2020-08-02 07:07:16.958000","city":"Hyderabad","language":"English","platform":"Web","start_version":null,"event_time":"2020-08-02 12:43:43.228000","data":{},"library":"amplitude-js\/6.1.0","user_properties":{"Username":"praveencapri@gmail.com"},"country":"India","device_model":null,"device_carrier":null,"session_id":1596371693108,"location_lat":null,"client_upload_time":"2020-08-02 12:43:43.232000","event_properties":{"project-category":"How AI Helps In Precision Agriculture Connected Farm Experience  Better Crop Yield","save-type":"Saved Video","project-name":"How AI Helps In Precision Agriculture Connected Farm Experience  Better Crop Yield","project-id":664893570},"idfa":null,"device_family":null,"sample_rate":null,"adid":null,"$insert_id":"31dd8008-422e-47e6-a5f0-e346d74cfcfd","server_received_time":"2020-08-02 12:43:46.242000","$schema":12}
{"app":277124,"ip_address":"49.206.49.225","os_name":"Chrome Mobile","device_type":null,"amplitude_id":182009921658,"os_version":"84","groups":{},"amplitude_attribution_ids":null,"region":"Telangana","is_attribution_event":false,"paying":null,"user_id":"praveencapri@gmail.com","client_event_time":"2020-08-02 12:43:55.195000","processed_time":"2020-08-02 12:43:59.605549","dma":null,"version_name":null,"device_id":"Lek-YKbaQnAKMA9v1UkfL9","device_brand":null,"amplitude_event_type":null,"group_properties":{},"device_manufacturer":null,"location_lng":null,"server_upload_time":"2020-08-02 12:43:58.238000","uuid":"d635ede6-d4bd-11ea-8dc0-0aef9ac6690c","event_id":12,"event_type":"image-replaced","user_creation_time":"2020-08-02 07:07:16.958000","city":"Hyderabad","language":"English","platform":"Web","start_version":null,"event_time":"2020-08-02 12:43:55.195000","data":{},"library":"amplitude-js\/6.1.0","user_properties":{"Username":"praveencapri@gmail.com"},"country":"India","device_model":null,"device_carrier":null,"session_id":1596371693108,"location_lat":null,"client_upload_time":"2020-08-02 12:43:55.198000","event_properties":{"old-image":"https:\/\/kta7t51vz9.execute-api.us-east-2.amazonaws.com\/prod\/api\/v1\/libraries\/pixa_bay\/video\/large\/45655.mp4","scene-text":"something which was not possible with traditional agriculture methods.","new-image":"https:\/\/kta7t51vz9.execute-api.us-east-2.amazonaws.com\/prod\/api\/v1\/libraries\/pixa_bay\/video\/large\/45655.mp4","source":"Visual Library","project-id":664893570},"idfa":null,"device_family":null,"sample_rate":null,"adid":null,"$insert_id":"eaf37800-7a74-41d1-ac17-4306c86e5fb7","server_received_time":"2020-08-02 12:43:58.227000","$schema":12}
{"app":277124,"ip_address":"49.206.49.225","os_name":"Chrome Mobile","device_type":null,"amplitude_id":182009921658,"os_version":"84","groups":{},"amplitude_attribution_ids":null,"region":"Telangana","is_attribution_event":false,"paying":null,"user_id":"praveencapri@gmail.com","client_event_time":"2020-08-02 12:44:05.679000","processed_time":"2020-08-02 12:44:10.463166","dma":null,"version_name":null,"device_id":"Lek-YKbaQnAKMA9v1UkfL9","device_brand":null,"amplitude_event_type":null,"group_properties":{},"device_manufacturer":null,"location_lng":null,"server_upload_time":"2020-08-02 12:44:08.693000","uuid":"dcaecf9e-d4bd-11ea-8dc0-0aef9ac6690c","event_id":13,"event_type":"video-saved","user_creation_time":"2020-08-02 07:07:16.958000","city":"Hyderabad","language":"English","platform":"Web","start_version":null,"event_time":"2020-08-02 12:44:05.679000","data":{},"library":"amplitude-js\/6.1.0","user_properties":{"Username":"praveencapri@gmail.com"},"country":"India","device_model":null,"device_carrier":null,"session_id":1596371693108,"location_lat":null,"client_upload_time":"2020-08-02 12:44:05.682000","event_properties":{"project-category":"How AI Helps In Precision Agriculture Connected Farm Experience  Better Crop Yield","save-type":"Saved Video","project-name":"How AI Helps In Precision Agriculture Connected Farm Experience  Better Crop Yield","project-id":664893570},"idfa":null,"device_family":null,"sample_rate":null,"adid":null,"$insert_id":"7bb8d8f6-db7a-4ba4-8c6e-1fc4fe1f7fef","server_received_time":"2020-08-02 12:44:08.684000","$schema":12}
{"app":277124,"ip_address":"49.206.49.225","os_name":"Chrome Mobile","device_type":null,"amplitude_id":182009921658,"os_version":"84","groups":{},"amplitude_attribution_ids":null,"region":"Telangana","is_attribution_event":false,"paying":null,"user_id":"praveencapri@gmail.com","client_event_time":"2020-08-02 12:45:04.566000","processed_time":"2020-08-02 12:45:08.868942","dma":null,"version_name":null,"device_id":"Lek-YKbaQnAKMA9v1UkfL9","device_brand":null,"amplitude_event_type":null,"group_properties":{},"device_manufacturer":null,"location_lng":null,"server_upload_time":"2020-08-02 12:45:07.591000","uuid":"ff7c11d0-d4bd-11ea-8dc0-0aef9ac6690c","event_id":14,"event_type":"saved-video-opened","user_creation_time":"2020-08-02 07:07:16.958000","city":"Hyderabad","language":"English","platform":"Web","start_version":null,"event_time":"2020-08-02 12:45:04.566000","data":{},"library":"amplitude-js\/6.1.0","user_properties":{"Username":"praveencapri@gmail.com"},"country":"India","device_model":null,"device_carrier":null,"session_id":1596371693108,"location_lat":null,"client_upload_time":"2020-08-02 12:45:04.575000","event_properties":{"project-category":"How AI Helps In Precision Agriculture Connected Farm Experience  Better Crop Yield","project-name":"How AI Helps In Precision Agriculture Connected Farm Experience  Better Crop Yield"},"idfa":null,"device_family":null,"sample_rate":null,"adid":null,"$insert_id":"c93a4caf-53c0-4ee7-a0d4-e00661135cf2","server_received_time":"2020-08-02 12:45:07.581000","$schema":12}
{"app":277124,"ip_address":"49.206.49.225","os_name":"Chrome Mobile","device_type":null,"amplitude_id":182009921658,"os_version":"84","groups":{},"amplitude_attribution_ids":null,"region":"Telangana","is_attribution_event":false,"paying":null,"user_id":"praveencapri@gmail.com","client_event_time":"2020-08-02 12:46:02.572000","processed_time":"2020-08-02 12:46:07.780481","dma":null,"version_name":null,"device_id":"Lek-YKbaQnAKMA9v1UkfL9","device_brand":null,"amplitude_event_type":null,"group_properties":{},"device_manufacturer":null,"location_lng":null,"server_upload_time":"2020-08-02 12:46:05.619000","uuid":"22991096-d4be-11ea-8dc0-0aef9ac6690c","event_id":15,"event_type":"preview-clicked","user_creation_time":"2020-08-02 07:07:16.958000","city":"Hyderabad","language":"English","platform":"Web","start_version":null,"event_time":"2020-08-02 12:46:02.572000","data":{},"library":"amplitude-js\/6.1.0","user_properties":{"Username":"praveencapri@gmail.com"},"country":"India","device_model":null,"device_carrier":null,"session_id":1596371693108,"location_lat":null,"client_upload_time":"2020-08-02 12:46:02.581000","event_properties":{"article-link":"https:\/\/www.innominds.com\/blog\/how-ai-helps-in-precision-agriculture-connected-farm-experience-better-crop-yield","project-id":664893570},"idfa":null,"device_family":null,"sample_rate":null,"adid":null,"$insert_id":"e6a82ff6-cd20-407e-87b6-2ad8699fdac1","server_received_time":"2020-08-02 12:46:05.607000","$schema":12}
{"user_properties":{"Username":"praveencapri@gmail.com"},"$schema":12,"dma":null,"library":"amplitude-js\/6.1.0","session_id":1596366515824,"device_brand":null,"client_event_time":"2020-08-02 12:50:42.699000","user_creation_time":"2020-08-02 07:07:16.958000","amplitude_event_type":null,"group_properties":{},"amplitude_id":182009921658,"platform":"Web","version_name":null,"user_id":"praveencapri@gmail.com","event_properties":{"source":"Visual Library","new-image":"https:\/\/kta7t51vz9.execute-api.us-east-2.amazonaws.com\/prod\/api\/v1\/libraries\/pixa_bay\/video\/large\/45655.mp4","old-image":"https:\/\/kta7t51vz9.execute-api.us-east-2.amazonaws.com\/prod\/api\/v1\/libraries\/pixa_bay\/video\/large\/45655.mp4","scene-text":"something which was not possible with traditional agriculture methods.","project-id":664893570},"location_lng":null,"groups":{},"location_lat":null,"country":"India","city":"Hyderabad","event_type":"image-replaced","event_id":96,"adid":null,"server_received_time":"2020-08-02 12:50:43.422000","device_id":"5--sw0O1-ccfnO_Ib5dnhZ","paying":null,"event_time":"2020-08-02 12:50:42.699000","os_version":"84","server_upload_time":"2020-08-02 12:50:43.430000","amplitude_attribution_ids":null,"$insert_id":"fbbf32a6-fa47-43ec-8590-22705d44fce3","app":277124,"device_model":null,"device_manufacturer":null,"data":{},"idfa":null,"is_attribution_event":false,"device_family":null,"ip_address":"49.206.49.225","start_version":null,"region":"Telangana","client_upload_time":"2020-08-02 12:50:42.706000","language":"English","os_name":"Chrome","processed_time":"2020-08-02 12:50:45.584728","device_carrier":null,"device_type":null,"uuid":"c826934e-d4be-11ea-9910-06fc158e4c21","sample_rate":null}
{"user_properties":{"Username":"praveencapri@gmail.com"},"$schema":12,"dma":null,"library":"amplitude-js\/6.1.0","session_id":1596366515824,"device_brand":null,"client_event_time":"2020-08-02 12:50:49.235000","user_creation_time":"2020-08-02 07:07:16.958000","amplitude_event_type":null,"group_properties":{},"amplitude_id":182009921658,"platform":"Web","version_name":null,"user_id":"praveencapri@gmail.com","event_properties":{"save-type":"Saved Video","project-id":664893570,"project-name":"How AI Helps In Precision Agriculture Connected Farm Experience  Better Crop Yield","project-category":"How AI Helps In Precision Agriculture Connected Farm Experience  Better Crop Yield"},"location_lng":null,"groups":{},"location_lat":null,"country":"India","city":"Hyderabad","event_type":"video-saved","event_id":97,"adid":null,"server_received_time":"2020-08-02 12:50:49.611000","device_id":"5--sw0O1-ccfnO_Ib5dnhZ","paying":null,"event_time":"2020-08-02 12:50:49.235000","os_version":"84","server_upload_time":"2020-08-02 12:50:49.623000","amplitude_attribution_ids":null,"$insert_id":"15f92480-d458-442f-85ec-6325d145c839","app":277124,"device_model":null,"device_manufacturer":null,"data":{},"idfa":null,"is_attribution_event":false,"device_family":null,"ip_address":"49.206.49.225","start_version":null,"region":"Telangana","client_upload_time":"2020-08-02 12:50:49.236000","language":"English","os_name":"Chrome","processed_time":"2020-08-02 12:50:51.624055","device_carrier":null,"device_type":null,"uuid":"cbc780a8-d4be-11ea-9910-06fc158e4c21","sample_rate":null}
{"app":277124,"ip_address":"49.206.49.225","os_name":"Chrome Mobile","device_type":null,"amplitude_id":182009921658,"os_version":"84","groups":{},"amplitude_attribution_ids":null,"region":"Telangana","is_attribution_event":false,"paying":null,"user_id":"praveencapri@gmail.com","client_event_time":"2020-08-02 12:51:03.009000","processed_time":"2020-08-02 12:51:08.407960","dma":null,"version_name":null,"device_id":"Lek-YKbaQnAKMA9v1UkfL9","device_brand":null,"amplitude_event_type":null,"group_properties":{},"device_manufacturer":null,"location_lng":null,"server_upload_time":"2020-08-02 12:51:06.751000","uuid":"d5c8e0f6-d4be-11ea-8dc0-0aef9ac6690c","event_id":16,"event_type":"preview-closed","user_creation_time":"2020-08-02 07:07:16.958000","city":"Hyderabad","language":"English","platform":"Web","start_version":null,"event_time":"2020-08-02 12:51:03.009000","data":{},"library":"amplitude-js\/6.1.0","user_properties":{"Username":"praveencapri@gmail.com"},"country":"India","device_model":null,"device_carrier":null,"session_id":1596371693108,"location_lat":null,"client_upload_time":"2020-08-02 12:51:03.021000","event_properties":{"total-time":"2:40","closed-time":"2:40","project-id":664893570},"idfa":null,"device_family":null,"sample_rate":null,"adid":null,"$insert_id":"4e4fd77b-2455-468b-8dee-36845d05e0e8","server_received_time":"2020-08-02 12:51:06.743000","$schema":12}
{"app":277124,"ip_address":"49.206.49.225","os_name":"Chrome Mobile","device_type":null,"amplitude_id":182009921658,"os_version":"84","groups":{},"amplitude_attribution_ids":null,"region":"Telangana","is_attribution_event":false,"paying":null,"user_id":"praveencapri@gmail.com","client_event_time":"2020-08-02 12:51:06.615000","processed_time":"2020-08-02 12:51:11.062744","dma":null,"version_name":null,"device_id":"Lek-YKbaQnAKMA9v1UkfL9","device_brand":null,"amplitude_event_type":null,"group_properties":{},"device_manufacturer":null,"location_lng":null,"server_upload_time":"2020-08-02 12:51:09.644000","uuid":"d760413e-d4be-11ea-8dc0-0aef9ac6690c","event_id":17,"event_type":"generate-clicked","user_creation_time":"2020-08-02 07:07:16.958000","city":"Hyderabad","language":"English","platform":"Web","start_version":null,"event_time":"2020-08-02 12:51:06.615000","data":{},"library":"amplitude-js\/6.1.0","user_properties":{"Username":"praveencapri@gmail.com"},"country":"India","device_model":null,"device_carrier":null,"session_id":1596371693108,"location_lat":null,"client_upload_time":"2020-08-02 12:51:06.622000","event_properties":{"total-video-time-in-seconds":157,"total-scenes":20,"total-videos":19,"project-id":664893570,"total-scenes-with-original-image":20,"total-sub-scenes":11,"total-video-time-in-minutes":"2.62","total-images":1,"track-name":"Fly With My Dreams","total-time-to-generate-in-seconds":351,"total-time-to-generate-in-minutes":"5.85"},"idfa":null,"device_family":null,"sample_rate":null,"adid":null,"$insert_id":"ad056beb-8af5-442f-bcd3-28368fc10a19","server_received_time":"2020-08-02 12:51:09.638000","$schema":12}
{"user_properties":{"Username":"praveencapri@gmail.com"},"$schema":12,"dma":null,"library":"amplitude-js\/6.1.0","session_id":1596366515824,"device_brand":null,"client_event_time":"2020-08-02 12:52:07.506000","user_creation_time":"2020-08-02 07:07:16.958000","amplitude_event_type":null,"group_properties":{},"amplitude_id":182009921658,"platform":"Web","version_name":null,"user_id":"praveencapri@gmail.com","event_properties":{"project-id":664893570,"article-link":"https:\/\/www.innominds.com\/blog\/how-ai-helps-in-precision-agriculture-connected-farm-experience-better-crop-yield"},"location_lng":null,"groups":{},"location_lat":null,"country":"India","city":"Hyderabad","event_type":"preview-clicked","event_id":98,"adid":null,"server_received_time":"2020-08-02 12:52:07.966000","device_id":"5--sw0O1-ccfnO_Ib5dnhZ","paying":null,"event_time":"2020-08-02 12:52:07.506000","os_version":"84","server_upload_time":"2020-08-02 12:52:07.976000","amplitude_attribution_ids":null,"$insert_id":"09385898-2289-45e2-827e-8c4fe5802905","app":277124,"device_model":null,"device_manufacturer":null,"data":{},"idfa":null,"is_attribution_event":false,"device_family":null,"ip_address":"49.206.49.225","start_version":null,"region":"Telangana","client_upload_time":"2020-08-02 12:52:07.509000","language":"English","os_name":"Chrome","processed_time":"2020-08-02 12:52:10.405133","device_carrier":null,"device_type":null,"uuid":"fabc0910-d4be-11ea-9910-06fc158e4c21","sample_rate":null}
{"user_properties":{"Username":"praveencapri@gmail.com"},"$schema":12,"dma":null,"library":"amplitude-js\/6.1.0","session_id":1596366515824,"device_brand":null,"client_event_time":"2020-08-02 12:52:26.365000","user_creation_time":"2020-08-02 07:07:16.958000","amplitude_event_type":null,"group_properties":{},"amplitude_id":182009921658,"platform":"Web","version_name":null,"user_id":"praveencapri@gmail.com","event_properties":{"project-id":664893570,"total-time":"2:40","paused-time":"0:18"},"location_lng":null,"groups":{},"location_lat":null,"country":"India","city":"Hyderabad","event_type":"preview-paused","event_id":99,"adid":null,"server_received_time":"2020-08-02 12:52:26.751000","device_id":"5--sw0O1-ccfnO_Ib5dnhZ","paying":null,"event_time":"2020-08-02 12:52:26.365000","os_version":"84","server_upload_time":"2020-08-02 12:52:26.759000","amplitude_attribution_ids":null,"$insert_id":"2eba7702-e04f-4454-af15-1e289edd7b8d","app":277124,"device_model":null,"device_manufacturer":null,"data":{},"idfa":null,"is_attribution_event":false,"device_family":null,"ip_address":"49.206.49.225","start_version":null,"region":"Telangana","client_upload_time":"2020-08-02 12:52:26.372000","language":"English","os_name":"Chrome","processed_time":"2020-08-02 12:52:27.820753","device_carrier":null,"device_type":null,"uuid":"05202fee-d4bf-11ea-9910-06fc158e4c21","sample_rate":null}
{"user_properties":{"Username":"praveencapri@gmail.com"},"$schema":12,"dma":null,"library":"amplitude-js\/6.1.0","session_id":1596366515824,"device_brand":null,"client_event_time":"2020-08-02 12:54:54.190000","user_creation_time":"2020-08-02 07:07:16.958000","amplitude_event_type":null,"group_properties":{},"amplitude_id":182009921658,"platform":"Web","version_name":null,"user_id":"praveencapri@gmail.com","event_properties":{"project-id":664893570,"total-video-time-in-seconds":163,"total-time-to-generate-in-seconds":2627,"total-videos":19,"total-images":1,"total-video-time-in-minutes":"2.72","total-scenes-with-original-image":17,"total-sub-scenes":11,"total-scenes":20,"total-time-to-generate-in-minutes":"43.78","track-name":"Fly With My Dreams"},"location_lng":null,"groups":{},"location_lat":null,"country":"India","city":"Hyderabad","event_type":"generate-clicked","event_id":100,"adid":null,"server_received_time":"2020-08-02 12:54:55.294000","device_id":"5--sw0O1-ccfnO_Ib5dnhZ","paying":null,"event_time":"2020-08-02 12:54:54.190000","os_version":"84","server_upload_time":"2020-08-02 12:54:55.299000","amplitude_attribution_ids":null,"$insert_id":"f6be8e6d-9f03-4b84-97d6-84d6029257e4","app":277124,"device_model":null,"device_manufacturer":null,"data":{},"idfa":null,"is_attribution_event":false,"device_family":null,"ip_address":"49.206.49.225","start_version":null,"region":"Telangana","client_upload_time":"2020-08-02 12:54:54.193000","language":"English","os_name":"Chrome","processed_time":"2020-08-02 12:54:57.554501","device_carrier":null,"device_type":null,"uuid":"5e5937f4-d4bf-11ea-9910-06fc158e4c21","sample_rate":null}
