{"group_properties":{},"device_brand":null,"user_creation_time":"2020-05-17 16:12:56.601000","city":"Hyderabad","device_carrier":null,"$insert_id":"1c6dfa73-a187-417b-bc08-c461a6cc0024","is_attribution_event":false,"start_version":null,"os_name":"Chrome","os_version":"80","device_model":null,"country":"India","user_id":"shailendra@pictory.ai","server_upload_time":"2020-08-17 04:02:25.741000","region":"Telangana","language":"English","user_properties":{"Username":"shailendra@pictory.ai"},"uuid":"76a3e752-e03e-11ea-ac00-0aeaad52c3bd","client_event_time":"2020-08-17 04:02:25.581000","server_received_time":"2020-08-17 04:02:25.716000","data":{},"library":"amplitude-js\/6.1.0","event_type":"track-deselected","device_id":"3ECOo46E85TLdTCg7ERZAd","device_type":null,"amplitude_attribution_ids":null,"device_family":null,"ip_address":"183.83.37.189","event_time":"2020-08-17 04:02:25.581000","app":277124,"event_id":1,"location_lat":null,"processed_time":"2020-08-17 04:02:27.144413","sample_rate":null,"amplitude_id":157876700889,"session_id":1597636924870,"idfa":null,"adid":null,"version_name":null,"paying":null,"location_lng":null,"groups":{},"client_upload_time":"2020-08-17 04:02:25.582000","platform":"Web","$schema":12,"amplitude_event_type":null,"dma":null,"device_manufacturer":null,"event_properties":{"project-id":286026964,"track-name":"All We Know"}}
{"group_properties":{},"device_brand":null,"user_creation_time":"2020-05-17 16:12:56.601000","city":"Hyderabad","device_carrier":null,"$insert_id":"2dd66554-8d4d-4713-8fa4-a8129f553b49","is_attribution_event":false,"start_version":null,"os_name":"Chrome","os_version":"80","device_model":null,"country":"India","user_id":"shailendra@pictory.ai","server_upload_time":"2020-08-17 04:02:29.429000","region":"Telangana","language":"English","user_properties":{"Username":"shailendra@pictory.ai"},"uuid":"7883fee0-e03e-11ea-ac00-0aeaad52c3bd","client_event_time":"2020-08-17 04:02:29.288000","server_received_time":"2020-08-17 04:02:29.419000","data":{},"library":"amplitude-js\/6.1.0","event_type":"track-selected","device_id":"3ECOo46E85TLdTCg7ERZAd","device_type":null,"amplitude_attribution_ids":null,"device_family":null,"ip_address":"183.83.37.189","event_time":"2020-08-17 04:02:29.288000","app":277124,"event_id":2,"location_lat":null,"processed_time":"2020-08-17 04:02:30.287823","sample_rate":null,"amplitude_id":157876700889,"session_id":1597636924870,"idfa":null,"adid":null,"version_name":null,"paying":null,"location_lng":null,"groups":{},"client_upload_time":"2020-08-17 04:02:29.289000","platform":"Web","$schema":12,"amplitude_event_type":null,"dma":null,"device_manufacturer":null,"event_properties":{"project-id":286026964,"track-name":"All We Know"}}
{"group_properties":{},"device_brand":null,"user_creation_time":"2020-05-17 16:12:56.601000","city":"Hyderabad","device_carrier":null,"$insert_id":"7f189e2e-adb3-4266-943e-75424bbe0588","is_attribution_event":false,"start_version":null,"os_name":"Chrome","os_version":"80","device_model":null,"country":"India","user_id":"shailendra@pictory.ai","server_upload_time":"2020-08-17 04:02:30.833000","region":"Telangana","language":"English","user_properties":{"Username":"shailendra@pictory.ai"},"uuid":"79729faa-e03e-11ea-ac00-0aeaad52c3bd","client_event_time":"2020-08-17 04:02:30.690000","server_received_time":"2020-08-17 04:02:30.824000","data":{},"library":"amplitude-js\/6.1.0","event_type":"video-saved","device_id":"3ECOo46E85TLdTCg7ERZAd","device_type":null,"amplitude_attribution_ids":null,"device_family":null,"ip_address":"183.83.37.189","event_time":"2020-08-17 04:02:30.690000","app":277124,"event_id":3,"location_lat":null,"processed_time":"2020-08-17 04:02:31.851290","sample_rate":null,"amplitude_id":157876700889,"session_id":1597636924870,"idfa":null,"adid":null,"version_name":null,"paying":null,"location_lng":null,"groups":{},"client_upload_time":"2020-08-17 04:02:30.691000","platform":"Web","$schema":12,"amplitude_event_type":null,"dma":null,"device_manufacturer":null,"event_properties":{"save-type":"New Video","project-name":"CoreStack is now GDP","project-id":286026964,"project-category":"CoreStack is now GDP"}}
{"group_properties":{},"device_brand":null,"user_creation_time":"2020-05-17 16:12:56.601000","city":"Hyderabad","device_carrier":null,"$insert_id":"63346185-e1bc-44c1-be18-969672024aa1","is_attribution_event":false,"start_version":null,"os_name":"Chrome","os_version":"80","device_model":null,"country":"India","user_id":"shailendra@pictory.ai","server_upload_time":"2020-08-17 04:02:32.194000","region":"Telangana","language":"English","user_properties":{"Username":"shailendra@pictory.ai"},"uuid":"7ac3b312-e03e-11ea-ac00-0aeaad52c3bd","client_event_time":"2020-08-17 04:02:31.580000","server_received_time":"2020-08-17 04:02:32.185000","data":{},"library":"amplitude-js\/6.1.0","event_type":"video-saved","device_id":"3ECOo46E85TLdTCg7ERZAd","device_type":null,"amplitude_attribution_ids":null,"device_family":null,"ip_address":"183.83.37.189","event_time":"2020-08-17 04:02:31.580000","app":277124,"event_id":4,"location_lat":null,"processed_time":"2020-08-17 04:02:34.062190","sample_rate":null,"amplitude_id":157876700889,"session_id":1597636924870,"idfa":null,"adid":null,"version_name":null,"paying":null,"location_lng":null,"groups":{},"client_upload_time":"2020-08-17 04:02:32.045000","platform":"Web","$schema":12,"amplitude_event_type":null,"dma":null,"device_manufacturer":null,"event_properties":{"save-type":"Saved Video","project-name":"CoreStack is now GDP","project-id":286026964,"project-category":"CoreStack is now GDP"}}
