{"event_type":"preview-closed","library":"amplitude-js\/6.1.0","uuid":"a8862bc6-d955-11ea-98a7-0202fcb5f3e8","user_creation_time":"2020-05-16 05:42:39.430000","sample_rate":null,"server_received_time":"2020-08-08 09:00:49.281000","start_version":null,"$schema":12,"$insert_id":"34811ba9-8c8d-407b-a7cf-7eb487edf3e6","idfa":null,"device_family":null,"os_name":"Chrome","group_properties":{},"device_brand":null,"device_manufacturer":null,"region":"Telangana","version_name":null,"dma":null,"country":"India","event_properties":{"project-id":489563668,"total-time":"0:52","closed-time":"0:02"},"amplitude_attribution_ids":null,"os_version":"84","server_upload_time":"2020-08-08 09:00:49.290000","location_lat":null,"amplitude_id":158692843342,"session_id":1596795815366,"data":{},"client_upload_time":"2020-08-08 09:00:49.234000","adid":null,"paying":null,"user_id":"abid@pictory.ai","client_event_time":"2020-08-07 10:23:35.366000","event_time":"2020-08-07 10:23:35.366000","is_attribution_event":false,"groups":{},"user_properties":{"Username":"abid@pictory.ai"},"ip_address":"49.204.190.195","amplitude_event_type":null,"app":277124,"platform":"Web","language":"English","device_carrier":null,"event_id":226,"device_id":"SU6p4CJdm3s_oS-hHOcwBp","device_model":null,"city":"Hyderabad","location_lng":null,"processed_time":"2020-08-08 09:00:51.181108","device_type":null}
