{"amplitude_id":182137288341,"user_id":"pudindedingo@gmail.com","amplitude_attribution_ids":null,"adid":null,"idfa":null,"event_id":1,"event_properties":{"provider":"Google"},"paying":null,"event_time":"2020-08-02 21:34:15.483000","location_lng":null,"country":"Mexico","device_manufacturer":null,"start_version":null,"user_properties":{"Username":"pudindedingo@gmail.com"},"version_name":null,"language":"English","$insert_id":"0fe8369c-9fd2-41ed-8cb5-a27532805482","app":277124,"client_event_time":"2020-08-02 21:34:15.483000","group_properties":{},"$schema":12,"data":{"first_event":true},"groups":{},"processed_time":"2020-08-02 21:34:17.583372","server_received_time":"2020-08-02 21:34:17.240000","server_upload_time":"2020-08-02 21:34:17.245000","dma":null,"platform":"Web","device_id":"SuXOIndWQodcslBJy_18kZ","device_model":null,"user_creation_time":"2020-08-02 21:34:15.483000","os_name":"Chrome","device_carrier":null,"os_version":"84","ip_address":"187.190.183.159","uuid":"eb1fe992-d507-11ea-86ca-06492fd7e47a","client_upload_time":"2020-08-02 21:34:15.484000","sample_rate":null,"event_type":"user-signup","session_id":1596404036297,"library":"amplitude-js\/6.1.0","amplitude_event_type":null,"device_family":null,"device_brand":null,"is_attribution_event":false,"region":"Chihuahua","city":"Ciudad Ju\u00e1rez","device_type":null,"location_lat":null}
{"amplitude_id":182137288341,"user_id":"pudindedingo@gmail.com","amplitude_attribution_ids":null,"adid":null,"idfa":null,"event_id":2,"event_properties":{},"paying":null,"event_time":"2020-08-02 21:34:15.485000","location_lng":null,"country":"Mexico","device_manufacturer":null,"start_version":null,"user_properties":{"Username":"pudindedingo@gmail.com"},"version_name":null,"language":"English","$insert_id":"cbc6da04-54d9-4fc5-b8a3-c71714727aac","app":277124,"client_event_time":"2020-08-02 21:34:15.485000","group_properties":{},"$schema":12,"data":{},"groups":{},"processed_time":"2020-08-02 21:34:19.431083","server_received_time":"2020-08-02 21:34:17.300000","server_upload_time":"2020-08-02 21:34:17.309000","dma":null,"platform":"Web","device_id":"SuXOIndWQodcslBJy_18kZ","device_model":null,"user_creation_time":"2020-08-02 21:34:15.483000","os_name":"Chrome","device_carrier":null,"os_version":"84","ip_address":"187.190.183.159","uuid":"ec4904c0-d507-11ea-86ca-06492fd7e47a","client_upload_time":"2020-08-02 21:34:15.546000","sample_rate":null,"event_type":"trial-activated","session_id":1596404036297,"library":"amplitude-js\/6.1.0","amplitude_event_type":null,"device_family":null,"device_brand":null,"is_attribution_event":false,"region":"Chihuahua","city":"Ciudad Ju\u00e1rez","device_type":null,"location_lat":null}
{"amplitude_id":182137288341,"user_id":"pudindedingo@gmail.com","amplitude_attribution_ids":null,"adid":null,"idfa":null,"event_id":3,"event_properties":{"script":"<p>Me llamo Fernando Javier Garcia Ruiz, me gusta que me digan Fernando, estoy en 5to semestre de la carrera Ense\u00f1anza del ingles, elegi esta carrera porque no me gusta la manera en la que ense\u00f1an los profesores en la actualidad en los niveles primaria, secundaria y preparatoria, 3 cualidades positivas que tengo son: Soy emprendedor, soy muy creativo y muy optimista, 3 cualidades negativas que tengo son: Me distraigo facilmente, soy muy serio y casi no participo mucho y una expectativa de aprendizaje seria diferentes recursos didacticos.<\/p>"},"paying":null,"event_time":"2020-08-02 21:39:20.087000","location_lng":null,"country":"Mexico","device_manufacturer":null,"start_version":null,"user_properties":{"Username":"pudindedingo@gmail.com"},"version_name":null,"language":"English","$insert_id":"dbe090e7-75fa-4a0e-bc76-46601f253313","app":277124,"client_event_time":"2020-08-02 21:39:20.087000","group_properties":{},"$schema":12,"data":{},"groups":{},"processed_time":"2020-08-02 21:39:22.857526","server_received_time":"2020-08-02 21:39:21.956000","server_upload_time":"2020-08-02 21:39:21.965000","dma":null,"platform":"Web","device_id":"SuXOIndWQodcslBJy_18kZ","device_model":null,"user_creation_time":"2020-08-02 21:34:15.483000","os_name":"Chrome","device_carrier":null,"os_version":"84","ip_address":"187.190.183.159","uuid":"a1263d22-d508-11ea-86ca-06492fd7e47a","client_upload_time":"2020-08-02 21:39:20.088000","sample_rate":null,"event_type":"start-with-script","session_id":1596404036297,"library":"amplitude-js\/6.1.0","amplitude_event_type":null,"device_family":null,"device_brand":null,"is_attribution_event":false,"region":"Chihuahua","city":"Ciudad Ju\u00e1rez","device_type":null,"location_lat":null}
{"amplitude_id":182137288341,"user_id":"pudindedingo@gmail.com","amplitude_attribution_ids":null,"adid":null,"idfa":null,"event_id":4,"event_properties":{"project-name":"Me llamo Fernando Ja","save-type":"New Video","project-category":"Me llamo Fernando Javier Garcia Ruiz me gusta que me digan Fernando estoy en 5to semestre de la carrera Enseanza del ingles elegi esta carrera porque no me gusta la manera en la que ensean los profesores en la actualidad en los niveles primaria secundaria y preparatoria 3 cualidades positivas que tengo son Soy emprendedor soy muy creativo y muy optimista 3 cualidades negativas que tengo son Me distraigo facilmente soy muy serio y casi no participo mucho y una expectativa de aprendizaje seria diferentes recursos didacticos","project-id":395071063},"paying":null,"event_time":"2020-08-02 21:39:26.054000","location_lng":null,"country":"Mexico","device_manufacturer":null,"start_version":null,"user_properties":{"Username":"pudindedingo@gmail.com"},"version_name":null,"language":"English","$insert_id":"23501d56-38d1-4874-acc7-38f1907c07bb","app":277124,"client_event_time":"2020-08-02 21:39:26.054000","group_properties":{},"$schema":12,"data":{},"groups":{},"processed_time":"2020-08-02 21:39:28.903522","server_received_time":"2020-08-02 21:39:27.814000","server_upload_time":"2020-08-02 21:39:27.825000","dma":null,"platform":"Web","device_id":"SuXOIndWQodcslBJy_18kZ","device_model":null,"user_creation_time":"2020-08-02 21:34:15.483000","os_name":"Chrome","device_carrier":null,"os_version":"84","ip_address":"187.190.183.159","uuid":"a4c0e4fa-d508-11ea-86ca-06492fd7e47a","client_upload_time":"2020-08-02 21:39:26.054000","sample_rate":null,"event_type":"video-saved","session_id":1596404036297,"library":"amplitude-js\/6.1.0","amplitude_event_type":null,"device_family":null,"device_brand":null,"is_attribution_event":false,"region":"Chihuahua","city":"Ciudad Ju\u00e1rez","device_type":null,"location_lat":null}
{"amplitude_id":182137288341,"user_id":"pudindedingo@gmail.com","amplitude_attribution_ids":null,"adid":null,"idfa":null,"event_id":5,"event_properties":{"project-id":395071063,"track-name":"Carefree Journey"},"paying":null,"event_time":"2020-08-02 21:39:28.424000","location_lng":null,"country":"Mexico","device_manufacturer":null,"start_version":null,"user_properties":{"Username":"pudindedingo@gmail.com"},"version_name":null,"language":"English","$insert_id":"d1df6619-0c46-455b-87c0-b0f4373ce2aa","app":277124,"client_event_time":"2020-08-02 21:39:28.424000","group_properties":{},"$schema":12,"data":{},"groups":{},"processed_time":"2020-08-02 21:39:30.999329","server_received_time":"2020-08-02 21:39:30.183000","server_upload_time":"2020-08-02 21:39:30.195000","dma":null,"platform":"Web","device_id":"SuXOIndWQodcslBJy_18kZ","device_model":null,"user_creation_time":"2020-08-02 21:34:15.483000","os_name":"Chrome","device_carrier":null,"os_version":"84","ip_address":"187.190.183.159","uuid":"a6021730-d508-11ea-86ca-06492fd7e47a","client_upload_time":"2020-08-02 21:39:28.425000","sample_rate":null,"event_type":"track-selected","session_id":1596404036297,"library":"amplitude-js\/6.1.0","amplitude_event_type":null,"device_family":null,"device_brand":null,"is_attribution_event":false,"region":"Chihuahua","city":"Ciudad Ju\u00e1rez","device_type":null,"location_lat":null}
{"amplitude_id":182137288341,"user_id":"pudindedingo@gmail.com","amplitude_attribution_ids":null,"adid":null,"idfa":null,"event_id":6,"event_properties":{"project-name":"Me llamo Fernando Ja","save-type":"Saved Video","project-category":"Me llamo Fernando Javier Garcia Ruiz me gusta que me digan Fernando estoy en 5to semestre de la carrera Enseanza del ingles elegi esta carrera porque no me gusta la manera en la que ensean los profesores en la actualidad en los niveles primaria secundaria y preparatoria 3 cualidades positivas que tengo son Soy emprendedor soy muy creativo y muy optimista 3 cualidades negativas que tengo son Me distraigo facilmente soy muy serio y casi no participo mucho y una expectativa de aprendizaje seria diferentes recursos didacticos","project-id":395071063},"paying":null,"event_time":"2020-08-02 21:39:28.676000","location_lng":null,"country":"Mexico","device_manufacturer":null,"start_version":null,"user_properties":{"Username":"pudindedingo@gmail.com"},"version_name":null,"language":"English","$insert_id":"2bbccc3a-ef6e-4609-a9e0-e7241568af45","app":277124,"client_event_time":"2020-08-02 21:39:28.676000","group_properties":{},"$schema":12,"data":{},"groups":{},"processed_time":"2020-08-02 21:39:31.002877","server_received_time":"2020-08-02 21:39:30.436000","server_upload_time":"2020-08-02 21:39:30.444000","dma":null,"platform":"Web","device_id":"SuXOIndWQodcslBJy_18kZ","device_model":null,"user_creation_time":"2020-08-02 21:34:15.483000","os_name":"Chrome","device_carrier":null,"os_version":"84","ip_address":"187.190.183.159","uuid":"a60229b4-d508-11ea-86ca-06492fd7e47a","client_upload_time":"2020-08-02 21:39:28.677000","sample_rate":null,"event_type":"video-saved","session_id":1596404036297,"library":"amplitude-js\/6.1.0","amplitude_event_type":null,"device_family":null,"device_brand":null,"is_attribution_event":false,"region":"Chihuahua","city":"Ciudad Ju\u00e1rez","device_type":null,"location_lat":null}
{"amplitude_id":182137288341,"user_id":"pudindedingo@gmail.com","amplitude_attribution_ids":null,"adid":null,"idfa":null,"event_id":7,"event_properties":{"project-name":"Me llamo Fernando Ja(1)","save-type":"New Video","project-category":"Me llamo Fernando Javier Garcia Ruiz me gusta que me digan Fernando estoy en 5to semestre de la carrera Enseanza del ingles elegi esta carrera porque no me gusta la manera en la que ensean los profesores en la actualidad en los niveles primaria secundaria y preparatoria 3 cualidades positivas que tengo son Soy emprendedor soy muy creativo y muy optimista 3 cualidades negativas que tengo son Me distraigo facilmente soy muy serio y casi no participo mucho y una expectativa de aprendizaje seria diferentes recursos didacticos","project-id":395071063},"paying":null,"event_time":"2020-08-02 21:39:42.083000","location_lng":null,"country":"Mexico","device_manufacturer":null,"start_version":null,"user_properties":{"Username":"pudindedingo@gmail.com"},"version_name":null,"language":"English","$insert_id":"736d1c7d-6791-4830-9bac-a1a689b89b8d","app":277124,"client_event_time":"2020-08-02 21:39:42.083000","group_properties":{},"$schema":12,"data":{},"groups":{},"processed_time":"2020-08-02 21:39:44.341706","server_received_time":"2020-08-02 21:39:43.839000","server_upload_time":"2020-08-02 21:39:43.850000","dma":null,"platform":"Web","device_id":"SuXOIndWQodcslBJy_18kZ","device_model":null,"user_creation_time":"2020-08-02 21:34:15.483000","os_name":"Chrome","device_carrier":null,"os_version":"84","ip_address":"187.190.183.159","uuid":"adf77dd6-d508-11ea-86ca-06492fd7e47a","client_upload_time":"2020-08-02 21:39:42.083000","sample_rate":null,"event_type":"video-saved","session_id":1596404036297,"library":"amplitude-js\/6.1.0","amplitude_event_type":null,"device_family":null,"device_brand":null,"is_attribution_event":false,"region":"Chihuahua","city":"Ciudad Ju\u00e1rez","device_type":null,"location_lat":null}
{"amplitude_id":182137288341,"user_id":"pudindedingo@gmail.com","amplitude_attribution_ids":null,"adid":null,"idfa":null,"event_id":8,"event_properties":{"project-id":395071063,"track-name":"Carefree Journey"},"paying":null,"event_time":"2020-08-02 21:39:43.415000","location_lng":null,"country":"Mexico","device_manufacturer":null,"start_version":null,"user_properties":{"Username":"pudindedingo@gmail.com"},"version_name":null,"language":"English","$insert_id":"addf2178-3f46-4178-96b8-f530d4537a66","app":277124,"client_event_time":"2020-08-02 21:39:43.415000","group_properties":{},"$schema":12,"data":{},"groups":{},"processed_time":"2020-08-02 21:39:46.225648","server_received_time":"2020-08-02 21:39:45.176000","server_upload_time":"2020-08-02 21:39:45.186000","dma":null,"platform":"Web","device_id":"SuXOIndWQodcslBJy_18kZ","device_model":null,"user_creation_time":"2020-08-02 21:34:15.483000","os_name":"Chrome","device_carrier":null,"os_version":"84","ip_address":"187.190.183.159","uuid":"af159658-d508-11ea-86ca-06492fd7e47a","client_upload_time":"2020-08-02 21:39:43.416000","sample_rate":null,"event_type":"track-deselected","session_id":1596404036297,"library":"amplitude-js\/6.1.0","amplitude_event_type":null,"device_family":null,"device_brand":null,"is_attribution_event":false,"region":"Chihuahua","city":"Ciudad Ju\u00e1rez","device_type":null,"location_lat":null}
{"amplitude_id":182137288341,"user_id":"pudindedingo@gmail.com","amplitude_attribution_ids":null,"adid":null,"idfa":null,"event_id":9,"event_properties":{"project-id":395071063,"track-name":"Carefree Journey"},"paying":null,"event_time":"2020-08-02 21:39:43.959000","location_lng":null,"country":"Mexico","device_manufacturer":null,"start_version":null,"user_properties":{"Username":"pudindedingo@gmail.com"},"version_name":null,"language":"English","$insert_id":"f06e61cb-4afd-4fd0-8c5c-91be3c48d502","app":277124,"client_event_time":"2020-08-02 21:39:43.959000","group_properties":{},"$schema":12,"data":{},"groups":{},"processed_time":"2020-08-02 21:39:46.232990","server_received_time":"2020-08-02 21:39:45.719000","server_upload_time":"2020-08-02 21:39:45.726000","dma":null,"platform":"Web","device_id":"SuXOIndWQodcslBJy_18kZ","device_model":null,"user_creation_time":"2020-08-02 21:34:15.483000","os_name":"Chrome","device_carrier":null,"os_version":"84","ip_address":"187.190.183.159","uuid":"af15a3fa-d508-11ea-86ca-06492fd7e47a","client_upload_time":"2020-08-02 21:39:43.959000","sample_rate":null,"event_type":"track-selected","session_id":1596404036297,"library":"amplitude-js\/6.1.0","amplitude_event_type":null,"device_family":null,"device_brand":null,"is_attribution_event":false,"region":"Chihuahua","city":"Ciudad Ju\u00e1rez","device_type":null,"location_lat":null}
{"amplitude_id":182137288341,"user_id":"pudindedingo@gmail.com","amplitude_attribution_ids":null,"adid":null,"idfa":null,"event_id":10,"event_properties":{"project-name":"Me llamo Fernando Ja(1)","save-type":"Saved Video","project-category":"Me llamo Fernando Javier Garcia Ruiz me gusta que me digan Fernando estoy en 5to semestre de la carrera Enseanza del ingles elegi esta carrera porque no me gusta la manera en la que ensean los profesores en la actualidad en los niveles primaria secundaria y preparatoria 3 cualidades positivas que tengo son Soy emprendedor soy muy creativo y muy optimista 3 cualidades negativas que tengo son Me distraigo facilmente soy muy serio y casi no participo mucho y una expectativa de aprendizaje seria diferentes recursos didacticos","project-id":395071063},"paying":null,"event_time":"2020-08-02 21:39:44.237000","location_lng":null,"country":"Mexico","device_manufacturer":null,"start_version":null,"user_properties":{"Username":"pudindedingo@gmail.com"},"version_name":null,"language":"English","$insert_id":"b9a007d1-217c-4956-974f-e6e2a48e3ae9","app":277124,"client_event_time":"2020-08-02 21:39:44.237000","group_properties":{},"$schema":12,"data":{},"groups":{},"processed_time":"2020-08-02 21:39:46.235860","server_received_time":"2020-08-02 21:39:45.996000","server_upload_time":"2020-08-02 21:39:46.021000","dma":null,"platform":"Web","device_id":"SuXOIndWQodcslBJy_18kZ","device_model":null,"user_creation_time":"2020-08-02 21:34:15.483000","os_name":"Chrome","device_carrier":null,"os_version":"84","ip_address":"187.190.183.159","uuid":"af15b3d6-d508-11ea-86ca-06492fd7e47a","client_upload_time":"2020-08-02 21:39:44.237000","sample_rate":null,"event_type":"video-saved","session_id":1596404036297,"library":"amplitude-js\/6.1.0","amplitude_event_type":null,"device_family":null,"device_brand":null,"is_attribution_event":false,"region":"Chihuahua","city":"Ciudad Ju\u00e1rez","device_type":null,"location_lat":null}
