{"client_event_time":"2020-08-04 11:12:06.684000","library":"amplitude-js\/6.1.0","user_id":"garciajessie0124@gmail.com","city":"The Bronx","sample_rate":null,"user_properties":{"Username":"garciajessie0124@gmail.com"},"device_family":"Samsung Browser","adid":null,"amplitude_event_type":null,"amplitude_id":182474146492,"$insert_id":"29b02ca1-99d2-47f6-abdd-f1f382476350","device_brand":null,"platform":"Web","$schema":12,"amplitude_attribution_ids":null,"data":{"first_event":true},"groups":{},"server_received_time":"2020-08-04 11:12:08.216000","ip_address":"172.58.228.150","os_name":"Samsung Browser","event_properties":{"provider":"pictory"},"user_creation_time":"2020-08-04 11:12:06.684000","dma":"New York, NY","device_carrier":null,"location_lng":null,"group_properties":{},"processed_time":"2020-08-04 11:12:09.221788","region":"New York","idfa":null,"app":277124,"session_id":1596539298484,"is_attribution_event":false,"language":"English","client_upload_time":"2020-08-04 11:12:06.691000","event_time":"2020-08-04 11:12:06.684000","device_id":"-sHqEXiLMDheKYD3cQ2Hx0","start_version":null,"os_version":"12","server_upload_time":"2020-08-04 11:12:08.238000","paying":null,"uuid":"568ff5be-d643-11ea-b4ab-0a9c37292483","device_manufacturer":"Samsung","device_model":"Browser","version_name":null,"device_type":null,"event_type":"user-signup","location_lat":null,"event_id":1,"country":"United States"}
{"client_event_time":"2020-08-04 11:12:51.387000","library":"amplitude-js\/6.1.0","user_id":"garciajessie0124@gmail.com","city":"The Bronx","sample_rate":null,"user_properties":{"Username":"garciajessie0124@gmail.com"},"device_family":"Samsung Browser","adid":null,"amplitude_event_type":null,"amplitude_id":182474146492,"$insert_id":"46d2ae2b-f1e5-4c36-9fe1-4ac00753eeaf","device_brand":null,"platform":"Web","$schema":12,"amplitude_attribution_ids":null,"data":{},"groups":{},"server_received_time":"2020-08-04 11:12:52.801000","ip_address":"172.58.228.150","os_name":"Samsung Browser","event_properties":{"login-via":"Pictory"},"user_creation_time":"2020-08-04 11:12:06.684000","dma":"New York, NY","device_carrier":null,"location_lng":null,"group_properties":{},"processed_time":"2020-08-04 11:12:54.573796","region":"New York","idfa":null,"app":277124,"session_id":1596539298484,"is_attribution_event":false,"language":"English","client_upload_time":"2020-08-04 11:12:51.557000","event_time":"2020-08-04 11:12:51.387000","device_id":"-sHqEXiLMDheKYD3cQ2Hx0","start_version":null,"os_version":"12","server_upload_time":"2020-08-04 11:12:52.809000","paying":null,"uuid":"719e9a7c-d643-11ea-b4ab-0a9c37292483","device_manufacturer":"Samsung","device_model":"Browser","version_name":null,"device_type":null,"event_type":"user-login","location_lat":null,"event_id":2,"country":"United States"}
