{"client_event_time":"2020-08-02 11:01:01.706000","$insert_id":"8541acaa-24a3-4c3e-9073-36597e191fd2","library":"amplitude-js\/6.1.0","group_properties":{},"version_name":null,"client_upload_time":"2020-08-02 11:01:01.708000","amplitude_attribution_ids":null,"device_family":null,"app":277124,"paying":null,"device_brand":null,"adid":null,"event_properties":{"project-id":664893570,"source":"Visuals"},"user_properties":{"Username":"praveencapri@gmail.com"},"os_name":"Chrome","location_lat":null,"session_id":1596354950911,"os_version":"84","user_creation_time":"2020-08-02 07:07:16.958000","idfa":null,"device_manufacturer":null,"data":{},"sample_rate":null,"dma":null,"processed_time":"2020-08-02 11:01:03.477762","device_type":null,"device_model":null,"device_carrier":null,"language":"English","platform":"Web","server_upload_time":"2020-08-02 11:01:02.092000","region":"Telangana","event_time":"2020-08-02 11:01:01.706000","ip_address":"49.206.49.225","start_version":null,"is_attribution_event":false,"$schema":12,"event_id":324,"groups":{},"uuid":"74f1cc7a-d4af-11ea-9fc1-060ba06f65ac","amplitude_event_type":null,"location_lng":null,"server_received_time":"2020-08-02 11:01:02.087000","amplitude_id":182009921658,"event_type":"recent-clicked","country":"India","device_id":"5--sw0O1-ccfnO_Ib5dnhZ","city":"Hyderabad","user_id":null}
{"client_event_time":"2020-08-02 11:01:03.281000","$insert_id":"bdb05d2a-3564-4971-bdf8-51093b7d0413","library":"amplitude-js\/6.1.0","group_properties":{},"version_name":null,"client_upload_time":"2020-08-02 11:01:03.282000","amplitude_attribution_ids":null,"device_family":null,"app":277124,"paying":null,"device_brand":null,"adid":null,"event_properties":{"project-id":664893570,"source":"Recents","scene-text":"wealth, and most importantly,...","old-image":"https:\/\/kta7t51vz9.execute-api.us-east-2.amazonaws.com\/prod\/api\/v1\/libraries\/story_blocks\/video\/preview\/202227.mp4","new-image":"https:\/\/kta7t51vz9.execute-api.us-east-2.amazonaws.com\/prod\/api\/v1\/libraries\/story_blocks\/video\/preview\/8540861.mp4"},"user_properties":{"Username":"praveencapri@gmail.com"},"os_name":"Chrome","location_lat":null,"session_id":1596354950911,"os_version":"84","user_creation_time":"2020-08-02 07:07:16.958000","idfa":null,"device_manufacturer":null,"data":{},"sample_rate":null,"dma":null,"processed_time":"2020-08-02 11:01:07.568288","device_type":null,"device_model":null,"device_carrier":null,"language":"English","platform":"Web","server_upload_time":"2020-08-02 11:01:03.836000","region":"Telangana","event_time":"2020-08-02 11:01:03.281000","ip_address":"49.206.49.225","start_version":null,"is_attribution_event":false,"$schema":12,"event_id":325,"groups":{},"uuid":"776371f2-d4af-11ea-9fc1-060ba06f65ac","amplitude_event_type":null,"location_lng":null,"server_received_time":"2020-08-02 11:01:03.808000","amplitude_id":182009921658,"event_type":"image-replaced","country":"India","device_id":"5--sw0O1-ccfnO_Ib5dnhZ","city":"Hyderabad","user_id":null}
{"client_event_time":"2020-08-02 11:01:07.682000","$insert_id":"3bba557a-45c1-45ef-911f-3efef7c75a20","library":"amplitude-js\/6.1.0","group_properties":{},"version_name":null,"client_upload_time":"2020-08-02 11:01:07.683000","amplitude_attribution_ids":null,"device_family":null,"app":277124,"paying":null,"device_brand":null,"adid":null,"event_properties":{"project-category":"How AI Helps In Precision Agriculture Connected Farm Experience  Better Crop Yield","save-type":"Saved Video","project-name":"How AI Helps In Precision Agriculture Connected Farm Experience  Better Crop Yield","project-id":664893570},"user_properties":{"Username":"praveencapri@gmail.com"},"os_name":"Chrome","location_lat":null,"session_id":1596354950911,"os_version":"84","user_creation_time":"2020-08-02 07:07:16.958000","idfa":null,"device_manufacturer":null,"data":{},"sample_rate":null,"dma":null,"processed_time":"2020-08-02 11:01:09.078498","device_type":null,"device_model":null,"device_carrier":null,"language":"English","platform":"Web","server_upload_time":"2020-08-02 11:01:08.125000","region":"Telangana","event_time":"2020-08-02 11:01:07.682000","ip_address":"49.206.49.225","start_version":null,"is_attribution_event":false,"$schema":12,"event_id":326,"groups":{},"uuid":"78488d1e-d4af-11ea-9fc1-060ba06f65ac","amplitude_event_type":null,"location_lng":null,"server_received_time":"2020-08-02 11:01:08.122000","amplitude_id":182009921658,"event_type":"video-saved","country":"India","device_id":"5--sw0O1-ccfnO_Ib5dnhZ","city":"Hyderabad","user_id":null}
{"client_event_time":"2020-08-02 11:03:50.140000","$insert_id":"765630d7-861f-4bb8-a888-8844ab1e4e15","library":"amplitude-js\/6.1.0","group_properties":{},"version_name":null,"client_upload_time":"2020-08-02 11:03:50.142000","amplitude_attribution_ids":null,"device_family":null,"app":277124,"paying":null,"device_brand":null,"adid":null,"event_properties":{"scene-number":18,"scene-text":"...it will make Precision Agriculture and sustainable farming a reality benefitting the whole mankind..."},"user_properties":{"Username":"praveencapri@gmail.com"},"os_name":"Chrome","location_lat":null,"session_id":1596354950911,"os_version":"84","user_creation_time":"2020-08-02 07:07:16.958000","idfa":null,"device_manufacturer":null,"data":{},"sample_rate":null,"dma":null,"processed_time":"2020-08-02 11:03:52.272537","device_type":null,"device_model":null,"device_carrier":null,"language":"English","platform":"Web","server_upload_time":"2020-08-02 11:03:51.360000","region":"Telangana","event_time":"2020-08-02 11:03:50.140000","ip_address":"49.206.49.225","start_version":null,"is_attribution_event":false,"$schema":12,"event_id":327,"groups":{},"uuid":"d98e2142-d4af-11ea-9fc1-060ba06f65ac","amplitude_event_type":null,"location_lng":null,"server_received_time":"2020-08-02 11:03:51.354000","amplitude_id":182009921658,"event_type":"delete-scene","country":"India","device_id":"5--sw0O1-ccfnO_Ib5dnhZ","city":"Hyderabad","user_id":null}
{"client_event_time":"2020-08-02 11:03:55.069000","$insert_id":"6aa06445-5891-4bcb-bcbc-0842be09931b","library":"amplitude-js\/6.1.0","group_properties":{},"version_name":null,"client_upload_time":"2020-08-02 11:03:55.070000","amplitude_attribution_ids":null,"device_family":null,"app":277124,"paying":null,"device_brand":null,"adid":null,"event_properties":{"project-category":"How AI Helps In Precision Agriculture Connected Farm Experience  Better Crop Yield","save-type":"Saved Video","project-name":"How AI Helps In Precision Agriculture Connected Farm Experience  Better Crop Yield","project-id":664893570},"user_properties":{"Username":"praveencapri@gmail.com"},"os_name":"Chrome","location_lat":null,"session_id":1596354950911,"os_version":"84","user_creation_time":"2020-08-02 07:07:16.958000","idfa":null,"device_manufacturer":null,"data":{},"sample_rate":null,"dma":null,"processed_time":"2020-08-02 11:03:55.954933","device_type":null,"device_model":null,"device_carrier":null,"language":"English","platform":"Web","server_upload_time":"2020-08-02 11:03:55.460000","region":"Telangana","event_time":"2020-08-02 11:03:55.069000","ip_address":"49.206.49.225","start_version":null,"is_attribution_event":false,"$schema":12,"event_id":328,"groups":{},"uuid":"dbc1c50e-d4af-11ea-9fc1-060ba06f65ac","amplitude_event_type":null,"location_lng":null,"server_received_time":"2020-08-02 11:03:55.454000","amplitude_id":182009921658,"event_type":"video-saved","country":"India","device_id":"5--sw0O1-ccfnO_Ib5dnhZ","city":"Hyderabad","user_id":null}
{"client_event_time":"2020-08-02 11:04:00.156000","$insert_id":"a0873451-76fd-4bd4-bf44-63e38e1cff6e","library":"amplitude-js\/6.1.0","group_properties":{},"version_name":null,"client_upload_time":"2020-08-02 11:04:00.157000","amplitude_attribution_ids":null,"device_family":null,"app":277124,"paying":null,"device_brand":null,"adid":null,"event_properties":{"scene-number":18,"scene-text":"...Thanks for watching!!!&nbsp;"},"user_properties":{"Username":"praveencapri@gmail.com"},"os_name":"Chrome","location_lat":null,"session_id":1596354950911,"os_version":"84","user_creation_time":"2020-08-02 07:07:16.958000","idfa":null,"device_manufacturer":null,"data":{},"sample_rate":null,"dma":null,"processed_time":"2020-08-02 11:04:01.662729","device_type":null,"device_model":null,"device_carrier":null,"language":"English","platform":"Web","server_upload_time":"2020-08-02 11:04:00.659000","region":"Telangana","event_time":"2020-08-02 11:04:00.156000","ip_address":"49.206.49.225","start_version":null,"is_attribution_event":false,"$schema":12,"event_id":329,"groups":{},"uuid":"df28b978-d4af-11ea-9fc1-060ba06f65ac","amplitude_event_type":null,"location_lng":null,"server_received_time":"2020-08-02 11:04:00.657000","amplitude_id":182009921658,"event_type":"delete-scene","country":"India","device_id":"5--sw0O1-ccfnO_Ib5dnhZ","city":"Hyderabad","user_id":null}
{"client_event_time":"2020-08-02 11:04:03.871000","$insert_id":"9337ef33-bd81-4402-a51f-07bad952f974","library":"amplitude-js\/6.1.0","group_properties":{},"version_name":null,"client_upload_time":"2020-08-02 11:04:03.874000","amplitude_attribution_ids":null,"device_family":null,"app":277124,"paying":null,"device_brand":null,"adid":null,"event_properties":{"project-category":"How AI Helps In Precision Agriculture Connected Farm Experience  Better Crop Yield","save-type":"Saved Video","project-name":"How AI Helps In Precision Agriculture Connected Farm Experience  Better Crop Yield","project-id":664893570},"user_properties":{"Username":"praveencapri@gmail.com"},"os_name":"Chrome","location_lat":null,"session_id":1596354950911,"os_version":"84","user_creation_time":"2020-08-02 07:07:16.958000","idfa":null,"device_manufacturer":null,"data":{},"sample_rate":null,"dma":null,"processed_time":"2020-08-02 11:04:04.782228","device_type":null,"device_model":null,"device_carrier":null,"language":"English","platform":"Web","server_upload_time":"2020-08-02 11:04:04.334000","region":"Telangana","event_time":"2020-08-02 11:04:03.871000","ip_address":"49.206.49.225","start_version":null,"is_attribution_event":false,"$schema":12,"event_id":330,"groups":{},"uuid":"e10308c0-d4af-11ea-9fc1-060ba06f65ac","amplitude_event_type":null,"location_lng":null,"server_received_time":"2020-08-02 11:04:04.328000","amplitude_id":182009921658,"event_type":"video-saved","country":"India","device_id":"5--sw0O1-ccfnO_Ib5dnhZ","city":"Hyderabad","user_id":null}
{"client_event_time":"2020-08-02 11:04:29.252000","$insert_id":"7e502252-ac9b-4c0b-9a24-bcc665b65aa7","library":"amplitude-js\/6.1.0","group_properties":{},"version_name":null,"client_upload_time":"2020-08-02 11:04:29.253000","amplitude_attribution_ids":null,"device_family":null,"app":277124,"paying":null,"device_brand":null,"adid":null,"event_properties":{"new-scene-text":"\u2026it will make Precision\nAgriculture and Sustainable farming a reality, benefitting the whole mankind!"},"user_properties":{"Username":"praveencapri@gmail.com"},"os_name":"Chrome","location_lat":null,"session_id":1596354950911,"os_version":"84","user_creation_time":"2020-08-02 07:07:16.958000","idfa":null,"device_manufacturer":null,"data":{},"sample_rate":null,"dma":null,"processed_time":"2020-08-02 11:04:30.931599","device_type":null,"device_model":null,"device_carrier":null,"language":"English","platform":"Web","server_upload_time":"2020-08-02 11:04:29.636000","region":"Telangana","event_time":"2020-08-02 11:04:29.252000","ip_address":"49.206.49.225","start_version":null,"is_attribution_event":false,"$schema":12,"event_id":331,"groups":{},"uuid":"f09a9c9e-d4af-11ea-9fc1-060ba06f65ac","amplitude_event_type":null,"location_lng":null,"server_received_time":"2020-08-02 11:04:29.634000","amplitude_id":182009921658,"event_type":"add-new-scene","country":"India","device_id":"5--sw0O1-ccfnO_Ib5dnhZ","city":"Hyderabad","user_id":null}
{"client_event_time":"2020-08-02 11:04:30.990000","$insert_id":"9da8c4b4-790a-4da4-ae9c-6062a1e94321","library":"amplitude-js\/6.1.0","group_properties":{},"version_name":null,"client_upload_time":"2020-08-02 11:04:33.094000","amplitude_attribution_ids":null,"device_family":null,"app":277124,"paying":null,"device_brand":null,"adid":null,"event_properties":{"new-text":"\u2026it will make Precision\nAgriculture and Sustainable farming a reality, benefitting the whole of mankind!"},"user_properties":{"Username":"praveencapri@gmail.com"},"os_name":"Chrome","location_lat":null,"session_id":1596354950911,"os_version":"84","user_creation_time":"2020-08-02 07:07:16.958000","idfa":null,"device_manufacturer":null,"data":{},"sample_rate":null,"dma":null,"processed_time":"2020-08-02 11:04:35.629321","device_type":null,"device_model":null,"device_carrier":null,"language":"English","platform":"Web","server_upload_time":"2020-08-02 11:04:33.529000","region":"Telangana","event_time":"2020-08-02 11:04:30.990000","ip_address":"49.206.49.225","start_version":null,"is_attribution_event":false,"$schema":12,"event_id":332,"groups":{},"uuid":"f35bc55c-d4af-11ea-9fc1-060ba06f65ac","amplitude_event_type":null,"location_lng":null,"server_received_time":"2020-08-02 11:04:33.518000","amplitude_id":182009921658,"event_type":"edit-scene-text","country":"India","device_id":"5--sw0O1-ccfnO_Ib5dnhZ","city":"Hyderabad","user_id":null}
{"client_event_time":"2020-08-02 11:04:37.205000","$insert_id":"bbbcd41d-d6b8-4f3f-9206-a13953602f2d","library":"amplitude-js\/6.1.0","group_properties":{},"version_name":null,"client_upload_time":"2020-08-02 11:04:37.206000","amplitude_attribution_ids":null,"device_family":null,"app":277124,"paying":null,"device_brand":null,"adid":null,"event_properties":{"project-category":"How AI Helps In Precision Agriculture Connected Farm Experience  Better Crop Yield","save-type":"Saved Video","project-name":"How AI Helps In Precision Agriculture Connected Farm Experience  Better Crop Yield","project-id":664893570},"user_properties":{"Username":"praveencapri@gmail.com"},"os_name":"Chrome","location_lat":null,"session_id":1596354950911,"os_version":"84","user_creation_time":"2020-08-02 07:07:16.958000","idfa":null,"device_manufacturer":null,"data":{},"sample_rate":null,"dma":null,"processed_time":"2020-08-02 11:04:39.269532","device_type":null,"device_model":null,"device_carrier":null,"language":"English","platform":"Web","server_upload_time":"2020-08-02 11:04:38.100000","region":"Telangana","event_time":"2020-08-02 11:04:37.205000","ip_address":"49.206.49.225","start_version":null,"is_attribution_event":false,"$schema":12,"event_id":333,"groups":{},"uuid":"f5930c04-d4af-11ea-9fc1-060ba06f65ac","amplitude_event_type":null,"location_lng":null,"server_received_time":"2020-08-02 11:04:38.098000","amplitude_id":182009921658,"event_type":"video-saved","country":"India","device_id":"5--sw0O1-ccfnO_Ib5dnhZ","city":"Hyderabad","user_id":null}
{"client_event_time":"2020-08-02 11:05:48.739000","$insert_id":"fe8c8087-1b14-42cf-8ffe-913050625d75","library":"amplitude-js\/6.1.0","group_properties":{},"version_name":null,"client_upload_time":"2020-08-02 11:05:48.742000","amplitude_attribution_ids":null,"device_family":null,"app":277124,"paying":null,"device_brand":null,"adid":null,"event_properties":{"project-category":"How AI Helps In Precision Agriculture Connected Farm Experience  Better Crop Yield","save-type":"Saved Video","project-name":"How AI Helps In Precision Agriculture Connected Farm Experience  Better Crop Yield","project-id":664893570},"user_properties":{"Username":"praveencapri@gmail.com"},"os_name":"Chrome","location_lat":null,"session_id":1596354950911,"os_version":"84","user_creation_time":"2020-08-02 07:07:16.958000","idfa":null,"device_manufacturer":null,"data":{},"sample_rate":null,"dma":null,"processed_time":"2020-08-02 11:05:51.664898","device_type":null,"device_model":null,"device_carrier":null,"language":"English","platform":"Web","server_upload_time":"2020-08-02 11:05:49.132000","region":"Telangana","event_time":"2020-08-02 11:05:48.739000","ip_address":"49.206.49.225","start_version":null,"is_attribution_event":false,"$schema":12,"event_id":334,"groups":{},"uuid":"20b8162c-d4b0-11ea-9fc1-060ba06f65ac","amplitude_event_type":null,"location_lng":null,"server_received_time":"2020-08-02 11:05:49.129000","amplitude_id":182009921658,"event_type":"video-saved","country":"India","device_id":"5--sw0O1-ccfnO_Ib5dnhZ","city":"Hyderabad","user_id":null}
{"client_event_time":"2020-08-02 11:06:21.794000","$insert_id":"ccf6b450-8c26-4748-990b-d4a797d297d9","library":"amplitude-js\/6.1.0","group_properties":{},"version_name":null,"client_upload_time":"2020-08-02 11:06:21.795000","amplitude_attribution_ids":null,"device_family":null,"app":277124,"paying":null,"device_brand":null,"adid":null,"event_properties":{"scene-number":2,"scene-text":"\u2026it will make Precision\nAgriculture and Sustainable farming a reality, benefitting the whole of mankind!"},"user_properties":{"Username":"praveencapri@gmail.com"},"os_name":"Chrome","location_lat":null,"session_id":1596354950911,"os_version":"84","user_creation_time":"2020-08-02 07:07:16.958000","idfa":null,"device_manufacturer":null,"data":{},"sample_rate":null,"dma":null,"processed_time":"2020-08-02 11:06:23.483265","device_type":null,"device_model":null,"device_carrier":null,"language":"English","platform":"Web","server_upload_time":"2020-08-02 11:06:22.281000","region":"Telangana","event_time":"2020-08-02 11:06:21.794000","ip_address":"49.206.49.225","start_version":null,"is_attribution_event":false,"$schema":12,"event_id":335,"groups":{},"uuid":"33b04402-d4b0-11ea-9fc1-060ba06f65ac","amplitude_event_type":null,"location_lng":null,"server_received_time":"2020-08-02 11:06:22.278000","amplitude_id":182009921658,"event_type":"delete-scene","country":"India","device_id":"5--sw0O1-ccfnO_Ib5dnhZ","city":"Hyderabad","user_id":null}
{"client_event_time":"2020-08-02 11:06:25.080000","$insert_id":"070d0ecd-5ac6-4895-8bed-31ae0542fd42","library":"amplitude-js\/6.1.0","group_properties":{},"version_name":null,"client_upload_time":"2020-08-02 11:06:25.081000","amplitude_attribution_ids":null,"device_family":null,"app":277124,"paying":null,"device_brand":null,"adid":null,"event_properties":{"project-category":"How AI Helps In Precision Agriculture Connected Farm Experience  Better Crop Yield","save-type":"Saved Video","project-name":"How AI Helps In Precision Agriculture Connected Farm Experience  Better Crop Yield","project-id":664893570},"user_properties":{"Username":"praveencapri@gmail.com"},"os_name":"Chrome","location_lat":null,"session_id":1596354950911,"os_version":"84","user_creation_time":"2020-08-02 07:07:16.958000","idfa":null,"device_manufacturer":null,"data":{},"sample_rate":null,"dma":null,"processed_time":"2020-08-02 11:06:27.223800","device_type":null,"device_model":null,"device_carrier":null,"language":"English","platform":"Web","server_upload_time":"2020-08-02 11:06:25.510000","region":"Telangana","event_time":"2020-08-02 11:06:25.080000","ip_address":"49.206.49.225","start_version":null,"is_attribution_event":false,"$schema":12,"event_id":336,"groups":{},"uuid":"35eb68c8-d4b0-11ea-9fc1-060ba06f65ac","amplitude_event_type":null,"location_lng":null,"server_received_time":"2020-08-02 11:06:25.506000","amplitude_id":182009921658,"event_type":"video-saved","country":"India","device_id":"5--sw0O1-ccfnO_Ib5dnhZ","city":"Hyderabad","user_id":null}
{"client_event_time":"2020-08-02 11:07:32.153000","$insert_id":"aa1cd73d-eacd-4cbc-86d3-484d2a08afa9","library":"amplitude-js\/6.1.0","group_properties":{},"version_name":null,"client_upload_time":"2020-08-02 11:07:32.157000","amplitude_attribution_ids":null,"device_family":null,"app":277124,"paying":null,"device_brand":null,"adid":null,"event_properties":{"scene-number":18,"scene-text":"Thanks for watching!!!&nbsp;"},"user_properties":{"Username":"praveencapri@gmail.com"},"os_name":"Chrome","location_lat":null,"session_id":1596354950911,"os_version":"84","user_creation_time":"2020-08-02 07:07:16.958000","idfa":null,"device_manufacturer":null,"data":{},"sample_rate":null,"dma":null,"processed_time":"2020-08-02 11:07:33.133107","device_type":null,"device_model":null,"device_carrier":null,"language":"English","platform":"Web","server_upload_time":"2020-08-02 11:07:32.631000","region":"Telangana","event_time":"2020-08-02 11:07:32.153000","ip_address":"49.206.49.225","start_version":null,"is_attribution_event":false,"$schema":12,"event_id":337,"groups":{},"uuid":"5d332d3a-d4b0-11ea-9fc1-060ba06f65ac","amplitude_event_type":null,"location_lng":null,"server_received_time":"2020-08-02 11:07:32.629000","amplitude_id":182009921658,"event_type":"delete-scene","country":"India","device_id":"5--sw0O1-ccfnO_Ib5dnhZ","city":"Hyderabad","user_id":null}
{"client_event_time":"2020-08-02 11:07:36.081000","$insert_id":"08f56db3-2e13-4372-b4e3-d592285a5371","library":"amplitude-js\/6.1.0","group_properties":{},"version_name":null,"client_upload_time":"2020-08-02 11:07:36.083000","amplitude_attribution_ids":null,"device_family":null,"app":277124,"paying":null,"device_brand":null,"adid":null,"event_properties":{"project-category":"How AI Helps In Precision Agriculture Connected Farm Experience  Better Crop Yield","save-type":"Saved Video","project-name":"How AI Helps In Precision Agriculture Connected Farm Experience  Better Crop Yield","project-id":664893570},"user_properties":{"Username":"praveencapri@gmail.com"},"os_name":"Chrome","location_lat":null,"session_id":1596354950911,"os_version":"84","user_creation_time":"2020-08-02 07:07:16.958000","idfa":null,"device_manufacturer":null,"data":{},"sample_rate":null,"dma":null,"processed_time":"2020-08-02 11:07:37.634070","device_type":null,"device_model":null,"device_carrier":null,"language":"English","platform":"Web","server_upload_time":"2020-08-02 11:07:36.527000","region":"Telangana","event_time":"2020-08-02 11:07:36.081000","ip_address":"49.206.49.225","start_version":null,"is_attribution_event":false,"$schema":12,"event_id":338,"groups":{},"uuid":"5fe34b6e-d4b0-11ea-9fc1-060ba06f65ac","amplitude_event_type":null,"location_lng":null,"server_received_time":"2020-08-02 11:07:36.524000","amplitude_id":182009921658,"event_type":"video-saved","country":"India","device_id":"5--sw0O1-ccfnO_Ib5dnhZ","city":"Hyderabad","user_id":null}
{"client_event_time":"2020-08-02 11:08:42.406000","$insert_id":"3af7eb36-9e27-47f7-9058-0334017be3d7","library":"amplitude-js\/6.1.0","group_properties":{},"version_name":null,"client_upload_time":"2020-08-02 11:08:42.407000","amplitude_attribution_ids":null,"device_family":null,"app":277124,"paying":null,"device_brand":null,"adid":null,"event_properties":{"project-category":"How AI Helps In Precision Agriculture Connected Farm Experience  Better Crop Yield","project-name":"How AI Helps In Precision Agriculture Connected Farm Experience  Better Crop Yield(1)"},"user_properties":{"Username":"praveencapri@gmail.com"},"os_name":"Chrome","location_lat":null,"session_id":1596366515824,"os_version":"84","user_creation_time":"2020-08-02 07:07:16.958000","idfa":null,"device_manufacturer":null,"data":{},"sample_rate":null,"dma":null,"processed_time":"2020-08-02 11:08:45.260789","device_type":null,"device_model":null,"device_carrier":null,"language":"English","platform":"Web","server_upload_time":"2020-08-02 11:08:42.802000","region":"Telangana","event_time":"2020-08-02 11:08:42.406000","ip_address":"49.206.49.225","start_version":null,"is_attribution_event":false,"$schema":12,"event_id":46,"groups":{},"uuid":"88315354-d4b0-11ea-9fc1-060ba06f65ac","amplitude_event_type":null,"location_lng":null,"server_received_time":"2020-08-02 11:08:42.795000","amplitude_id":182009921658,"event_type":"saved-video-opened","country":"India","device_id":"5--sw0O1-ccfnO_Ib5dnhZ","city":"Hyderabad","user_id":"praveencapri@gmail.com"}
{"client_event_time":"2020-08-02 11:12:21.963000","$insert_id":"b5f60a3f-f3c3-48c2-b1b0-077bc068e70c","library":"amplitude-js\/6.1.0","group_properties":{},"version_name":null,"client_upload_time":"2020-08-02 11:12:21.966000","amplitude_attribution_ids":null,"device_family":null,"app":277124,"paying":null,"device_brand":null,"adid":null,"event_properties":{"scene-number":18},"user_properties":{"Username":"praveencapri@gmail.com"},"os_name":"Chrome","location_lat":null,"session_id":1596366515824,"os_version":"84","user_creation_time":"2020-08-02 07:07:16.958000","idfa":null,"device_manufacturer":null,"data":{},"sample_rate":null,"dma":null,"processed_time":"2020-08-02 11:12:23.907118","device_type":null,"device_model":null,"device_carrier":null,"language":"English","platform":"Web","server_upload_time":"2020-08-02 11:12:22.891000","region":"Telangana","event_time":"2020-08-02 11:12:21.963000","ip_address":"49.206.49.225","start_version":null,"is_attribution_event":false,"$schema":12,"event_id":47,"groups":{},"uuid":"0a835398-d4b1-11ea-9fc1-060ba06f65ac","amplitude_event_type":null,"location_lng":null,"server_received_time":"2020-08-02 11:12:22.885000","amplitude_id":182009921658,"event_type":"delete-scene","country":"India","device_id":"5--sw0O1-ccfnO_Ib5dnhZ","city":"Hyderabad","user_id":"praveencapri@gmail.com"}
{"client_event_time":"2020-08-02 11:12:24.406000","$insert_id":"30bb23f1-21cb-477e-a304-0d69e5cd80a5","library":"amplitude-js\/6.1.0","group_properties":{},"version_name":null,"client_upload_time":"2020-08-02 11:12:24.407000","amplitude_attribution_ids":null,"device_family":null,"app":277124,"paying":null,"device_brand":null,"adid":null,"event_properties":{"project-category":"How AI Helps In Precision Agriculture Connected Farm Experience  Better Crop Yield","save-type":"Saved Video","project-name":"How AI Helps In Precision Agriculture Connected Farm Experience  Better Crop Yield","project-id":664893570},"user_properties":{"Username":"praveencapri@gmail.com"},"os_name":"Chrome","location_lat":null,"session_id":1596366515824,"os_version":"84","user_creation_time":"2020-08-02 07:07:16.958000","idfa":null,"device_manufacturer":null,"data":{},"sample_rate":null,"dma":null,"processed_time":"2020-08-02 11:12:25.731167","device_type":null,"device_model":null,"device_carrier":null,"language":"English","platform":"Web","server_upload_time":"2020-08-02 11:12:24.796000","region":"Telangana","event_time":"2020-08-02 11:12:24.406000","ip_address":"49.206.49.225","start_version":null,"is_attribution_event":false,"$schema":12,"event_id":48,"groups":{},"uuid":"0b9aea3e-d4b1-11ea-9fc1-060ba06f65ac","amplitude_event_type":null,"location_lng":null,"server_received_time":"2020-08-02 11:12:24.790000","amplitude_id":182009921658,"event_type":"video-saved","country":"India","device_id":"5--sw0O1-ccfnO_Ib5dnhZ","city":"Hyderabad","user_id":"praveencapri@gmail.com"}
{"client_event_time":"2020-08-02 11:12:29.303000","$insert_id":"76911bea-a2e7-4c8f-96f3-bb58ed9f7eb1","library":"amplitude-js\/6.1.0","group_properties":{},"version_name":null,"client_upload_time":"2020-08-02 11:12:29.305000","amplitude_attribution_ids":null,"device_family":null,"app":277124,"paying":null,"device_brand":null,"adid":null,"event_properties":{"new-scene-text":"While the early adopters\nof AI and other emerging technologies will have significant advantage in\nfarming"},"user_properties":{"Username":"praveencapri@gmail.com"},"os_name":"Chrome","location_lat":null,"session_id":1596366515824,"os_version":"84","user_creation_time":"2020-08-02 07:07:16.958000","idfa":null,"device_manufacturer":null,"data":{},"sample_rate":null,"dma":null,"processed_time":"2020-08-02 11:12:30.226319","device_type":null,"device_model":null,"device_carrier":null,"language":"English","platform":"Web","server_upload_time":"2020-08-02 11:12:29.738000","region":"Telangana","event_time":"2020-08-02 11:12:29.303000","ip_address":"49.206.49.225","start_version":null,"is_attribution_event":false,"$schema":12,"event_id":49,"groups":{},"uuid":"0e490a7c-d4b1-11ea-9fc1-060ba06f65ac","amplitude_event_type":null,"location_lng":null,"server_received_time":"2020-08-02 11:12:29.733000","amplitude_id":182009921658,"event_type":"add-new-scene","country":"India","device_id":"5--sw0O1-ccfnO_Ib5dnhZ","city":"Hyderabad","user_id":"praveencapri@gmail.com"}
{"client_event_time":"2020-08-02 11:12:29.312000","$insert_id":"1f886b88-4e52-4580-a83a-b2eef8c9b363","library":"amplitude-js\/6.1.0","group_properties":{},"version_name":null,"client_upload_time":"2020-08-02 11:12:29.896000","amplitude_attribution_ids":null,"device_family":null,"app":277124,"paying":null,"device_brand":null,"adid":null,"event_properties":{"new-scene-text":"While the early adopters\nof AI and other emerging technologies will have significant advantage in\nfarming"},"user_properties":{"Username":"praveencapri@gmail.com"},"os_name":"Chrome","location_lat":null,"session_id":1596366515824,"os_version":"84","user_creation_time":"2020-08-02 07:07:16.958000","idfa":null,"device_manufacturer":null,"data":{},"sample_rate":null,"dma":null,"processed_time":"2020-08-02 11:12:32.520252","device_type":null,"device_model":null,"device_carrier":null,"language":"English","platform":"Web","server_upload_time":"2020-08-02 11:12:30.335000","region":"Telangana","event_time":"2020-08-02 11:12:29.312000","ip_address":"49.206.49.225","start_version":null,"is_attribution_event":false,"$schema":12,"event_id":50,"groups":{},"uuid":"0fa6ceae-d4b1-11ea-9fc1-060ba06f65ac","amplitude_event_type":null,"location_lng":null,"server_received_time":"2020-08-02 11:12:30.326000","amplitude_id":182009921658,"event_type":"add-new-scene","country":"India","device_id":"5--sw0O1-ccfnO_Ib5dnhZ","city":"Hyderabad","user_id":"praveencapri@gmail.com"}
{"client_event_time":"2020-08-02 11:12:29.316000","$insert_id":"c25d7460-2622-4da5-8c3e-d327199c3483","library":"amplitude-js\/6.1.0","group_properties":{},"version_name":null,"client_upload_time":"2020-08-02 11:12:29.896000","amplitude_attribution_ids":null,"device_family":null,"app":277124,"paying":null,"device_brand":null,"adid":null,"event_properties":{"new-scene-text":"While the early adopters\nof AI and other emerging technologies will have significant advantage in\nfarming"},"user_properties":{"Username":"praveencapri@gmail.com"},"os_name":"Chrome","location_lat":null,"session_id":1596366515824,"os_version":"84","user_creation_time":"2020-08-02 07:07:16.958000","idfa":null,"device_manufacturer":null,"data":{},"sample_rate":null,"dma":null,"processed_time":"2020-08-02 11:12:32.520259","device_type":null,"device_model":null,"device_carrier":null,"language":"English","platform":"Web","server_upload_time":"2020-08-02 11:12:30.335000","region":"Telangana","event_time":"2020-08-02 11:12:29.316000","ip_address":"49.206.49.225","start_version":null,"is_attribution_event":false,"$schema":12,"event_id":51,"groups":{},"uuid":"0fa6d746-d4b1-11ea-9fc1-060ba06f65ac","amplitude_event_type":null,"location_lng":null,"server_received_time":"2020-08-02 11:12:30.326000","amplitude_id":182009921658,"event_type":"add-new-scene","country":"India","device_id":"5--sw0O1-ccfnO_Ib5dnhZ","city":"Hyderabad","user_id":"praveencapri@gmail.com"}
{"client_event_time":"2020-08-02 11:12:29.320000","$insert_id":"ca579dee-76af-4d9d-837e-eada17c22925","library":"amplitude-js\/6.1.0","group_properties":{},"version_name":null,"client_upload_time":"2020-08-02 11:12:29.896000","amplitude_attribution_ids":null,"device_family":null,"app":277124,"paying":null,"device_brand":null,"adid":null,"event_properties":{"new-scene-text":"While the early adopters\nof AI and other emerging technologies will have significant advantage in\nfarming"},"user_properties":{"Username":"praveencapri@gmail.com"},"os_name":"Chrome","location_lat":null,"session_id":1596366515824,"os_version":"84","user_creation_time":"2020-08-02 07:07:16.958000","idfa":null,"device_manufacturer":null,"data":{},"sample_rate":null,"dma":null,"processed_time":"2020-08-02 11:12:32.520262","device_type":null,"device_model":null,"device_carrier":null,"language":"English","platform":"Web","server_upload_time":"2020-08-02 11:12:30.335000","region":"Telangana","event_time":"2020-08-02 11:12:29.320000","ip_address":"49.206.49.225","start_version":null,"is_attribution_event":false,"$schema":12,"event_id":52,"groups":{},"uuid":"0fa6dc82-d4b1-11ea-9fc1-060ba06f65ac","amplitude_event_type":null,"location_lng":null,"server_received_time":"2020-08-02 11:12:30.326000","amplitude_id":182009921658,"event_type":"add-new-scene","country":"India","device_id":"5--sw0O1-ccfnO_Ib5dnhZ","city":"Hyderabad","user_id":"praveencapri@gmail.com"}
{"client_event_time":"2020-08-02 11:12:29.324000","$insert_id":"26c06b66-f1b1-414b-b018-bc713a0c727c","library":"amplitude-js\/6.1.0","group_properties":{},"version_name":null,"client_upload_time":"2020-08-02 11:12:29.896000","amplitude_attribution_ids":null,"device_family":null,"app":277124,"paying":null,"device_brand":null,"adid":null,"event_properties":{"new-scene-text":"While the early adopters\nof AI and other emerging technologies will have significant advantage in\nfarming"},"user_properties":{"Username":"praveencapri@gmail.com"},"os_name":"Chrome","location_lat":null,"session_id":1596366515824,"os_version":"84","user_creation_time":"2020-08-02 07:07:16.958000","idfa":null,"device_manufacturer":null,"data":{},"sample_rate":null,"dma":null,"processed_time":"2020-08-02 11:12:32.520265","device_type":null,"device_model":null,"device_carrier":null,"language":"English","platform":"Web","server_upload_time":"2020-08-02 11:12:30.335000","region":"Telangana","event_time":"2020-08-02 11:12:29.324000","ip_address":"49.206.49.225","start_version":null,"is_attribution_event":false,"$schema":12,"event_id":53,"groups":{},"uuid":"0fa6e39e-d4b1-11ea-9fc1-060ba06f65ac","amplitude_event_type":null,"location_lng":null,"server_received_time":"2020-08-02 11:12:30.326000","amplitude_id":182009921658,"event_type":"add-new-scene","country":"India","device_id":"5--sw0O1-ccfnO_Ib5dnhZ","city":"Hyderabad","user_id":"praveencapri@gmail.com"}
{"client_event_time":"2020-08-02 11:12:29.327000","$insert_id":"3d56917e-930f-4f16-b1f7-bef509e0de30","library":"amplitude-js\/6.1.0","group_properties":{},"version_name":null,"client_upload_time":"2020-08-02 11:12:29.896000","amplitude_attribution_ids":null,"device_family":null,"app":277124,"paying":null,"device_brand":null,"adid":null,"event_properties":{"new-scene-text":"While the early adopters\nof AI and other emerging technologies will have significant advantage in\nfarming"},"user_properties":{"Username":"praveencapri@gmail.com"},"os_name":"Chrome","location_lat":null,"session_id":1596366515824,"os_version":"84","user_creation_time":"2020-08-02 07:07:16.958000","idfa":null,"device_manufacturer":null,"data":{},"sample_rate":null,"dma":null,"processed_time":"2020-08-02 11:12:32.520266","device_type":null,"device_model":null,"device_carrier":null,"language":"English","platform":"Web","server_upload_time":"2020-08-02 11:12:30.335000","region":"Telangana","event_time":"2020-08-02 11:12:29.327000","ip_address":"49.206.49.225","start_version":null,"is_attribution_event":false,"$schema":12,"event_id":54,"groups":{},"uuid":"0fa6ec22-d4b1-11ea-9fc1-060ba06f65ac","amplitude_event_type":null,"location_lng":null,"server_received_time":"2020-08-02 11:12:30.326000","amplitude_id":182009921658,"event_type":"add-new-scene","country":"India","device_id":"5--sw0O1-ccfnO_Ib5dnhZ","city":"Hyderabad","user_id":"praveencapri@gmail.com"}
{"client_event_time":"2020-08-02 11:12:29.332000","$insert_id":"71c2a8a1-fa79-4693-a7b1-34ab135d9e7e","library":"amplitude-js\/6.1.0","group_properties":{},"version_name":null,"client_upload_time":"2020-08-02 11:12:29.896000","amplitude_attribution_ids":null,"device_family":null,"app":277124,"paying":null,"device_brand":null,"adid":null,"event_properties":{"new-scene-text":"While the early adopters\nof AI and other emerging technologies will have significant advantage in\nfarming"},"user_properties":{"Username":"praveencapri@gmail.com"},"os_name":"Chrome","location_lat":null,"session_id":1596366515824,"os_version":"84","user_creation_time":"2020-08-02 07:07:16.958000","idfa":null,"device_manufacturer":null,"data":{},"sample_rate":null,"dma":null,"processed_time":"2020-08-02 11:12:32.520268","device_type":null,"device_model":null,"device_carrier":null,"language":"English","platform":"Web","server_upload_time":"2020-08-02 11:12:30.335000","region":"Telangana","event_time":"2020-08-02 11:12:29.332000","ip_address":"49.206.49.225","start_version":null,"is_attribution_event":false,"$schema":12,"event_id":55,"groups":{},"uuid":"0fa6f5be-d4b1-11ea-9fc1-060ba06f65ac","amplitude_event_type":null,"location_lng":null,"server_received_time":"2020-08-02 11:12:30.326000","amplitude_id":182009921658,"event_type":"add-new-scene","country":"India","device_id":"5--sw0O1-ccfnO_Ib5dnhZ","city":"Hyderabad","user_id":"praveencapri@gmail.com"}
{"client_event_time":"2020-08-02 11:12:33.962000","$insert_id":"d1964ce0-3ca8-4fbd-ad13-d10655625830","library":"amplitude-js\/6.1.0","group_properties":{},"version_name":null,"client_upload_time":"2020-08-02 11:12:33.963000","amplitude_attribution_ids":null,"device_family":null,"app":277124,"paying":null,"device_brand":null,"adid":null,"event_properties":{"error-info":"https:\/\/brand-settings-images130431-pictory.s3.us-east-2.amazonaws.com\/public\/Google_113879456352005535409\/errors\/application\/1596366752519-crash.txt"},"user_properties":{"Username":"praveencapri@gmail.com"},"os_name":"Chrome","location_lat":null,"session_id":1596366515824,"os_version":"84","user_creation_time":"2020-08-02 07:07:16.958000","idfa":null,"device_manufacturer":null,"data":{},"sample_rate":null,"dma":null,"processed_time":"2020-08-02 11:12:36.291363","device_type":null,"device_model":null,"device_carrier":null,"language":"English","platform":"Web","server_upload_time":"2020-08-02 11:12:34.452000","region":"Telangana","event_time":"2020-08-02 11:12:33.962000","ip_address":"49.206.49.225","start_version":null,"is_attribution_event":false,"$schema":12,"event_id":56,"groups":{},"uuid":"11e6570c-d4b1-11ea-9fc1-060ba06f65ac","amplitude_event_type":null,"location_lng":null,"server_received_time":"2020-08-02 11:12:34.443000","amplitude_id":182009921658,"event_type":"app-crash","country":"India","device_id":"5--sw0O1-ccfnO_Ib5dnhZ","city":"Hyderabad","user_id":"praveencapri@gmail.com"}
{"client_event_time":"2020-08-02 11:12:34.015000","$insert_id":"8e7c10f9-767f-4396-a6e4-6268648e00e6","library":"amplitude-js\/6.1.0","group_properties":{},"version_name":null,"client_upload_time":"2020-08-02 11:12:34.606000","amplitude_attribution_ids":null,"device_family":null,"app":277124,"paying":null,"device_brand":null,"adid":null,"event_properties":{"error-info":"https:\/\/brand-settings-images130431-pictory.s3.us-east-2.amazonaws.com\/public\/Google_113879456352005535409\/errors\/application\/1596366752732-crash.txt"},"user_properties":{"Username":"praveencapri@gmail.com"},"os_name":"Chrome","location_lat":null,"session_id":1596366515824,"os_version":"84","user_creation_time":"2020-08-02 07:07:16.958000","idfa":null,"device_manufacturer":null,"data":{},"sample_rate":null,"dma":null,"processed_time":"2020-08-02 11:12:36.294233","device_type":null,"device_model":null,"device_carrier":null,"language":"English","platform":"Web","server_upload_time":"2020-08-02 11:12:35.053000","region":"Telangana","event_time":"2020-08-02 11:12:34.015000","ip_address":"49.206.49.225","start_version":null,"is_attribution_event":false,"$schema":12,"event_id":57,"groups":{},"uuid":"11e662a6-d4b1-11ea-9fc1-060ba06f65ac","amplitude_event_type":null,"location_lng":null,"server_received_time":"2020-08-02 11:12:35.040000","amplitude_id":182009921658,"event_type":"app-crash","country":"India","device_id":"5--sw0O1-ccfnO_Ib5dnhZ","city":"Hyderabad","user_id":"praveencapri@gmail.com"}
{"client_event_time":"2020-08-02 11:13:28.978000","$insert_id":"a0489f59-a67c-462a-b444-cd5502c56b5b","library":"amplitude-js\/6.1.0","group_properties":{},"version_name":null,"client_upload_time":"2020-08-02 11:13:28.980000","amplitude_attribution_ids":null,"device_family":null,"app":277124,"paying":null,"device_brand":null,"adid":null,"event_properties":{"project-category":"How AI Helps In Precision Agriculture Connected Farm Experience  Better Crop Yield","project-name":"How AI Helps In Precision Agriculture Connected Farm Experience  Better Crop Yield"},"user_properties":{"Username":"praveencapri@gmail.com"},"os_name":"Chrome","location_lat":null,"session_id":1596366515824,"os_version":"84","user_creation_time":"2020-08-02 07:07:16.958000","idfa":null,"device_manufacturer":null,"data":{},"sample_rate":null,"dma":null,"processed_time":"2020-08-02 11:13:31.891521","device_type":null,"device_model":null,"device_carrier":null,"language":"English","platform":"Web","server_upload_time":"2020-08-02 11:13:29.375000","region":"Telangana","event_time":"2020-08-02 11:13:28.978000","ip_address":"49.206.49.225","start_version":null,"is_attribution_event":false,"$schema":12,"event_id":58,"groups":{},"uuid":"3309a042-d4b1-11ea-9fc1-060ba06f65ac","amplitude_event_type":null,"location_lng":null,"server_received_time":"2020-08-02 11:13:29.370000","amplitude_id":182009921658,"event_type":"saved-video-opened","country":"India","device_id":"5--sw0O1-ccfnO_Ib5dnhZ","city":"Hyderabad","user_id":"praveencapri@gmail.com"}
{"client_event_time":"2020-08-02 11:15:04.473000","$insert_id":"0beadb24-f511-48d3-8d72-a9ca0d15135a","library":"amplitude-js\/6.1.0","group_properties":{},"version_name":null,"client_upload_time":"2020-08-02 11:15:04.476000","amplitude_attribution_ids":null,"device_family":null,"app":277124,"paying":null,"device_brand":null,"adid":null,"event_properties":{"new-scene-text":"While the early adopters\nof AI and other emerging technologies will have a significant advantage in\nfarming"},"user_properties":{"Username":"praveencapri@gmail.com"},"os_name":"Chrome","location_lat":null,"session_id":1596366515824,"os_version":"84","user_creation_time":"2020-08-02 07:07:16.958000","idfa":null,"device_manufacturer":null,"data":{},"sample_rate":null,"dma":null,"processed_time":"2020-08-02 11:15:05.742659","device_type":null,"device_model":null,"device_carrier":null,"language":"English","platform":"Web","server_upload_time":"2020-08-02 11:15:04.867000","region":"Telangana","event_time":"2020-08-02 11:15:04.473000","ip_address":"49.206.49.225","start_version":null,"is_attribution_event":false,"$schema":12,"event_id":59,"groups":{},"uuid":"6af831c6-d4b1-11ea-9fc1-060ba06f65ac","amplitude_event_type":null,"location_lng":null,"server_received_time":"2020-08-02 11:15:04.861000","amplitude_id":182009921658,"event_type":"add-new-scene","country":"India","device_id":"5--sw0O1-ccfnO_Ib5dnhZ","city":"Hyderabad","user_id":"praveencapri@gmail.com"}
{"client_event_time":"2020-08-02 11:15:14.763000","$insert_id":"752cc531-9837-4fb7-b72a-bfb49db80ed8","library":"amplitude-js\/6.1.0","group_properties":{},"version_name":null,"client_upload_time":"2020-08-02 11:15:14.764000","amplitude_attribution_ids":null,"device_family":null,"app":277124,"paying":null,"device_brand":null,"adid":null,"event_properties":{"project-category":"How AI Helps In Precision Agriculture Connected Farm Experience  Better Crop Yield","save-type":"Saved Video","project-name":"How AI Helps In Precision Agriculture Connected Farm Experience  Better Crop Yield","project-id":664893570},"user_properties":{"Username":"praveencapri@gmail.com"},"os_name":"Chrome","location_lat":null,"session_id":1596366515824,"os_version":"84","user_creation_time":"2020-08-02 07:07:16.958000","idfa":null,"device_manufacturer":null,"data":{},"sample_rate":null,"dma":null,"processed_time":"2020-08-02 11:15:17.544965","device_type":null,"device_model":null,"device_carrier":null,"language":"English","platform":"Web","server_upload_time":"2020-08-02 11:15:15.203000","region":"Telangana","event_time":"2020-08-02 11:15:14.763000","ip_address":"49.206.49.225","start_version":null,"is_attribution_event":false,"$schema":12,"event_id":60,"groups":{},"uuid":"7202da70-d4b1-11ea-9fc1-060ba06f65ac","amplitude_event_type":null,"location_lng":null,"server_received_time":"2020-08-02 11:15:15.192000","amplitude_id":182009921658,"event_type":"video-saved","country":"India","device_id":"5--sw0O1-ccfnO_Ib5dnhZ","city":"Hyderabad","user_id":"praveencapri@gmail.com"}
{"client_event_time":"2020-08-02 11:15:35.433000","$insert_id":"07f78849-b1db-48fd-bb52-eb69123a7435","library":"amplitude-js\/6.1.0","group_properties":{},"version_name":null,"client_upload_time":"2020-08-02 11:15:35.434000","amplitude_attribution_ids":null,"device_family":null,"app":277124,"paying":null,"device_brand":null,"adid":null,"event_properties":{"new-scene-text":"\u2026it will make Precision\nAgriculture and Sustainable farming a reality, benefitting the whole mankind!"},"user_properties":{"Username":"praveencapri@gmail.com"},"os_name":"Chrome","location_lat":null,"session_id":1596366515824,"os_version":"84","user_creation_time":"2020-08-02 07:07:16.958000","idfa":null,"device_manufacturer":null,"data":{},"sample_rate":null,"dma":null,"processed_time":"2020-08-02 11:15:38.336211","device_type":null,"device_model":null,"device_carrier":null,"language":"English","platform":"Web","server_upload_time":"2020-08-02 11:15:35.823000","region":"Telangana","event_time":"2020-08-02 11:15:35.433000","ip_address":"49.206.49.225","start_version":null,"is_attribution_event":false,"$schema":12,"event_id":61,"groups":{},"uuid":"7e68810c-d4b1-11ea-9fc1-060ba06f65ac","amplitude_event_type":null,"location_lng":null,"server_received_time":"2020-08-02 11:15:35.814000","amplitude_id":182009921658,"event_type":"add-new-scene","country":"India","device_id":"5--sw0O1-ccfnO_Ib5dnhZ","city":"Hyderabad","user_id":"praveencapri@gmail.com"}
{"client_event_time":"2020-08-02 11:15:36.656000","$insert_id":"00af82ae-1604-41e0-b83e-39cea2e5a2b2","library":"amplitude-js\/6.1.0","group_properties":{},"version_name":null,"client_upload_time":"2020-08-02 11:15:38.288000","amplitude_attribution_ids":null,"device_family":null,"app":277124,"paying":null,"device_brand":null,"adid":null,"event_properties":{"new-text":"\u2026it will make Precision\nAgriculture and Sustainable farming a reality, benefitting the whole mankind!"},"user_properties":{"Username":"praveencapri@gmail.com"},"os_name":"Chrome","location_lat":null,"session_id":1596366515824,"os_version":"84","user_creation_time":"2020-08-02 07:07:16.958000","idfa":null,"device_manufacturer":null,"data":{},"sample_rate":null,"dma":null,"processed_time":"2020-08-02 11:15:41.327949","device_type":null,"device_model":null,"device_carrier":null,"language":"English","platform":"Web","server_upload_time":"2020-08-02 11:15:38.727000","region":"Telangana","event_time":"2020-08-02 11:15:36.656000","ip_address":"49.206.49.225","start_version":null,"is_attribution_event":false,"$schema":12,"event_id":62,"groups":{},"uuid":"802f0c04-d4b1-11ea-9fc1-060ba06f65ac","amplitude_event_type":null,"location_lng":null,"server_received_time":"2020-08-02 11:15:38.722000","amplitude_id":182009921658,"event_type":"edit-scene-text","country":"India","device_id":"5--sw0O1-ccfnO_Ib5dnhZ","city":"Hyderabad","user_id":"praveencapri@gmail.com"}
{"client_event_time":"2020-08-02 11:15:40.523000","$insert_id":"69f4fb25-6316-4c80-aa23-e8a187c3e892","library":"amplitude-js\/6.1.0","group_properties":{},"version_name":null,"client_upload_time":"2020-08-02 11:15:40.524000","amplitude_attribution_ids":null,"device_family":null,"app":277124,"paying":null,"device_brand":null,"adid":null,"event_properties":{"project-category":"How AI Helps In Precision Agriculture Connected Farm Experience  Better Crop Yield","save-type":"Saved Video","project-name":"How AI Helps In Precision Agriculture Connected Farm Experience  Better Crop Yield","project-id":664893570},"user_properties":{"Username":"praveencapri@gmail.com"},"os_name":"Chrome","location_lat":null,"session_id":1596366515824,"os_version":"84","user_creation_time":"2020-08-02 07:07:16.958000","idfa":null,"device_manufacturer":null,"data":{},"sample_rate":null,"dma":null,"processed_time":"2020-08-02 11:15:43.491333","device_type":null,"device_model":null,"device_carrier":null,"language":"English","platform":"Web","server_upload_time":"2020-08-02 11:15:40.916000","region":"Telangana","event_time":"2020-08-02 11:15:40.523000","ip_address":"49.206.49.225","start_version":null,"is_attribution_event":false,"$schema":12,"event_id":63,"groups":{},"uuid":"8179d77e-d4b1-11ea-9fc1-060ba06f65ac","amplitude_event_type":null,"location_lng":null,"server_received_time":"2020-08-02 11:15:40.908000","amplitude_id":182009921658,"event_type":"video-saved","country":"India","device_id":"5--sw0O1-ccfnO_Ib5dnhZ","city":"Hyderabad","user_id":"praveencapri@gmail.com"}
{"client_event_time":"2020-08-02 11:15:47.954000","$insert_id":"40be06a0-12bd-4b13-9c05-dcbbd95ed794","library":"amplitude-js\/6.1.0","group_properties":{},"version_name":null,"client_upload_time":"2020-08-02 11:15:47.955000","amplitude_attribution_ids":null,"device_family":null,"app":277124,"paying":null,"device_brand":null,"adid":null,"event_properties":{"project-category":"How AI Helps In Precision Agriculture Connected Farm Experience  Better Crop Yield","save-type":"Saved Video","project-name":"How AI Helps In Precision Agriculture Connected Farm Experience  Better Crop Yield","project-id":664893570},"user_properties":{"Username":"praveencapri@gmail.com"},"os_name":"Chrome","location_lat":null,"session_id":1596366515824,"os_version":"84","user_creation_time":"2020-08-02 07:07:16.958000","idfa":null,"device_manufacturer":null,"data":{},"sample_rate":null,"dma":null,"processed_time":"2020-08-02 11:15:49.985699","device_type":null,"device_model":null,"device_carrier":null,"language":"English","platform":"Web","server_upload_time":"2020-08-02 11:15:48.499000","region":"Telangana","event_time":"2020-08-02 11:15:47.954000","ip_address":"49.206.49.225","start_version":null,"is_attribution_event":false,"$schema":12,"event_id":64,"groups":{},"uuid":"855a21d2-d4b1-11ea-9fc1-060ba06f65ac","amplitude_event_type":null,"location_lng":null,"server_received_time":"2020-08-02 11:15:48.480000","amplitude_id":182009921658,"event_type":"video-saved","country":"India","device_id":"5--sw0O1-ccfnO_Ib5dnhZ","city":"Hyderabad","user_id":"praveencapri@gmail.com"}
{"client_event_time":"2020-08-02 11:16:09.462000","$insert_id":"12f352a2-912b-4510-97ff-ad59a71cc515","library":"amplitude-js\/6.1.0","group_properties":{},"version_name":null,"client_upload_time":"2020-08-02 11:16:09.467000","amplitude_attribution_ids":null,"device_family":null,"app":277124,"paying":null,"device_brand":null,"adid":null,"event_properties":{"new-scene-text":"Thanks for watching!!!"},"user_properties":{"Username":"praveencapri@gmail.com"},"os_name":"Chrome","location_lat":null,"session_id":1596366515824,"os_version":"84","user_creation_time":"2020-08-02 07:07:16.958000","idfa":null,"device_manufacturer":null,"data":{},"sample_rate":null,"dma":null,"processed_time":"2020-08-02 11:16:12.056860","device_type":null,"device_model":null,"device_carrier":null,"language":"English","platform":"Web","server_upload_time":"2020-08-02 11:16:09.868000","region":"Telangana","event_time":"2020-08-02 11:16:09.462000","ip_address":"49.206.49.225","start_version":null,"is_attribution_event":false,"$schema":12,"event_id":65,"groups":{},"uuid":"92804062-d4b1-11ea-9fc1-060ba06f65ac","amplitude_event_type":null,"location_lng":null,"server_received_time":"2020-08-02 11:16:09.857000","amplitude_id":182009921658,"event_type":"add-new-scene","country":"India","device_id":"5--sw0O1-ccfnO_Ib5dnhZ","city":"Hyderabad","user_id":"praveencapri@gmail.com"}
{"client_event_time":"2020-08-02 11:16:20.530000","$insert_id":"0a67ae1c-1954-40b5-9363-542cd1f332d3","library":"amplitude-js\/6.1.0","group_properties":{},"version_name":null,"client_upload_time":"2020-08-02 11:16:20.533000","amplitude_attribution_ids":null,"device_family":null,"app":277124,"paying":null,"device_brand":null,"adid":null,"event_properties":{"project-category":"How AI Helps In Precision Agriculture Connected Farm Experience  Better Crop Yield","save-type":"Saved Video","project-name":"How AI Helps In Precision Agriculture Connected Farm Experience  Better Crop Yield","project-id":664893570},"user_properties":{"Username":"praveencapri@gmail.com"},"os_name":"Chrome","location_lat":null,"session_id":1596366515824,"os_version":"84","user_creation_time":"2020-08-02 07:07:16.958000","idfa":null,"device_manufacturer":null,"data":{},"sample_rate":null,"dma":null,"processed_time":"2020-08-02 11:16:22.769228","device_type":null,"device_model":null,"device_carrier":null,"language":"English","platform":"Web","server_upload_time":"2020-08-02 11:16:21.031000","region":"Telangana","event_time":"2020-08-02 11:16:20.530000","ip_address":"49.206.49.225","start_version":null,"is_attribution_event":false,"$schema":12,"event_id":66,"groups":{},"uuid":"98e281d6-d4b1-11ea-9fc1-060ba06f65ac","amplitude_event_type":null,"location_lng":null,"server_received_time":"2020-08-02 11:16:21.026000","amplitude_id":182009921658,"event_type":"video-saved","country":"India","device_id":"5--sw0O1-ccfnO_Ib5dnhZ","city":"Hyderabad","user_id":"praveencapri@gmail.com"}
{"client_event_time":"2020-08-02 11:19:51.174000","$insert_id":"0dc7c5fc-3000-4549-aae6-41681d0dbded","library":"amplitude-js\/6.1.0","group_properties":{},"version_name":null,"client_upload_time":"2020-08-02 11:19:51.206000","amplitude_attribution_ids":null,"device_family":null,"app":277124,"paying":null,"device_brand":null,"adid":null,"event_properties":{"project-id":664893570,"source":"Visuals"},"user_properties":{"Username":"praveencapri@gmail.com"},"os_name":"Chrome","location_lat":null,"session_id":1596366515824,"os_version":"84","user_creation_time":"2020-08-02 07:07:16.958000","idfa":null,"device_manufacturer":null,"data":{},"sample_rate":null,"dma":null,"processed_time":"2020-08-02 11:19:53.729221","device_type":null,"device_model":null,"device_carrier":null,"language":"English","platform":"Web","server_upload_time":"2020-08-02 11:19:51.940000","region":"Telangana","event_time":"2020-08-02 11:19:51.174000","ip_address":"49.206.49.225","start_version":null,"is_attribution_event":false,"$schema":12,"event_id":67,"groups":{},"uuid":"16a0aeae-d4b2-11ea-9fc1-060ba06f65ac","amplitude_event_type":null,"location_lng":null,"server_received_time":"2020-08-02 11:19:51.932000","amplitude_id":182009921658,"event_type":"recent-clicked","country":"India","device_id":"5--sw0O1-ccfnO_Ib5dnhZ","city":"Hyderabad","user_id":"praveencapri@gmail.com"}
{"client_event_time":"2020-08-02 11:20:34.238000","$insert_id":"0d559710-189f-40a5-b5bb-d833209b675f","library":"amplitude-js\/6.1.0","group_properties":{},"version_name":null,"client_upload_time":"2020-08-02 11:20:34.240000","amplitude_attribution_ids":null,"device_family":null,"app":277124,"paying":null,"device_brand":null,"adid":null,"event_properties":{"project-id":664893570,"search-term":"smart farming","search-type":"All"},"user_properties":{"Username":"praveencapri@gmail.com"},"os_name":"Chrome","location_lat":null,"session_id":1596366515824,"os_version":"84","user_creation_time":"2020-08-02 07:07:16.958000","idfa":null,"device_manufacturer":null,"data":{},"sample_rate":null,"dma":null,"processed_time":"2020-08-02 11:20:36.276999","device_type":null,"device_model":null,"device_carrier":null,"language":"English","platform":"Web","server_upload_time":"2020-08-02 11:20:34.676000","region":"Telangana","event_time":"2020-08-02 11:20:34.238000","ip_address":"49.206.49.225","start_version":null,"is_attribution_event":false,"$schema":12,"event_id":68,"groups":{},"uuid":"2ffee596-d4b2-11ea-9fc1-060ba06f65ac","amplitude_event_type":null,"location_lng":null,"server_received_time":"2020-08-02 11:20:34.664000","amplitude_id":182009921658,"event_type":"asset-searched","country":"India","device_id":"5--sw0O1-ccfnO_Ib5dnhZ","city":"Hyderabad","user_id":"praveencapri@gmail.com"}
{"client_event_time":"2020-08-02 11:21:15.857000","$insert_id":"2b679c2a-2d1a-4ebb-b691-0fc8c701c231","library":"amplitude-js\/6.1.0","group_properties":{},"version_name":null,"client_upload_time":"2020-08-02 11:21:15.861000","amplitude_attribution_ids":null,"device_family":null,"app":277124,"paying":null,"device_brand":null,"adid":null,"event_properties":{"project-id":664893570,"source":"Visual Library","scene-text":"technologies will have a significant advantage in farming","old-image":"https:\/\/kta7t51vz9.execute-api.us-east-2.amazonaws.com\/prod\/api\/v1\/libraries\/story_blocks\/video\/preview\/10251208.mp4","new-image":"https:\/\/kta7t51vz9.execute-api.us-east-2.amazonaws.com\/prod\/api\/v1\/libraries\/pixa_bay\/image\/largeImageURL\/2345580.jpg"},"user_properties":{"Username":"praveencapri@gmail.com"},"os_name":"Chrome","location_lat":null,"session_id":1596366515824,"os_version":"84","user_creation_time":"2020-08-02 07:07:16.958000","idfa":null,"device_manufacturer":null,"data":{},"sample_rate":null,"dma":null,"processed_time":"2020-08-02 11:21:17.566894","device_type":null,"device_model":null,"device_carrier":null,"language":"English","platform":"Web","server_upload_time":"2020-08-02 11:21:16.259000","region":"Telangana","event_time":"2020-08-02 11:21:15.857000","ip_address":"49.206.49.225","start_version":null,"is_attribution_event":false,"$schema":12,"event_id":69,"groups":{},"uuid":"489a0b76-d4b2-11ea-9fc1-060ba06f65ac","amplitude_event_type":null,"location_lng":null,"server_received_time":"2020-08-02 11:21:16.249000","amplitude_id":182009921658,"event_type":"image-replaced","country":"India","device_id":"5--sw0O1-ccfnO_Ib5dnhZ","city":"Hyderabad","user_id":"praveencapri@gmail.com"}
{"client_event_time":"2020-08-02 11:21:19.884000","$insert_id":"90a07ad8-d665-4d57-88ae-57f94c045205","library":"amplitude-js\/6.1.0","group_properties":{},"version_name":null,"client_upload_time":"2020-08-02 11:21:19.885000","amplitude_attribution_ids":null,"device_family":null,"app":277124,"paying":null,"device_brand":null,"adid":null,"event_properties":{"project-category":"How AI Helps In Precision Agriculture Connected Farm Experience  Better Crop Yield","save-type":"Saved Video","project-name":"How AI Helps In Precision Agriculture Connected Farm Experience  Better Crop Yield","project-id":664893570},"user_properties":{"Username":"praveencapri@gmail.com"},"os_name":"Chrome","location_lat":null,"session_id":1596366515824,"os_version":"84","user_creation_time":"2020-08-02 07:07:16.958000","idfa":null,"device_manufacturer":null,"data":{},"sample_rate":null,"dma":null,"processed_time":"2020-08-02 11:21:20.991038","device_type":null,"device_model":null,"device_carrier":null,"language":"English","platform":"Web","server_upload_time":"2020-08-02 11:21:20.354000","region":"Telangana","event_time":"2020-08-02 11:21:19.884000","ip_address":"49.206.49.225","start_version":null,"is_attribution_event":false,"$schema":12,"event_id":70,"groups":{},"uuid":"4aa4fd54-d4b2-11ea-9fc1-060ba06f65ac","amplitude_event_type":null,"location_lng":null,"server_received_time":"2020-08-02 11:21:20.337000","amplitude_id":182009921658,"event_type":"video-saved","country":"India","device_id":"5--sw0O1-ccfnO_Ib5dnhZ","city":"Hyderabad","user_id":"praveencapri@gmail.com"}
{"client_event_time":"2020-08-02 11:22:05.591000","$insert_id":"ac80fe7e-12c9-4697-a8fb-ed379bcceb66","library":"amplitude-js\/6.1.0","group_properties":{},"version_name":null,"client_upload_time":"2020-08-02 11:22:05.597000","amplitude_attribution_ids":null,"device_family":null,"app":277124,"paying":null,"device_brand":null,"adid":null,"event_properties":{"project-id":664893570,"search-term":"agriculture couple","search-type":"All"},"user_properties":{"Username":"praveencapri@gmail.com"},"os_name":"Chrome","location_lat":null,"session_id":1596366515824,"os_version":"84","user_creation_time":"2020-08-02 07:07:16.958000","idfa":null,"device_manufacturer":null,"data":{},"sample_rate":null,"dma":null,"processed_time":"2020-08-02 11:22:06.352317","device_type":null,"device_model":null,"device_carrier":null,"language":"English","platform":"Web","server_upload_time":"2020-08-02 11:22:05.990000","region":"Telangana","event_time":"2020-08-02 11:22:05.591000","ip_address":"49.206.49.225","start_version":null,"is_attribution_event":false,"$schema":12,"event_id":71,"groups":{},"uuid":"65af25fc-d4b2-11ea-9fc1-060ba06f65ac","amplitude_event_type":null,"location_lng":null,"server_received_time":"2020-08-02 11:22:05.981000","amplitude_id":182009921658,"event_type":"asset-searched","country":"India","device_id":"5--sw0O1-ccfnO_Ib5dnhZ","city":"Hyderabad","user_id":"praveencapri@gmail.com"}
{"client_event_time":"2020-08-02 11:22:13.978000","$insert_id":"64aa6199-8b8a-48c2-abdc-4b68785a8ca8","library":"amplitude-js\/6.1.0","group_properties":{},"version_name":null,"client_upload_time":"2020-08-02 11:22:13.979000","amplitude_attribution_ids":null,"device_family":null,"app":277124,"paying":null,"device_brand":null,"adid":null,"event_properties":{"project-id":664893570,"source":"Visuals"},"user_properties":{"Username":"praveencapri@gmail.com"},"os_name":"Chrome","location_lat":null,"session_id":1596366515824,"os_version":"84","user_creation_time":"2020-08-02 07:07:16.958000","idfa":null,"device_manufacturer":null,"data":{},"sample_rate":null,"dma":null,"processed_time":"2020-08-02 11:22:15.081505","device_type":null,"device_model":null,"device_carrier":null,"language":"English","platform":"Web","server_upload_time":"2020-08-02 11:22:14.513000","region":"Telangana","event_time":"2020-08-02 11:22:13.978000","ip_address":"49.206.49.225","start_version":null,"is_attribution_event":false,"$schema":12,"event_id":72,"groups":{},"uuid":"6ae0cc92-d4b2-11ea-9fc1-060ba06f65ac","amplitude_event_type":null,"location_lng":null,"server_received_time":"2020-08-02 11:22:14.505000","amplitude_id":182009921658,"event_type":"recent-clicked","country":"India","device_id":"5--sw0O1-ccfnO_Ib5dnhZ","city":"Hyderabad","user_id":"praveencapri@gmail.com"}
{"client_event_time":"2020-08-02 11:23:13.316000","$insert_id":"f15255e9-7dc4-4997-8ff1-dd8b1abe85f9","library":"amplitude-js\/6.1.0","group_properties":{},"version_name":null,"client_upload_time":"2020-08-02 11:23:13.319000","amplitude_attribution_ids":null,"device_family":null,"app":277124,"paying":null,"device_brand":null,"adid":null,"event_properties":{"project-id":664893570},"user_properties":{"Username":"praveencapri@gmail.com"},"os_name":"Chrome","location_lat":null,"session_id":1596366515824,"os_version":"84","user_creation_time":"2020-08-02 07:07:16.958000","idfa":null,"device_manufacturer":null,"data":{},"sample_rate":null,"dma":null,"processed_time":"2020-08-02 11:23:16.350342","device_type":null,"device_model":null,"device_carrier":null,"language":"English","platform":"Web","server_upload_time":"2020-08-02 11:23:13.718000","region":"Telangana","event_time":"2020-08-02 11:23:13.316000","ip_address":"49.206.49.225","start_version":null,"is_attribution_event":false,"$schema":12,"event_id":73,"groups":{},"uuid":"8f65a25e-d4b2-11ea-9fc1-060ba06f65ac","amplitude_event_type":null,"location_lng":null,"server_received_time":"2020-08-02 11:23:13.706000","amplitude_id":182009921658,"event_type":"upload-clicked","country":"India","device_id":"5--sw0O1-ccfnO_Ib5dnhZ","city":"Hyderabad","user_id":"praveencapri@gmail.com"}
{"client_event_time":"2020-08-02 11:23:24.966000","$insert_id":"f42b94e2-e952-4658-b80b-374cb4f717fd","library":"amplitude-js\/6.1.0","group_properties":{},"version_name":null,"client_upload_time":"2020-08-02 11:23:24.967000","amplitude_attribution_ids":null,"device_family":null,"app":277124,"paying":null,"device_brand":null,"adid":null,"event_properties":{"project-id":664893570,"source":"Upload Image","old-image":"https:\/\/kta7t51vz9.execute-api.us-east-2.amazonaws.com\/prod\/api\/v1\/libraries\/pixa_bay\/video\/large\/7534.mp4","new-image":"https:\/\/brand-settings-images130431-pictory.s3.us-east-2.amazonaws.com\/public\/Google_113879456352005535409\/videos\/Innominds_Logo_Aud.mp4"},"user_properties":{"Username":"praveencapri@gmail.com"},"os_name":"Chrome","location_lat":null,"session_id":1596366515824,"os_version":"84","user_creation_time":"2020-08-02 07:07:16.958000","idfa":null,"device_manufacturer":null,"data":{},"sample_rate":null,"dma":null,"processed_time":"2020-08-02 11:23:26.927945","device_type":null,"device_model":null,"device_carrier":null,"language":"English","platform":"Web","server_upload_time":"2020-08-02 11:23:25.354000","region":"Telangana","event_time":"2020-08-02 11:23:24.966000","ip_address":"49.206.49.225","start_version":null,"is_attribution_event":false,"$schema":12,"event_id":74,"groups":{},"uuid":"95b5cc42-d4b2-11ea-9fc1-060ba06f65ac","amplitude_event_type":null,"location_lng":null,"server_received_time":"2020-08-02 11:23:25.347000","amplitude_id":182009921658,"event_type":"image-replaced","country":"India","device_id":"5--sw0O1-ccfnO_Ib5dnhZ","city":"Hyderabad","user_id":"praveencapri@gmail.com"}
{"client_event_time":"2020-08-02 11:23:28.250000","$insert_id":"65aa129b-33a5-49f2-9f96-0e2bacff4e9c","library":"amplitude-js\/6.1.0","group_properties":{},"version_name":null,"client_upload_time":"2020-08-02 11:23:28.251000","amplitude_attribution_ids":null,"device_family":null,"app":277124,"paying":null,"device_brand":null,"adid":null,"event_properties":{"project-category":"How AI Helps In Precision Agriculture Connected Farm Experience  Better Crop Yield","save-type":"Saved Video","project-name":"How AI Helps In Precision Agriculture Connected Farm Experience  Better Crop Yield","project-id":664893570},"user_properties":{"Username":"praveencapri@gmail.com"},"os_name":"Chrome","location_lat":null,"session_id":1596366515824,"os_version":"84","user_creation_time":"2020-08-02 07:07:16.958000","idfa":null,"device_manufacturer":null,"data":{},"sample_rate":null,"dma":null,"processed_time":"2020-08-02 11:23:30.725139","device_type":null,"device_model":null,"device_carrier":null,"language":"English","platform":"Web","server_upload_time":"2020-08-02 11:23:28.686000","region":"Telangana","event_time":"2020-08-02 11:23:28.250000","ip_address":"49.206.49.225","start_version":null,"is_attribution_event":false,"$schema":12,"event_id":75,"groups":{},"uuid":"97f94bd2-d4b2-11ea-9fc1-060ba06f65ac","amplitude_event_type":null,"location_lng":null,"server_received_time":"2020-08-02 11:23:28.674000","amplitude_id":182009921658,"event_type":"video-saved","country":"India","device_id":"5--sw0O1-ccfnO_Ib5dnhZ","city":"Hyderabad","user_id":"praveencapri@gmail.com"}
{"client_event_time":"2020-08-02 11:24:08.844000","$insert_id":"6b75e49f-d862-4713-a2ad-6373e35a9a06","library":"amplitude-js\/6.1.0","group_properties":{},"version_name":null,"client_upload_time":"2020-08-02 11:24:08.846000","amplitude_attribution_ids":null,"device_family":null,"app":277124,"paying":null,"device_brand":null,"adid":null,"event_properties":{"article-link":"https:\/\/www.innominds.com\/blog\/how-ai-helps-in-precision-agriculture-connected-farm-experience-better-crop-yield","project-id":664893570},"user_properties":{"Username":"praveencapri@gmail.com"},"os_name":"Chrome","location_lat":null,"session_id":1596366515824,"os_version":"84","user_creation_time":"2020-08-02 07:07:16.958000","idfa":null,"device_manufacturer":null,"data":{},"sample_rate":null,"dma":null,"processed_time":"2020-08-02 11:24:09.637130","device_type":null,"device_model":null,"device_carrier":null,"language":"English","platform":"Web","server_upload_time":"2020-08-02 11:24:09.234000","region":"Telangana","event_time":"2020-08-02 11:24:08.844000","ip_address":"49.206.49.225","start_version":null,"is_attribution_event":false,"$schema":12,"event_id":76,"groups":{},"uuid":"af2a9b94-d4b2-11ea-9fc1-060ba06f65ac","amplitude_event_type":null,"location_lng":null,"server_received_time":"2020-08-02 11:24:09.226000","amplitude_id":182009921658,"event_type":"preview-clicked","country":"India","device_id":"5--sw0O1-ccfnO_Ib5dnhZ","city":"Hyderabad","user_id":"praveencapri@gmail.com"}
{"event_time":"2020-08-02 11:24:30.363000","client_upload_time":"2020-08-02 11:24:30.365000","groups":{},"version_name":null,"data":{"first_event":true},"platform":"Web","os_name":"Chrome","device_family":null,"user_id":"amadomendez70@gmail.com","ip_address":"73.206.6.103","location_lng":null,"amplitude_attribution_ids":null,"language":"Spanish","group_properties":{},"dma":"Houston, TX","session_id":1596367268585,"amplitude_id":182037593005,"library":"amplitude-js\/6.1.0","idfa":null,"location_lat":null,"device_carrier":null,"event_properties":{"provider":"Google"},"event_id":1,"is_attribution_event":false,"$schema":12,"start_version":null,"device_id":"dXB1gkos-ZUPUQwf7pzBAe","app":277124,"server_upload_time":"2020-08-02 11:24:32.775000","event_type":"user-signup","processed_time":"2020-08-02 11:24:34.244424","device_manufacturer":null,"$insert_id":"a1d4a994-d63d-45db-9675-c3aa883f19ae","sample_rate":null,"user_creation_time":"2020-08-02 11:24:30.363000","city":"Houston","region":"Texas","device_brand":null,"device_model":null,"adid":null,"amplitude_event_type":null,"client_event_time":"2020-08-02 11:24:30.363000","device_type":null,"paying":null,"user_properties":{"Username":"amadomendez70@gmail.com"},"country":"United States","server_received_time":"2020-08-02 11:24:32.763000","uuid":"bdcf1abc-d4b2-11ea-9128-023e32e0be0b","os_version":"84"}
{"event_time":"2020-08-02 11:24:30.367000","client_upload_time":"2020-08-02 11:24:30.846000","groups":{},"version_name":null,"data":{},"platform":"Web","os_name":"Chrome","device_family":null,"user_id":"amadomendez70@gmail.com","ip_address":"73.206.6.103","location_lng":null,"amplitude_attribution_ids":null,"language":"Spanish","group_properties":{},"dma":"Houston, TX","session_id":1596367268585,"amplitude_id":182037593005,"library":"amplitude-js\/6.1.0","idfa":null,"location_lat":null,"device_carrier":null,"event_properties":{},"event_id":2,"is_attribution_event":false,"$schema":12,"start_version":null,"device_id":"dXB1gkos-ZUPUQwf7pzBAe","app":277124,"server_upload_time":"2020-08-02 11:24:33.074000","event_type":"trial-activated","processed_time":"2020-08-02 11:24:34.281109","device_manufacturer":null,"$insert_id":"1e190387-0921-4ede-b33c-e672a7fb3f5b","sample_rate":null,"user_creation_time":"2020-08-02 11:24:30.363000","city":"Houston","region":"Texas","device_brand":null,"device_model":null,"adid":null,"amplitude_event_type":null,"client_event_time":"2020-08-02 11:24:30.367000","device_type":null,"paying":null,"user_properties":{"Username":"amadomendez70@gmail.com"},"country":"United States","server_received_time":"2020-08-02 11:24:33.063000","uuid":"bdcf2bba-d4b2-11ea-9128-023e32e0be0b","os_version":"84"}
{"client_event_time":"2020-08-02 11:29:47.371000","$insert_id":"a8b209cb-750b-453e-816b-24fd357ec5e4","library":"amplitude-js\/6.1.0","group_properties":{},"version_name":null,"client_upload_time":"2020-08-02 11:29:47.373000","amplitude_attribution_ids":null,"device_family":null,"app":277124,"paying":null,"device_brand":null,"adid":null,"event_properties":{"total-videos":19,"track-name":"Fly With My Dreams","total-scenes":20,"total-video-time-in-seconds":163,"total-images":1,"total-video-time-in-minutes":"2.72","project-id":664893570,"total-time-to-generate-in-minutes":"15.97","total-scenes-with-original-image":18,"total-sub-scenes":11,"total-time-to-generate-in-seconds":958},"user_properties":{"Username":"praveencapri@gmail.com"},"os_name":"Chrome","location_lat":null,"session_id":1596366515824,"os_version":"84","user_creation_time":"2020-08-02 07:07:16.958000","idfa":null,"device_manufacturer":null,"data":{},"sample_rate":null,"dma":null,"processed_time":"2020-08-02 11:29:49.750697","device_type":null,"device_model":null,"device_carrier":null,"language":"English","platform":"Web","server_upload_time":"2020-08-02 11:29:48.083000","region":"Telangana","event_time":"2020-08-02 11:29:47.371000","ip_address":"49.206.49.225","start_version":null,"is_attribution_event":false,"$schema":12,"event_id":77,"groups":{},"uuid":"79e07c46-d4b3-11ea-9fc1-060ba06f65ac","amplitude_event_type":null,"location_lng":null,"server_received_time":"2020-08-02 11:29:48.072000","amplitude_id":182009921658,"event_type":"generate-clicked","country":"India","device_id":"5--sw0O1-ccfnO_Ib5dnhZ","city":"Hyderabad","user_id":"praveencapri@gmail.com"}
{"user_properties":{"Username":"praveencapri@gmail.com"},"$schema":12,"dma":null,"library":"amplitude-js\/6.1.0","session_id":1596366515824,"device_brand":null,"client_event_time":"2020-08-02 11:33:37.763000","user_creation_time":"2020-08-02 07:07:16.958000","amplitude_event_type":null,"group_properties":{},"amplitude_id":182009921658,"platform":"Web","version_name":null,"user_id":"praveencapri@gmail.com","event_properties":{},"location_lng":null,"groups":{},"location_lat":null,"country":"India","city":"Hyderabad","event_type":"video-generation-canceled","event_id":78,"adid":null,"server_received_time":"2020-08-02 11:33:41.107000","device_id":"5--sw0O1-ccfnO_Ib5dnhZ","paying":null,"event_time":"2020-08-02 11:33:37.763000","os_version":"84","server_upload_time":"2020-08-02 11:33:41.113000","amplitude_attribution_ids":null,"$insert_id":"64845929-c45d-4cd7-bbd1-48e24cc3696b","app":277124,"device_model":null,"device_manufacturer":null,"data":{},"idfa":null,"is_attribution_event":false,"device_family":null,"ip_address":"49.206.49.225","start_version":null,"region":"Telangana","client_upload_time":"2020-08-02 11:33:37.766000","language":"English","os_name":"Chrome","processed_time":"2020-08-02 11:33:46.564250","device_carrier":null,"device_type":null,"uuid":"06fd3ab0-d4b4-11ea-81c1-06fc158e4c21","sample_rate":null}
{"user_properties":{"Username":"praveencapri@gmail.com"},"$schema":12,"dma":null,"library":"amplitude-js\/6.1.0","session_id":1596366515824,"device_brand":null,"client_event_time":"2020-08-02 11:34:04.181000","user_creation_time":"2020-08-02 07:07:16.958000","amplitude_event_type":null,"group_properties":{},"amplitude_id":182009921658,"platform":"Web","version_name":null,"user_id":"praveencapri@gmail.com","event_properties":{"project-id":664893570,"article-link":"https:\/\/www.innominds.com\/blog\/how-ai-helps-in-precision-agriculture-connected-farm-experience-better-crop-yield"},"location_lng":null,"groups":{},"location_lat":null,"country":"India","city":"Hyderabad","event_type":"preview-clicked","event_id":79,"adid":null,"server_received_time":"2020-08-02 11:34:05.473000","device_id":"5--sw0O1-ccfnO_Ib5dnhZ","paying":null,"event_time":"2020-08-02 11:34:04.181000","os_version":"84","server_upload_time":"2020-08-02 11:34:05.481000","amplitude_attribution_ids":null,"$insert_id":"1fd79328-6a42-42bf-8703-838d45157794","app":277124,"device_model":null,"device_manufacturer":null,"data":{},"idfa":null,"is_attribution_event":false,"device_family":null,"ip_address":"49.206.49.225","start_version":null,"region":"Telangana","client_upload_time":"2020-08-02 11:34:04.182000","language":"English","os_name":"Chrome","processed_time":"2020-08-02 11:34:06.843709","device_carrier":null,"device_type":null,"uuid":"1320c668-d4b4-11ea-81c1-06fc158e4c21","sample_rate":null}
{"user_properties":{"Username":"praveencapri@gmail.com"},"$schema":12,"dma":null,"library":"amplitude-js\/6.1.0","session_id":1596366515824,"device_brand":null,"client_event_time":"2020-08-02 11:34:12.773000","user_creation_time":"2020-08-02 07:07:16.958000","amplitude_event_type":null,"group_properties":{},"amplitude_id":182009921658,"platform":"Web","version_name":null,"user_id":"praveencapri@gmail.com","event_properties":{"project-id":664893570,"total-time":"2:40","closed-time":"0:08"},"location_lng":null,"groups":{},"location_lat":null,"country":"India","city":"Hyderabad","event_type":"preview-closed","event_id":80,"adid":null,"server_received_time":"2020-08-02 11:34:13.257000","device_id":"5--sw0O1-ccfnO_Ib5dnhZ","paying":null,"event_time":"2020-08-02 11:34:12.773000","os_version":"84","server_upload_time":"2020-08-02 11:34:13.262000","amplitude_attribution_ids":null,"$insert_id":"f93b897b-ece7-4950-a897-10db47221375","app":277124,"device_model":null,"device_manufacturer":null,"data":{},"idfa":null,"is_attribution_event":false,"device_family":null,"ip_address":"49.206.49.225","start_version":null,"region":"Telangana","client_upload_time":"2020-08-02 11:34:12.774000","language":"English","os_name":"Chrome","processed_time":"2020-08-02 11:34:14.502683","device_carrier":null,"device_type":null,"uuid":"17af91d2-d4b4-11ea-81c1-06fc158e4c21","sample_rate":null}
{"user_properties":{"Username":"praveencapri@gmail.com"},"$schema":12,"dma":null,"library":"amplitude-js\/6.1.0","session_id":1596366515824,"device_brand":null,"client_event_time":"2020-08-02 11:34:21.964000","user_creation_time":"2020-08-02 07:07:16.958000","amplitude_event_type":null,"group_properties":{},"amplitude_id":182009921658,"platform":"Web","version_name":null,"user_id":"praveencapri@gmail.com","event_properties":{"project-id":664893570,"article-link":"https:\/\/www.innominds.com\/blog\/how-ai-helps-in-precision-agriculture-connected-farm-experience-better-crop-yield"},"location_lng":null,"groups":{},"location_lat":null,"country":"India","city":"Hyderabad","event_type":"preview-clicked","event_id":81,"adid":null,"server_received_time":"2020-08-02 11:34:22.475000","device_id":"5--sw0O1-ccfnO_Ib5dnhZ","paying":null,"event_time":"2020-08-02 11:34:21.964000","os_version":"84","server_upload_time":"2020-08-02 11:34:22.491000","amplitude_attribution_ids":null,"$insert_id":"f95f2828-3179-4095-b7e1-2e6e19aaa6cd","app":277124,"device_model":null,"device_manufacturer":null,"data":{},"idfa":null,"is_attribution_event":false,"device_family":null,"ip_address":"49.206.49.225","start_version":null,"region":"Telangana","client_upload_time":"2020-08-02 11:34:21.965000","language":"English","os_name":"Chrome","processed_time":"2020-08-02 11:34:24.916327","device_carrier":null,"device_type":null,"uuid":"1de4d6c0-d4b4-11ea-81c1-06fc158e4c21","sample_rate":null}
{"user_properties":{"Username":"praveencapri@gmail.com"},"$schema":12,"dma":null,"library":"amplitude-js\/6.1.0","session_id":1596366515824,"device_brand":null,"client_event_time":"2020-08-02 11:34:49.910000","user_creation_time":"2020-08-02 07:07:16.958000","amplitude_event_type":null,"group_properties":{},"amplitude_id":182009921658,"platform":"Web","version_name":null,"user_id":"praveencapri@gmail.com","event_properties":{"project-id":664893570,"total-time":"2:40","closed-time":"0:27"},"location_lng":null,"groups":{},"location_lat":null,"country":"India","city":"Hyderabad","event_type":"preview-closed","event_id":82,"adid":null,"server_received_time":"2020-08-02 11:34:50.293000","device_id":"5--sw0O1-ccfnO_Ib5dnhZ","paying":null,"event_time":"2020-08-02 11:34:49.910000","os_version":"84","server_upload_time":"2020-08-02 11:34:50.300000","amplitude_attribution_ids":null,"$insert_id":"70110dd3-7e5b-40fb-8ec1-013111ef4640","app":277124,"device_model":null,"device_manufacturer":null,"data":{},"idfa":null,"is_attribution_event":false,"device_family":null,"ip_address":"49.206.49.225","start_version":null,"region":"Telangana","client_upload_time":"2020-08-02 11:34:49.916000","language":"English","os_name":"Chrome","processed_time":"2020-08-02 11:34:51.792941","device_carrier":null,"device_type":null,"uuid":"2de7bc0e-d4b4-11ea-81c1-06fc158e4c21","sample_rate":null}
{"user_properties":{"Username":"praveencapri@gmail.com"},"$schema":12,"dma":null,"library":"amplitude-js\/6.1.0","session_id":1596366515824,"device_brand":null,"client_event_time":"2020-08-02 11:36:12.924000","user_creation_time":"2020-08-02 07:07:16.958000","amplitude_event_type":null,"group_properties":{},"amplitude_id":182009921658,"platform":"Web","version_name":null,"user_id":"praveencapri@gmail.com","event_properties":{"project-id":664893570,"article-link":"https:\/\/www.innominds.com\/blog\/how-ai-helps-in-precision-agriculture-connected-farm-experience-better-crop-yield"},"location_lng":null,"groups":{},"location_lat":null,"country":"India","city":"Hyderabad","event_type":"preview-clicked","event_id":83,"adid":null,"server_received_time":"2020-08-02 11:36:13.387000","device_id":"5--sw0O1-ccfnO_Ib5dnhZ","paying":null,"event_time":"2020-08-02 11:36:12.924000","os_version":"84","server_upload_time":"2020-08-02 11:36:13.423000","amplitude_attribution_ids":null,"$insert_id":"07e57721-4ed8-464e-9fc8-b779bd4041ad","app":277124,"device_model":null,"device_manufacturer":null,"data":{},"idfa":null,"is_attribution_event":false,"device_family":null,"ip_address":"49.206.49.225","start_version":null,"region":"Telangana","client_upload_time":"2020-08-02 11:36:12.926000","language":"English","os_name":"Chrome","processed_time":"2020-08-02 11:36:16.376680","device_carrier":null,"device_type":null,"uuid":"6055d6d0-d4b4-11ea-81c1-06fc158e4c21","sample_rate":null}
{"user_properties":{"Username":"praveencapri@gmail.com"},"$schema":12,"dma":null,"library":"amplitude-js\/6.1.0","session_id":1596366515824,"device_brand":null,"client_event_time":"2020-08-02 11:40:19.387000","user_creation_time":"2020-08-02 07:07:16.958000","amplitude_event_type":null,"group_properties":{},"amplitude_id":182009921658,"platform":"Web","version_name":null,"user_id":"praveencapri@gmail.com","event_properties":{"project-id":664893570,"total-video-time-in-seconds":163,"total-time-to-generate-in-seconds":401,"total-videos":19,"total-images":1,"total-video-time-in-minutes":"2.72","total-scenes-with-original-image":18,"total-sub-scenes":11,"total-scenes":20,"total-time-to-generate-in-minutes":"6.68","track-name":"Fly With My Dreams"},"location_lng":null,"groups":{},"location_lat":null,"country":"India","city":"Hyderabad","event_type":"generate-clicked","event_id":84,"adid":null,"server_received_time":"2020-08-02 11:40:20.062000","device_id":"5--sw0O1-ccfnO_Ib5dnhZ","paying":null,"event_time":"2020-08-02 11:40:19.387000","os_version":"84","server_upload_time":"2020-08-02 11:40:20.081000","amplitude_attribution_ids":null,"$insert_id":"9ae3dfaf-08f2-467b-be68-dd59ea30db64","app":277124,"device_model":null,"device_manufacturer":null,"data":{},"idfa":null,"is_attribution_event":false,"device_family":null,"ip_address":"49.206.49.225","start_version":null,"region":"Telangana","client_upload_time":"2020-08-02 11:40:19.389000","language":"English","os_name":"Chrome","processed_time":"2020-08-02 11:40:24.327344","device_carrier":null,"device_type":null,"uuid":"f4100e72-d4b4-11ea-81c1-06fc158e4c21","sample_rate":null}
{"user_properties":{"Username":"praveencapri@gmail.com"},"$schema":12,"dma":null,"library":"amplitude-js\/6.1.0","session_id":1596366515824,"device_brand":null,"client_event_time":"2020-08-02 11:45:56.787000","user_creation_time":"2020-08-02 07:07:16.958000","amplitude_event_type":null,"group_properties":{},"amplitude_id":182009921658,"platform":"Web","version_name":null,"user_id":"praveencapri@gmail.com","event_properties":{},"location_lng":null,"groups":{},"location_lat":null,"country":"India","city":"Hyderabad","event_type":"video-generation-canceled","event_id":85,"adid":null,"server_received_time":"2020-08-02 11:47:00.108000","device_id":"5--sw0O1-ccfnO_Ib5dnhZ","paying":null,"event_time":"2020-08-02 11:45:56.787000","os_version":"84","server_upload_time":"2020-08-02 11:47:00.113000","amplitude_attribution_ids":null,"$insert_id":"1e6dfa39-0bec-44fb-b342-8895eac844a7","app":277124,"device_model":null,"device_manufacturer":null,"data":{},"idfa":null,"is_attribution_event":false,"device_family":null,"ip_address":"49.206.49.225","start_version":null,"region":"Telangana","client_upload_time":"2020-08-02 11:46:59.167000","language":"English","os_name":"Chrome","processed_time":"2020-08-02 11:47:03.721138","device_carrier":null,"device_type":null,"uuid":"e226bc50-d4b5-11ea-81c1-06fc158e4c21","sample_rate":null}
{"user_properties":{"Username":"praveencapri@gmail.com"},"$schema":12,"dma":null,"library":"amplitude-js\/6.1.0","session_id":1596366515824,"device_brand":null,"client_event_time":"2020-08-02 11:46:59.164000","user_creation_time":"2020-08-02 07:07:16.958000","amplitude_event_type":null,"group_properties":{},"amplitude_id":182009921658,"platform":"Web","version_name":null,"user_id":"praveencapri@gmail.com","event_properties":{"project-id":664893570,"total-video-time-in-seconds":163,"total-time-to-generate-in-seconds":62,"total-videos":19,"total-images":1,"total-video-time-in-minutes":"2.72","total-scenes-with-original-image":18,"total-sub-scenes":11,"total-scenes":20,"total-time-to-generate-in-minutes":"1.03","track-name":"Fly With My Dreams"},"location_lng":null,"groups":{},"location_lat":null,"country":"India","city":"Hyderabad","event_type":"generate-clicked","event_id":86,"adid":null,"server_received_time":"2020-08-02 11:47:00.108000","device_id":"5--sw0O1-ccfnO_Ib5dnhZ","paying":null,"event_time":"2020-08-02 11:46:59.164000","os_version":"84","server_upload_time":"2020-08-02 11:47:00.113000","amplitude_attribution_ids":null,"$insert_id":"90e4b2cb-021d-4e1c-a3f7-a5e570cbbee5","app":277124,"device_model":null,"device_manufacturer":null,"data":{},"idfa":null,"is_attribution_event":false,"device_family":null,"ip_address":"49.206.49.225","start_version":null,"region":"Telangana","client_upload_time":"2020-08-02 11:46:59.167000","language":"English","os_name":"Chrome","processed_time":"2020-08-02 11:47:03.721150","device_carrier":null,"device_type":null,"uuid":"e22720fa-d4b5-11ea-81c1-06fc158e4c21","sample_rate":null}
{"user_properties":{"Username":"praveencapri@gmail.com"},"$schema":12,"dma":null,"library":"amplitude-js\/6.1.0","session_id":1596366515824,"device_brand":null,"client_event_time":"2020-08-02 11:54:11.526000","user_creation_time":"2020-08-02 07:07:16.958000","amplitude_event_type":null,"group_properties":{},"amplitude_id":182009921658,"platform":"Web","version_name":null,"user_id":"praveencapri@gmail.com","event_properties":{},"location_lng":null,"groups":{},"location_lat":null,"country":"India","city":"Hyderabad","event_type":"video-generation-canceled","event_id":87,"adid":null,"server_received_time":"2020-08-02 11:54:12.288000","device_id":"5--sw0O1-ccfnO_Ib5dnhZ","paying":null,"event_time":"2020-08-02 11:54:11.526000","os_version":"84","server_upload_time":"2020-08-02 11:54:12.299000","amplitude_attribution_ids":null,"$insert_id":"989da535-59b5-4989-a387-cfd24fd3e936","app":277124,"device_model":null,"device_manufacturer":null,"data":{},"idfa":null,"is_attribution_event":false,"device_family":null,"ip_address":"49.206.49.225","start_version":null,"region":"Telangana","client_upload_time":"2020-08-02 11:54:11.528000","language":"English","os_name":"Chrome","processed_time":"2020-08-02 11:54:16.856995","device_carrier":null,"device_type":null,"uuid":"e4569378-d4b6-11ea-81c1-06fc158e4c21","sample_rate":null}
{"user_properties":{"Username":"praveencapri@gmail.com"},"$schema":12,"dma":null,"library":"amplitude-js\/6.1.0","session_id":1596366515824,"device_brand":null,"client_event_time":"2020-08-02 11:54:18.758000","user_creation_time":"2020-08-02 07:07:16.958000","amplitude_event_type":null,"group_properties":{},"amplitude_id":182009921658,"platform":"Web","version_name":null,"user_id":"praveencapri@gmail.com","event_properties":{"save-type":"Saved Video","project-id":664893570,"project-name":"How AI Helps In Precision Agriculture Connected Farm Experience  Better Crop Yield","project-category":"How AI Helps In Precision Agriculture Connected Farm Experience  Better Crop Yield"},"location_lng":null,"groups":{},"location_lat":null,"country":"India","city":"Hyderabad","event_type":"video-saved","event_id":88,"adid":null,"server_received_time":"2020-08-02 11:54:19.149000","device_id":"5--sw0O1-ccfnO_Ib5dnhZ","paying":null,"event_time":"2020-08-02 11:54:18.758000","os_version":"84","server_upload_time":"2020-08-02 11:54:19.162000","amplitude_attribution_ids":null,"$insert_id":"5b53caf2-54aa-42e3-8b30-68436fe71297","app":277124,"device_model":null,"device_manufacturer":null,"data":{},"idfa":null,"is_attribution_event":false,"device_family":null,"ip_address":"49.206.49.225","start_version":null,"region":"Telangana","client_upload_time":"2020-08-02 11:54:18.760000","language":"English","os_name":"Chrome","processed_time":"2020-08-02 11:54:21.896304","device_carrier":null,"device_type":null,"uuid":"e7564e9c-d4b6-11ea-81c1-06fc158e4c21","sample_rate":null}
{"user_properties":{"Username":"praveencapri@gmail.com"},"$schema":12,"dma":null,"library":"amplitude-js\/6.1.0","session_id":1596366515824,"device_brand":null,"client_event_time":"2020-08-02 11:57:25.912000","user_creation_time":"2020-08-02 07:07:16.958000","amplitude_event_type":null,"group_properties":{},"amplitude_id":182009921658,"platform":"Web","version_name":null,"user_id":"praveencapri@gmail.com","event_properties":{"project-id":664893570,"total-video-time-in-seconds":163,"total-time-to-generate-in-seconds":172,"total-videos":19,"total-images":1,"total-video-time-in-minutes":"2.72","total-scenes-with-original-image":18,"total-sub-scenes":11,"total-scenes":20,"total-time-to-generate-in-minutes":"2.87","track-name":"Fly With My Dreams"},"location_lng":null,"groups":{},"location_lat":null,"country":"India","city":"Hyderabad","event_type":"generate-clicked","event_id":89,"adid":null,"server_received_time":"2020-08-02 11:57:26.642000","device_id":"5--sw0O1-ccfnO_Ib5dnhZ","paying":null,"event_time":"2020-08-02 11:57:25.912000","os_version":"84","server_upload_time":"2020-08-02 11:57:26.649000","amplitude_attribution_ids":null,"$insert_id":"6f80acdc-9cea-4826-a6ea-53ef2ce74d49","app":277124,"device_model":null,"device_manufacturer":null,"data":{},"idfa":null,"is_attribution_event":false,"device_family":null,"ip_address":"49.206.49.225","start_version":null,"region":"Telangana","client_upload_time":"2020-08-02 11:57:25.917000","language":"English","os_name":"Chrome","processed_time":"2020-08-02 11:57:31.213743","device_carrier":null,"device_type":null,"uuid":"5831f922-d4b7-11ea-81c1-06fc158e4c21","sample_rate":null}
{"user_properties":{"Username":"praveencapri@gmail.com"},"$schema":12,"dma":null,"library":"amplitude-js\/6.1.0","session_id":1596366515824,"device_brand":null,"client_event_time":"2020-08-02 11:59:25.846000","user_creation_time":"2020-08-02 07:07:16.958000","amplitude_event_type":null,"group_properties":{},"amplitude_id":182009921658,"platform":"Web","version_name":null,"user_id":"praveencapri@gmail.com","event_properties":{},"location_lng":null,"groups":{},"location_lat":null,"country":"India","city":"Hyderabad","event_type":"video-generation-canceled","event_id":90,"adid":null,"server_received_time":"2020-08-02 11:59:26.596000","device_id":"5--sw0O1-ccfnO_Ib5dnhZ","paying":null,"event_time":"2020-08-02 11:59:25.846000","os_version":"84","server_upload_time":"2020-08-02 11:59:26.602000","amplitude_attribution_ids":null,"$insert_id":"fd4f71fb-a0b5-4c0b-958e-4f9beef7d852","app":277124,"device_model":null,"device_manufacturer":null,"data":{},"idfa":null,"is_attribution_event":false,"device_family":null,"ip_address":"223.228.96.215","start_version":null,"region":"Telangana","client_upload_time":"2020-08-02 11:59:25.850000","language":"English","os_name":"Chrome","processed_time":"2020-08-02 11:59:29.745025","device_carrier":null,"device_type":null,"uuid":"9ed711b4-d4b7-11ea-81c1-06fc158e4c21","sample_rate":null}
{"user_properties":{"Username":"praveencapri@gmail.com"},"$schema":12,"dma":null,"library":"amplitude-js\/6.1.0","session_id":1596366515824,"device_brand":null,"client_event_time":"2020-08-02 11:59:28.002000","user_creation_time":"2020-08-02 07:07:16.958000","amplitude_event_type":null,"group_properties":{},"amplitude_id":182009921658,"platform":"Web","version_name":null,"user_id":"praveencapri@gmail.com","event_properties":{"project-id":664893570,"total-video-time-in-seconds":163,"total-time-to-generate-in-seconds":1,"total-videos":19,"total-images":1,"total-video-time-in-minutes":"2.72","total-scenes-with-original-image":18,"total-sub-scenes":11,"total-scenes":20,"total-time-to-generate-in-minutes":"0.02","track-name":"Fly With My Dreams"},"location_lng":null,"groups":{},"location_lat":null,"country":"India","city":"Hyderabad","event_type":"generate-clicked","event_id":91,"adid":null,"server_received_time":"2020-08-02 11:59:28.422000","device_id":"5--sw0O1-ccfnO_Ib5dnhZ","paying":null,"event_time":"2020-08-02 11:59:28.002000","os_version":"84","server_upload_time":"2020-08-02 11:59:28.429000","amplitude_attribution_ids":null,"$insert_id":"367912d8-2d07-4342-9a06-9a08b62d8ba0","app":277124,"device_model":null,"device_manufacturer":null,"data":{},"idfa":null,"is_attribution_event":false,"device_family":null,"ip_address":"223.228.96.215","start_version":null,"region":"Telangana","client_upload_time":"2020-08-02 11:59:28.003000","language":"English","os_name":"Chrome","processed_time":"2020-08-02 11:59:32.668284","device_carrier":null,"device_type":null,"uuid":"a09790c8-d4b7-11ea-81c1-06fc158e4c21","sample_rate":null}
