{"idfa":null,"library":"amplitude-js\/6.1.0","sample_rate":null,"device_id":"8Sd0iMq8a17ZRMbcQCKMTS","client_upload_time":"2020-08-17 00:34:31.081000","client_event_time":"2020-08-17 00:34:30.959000","$schema":12,"device_brand":null,"server_received_time":"2020-08-17 00:34:31.150000","country":"United States","uuid":"6bbe6654-e021-11ea-bc16-0a18fe9e00c8","device_manufacturer":null,"dma":"Kansas City, MO","city":"Overland Park","user_properties":{"Username":"kd@zooglemail.com"},"os_name":"Firefox","device_family":null,"$insert_id":"c4df09df-2ed7-462d-85e6-8253e08a855f","adid":null,"processed_time":"2020-08-17 00:34:33.612168","user_creation_time":"2020-07-12 23:14:45.412000","amplitude_id":177305126302,"device_model":null,"group_properties":{},"location_lng":null,"paying":null,"region":"Kansas","amplitude_attribution_ids":null,"is_attribution_event":false,"amplitude_event_type":null,"server_upload_time":"2020-08-17 00:34:31.158000","os_version":"78","app":277124,"event_time":"2020-08-17 00:34:30.959000","platform":"Web","session_id":1597624411872,"groups":{},"device_carrier":null,"event_id":1,"user_id":"kd@zooglemail.com","event_properties":{"login-via":"Pictory"},"language":"English","location_lat":null,"event_type":"user-login","data":{},"start_version":null,"ip_address":"76.92.204.29","version_name":null,"device_type":null}
