{"client_event_time":"2020-08-02 23:13:52.068000","os_name":"Chrome Mobile","platform":"Web","library":"amplitude-js\/6.1.0","sample_rate":null,"start_version":null,"$schema":12,"device_family":"Samsung SM-N976Q","processed_time":"2020-08-02 23:13:54.946610","device_id":"6PhbYR72sCtXJyBUzzayKh","location_lat":null,"event_time":"2020-08-02 23:13:52.068000","dma":null,"ip_address":"212.62.104.55","amplitude_event_type":null,"$insert_id":"5cdd4cc8-934d-4fef-870c-178ca54b5b08","groups":{},"device_type":null,"city":"Jeddah","is_attribution_event":false,"paying":null,"device_model":"SM-N976Q","app":277124,"location_lng":null,"device_manufacturer":"Samsung","version_name":null,"user_creation_time":"2020-08-02 23:13:52.068000","amplitude_id":182153495926,"region":"Mecca Region","group_properties":{},"os_version":"84","user_properties":{},"event_type":"user-signup","amplitude_attribution_ids":null,"event_id":1,"user_id":null,"data":{"first_event":true},"event_properties":{"provider":"pictory"},"uuid":"d5e093c0-d515-11ea-9c20-027b8f9176eb","country":"Saudi Arabia","device_carrier":null,"device_brand":null,"client_upload_time":"2020-08-02 23:13:52.073000","adid":null,"idfa":null,"session_id":1596409984088,"server_upload_time":"2020-08-02 23:13:52.795000","server_received_time":"2020-08-02 23:13:52.793000","language":"English"}
{"client_event_time":"2020-08-02 23:15:06.900000","os_name":"Chrome Mobile","platform":"Web","library":"amplitude-js\/6.1.0","sample_rate":null,"start_version":null,"$schema":12,"device_family":"Samsung SM-N976Q","processed_time":"2020-08-02 23:15:09.574407","device_id":"6PhbYR72sCtXJyBUzzayKh","location_lat":null,"event_time":"2020-08-02 23:15:06.900000","dma":null,"ip_address":"212.62.104.55","amplitude_event_type":null,"$insert_id":"79c0d1e8-7ee9-47c4-af1b-3b9a47964f05","groups":{},"device_type":null,"city":"Jeddah","is_attribution_event":false,"paying":null,"device_model":"SM-N976Q","app":277124,"location_lng":null,"device_manufacturer":"Samsung","version_name":null,"user_creation_time":"2020-08-02 23:13:52.068000","amplitude_id":182153495926,"region":"Mecca Region","group_properties":{},"os_version":"84","user_properties":{"Username":"yateen4ever@gmail.com"},"event_type":"user-login","amplitude_attribution_ids":null,"event_id":2,"user_id":"yateen4ever@gmail.com","data":{},"event_properties":{"login-via":"Pictory"},"uuid":"026c7eae-d516-11ea-9c20-027b8f9176eb","country":"Saudi Arabia","device_carrier":null,"device_brand":null,"client_upload_time":"2020-08-02 23:15:07.170000","adid":null,"idfa":null,"session_id":1596409984088,"server_upload_time":"2020-08-02 23:15:07.378000","server_received_time":"2020-08-02 23:15:07.369000","language":"English"}
{"client_event_time":"2020-08-02 23:16:57.602000","os_name":"Chrome Mobile","platform":"Web","library":"amplitude-js\/6.1.0","sample_rate":null,"start_version":null,"$schema":12,"device_family":"Samsung SM-N976Q","processed_time":"2020-08-02 23:16:58.582283","device_id":"6PhbYR72sCtXJyBUzzayKh","location_lat":null,"event_time":"2020-08-02 23:16:57.602000","dma":null,"ip_address":"212.62.104.55","amplitude_event_type":null,"$insert_id":"7ba6038e-97a8-4f10-8f53-6bf028b86cb7","groups":{},"device_type":null,"city":"Jeddah","is_attribution_event":false,"paying":null,"device_model":"SM-N976Q","app":277124,"location_lng":null,"device_manufacturer":"Samsung","version_name":null,"user_creation_time":"2020-08-02 23:13:52.068000","amplitude_id":182153495926,"region":"Mecca Region","group_properties":{},"os_version":"84","user_properties":{"Username":"yateen4ever@gmail.com"},"event_type":"trial-activated","amplitude_attribution_ids":null,"event_id":3,"user_id":"yateen4ever@gmail.com","data":{},"event_properties":{},"uuid":"4370fac4-d516-11ea-9c20-027b8f9176eb","country":"Saudi Arabia","device_carrier":null,"device_brand":null,"client_upload_time":"2020-08-02 23:16:57.603000","adid":null,"idfa":null,"session_id":1596409984088,"server_upload_time":"2020-08-02 23:16:57.816000","server_received_time":"2020-08-02 23:16:57.793000","language":"English"}
