{"device_model":null,"app":277124,"amplitude_id":179343697202,"dma":"Greensboro-Winston Salem, NC","user_properties":{"Username":"spalmisano@medthink.com"},"device_id":"0kmccI74p4XgoAFbFKRVrn","user_id":"spalmisano@medthink.com","platform":"Web","device_carrier":null,"library":"amplitude-js\/6.1.0","idfa":null,"sample_rate":null,"server_received_time":"2020-08-06 15:40:14.239000","event_time":"2020-08-06 15:40:13.820000","ip_address":"173.94.112.121","is_attribution_event":false,"session_id":1596728413820,"group_properties":{},"event_type":"failed-service","start_version":null,"$insert_id":"be10865d-a729-4ec0-9d85-735c17f9ef2b","device_manufacturer":null,"location_lng":null,"data":{},"language":"English","server_upload_time":"2020-08-06 15:40:14.269000","device_brand":null,"country":"United States","paying":null,"device_family":null,"event_id":253,"uuid":"1f5486e6-d7fb-11ea-8c6e-06a2c124c817","region":"North Carolina","city":"Greensboro","user_creation_time":"2020-07-21 16:47:53.962000","processed_time":"2020-08-06 15:40:15.109999","amplitude_event_type":null,"device_type":null,"os_name":"Chrome","amplitude_attribution_ids":null,"version_name":null,"client_event_time":"2020-08-06 15:40:13.820000","adid":null,"event_properties":{"service-name":"get-voice-over-track"},"location_lat":null,"groups":{},"client_upload_time":"2020-08-06 15:40:13.822000","os_version":"84","$schema":12}
{"device_model":null,"app":277124,"amplitude_id":179343697202,"dma":"Greensboro-Winston Salem, NC","user_properties":{"Username":"spalmisano@medthink.com"},"device_id":"0kmccI74p4XgoAFbFKRVrn","user_id":"spalmisano@medthink.com","platform":"Web","device_carrier":null,"library":"amplitude-js\/6.1.0","idfa":null,"sample_rate":null,"server_received_time":"2020-08-06 15:40:19.463000","event_time":"2020-08-06 15:40:19.255000","ip_address":"173.94.112.121","is_attribution_event":false,"session_id":1596728413820,"group_properties":{},"event_type":"preview-clicked","start_version":null,"$insert_id":"59527d46-a548-4e0d-a953-289149fc95f7","device_manufacturer":null,"location_lng":null,"data":{},"language":"English","server_upload_time":"2020-08-06 15:40:19.471000","device_brand":null,"country":"United States","paying":null,"device_family":null,"event_id":254,"uuid":"226615fc-d7fb-11ea-8c6e-06a2c124c817","region":"North Carolina","city":"Greensboro","user_creation_time":"2020-07-21 16:47:53.962000","processed_time":"2020-08-06 15:40:20.216896","amplitude_event_type":null,"device_type":null,"os_name":"Chrome","amplitude_attribution_ids":null,"version_name":null,"client_event_time":"2020-08-06 15:40:19.255000","adid":null,"event_properties":{},"location_lat":null,"groups":{},"client_upload_time":"2020-08-06 15:40:19.255000","os_version":"84","$schema":12}
{"device_model":null,"app":277124,"amplitude_id":179343697202,"dma":"Greensboro-Winston Salem, NC","user_properties":{"Username":"spalmisano@medthink.com"},"device_id":"0kmccI74p4XgoAFbFKRVrn","user_id":"spalmisano@medthink.com","platform":"Web","device_carrier":null,"library":"amplitude-js\/6.1.0","idfa":null,"sample_rate":null,"server_received_time":"2020-08-06 15:40:31.595000","event_time":"2020-08-06 15:40:31.238000","ip_address":"173.94.112.121","is_attribution_event":false,"session_id":1596728413820,"group_properties":{},"event_type":"user-login","start_version":null,"$insert_id":"a8417e38-81b9-466a-978b-19d14c785c86","device_manufacturer":null,"location_lng":null,"data":{},"language":"English","server_upload_time":"2020-08-06 15:40:31.608000","device_brand":null,"country":"United States","paying":null,"device_family":null,"event_id":255,"uuid":"29ca1afa-d7fb-11ea-8c6e-06a2c124c817","region":"North Carolina","city":"Greensboro","user_creation_time":"2020-07-21 16:47:53.962000","processed_time":"2020-08-06 15:40:32.692301","amplitude_event_type":null,"device_type":null,"os_name":"Chrome","amplitude_attribution_ids":null,"version_name":null,"client_event_time":"2020-08-06 15:40:31.238000","adid":null,"event_properties":{"login-via":"Pictory"},"location_lat":null,"groups":{},"client_upload_time":"2020-08-06 15:40:31.517000","os_version":"84","$schema":12}
{"device_model":null,"app":277124,"amplitude_id":179343697202,"dma":"Greensboro-Winston Salem, NC","user_properties":{"Username":"spalmisano@medthink.com"},"device_id":"0kmccI74p4XgoAFbFKRVrn","user_id":"spalmisano@medthink.com","platform":"Web","device_carrier":null,"library":"amplitude-js\/6.1.0","idfa":null,"sample_rate":null,"server_received_time":"2020-08-06 15:40:37.980000","event_time":"2020-08-06 15:40:37.892000","ip_address":"173.94.112.121","is_attribution_event":false,"session_id":1596728413820,"group_properties":{},"event_type":"saved-video-opened","start_version":null,"$insert_id":"e0a8ca94-6583-446c-a9dd-ea6aaa0c8c6a","device_manufacturer":null,"location_lng":null,"data":{},"language":"English","server_upload_time":"2020-08-06 15:40:38.018000","device_brand":null,"country":"United States","paying":null,"device_family":null,"event_id":256,"uuid":"2da9e286-d7fb-11ea-8c6e-06a2c124c817","region":"North Carolina","city":"Greensboro","user_creation_time":"2020-07-21 16:47:53.962000","processed_time":"2020-08-06 15:40:39.127018","amplitude_event_type":null,"device_type":null,"os_name":"Chrome","amplitude_attribution_ids":null,"version_name":null,"client_event_time":"2020-08-06 15:40:37.892000","adid":null,"event_properties":{"project-category":"Welcome our objective is to show you how we can Shift the Current state of KOL and peer-to-peer engagement influence HCP Behavior and amplify the power of Imbruvica","project-name":"MedThink Communications"},"location_lat":null,"groups":{},"client_upload_time":"2020-08-06 15:40:37.893000","os_version":"84","$schema":12}
{"device_model":null,"app":277124,"amplitude_id":179343697202,"dma":"Greensboro-Winston Salem, NC","user_properties":{"Username":"spalmisano@medthink.com"},"device_id":"0kmccI74p4XgoAFbFKRVrn","user_id":"spalmisano@medthink.com","platform":"Web","device_carrier":null,"library":"amplitude-js\/6.1.0","idfa":null,"sample_rate":null,"server_received_time":"2020-08-06 15:40:44.653000","event_time":"2020-08-06 15:40:44.450000","ip_address":"173.94.112.121","is_attribution_event":false,"session_id":1596728413820,"group_properties":{},"event_type":"failed-service","start_version":null,"$insert_id":"f20bbfe5-b523-457d-a545-6ed395fa85ec","device_manufacturer":null,"location_lng":null,"data":{},"language":"English","server_upload_time":"2020-08-06 15:40:44.666000","device_brand":null,"country":"United States","paying":null,"device_family":null,"event_id":257,"uuid":"3202659c-d7fb-11ea-8c6e-06a2c124c817","region":"North Carolina","city":"Greensboro","user_creation_time":"2020-07-21 16:47:53.962000","processed_time":"2020-08-06 15:40:46.409948","amplitude_event_type":null,"device_type":null,"os_name":"Chrome","amplitude_attribution_ids":null,"version_name":null,"client_event_time":"2020-08-06 15:40:44.450000","adid":null,"event_properties":{"service-name":"get-voice-over-track"},"location_lat":null,"groups":{},"client_upload_time":"2020-08-06 15:40:44.451000","os_version":"84","$schema":12}
{"device_model":null,"app":277124,"amplitude_id":179343697202,"dma":"Greensboro-Winston Salem, NC","user_properties":{"Username":"spalmisano@medthink.com"},"device_id":"0kmccI74p4XgoAFbFKRVrn","user_id":"spalmisano@medthink.com","platform":"Web","device_carrier":null,"library":"amplitude-js\/6.1.0","idfa":null,"sample_rate":null,"server_received_time":"2020-08-06 15:40:59.987000","event_time":"2020-08-06 15:40:59.899000","ip_address":"173.94.112.121","is_attribution_event":false,"session_id":1596728413820,"group_properties":{},"event_type":"preview-clicked","start_version":null,"$insert_id":"ab5b91e0-94a2-4ad1-aad1-752c13fdc9d7","device_manufacturer":null,"location_lng":null,"data":{},"language":"English","server_upload_time":"2020-08-06 15:40:59.999000","device_brand":null,"country":"United States","paying":null,"device_family":null,"event_id":258,"uuid":"4030f5de-d7fb-11ea-8c6e-06a2c124c817","region":"North Carolina","city":"Greensboro","user_creation_time":"2020-07-21 16:47:53.962000","processed_time":"2020-08-06 15:41:10.202120","amplitude_event_type":null,"device_type":null,"os_name":"Chrome","amplitude_attribution_ids":null,"version_name":null,"client_event_time":"2020-08-06 15:40:59.899000","adid":null,"event_properties":{},"location_lat":null,"groups":{},"client_upload_time":"2020-08-06 15:40:59.899000","os_version":"84","$schema":12}
{"device_model":null,"app":277124,"amplitude_id":179343697202,"dma":"Greensboro-Winston Salem, NC","user_properties":{"Username":"spalmisano@medthink.com"},"device_id":"0kmccI74p4XgoAFbFKRVrn","user_id":"spalmisano@medthink.com","platform":"Web","device_carrier":null,"library":"amplitude-js\/6.1.0","idfa":null,"sample_rate":null,"server_received_time":"2020-08-06 15:41:20.009000","event_time":"2020-08-06 15:41:19.915000","ip_address":"173.94.112.121","is_attribution_event":false,"session_id":1596728413820,"group_properties":{},"event_type":"failed-service","start_version":null,"$insert_id":"470c4c22-9325-4cf3-8261-a8923df52fb4","device_manufacturer":null,"location_lng":null,"data":{},"language":"English","server_upload_time":"2020-08-06 15:41:20.021000","device_brand":null,"country":"United States","paying":null,"device_family":null,"event_id":259,"uuid":"493145d0-d7fb-11ea-8c6e-06a2c124c817","region":"North Carolina","city":"Greensboro","user_creation_time":"2020-07-21 16:47:53.962000","processed_time":"2020-08-06 15:41:25.303574","amplitude_event_type":null,"device_type":null,"os_name":"Chrome","amplitude_attribution_ids":null,"version_name":null,"client_event_time":"2020-08-06 15:41:19.915000","adid":null,"event_properties":{"service-name":"get-voice-over-track"},"location_lat":null,"groups":{},"client_upload_time":"2020-08-06 15:41:19.915000","os_version":"84","$schema":12}
{"region":"Istanbul","is_attribution_event":false,"server_received_time":"2020-08-06 15:42:19.501000","device_type":null,"sample_rate":null,"$insert_id":"f5109e35-26b4-43de-a825-18a8b53c5527","server_upload_time":"2020-08-06 15:42:19.516000","event_time":"2020-08-06 15:42:19.036000","device_id":"-t1hp4tZbHpKwvoVsgHX-N","adid":null,"platform":"Web","amplitude_event_type":null,"data":{},"ip_address":"78.180.83.62","version_name":null,"user_properties":{"Username":"fakiki@getnada.com"},"paying":null,"amplitude_attribution_ids":null,"client_upload_time":"2020-08-06 15:42:19.392000","device_brand":null,"event_type":"user-login","user_id":"fakiki@getnada.com","processed_time":"2020-08-06 15:42:19.966321","device_carrier":null,"uuid":"69c539a0-d7fb-11ea-850f-02fb8fe7667b","$schema":12,"os_name":"Chrome","session_id":1596728500886,"dma":null,"location_lng":null,"language":"English","group_properties":{},"event_id":10,"device_manufacturer":null,"amplitude_id":183026540014,"idfa":null,"user_creation_time":"2020-08-06 12:54:53.543000","location_lat":null,"os_version":"84","client_event_time":"2020-08-06 15:42:19.036000","start_version":null,"device_model":null,"app":277124,"groups":{},"event_properties":{"login-via":"Pictory"},"library":"amplitude-js\/6.1.0","device_family":null,"country":"Turkey","city":"Istanbul"}
