{"event_type":"user-login","user_properties":{},"user_id":null,"paying":null,"amplitude_event_type":null,"data":{"first_event":true},"$insert_id":"c897df8e-aab8-4264-ad1e-4a09faa54cf1","location_lng":null,"groups":{},"event_time":"2020-08-09 18:38:37.968000","os_name":"Mobile Safari","event_properties":{"login-via":"Google"},"ip_address":"68.62.200.176","language":"English","library":"amplitude-js\/6.1.0","$schema":12,"device_model":"iPhone","city":"Panama City Beach","event_id":1,"sample_rate":null,"platform":"Web","session_id":1596998292784,"device_brand":null,"device_type":null,"server_received_time":"2020-08-09 18:39:05.845000","server_upload_time":"2020-08-09 18:39:05.848000","app":277124,"device_id":"Oa37Td5zCYUpKZabyvmXfs","client_event_time":"2020-08-09 18:38:37.968000","start_version":null,"device_family":"Apple iPhone","location_lat":null,"idfa":null,"amplitude_attribution_ids":null,"adid":null,"dma":"Panama City, FL","device_carrier":null,"device_manufacturer":"Apple","os_version":"13","processed_time":"2020-08-09 18:39:07.207321","country":"United States","amplitude_id":183723661168,"region":"Florida","version_name":null,"is_attribution_event":false,"client_upload_time":"2020-08-09 18:39:05.452000","group_properties":{},"uuid":"9b61469a-da6f-11ea-97f1-02c3ea6917fe","user_creation_time":"2020-08-09 18:38:37.968000"}
