{"device_brand":null,"server_received_time":"2020-08-15 09:43:25.721000","data":{},"country":"India","event_type":"preview-clicked","device_id":"vdAeNIz7QNWmhMwMMt1r3v","event_properties":{"article-link":"https:\/\/www.innominds.com\/blog\/how-ai-helps-in-precision-agriculture-connected-farm-experience-better-crop-yield","project-id":664893570},"client_event_time":"2020-08-15 09:43:25.270000","adid":null,"session_id":1597484589021,"amplitude_id":182009921658,"os_version":"84","amplitude_attribution_ids":null,"app":277124,"start_version":null,"group_properties":{},"amplitude_event_type":null,"groups":{},"device_model":null,"user_properties":{"Username":"praveencapri@gmail.com"},"event_id":1,"device_type":null,"location_lng":null,"user_id":"praveencapri@gmail.com","is_attribution_event":false,"sample_rate":null,"processed_time":"2020-08-15 09:43:26.629317","server_upload_time":"2020-08-15 09:43:25.731000","$insert_id":"816023d1-cd4c-4268-a133-588de9b12b18","$schema":12,"language":"English","device_manufacturer":null,"platform":"Web","version_name":null,"user_creation_time":"2020-08-02 07:07:16.958000","client_upload_time":"2020-08-15 09:43:25.271000","paying":null,"device_family":null,"idfa":null,"region":"Telangana","event_time":"2020-08-15 09:43:25.270000","uuid":"c49c161e-dedb-11ea-b823-02a4b7103ae8","os_name":"Chrome","location_lat":null,"city":"Hyderabad","library":"amplitude-js\/6.1.0","dma":null,"device_carrier":null,"ip_address":"115.97.165.113"}
{"device_brand":null,"server_received_time":"2020-08-15 09:48:58.662000","data":{},"country":"India","event_type":"recent-clicked","device_id":"vdAeNIz7QNWmhMwMMt1r3v","event_properties":{"source":"Visuals","project-id":664893570},"client_event_time":"2020-08-15 09:48:58.069000","adid":null,"session_id":1597484589021,"amplitude_id":182009921658,"os_version":"84","amplitude_attribution_ids":null,"app":277124,"start_version":null,"group_properties":{},"amplitude_event_type":null,"groups":{},"device_model":null,"user_properties":{"Username":"praveencapri@gmail.com"},"event_id":2,"device_type":null,"location_lng":null,"user_id":"praveencapri@gmail.com","is_attribution_event":false,"sample_rate":null,"processed_time":"2020-08-15 09:49:00.456558","server_upload_time":"2020-08-15 09:48:58.668000","$insert_id":"bd4ab0d6-4d20-4261-a98b-f9b835a2c8a5","$schema":12,"language":"English","device_manufacturer":null,"platform":"Web","version_name":null,"user_creation_time":"2020-08-02 07:07:16.958000","client_upload_time":"2020-08-15 09:48:58.072000","paying":null,"device_family":null,"idfa":null,"region":"Telangana","event_time":"2020-08-15 09:48:58.069000","uuid":"8b970526-dedc-11ea-b823-02a4b7103ae8","os_name":"Chrome","location_lat":null,"city":"Hyderabad","library":"amplitude-js\/6.1.0","dma":null,"device_carrier":null,"ip_address":"115.97.165.113"}
{"$insert_id":"d73ab10f-35f4-4a2b-95e9-66e40682d580","device_model":null,"client_upload_time":"2020-08-15 09:49:40.208000","event_properties":{"error-info":"https:\/\/brand-settings-images130431-pictory.s3.us-east-2.amazonaws.com\/public\/Google_113879456352005535409\/errors\/application\/1597484977888-crash.txt"},"device_brand":null,"group_properties":{},"version_name":null,"device_carrier":null,"region":"Telangana","user_properties":{"Username":"praveencapri@gmail.com"},"platform":"Web","amplitude_id":182009921658,"idfa":null,"groups":{},"uuid":"a43b65c2-dedc-11ea-aa3e-067b4ebe710f","library":"amplitude-js\/6.1.0","is_attribution_event":false,"user_creation_time":"2020-08-02 07:07:16.958000","ip_address":"115.97.165.113","adid":null,"amplitude_event_type":null,"device_type":null,"start_version":null,"location_lng":null,"dma":null,"device_id":"-ENmFNrG0lLCoNPmeJDmxK","device_family":null,"data":{},"app":277124,"processed_time":"2020-08-15 09:49:41.785584","$schema":12,"language":"English","os_version":"84","device_manufacturer":null,"location_lat":null,"server_upload_time":"2020-08-15 09:49:40.592000","event_id":1,"amplitude_attribution_ids":null,"user_id":"praveencapri@gmail.com","server_received_time":"2020-08-15 09:49:40.587000","event_type":"app-crash","sample_rate":null,"country":"India","event_time":"2020-08-15 09:49:40.208000","client_event_time":"2020-08-15 09:49:40.208000","paying":null,"os_name":"Chrome","session_id":1597484977809,"city":"Hyderabad"}
{"start_version":null,"paying":null,"server_upload_time":"2020-08-15 09:50:19.657000","device_manufacturer":null,"client_event_time":"2020-08-15 09:50:19.318000","session_id":1597484995889,"language":"English","country":"India","device_type":null,"city":"Hyderabad","location_lng":null,"sample_rate":null,"app":277124,"is_attribution_event":false,"library":"amplitude-js\/6.1.0","idfa":null,"device_brand":null,"location_lat":null,"uuid":"bb002a40-dedc-11ea-a88b-0a36f66cbc48","event_properties":{"project-category":"How AI Helps In Precision Agriculture Connected Farm Experience  Better Crop Yield","project-name":"How AI Helps In Precision Agriculture Connected Farm Experience  Better Crop Yield"},"group_properties":{},"os_name":"Chrome","user_id":"praveencapri@gmail.com","event_time":"2020-08-15 09:50:19.318000","user_properties":{"Username":"praveencapri@gmail.com"},"ip_address":"115.97.165.113","user_creation_time":"2020-08-02 07:07:16.958000","amplitude_event_type":null,"device_carrier":null,"processed_time":"2020-08-15 09:50:19.994344","os_version":"84","device_family":null,"server_received_time":"2020-08-15 09:50:19.649000","platform":"Web","event_type":"saved-video-opened","groups":{},"$schema":12,"adid":null,"dma":null,"region":"Telangana","amplitude_attribution_ids":null,"client_upload_time":"2020-08-15 09:50:19.320000","amplitude_id":182009921658,"data":{},"$insert_id":"7128b114-4deb-41a3-bb06-e9ab7244885b","device_id":"8ZhYf5sBHBI-sI4CHxU75t","device_model":null,"event_id":1,"version_name":null}
{"start_version":null,"paying":null,"server_upload_time":"2020-08-15 09:50:36.811000","device_manufacturer":null,"client_event_time":"2020-08-15 09:50:36.389000","session_id":1597484995889,"language":"English","country":"India","device_type":null,"city":"Hyderabad","location_lng":null,"sample_rate":null,"app":277124,"is_attribution_event":false,"library":"amplitude-js\/6.1.0","idfa":null,"device_brand":null,"location_lat":null,"uuid":"c5361074-dedc-11ea-a88b-0a36f66cbc48","event_properties":{"project-id":664893570,"article-link":"https:\/\/www.innominds.com\/blog\/how-ai-helps-in-precision-agriculture-connected-farm-experience-better-crop-yield"},"group_properties":{},"os_name":"Chrome","user_id":"praveencapri@gmail.com","event_time":"2020-08-15 09:50:36.389000","user_properties":{"Username":"praveencapri@gmail.com"},"ip_address":"115.97.165.113","user_creation_time":"2020-08-02 07:07:16.958000","amplitude_event_type":null,"device_carrier":null,"processed_time":"2020-08-15 09:50:37.111199","os_version":"84","device_family":null,"server_received_time":"2020-08-15 09:50:36.806000","platform":"Web","event_type":"preview-clicked","groups":{},"$schema":12,"adid":null,"dma":null,"region":"Telangana","amplitude_attribution_ids":null,"client_upload_time":"2020-08-15 09:50:36.392000","amplitude_id":182009921658,"data":{},"$insert_id":"936e4a5d-07d0-40dc-a608-4a619a4169f9","device_id":"8ZhYf5sBHBI-sI4CHxU75t","device_model":null,"event_id":2,"version_name":null}
{"start_version":null,"paying":null,"server_upload_time":"2020-08-15 09:52:52.098000","device_manufacturer":null,"client_event_time":"2020-08-15 09:52:51.329000","session_id":1597484995889,"language":"English","country":"India","device_type":null,"city":"Hyderabad","location_lng":null,"sample_rate":null,"app":277124,"is_attribution_event":false,"library":"amplitude-js\/6.1.0","idfa":null,"device_brand":null,"location_lat":null,"uuid":"15d44f50-dedd-11ea-a88b-0a36f66cbc48","event_properties":{"service-name":"Downloadd-Video-Resources"},"group_properties":{},"os_name":"Chrome","user_id":"praveencapri@gmail.com","event_time":"2020-08-15 09:52:51.329000","user_properties":{"Username":"praveencapri@gmail.com"},"ip_address":"115.97.165.113","user_creation_time":"2020-08-02 07:07:16.958000","amplitude_event_type":null,"device_carrier":null,"processed_time":"2020-08-15 09:52:52.368375","os_version":"84","device_family":null,"server_received_time":"2020-08-15 09:52:52.095000","platform":"Web","event_type":"resource-download-failed","groups":{},"$schema":12,"adid":null,"dma":null,"region":"Telangana","amplitude_attribution_ids":null,"client_upload_time":"2020-08-15 09:52:51.331000","amplitude_id":182009921658,"data":{},"$insert_id":"c1af0cd2-9bc3-4ca1-b992-114a66c4c02a","device_id":"8ZhYf5sBHBI-sI4CHxU75t","device_model":null,"event_id":3,"version_name":null}
{"start_version":null,"paying":null,"server_upload_time":"2020-08-15 09:54:02.805000","device_manufacturer":null,"client_event_time":"2020-08-15 09:54:02.441000","session_id":1597484995889,"language":"English","country":"India","device_type":null,"city":"Hyderabad","location_lng":null,"sample_rate":null,"app":277124,"is_attribution_event":false,"library":"amplitude-js\/6.1.0","idfa":null,"device_brand":null,"location_lat":null,"uuid":"3ff76ec0-dedd-11ea-a88b-0a36f66cbc48","event_properties":{"project-id":664893570,"total-time":"2:40","paused-time":"1:10"},"group_properties":{},"os_name":"Chrome","user_id":"praveencapri@gmail.com","event_time":"2020-08-15 09:54:02.441000","user_properties":{"Username":"praveencapri@gmail.com"},"ip_address":"115.97.165.113","user_creation_time":"2020-08-02 07:07:16.958000","amplitude_event_type":null,"device_carrier":null,"processed_time":"2020-08-15 09:54:03.079560","os_version":"84","device_family":null,"server_received_time":"2020-08-15 09:54:02.798000","platform":"Web","event_type":"preview-paused","groups":{},"$schema":12,"adid":null,"dma":null,"region":"Telangana","amplitude_attribution_ids":null,"client_upload_time":"2020-08-15 09:54:02.446000","amplitude_id":182009921658,"data":{},"$insert_id":"0d58feca-78eb-4f8c-aae6-e774256ce085","device_id":"8ZhYf5sBHBI-sI4CHxU75t","device_model":null,"event_id":4,"version_name":null}
{"start_version":null,"paying":null,"server_upload_time":"2020-08-15 09:56:50.380000","device_manufacturer":null,"client_event_time":"2020-08-15 09:56:49.742000","session_id":1597484995889,"language":"English","country":"India","device_type":null,"city":"Hyderabad","location_lng":null,"sample_rate":null,"app":277124,"is_attribution_event":false,"library":"amplitude-js\/6.1.0","idfa":null,"device_brand":null,"location_lat":null,"uuid":"a4613210-dedd-11ea-a88b-0a36f66cbc48","event_properties":{"total-videos":20,"total-time-to-generate-in-seconds":387,"track-name":"Fly With My Dreams","total-time-to-generate-in-minutes":"6.45","total-scenes-with-original-image":20,"total-images":0,"total-sub-scenes":11,"total-video-time-in-seconds":159,"project-id":664893570,"total-scenes":20,"total-video-time-in-minutes":"2.65"},"group_properties":{},"os_name":"Chrome","user_id":"praveencapri@gmail.com","event_time":"2020-08-15 09:56:49.742000","user_properties":{"Username":"praveencapri@gmail.com"},"ip_address":"115.97.165.113","user_creation_time":"2020-08-02 07:07:16.958000","amplitude_event_type":null,"device_carrier":null,"processed_time":"2020-08-15 09:56:51.575779","os_version":"84","device_family":null,"server_received_time":"2020-08-15 09:56:50.373000","platform":"Web","event_type":"generate-clicked","groups":{},"$schema":12,"adid":null,"dma":null,"region":"Telangana","amplitude_attribution_ids":null,"client_upload_time":"2020-08-15 09:56:49.745000","amplitude_id":182009921658,"data":{},"$insert_id":"b5d17c0f-c5c9-42f4-afa9-6ee22d2dc091","device_id":"8ZhYf5sBHBI-sI4CHxU75t","device_model":null,"event_id":5,"version_name":null}
