{"dma":"Minneapolis-St. Paul, MN","session_id":1597546739405,"language":"English","event_properties":{"provider":"pictory"},"device_type":null,"amplitude_id":185172600884,"processed_time":"2020-08-16 03:00:59.627170","groups":{},"client_event_time":"2020-08-16 03:00:57.599000","platform":"Web","os_version":"13","location_lng":null,"is_attribution_event":false,"server_upload_time":"2020-08-16 03:00:57.924000","amplitude_attribution_ids":null,"idfa":null,"device_manufacturer":"Apple","data":{"first_event":true},"country":"United States","device_id":"NsXFxJGWuUrmIvIpXgMJ0U","client_upload_time":"2020-08-16 03:00:57.603000","event_type":"user-signup","user_properties":{},"uuid":"b633b0fa-df6c-11ea-91fe-0a5f431d2047","user_id":null,"$insert_id":"2306f79c-92d2-41d8-8864-cc10970f979f","city":"Redby","$schema":12,"paying":null,"device_carrier":null,"app":277124,"ip_address":"68.235.82.160","location_lat":null,"start_version":null,"device_family":"Apple iPhone","event_id":1,"user_creation_time":"2020-08-16 03:00:57.599000","group_properties":{},"event_time":"2020-08-16 03:00:57.599000","library":"amplitude-js\/6.1.0","adid":null,"os_name":"Mobile Safari","sample_rate":null,"version_name":null,"device_model":"iPhone","region":"Minnesota","amplitude_event_type":null,"device_brand":null,"server_received_time":"2020-08-16 03:00:57.921000"}
{"dma":"Minneapolis-St. Paul, MN","session_id":1597546739405,"language":"English","event_properties":{"login-via":"Pictory"},"device_type":null,"amplitude_id":185172600884,"processed_time":"2020-08-16 03:01:47.731707","groups":{},"client_event_time":"2020-08-16 03:01:42.709000","platform":"Web","os_version":"13","location_lng":null,"is_attribution_event":false,"server_upload_time":"2020-08-16 03:01:45.931000","amplitude_attribution_ids":null,"idfa":null,"device_manufacturer":"Apple","data":{},"country":"United States","device_id":"NsXFxJGWuUrmIvIpXgMJ0U","client_upload_time":"2020-08-16 03:01:45.860000","event_type":"user-login","user_properties":{"Username":"dimitriusharris32@gmail.com"},"uuid":"d2f837a6-df6c-11ea-91fe-0a5f431d2047","user_id":"dimitriusharris32@gmail.com","$insert_id":"ab17b6bb-47b3-4764-8e7f-782a3fdcbbfd","city":"Redby","$schema":12,"paying":null,"device_carrier":null,"app":277124,"ip_address":"68.235.82.160","location_lat":null,"start_version":null,"device_family":"Apple iPhone","event_id":2,"user_creation_time":"2020-08-16 03:00:57.599000","group_properties":{},"event_time":"2020-08-16 03:01:42.709000","library":"amplitude-js\/6.1.0","adid":null,"os_name":"Mobile Safari","sample_rate":null,"version_name":null,"device_model":"iPhone","region":"Minnesota","amplitude_event_type":null,"device_brand":null,"server_received_time":"2020-08-16 03:01:45.923000"}
