{"device_manufacturer":null,"session_id":1597194596088,"processed_time":"2020-08-12 02:11:25.386979","amplitude_event_type":null,"event_id":71,"client_upload_time":"2020-08-12 02:11:22.418000","city":"Redmond","device_carrier":null,"device_id":"KZadTqDHTrow4VSVYwmx0o","paying":null,"server_received_time":"2020-08-12 02:11:22.921000","os_name":"Chrome","platform":"Web","ip_address":"73.221.253.48","sample_rate":null,"os_version":"84","library":"amplitude-js\/6.1.0","is_attribution_event":false,"$schema":12,"version_name":null,"user_creation_time":"2020-08-12 00:24:06.731000","device_model":null,"user_properties":{"Username":"egranberg@insuranceagencynetwork.com"},"uuid":"1fdb0910-dc41-11ea-8cb9-02b5245174a1","server_upload_time":"2020-08-12 02:11:22.929000","group_properties":{},"groups":{},"adid":null,"$insert_id":"03591bd6-18fe-4361-991e-edc2db263812","dma":"Seattle-Tacoma, WA","country":"United States","app":277124,"device_type":null,"amplitude_id":184248102469,"device_family":null,"start_version":null,"location_lat":null,"user_id":"egranberg@insuranceagencynetwork.com","event_properties":{"script":"<p>Insurance Agency Network was formed in 2017 by a small group of profitable insurance agents looking to band together to succeed in the ever-changing marketplace. &nbsp;It is important to the founders that associates maintain ownership and control of their agencies.&nbsp; When joining IAN there are no entry or exit fees, you maintain 100% ownership of your agency, and you keep the carrier appointments we help you get.&nbsp; &nbsp;In return we charge a simple monthly fee based on your aggregated premium and if you ever choose to leave just give us 30 days written notice.&nbsp; Here at IAN we don\u2019t believe handcuffs are a good sign for a lasting relationship.<\/p><p>IAN is not for everyone.&nbsp;We partner with growing agencies over $2 million in premium, with good loss ratios and high retention. &nbsp;We leverage the networks profitable business with our preferred carriers to increase co-op, commission, and profit share.&nbsp;IAN is now over 100 associates strong with access to over 20 preferred carriers.&n"},"location_lng":null,"language":"English","data":{},"amplitude_attribution_ids":null,"event_type":"start-with-script","region":"Washington","client_event_time":"2020-08-12 02:11:22.417000","event_time":"2020-08-12 02:11:22.417000","device_brand":null,"idfa":null}
{"device_manufacturer":null,"session_id":1597194596088,"processed_time":"2020-08-12 02:11:39.743968","amplitude_event_type":null,"event_id":72,"client_upload_time":"2020-08-12 02:11:36.218000","city":"Redmond","device_carrier":null,"device_id":"KZadTqDHTrow4VSVYwmx0o","paying":null,"server_received_time":"2020-08-12 02:11:36.723000","os_name":"Chrome","platform":"Web","ip_address":"73.221.253.48","sample_rate":null,"os_version":"84","library":"amplitude-js\/6.1.0","is_attribution_event":false,"$schema":12,"version_name":null,"user_creation_time":"2020-08-12 00:24:06.731000","device_model":null,"user_properties":{"Username":"egranberg@insuranceagencynetwork.com"},"uuid":"2869573a-dc41-11ea-8cb9-02b5245174a1","server_upload_time":"2020-08-12 02:11:36.732000","group_properties":{},"groups":{},"adid":null,"$insert_id":"0b32360b-c359-4d73-a1c6-0c728a8f9d65","dma":"Seattle-Tacoma, WA","country":"United States","app":277124,"device_type":null,"amplitude_id":184248102469,"device_family":null,"start_version":null,"location_lat":null,"user_id":"egranberg@insuranceagencynetwork.com","event_properties":{"project-id":658193417,"track-name":"All We Know"},"location_lng":null,"language":"English","data":{},"amplitude_attribution_ids":null,"event_type":"track-deselected","region":"Washington","client_event_time":"2020-08-12 02:11:36.217000","event_time":"2020-08-12 02:11:36.217000","device_brand":null,"idfa":null}
{"device_manufacturer":null,"session_id":1597194596088,"processed_time":"2020-08-12 02:11:39.747115","amplitude_event_type":null,"event_id":73,"client_upload_time":"2020-08-12 02:11:37.640000","city":"Redmond","device_carrier":null,"device_id":"KZadTqDHTrow4VSVYwmx0o","paying":null,"server_received_time":"2020-08-12 02:11:38.145000","os_name":"Chrome","platform":"Web","ip_address":"73.221.253.48","sample_rate":null,"os_version":"84","library":"amplitude-js\/6.1.0","is_attribution_event":false,"$schema":12,"version_name":null,"user_creation_time":"2020-08-12 00:24:06.731000","device_model":null,"user_properties":{"Username":"egranberg@insuranceagencynetwork.com"},"uuid":"28696414-dc41-11ea-8cb9-02b5245174a1","server_upload_time":"2020-08-12 02:11:38.160000","group_properties":{},"groups":{},"adid":null,"$insert_id":"df913b88-8b71-4cf6-81bc-add339c49534","dma":"Seattle-Tacoma, WA","country":"United States","app":277124,"device_type":null,"amplitude_id":184248102469,"device_family":null,"start_version":null,"location_lat":null,"user_id":"egranberg@insuranceagencynetwork.com","event_properties":{"project-id":658193417,"track-name":"All We Know"},"location_lng":null,"language":"English","data":{},"amplitude_attribution_ids":null,"event_type":"track-selected","region":"Washington","client_event_time":"2020-08-12 02:11:37.640000","event_time":"2020-08-12 02:11:37.640000","device_brand":null,"idfa":null}
{"device_manufacturer":null,"session_id":1597194596088,"processed_time":"2020-08-12 02:11:39.751637","amplitude_event_type":null,"event_id":74,"client_upload_time":"2020-08-12 02:11:38.427000","city":"Redmond","device_carrier":null,"device_id":"KZadTqDHTrow4VSVYwmx0o","paying":null,"server_received_time":"2020-08-12 02:11:38.928000","os_name":"Chrome","platform":"Web","ip_address":"73.221.253.48","sample_rate":null,"os_version":"84","library":"amplitude-js\/6.1.0","is_attribution_event":false,"$schema":12,"version_name":null,"user_creation_time":"2020-08-12 00:24:06.731000","device_model":null,"user_properties":{"Username":"egranberg@insuranceagencynetwork.com"},"uuid":"28697008-dc41-11ea-8cb9-02b5245174a1","server_upload_time":"2020-08-12 02:11:38.933000","group_properties":{},"groups":{},"adid":null,"$insert_id":"81981e8e-22f2-4e48-a76f-de9235282c9e","dma":"Seattle-Tacoma, WA","country":"United States","app":277124,"device_type":null,"amplitude_id":184248102469,"device_family":null,"start_version":null,"location_lat":null,"user_id":"egranberg@insuranceagencynetwork.com","event_properties":{"project-category":"Insurance Agency Network was formed in 2017 by a small group of profitable insurance agents looking to band together to succeed in the ever-changing marketplace","save-type":"New Video","project-name":"Insurance Agency Net(3)","project-id":658193417},"location_lng":null,"language":"English","data":{},"amplitude_attribution_ids":null,"event_type":"video-saved","region":"Washington","client_event_time":"2020-08-12 02:11:38.426000","event_time":"2020-08-12 02:11:38.426000","device_brand":null,"idfa":null}
{"device_manufacturer":null,"session_id":1597194596088,"processed_time":"2020-08-12 02:11:59.433716","amplitude_event_type":null,"event_id":75,"client_upload_time":"2020-08-12 02:11:56.344000","city":"Redmond","device_carrier":null,"device_id":"KZadTqDHTrow4VSVYwmx0o","paying":null,"server_received_time":"2020-08-12 02:11:56.847000","os_name":"Chrome","platform":"Web","ip_address":"73.221.253.48","sample_rate":null,"os_version":"84","library":"amplitude-js\/6.1.0","is_attribution_event":false,"$schema":12,"version_name":null,"user_creation_time":"2020-08-12 00:24:06.731000","device_model":null,"user_properties":{"Username":"egranberg@insuranceagencynetwork.com"},"uuid":"3428dbe0-dc41-11ea-8cb9-02b5245174a1","server_upload_time":"2020-08-12 02:11:56.858000","group_properties":{},"groups":{},"adid":null,"$insert_id":"42b76b5f-aee7-42b8-8f0a-da1cc766b373","dma":"Seattle-Tacoma, WA","country":"United States","app":277124,"device_type":null,"amplitude_id":184248102469,"device_family":null,"start_version":null,"location_lat":null,"user_id":"egranberg@insuranceagencynetwork.com","event_properties":{"project-category":"Insurance Agency Network was formed in 2017 by a small group of profitable insurance agents looking to band together to succeed in the ever-changing marketplace","save-type":"Saved Video","project-name":"Insurance Agency Net(3)","project-id":658193417},"location_lng":null,"language":"English","data":{},"amplitude_attribution_ids":null,"event_type":"video-saved","region":"Washington","client_event_time":"2020-08-12 02:11:56.343000","event_time":"2020-08-12 02:11:56.343000","device_brand":null,"idfa":null}
{"device_manufacturer":null,"session_id":1597194596088,"processed_time":"2020-08-12 02:12:13.623120","amplitude_event_type":null,"event_id":76,"client_upload_time":"2020-08-12 02:12:11.201000","city":"Redmond","device_carrier":null,"device_id":"KZadTqDHTrow4VSVYwmx0o","paying":null,"server_received_time":"2020-08-12 02:12:11.704000","os_name":"Chrome","platform":"Web","ip_address":"73.221.253.48","sample_rate":null,"os_version":"84","library":"amplitude-js\/6.1.0","is_attribution_event":false,"$schema":12,"version_name":null,"user_creation_time":"2020-08-12 00:24:06.731000","device_model":null,"user_properties":{"Username":"egranberg@insuranceagencynetwork.com"},"uuid":"3c9c214c-dc41-11ea-8cb9-02b5245174a1","server_upload_time":"2020-08-12 02:12:11.731000","group_properties":{},"groups":{},"adid":null,"$insert_id":"c6c3f63d-3525-4fde-aba3-6f77f3e3e35c","dma":"Seattle-Tacoma, WA","country":"United States","app":277124,"device_type":null,"amplitude_id":184248102469,"device_family":null,"start_version":null,"location_lat":null,"user_id":"egranberg@insuranceagencynetwork.com","event_properties":{"project-id":658193417},"location_lng":null,"language":"English","data":{},"amplitude_attribution_ids":null,"event_type":"preview-clicked","region":"Washington","client_event_time":"2020-08-12 02:12:11.200000","event_time":"2020-08-12 02:12:11.200000","device_brand":null,"idfa":null}
{"device_manufacturer":null,"session_id":1597194596088,"processed_time":"2020-08-12 02:24:55.574280","amplitude_event_type":null,"event_id":77,"client_upload_time":"2020-08-12 02:24:53.247000","city":"Redmond","device_carrier":null,"device_id":"KZadTqDHTrow4VSVYwmx0o","paying":null,"server_received_time":"2020-08-12 02:24:53.751000","os_name":"Chrome","platform":"Web","ip_address":"73.221.253.48","sample_rate":null,"os_version":"84","library":"amplitude-js\/6.1.0","is_attribution_event":false,"$schema":12,"version_name":null,"user_creation_time":"2020-08-12 00:24:06.731000","device_model":null,"user_properties":{"Username":"egranberg@insuranceagencynetwork.com"},"uuid":"02c4e8d0-dc43-11ea-8cb9-02b5245174a1","server_upload_time":"2020-08-12 02:24:53.760000","group_properties":{},"groups":{},"adid":null,"$insert_id":"c0498f21-137e-4cbb-b74d-a7b32de21467","dma":"Seattle-Tacoma, WA","country":"United States","app":277124,"device_type":null,"amplitude_id":184248102469,"device_family":null,"start_version":null,"location_lat":null,"user_id":"egranberg@insuranceagencynetwork.com","event_properties":{"script":"<p>Insurance Agency Network was formed in 2017 by a small group of profitable insurance agents looking to band together to succeed in the ever-changing marketplace. &nbsp;It is important to the founders that associates maintain ownership and control of their agencies.&nbsp; That\u2019s why when joining IAN there are no entry or exit fees, you maintain 100% ownership of your agency, and you keep the carrier appointments we help you get.&nbsp; &nbsp;In return we charge a simple monthly fee based on your aggregated premium and if you ever choose to leave just give us 30 days written notice.&nbsp; Here at IAN we don\u2019t believe handcuffs are a good sign for a lasting relationship.<\/p><p>IAN partners with growing agencies over $2 million in premium, with good loss ratios and high retention. &nbsp;We leverage the networks profitable business with our preferred carriers to increase co-op, commission, and profit share.&nbsp; IAN is now over 100 associates strong with access to over 20 national carriers to support your g"},"location_lng":null,"language":"English","data":{},"amplitude_attribution_ids":null,"event_type":"start-with-script","region":"Washington","client_event_time":"2020-08-12 02:24:53.246000","event_time":"2020-08-12 02:24:53.246000","device_brand":null,"idfa":null}
{"device_manufacturer":null,"session_id":1597194596088,"processed_time":"2020-08-12 02:25:08.357620","amplitude_event_type":null,"event_id":78,"client_upload_time":"2020-08-12 02:25:05.537000","city":"Redmond","device_carrier":null,"device_id":"KZadTqDHTrow4VSVYwmx0o","paying":null,"server_received_time":"2020-08-12 02:25:06.041000","os_name":"Chrome","platform":"Web","ip_address":"73.221.253.48","sample_rate":null,"os_version":"84","library":"amplitude-js\/6.1.0","is_attribution_event":false,"$schema":12,"version_name":null,"user_creation_time":"2020-08-12 00:24:06.731000","device_model":null,"user_properties":{"Username":"egranberg@insuranceagencynetwork.com"},"uuid":"0a648a82-dc43-11ea-8cb9-02b5245174a1","server_upload_time":"2020-08-12 02:25:06.054000","group_properties":{},"groups":{},"adid":null,"$insert_id":"daa66358-c7c1-408e-97ef-20682aaf7ad5","dma":"Seattle-Tacoma, WA","country":"United States","app":277124,"device_type":null,"amplitude_id":184248102469,"device_family":null,"start_version":null,"location_lat":null,"user_id":"egranberg@insuranceagencynetwork.com","event_properties":{"project-id":779893972,"track-name":"All We Know"},"location_lng":null,"language":"English","data":{},"amplitude_attribution_ids":null,"event_type":"track-deselected","region":"Washington","client_event_time":"2020-08-12 02:25:05.536000","event_time":"2020-08-12 02:25:05.536000","device_brand":null,"idfa":null}
{"device_manufacturer":null,"session_id":1597194596088,"processed_time":"2020-08-12 02:25:11.028085","amplitude_event_type":null,"event_id":79,"client_upload_time":"2020-08-12 02:25:07.046000","city":"Redmond","device_carrier":null,"device_id":"KZadTqDHTrow4VSVYwmx0o","paying":null,"server_received_time":"2020-08-12 02:25:07.550000","os_name":"Chrome","platform":"Web","ip_address":"73.221.253.48","sample_rate":null,"os_version":"84","library":"amplitude-js\/6.1.0","is_attribution_event":false,"$schema":12,"version_name":null,"user_creation_time":"2020-08-12 00:24:06.731000","device_model":null,"user_properties":{"Username":"egranberg@insuranceagencynetwork.com"},"uuid":"0bf80bee-dc43-11ea-8cb9-02b5245174a1","server_upload_time":"2020-08-12 02:25:07.567000","group_properties":{},"groups":{},"adid":null,"$insert_id":"ef09088b-b036-435e-aca5-e142aac3455f","dma":"Seattle-Tacoma, WA","country":"United States","app":277124,"device_type":null,"amplitude_id":184248102469,"device_family":null,"start_version":null,"location_lat":null,"user_id":"egranberg@insuranceagencynetwork.com","event_properties":{"project-id":779893972,"track-name":"All We Know"},"location_lng":null,"language":"English","data":{},"amplitude_attribution_ids":null,"event_type":"track-selected","region":"Washington","client_event_time":"2020-08-12 02:25:07.046000","event_time":"2020-08-12 02:25:07.046000","device_brand":null,"idfa":null}
{"device_manufacturer":null,"session_id":1597194596088,"processed_time":"2020-08-12 02:25:11.030999","amplitude_event_type":null,"event_id":80,"client_upload_time":"2020-08-12 02:25:07.915000","city":"Redmond","device_carrier":null,"device_id":"KZadTqDHTrow4VSVYwmx0o","paying":null,"server_received_time":"2020-08-12 02:25:08.413000","os_name":"Chrome","platform":"Web","ip_address":"73.221.253.48","sample_rate":null,"os_version":"84","library":"amplitude-js\/6.1.0","is_attribution_event":false,"$schema":12,"version_name":null,"user_creation_time":"2020-08-12 00:24:06.731000","device_model":null,"user_properties":{"Username":"egranberg@insuranceagencynetwork.com"},"uuid":"0bf813aa-dc43-11ea-8cb9-02b5245174a1","server_upload_time":"2020-08-12 02:25:08.424000","group_properties":{},"groups":{},"adid":null,"$insert_id":"154bed48-f34c-4655-a51f-de51aef6b41d","dma":"Seattle-Tacoma, WA","country":"United States","app":277124,"device_type":null,"amplitude_id":184248102469,"device_family":null,"start_version":null,"location_lat":null,"user_id":"egranberg@insuranceagencynetwork.com","event_properties":{"project-category":"Insurance Agency Network was formed in 2017 by a small group of profitable insurance agents looking to band together to succeed in the ever-changing marketplace","save-type":"New Video","project-name":"Insurance Agency Net(4)","project-id":779893972},"location_lng":null,"language":"English","data":{},"amplitude_attribution_ids":null,"event_type":"video-saved","region":"Washington","client_event_time":"2020-08-12 02:25:07.914000","event_time":"2020-08-12 02:25:07.914000","device_brand":null,"idfa":null}
{"device_manufacturer":null,"session_id":1597194596088,"processed_time":"2020-08-12 02:25:19.924019","amplitude_event_type":null,"event_id":81,"client_upload_time":"2020-08-12 02:25:17.574000","city":"Redmond","device_carrier":null,"device_id":"KZadTqDHTrow4VSVYwmx0o","paying":null,"server_received_time":"2020-08-12 02:25:18.079000","os_name":"Chrome","platform":"Web","ip_address":"73.221.253.48","sample_rate":null,"os_version":"84","library":"amplitude-js\/6.1.0","is_attribution_event":false,"$schema":12,"version_name":null,"user_creation_time":"2020-08-12 00:24:06.731000","device_model":null,"user_properties":{"Username":"egranberg@insuranceagencynetwork.com"},"uuid":"11497efc-dc43-11ea-8cb9-02b5245174a1","server_upload_time":"2020-08-12 02:25:18.091000","group_properties":{},"groups":{},"adid":null,"$insert_id":"58edde27-4d1b-40d0-b027-8af348f4b41d","dma":"Seattle-Tacoma, WA","country":"United States","app":277124,"device_type":null,"amplitude_id":184248102469,"device_family":null,"start_version":null,"location_lat":null,"user_id":"egranberg@insuranceagencynetwork.com","event_properties":{"project-category":"Insurance Agency Network was formed in 2017 by a small group of profitable insurance agents looking to band together to succeed in the ever-changing marketplace","save-type":"Saved Video","project-name":"Insurance Agency Net(4)","project-id":779893972},"location_lng":null,"language":"English","data":{},"amplitude_attribution_ids":null,"event_type":"video-saved","region":"Washington","client_event_time":"2020-08-12 02:25:17.573000","event_time":"2020-08-12 02:25:17.573000","device_brand":null,"idfa":null}
{"device_manufacturer":null,"session_id":1597194596088,"processed_time":"2020-08-12 02:25:46.870256","amplitude_event_type":null,"event_id":82,"client_upload_time":"2020-08-12 02:25:45.117000","city":"Redmond","device_carrier":null,"device_id":"KZadTqDHTrow4VSVYwmx0o","paying":null,"server_received_time":"2020-08-12 02:25:45.623000","os_name":"Chrome","platform":"Web","ip_address":"73.221.253.48","sample_rate":null,"os_version":"84","library":"amplitude-js\/6.1.0","is_attribution_event":false,"$schema":12,"version_name":null,"user_creation_time":"2020-08-12 00:24:06.731000","device_model":null,"user_properties":{"Username":"egranberg@insuranceagencynetwork.com"},"uuid":"2159590c-dc43-11ea-8cb9-02b5245174a1","server_upload_time":"2020-08-12 02:25:45.631000","group_properties":{},"groups":{},"adid":null,"$insert_id":"b45b8ca9-5945-43d8-8e7b-208ed1c6ea5a","dma":"Seattle-Tacoma, WA","country":"United States","app":277124,"device_type":null,"amplitude_id":184248102469,"device_family":null,"start_version":null,"location_lat":null,"user_id":"egranberg@insuranceagencynetwork.com","event_properties":{"project-id":779893972},"location_lng":null,"language":"English","data":{},"amplitude_attribution_ids":null,"event_type":"upload-clicked","region":"Washington","client_event_time":"2020-08-12 02:25:45.116000","event_time":"2020-08-12 02:25:45.116000","device_brand":null,"idfa":null}
{"device_manufacturer":null,"session_id":1597194596088,"processed_time":"2020-08-12 02:25:49.175372","amplitude_event_type":null,"event_id":83,"client_upload_time":"2020-08-12 02:25:46.105000","city":"Redmond","device_carrier":null,"device_id":"KZadTqDHTrow4VSVYwmx0o","paying":null,"server_received_time":"2020-08-12 02:25:46.601000","os_name":"Chrome","platform":"Web","ip_address":"73.221.253.48","sample_rate":null,"os_version":"84","library":"amplitude-js\/6.1.0","is_attribution_event":false,"$schema":12,"version_name":null,"user_creation_time":"2020-08-12 00:24:06.731000","device_model":null,"user_properties":{"Username":"egranberg@insuranceagencynetwork.com"},"uuid":"22b8855c-dc43-11ea-8cb9-02b5245174a1","server_upload_time":"2020-08-12 02:25:46.611000","group_properties":{},"groups":{},"adid":null,"$insert_id":"92a4e312-1426-4408-9b4b-bf8ece839c0e","dma":"Seattle-Tacoma, WA","country":"United States","app":277124,"device_type":null,"amplitude_id":184248102469,"device_family":null,"start_version":null,"location_lat":null,"user_id":"egranberg@insuranceagencynetwork.com","event_properties":{"source":"Visuals","project-id":779893972},"location_lng":null,"language":"English","data":{},"amplitude_attribution_ids":null,"event_type":"recent-clicked","region":"Washington","client_event_time":"2020-08-12 02:25:46.105000","event_time":"2020-08-12 02:25:46.105000","device_brand":null,"idfa":null}
{"device_manufacturer":null,"session_id":1597194596088,"processed_time":"2020-08-12 02:26:32.567487","amplitude_event_type":null,"event_id":84,"client_upload_time":"2020-08-12 02:26:29.862000","city":"Redmond","device_carrier":null,"device_id":"KZadTqDHTrow4VSVYwmx0o","paying":null,"server_received_time":"2020-08-12 02:26:30.369000","os_name":"Chrome","platform":"Web","ip_address":"73.221.253.48","sample_rate":null,"os_version":"84","library":"amplitude-js\/6.1.0","is_attribution_event":false,"$schema":12,"version_name":null,"user_creation_time":"2020-08-12 00:24:06.731000","device_model":null,"user_properties":{"Username":"egranberg@insuranceagencynetwork.com"},"uuid":"3c951544-dc43-11ea-8cb9-02b5245174a1","server_upload_time":"2020-08-12 02:26:30.388000","group_properties":{},"groups":{},"adid":null,"$insert_id":"dd074536-ba4a-4c3d-bf90-c20b68b238de","dma":"Seattle-Tacoma, WA","country":"United States","app":277124,"device_type":null,"amplitude_id":184248102469,"device_family":null,"start_version":null,"location_lat":null,"user_id":"egranberg@insuranceagencynetwork.com","event_properties":{"current-theme":"Animation3","previous-theme":"Animation1","project-id":779893972},"location_lng":null,"language":"English","data":{},"amplitude_attribution_ids":null,"event_type":"theme-changed","region":"Washington","client_event_time":"2020-08-12 02:26:29.861000","event_time":"2020-08-12 02:26:29.861000","device_brand":null,"idfa":null}
{"device_manufacturer":null,"session_id":1597194596088,"processed_time":"2020-08-12 02:26:35.395723","amplitude_event_type":null,"event_id":85,"client_upload_time":"2020-08-12 02:26:31.795000","city":"Redmond","device_carrier":null,"device_id":"KZadTqDHTrow4VSVYwmx0o","paying":null,"server_received_time":"2020-08-12 02:26:32.298000","os_name":"Chrome","platform":"Web","ip_address":"73.221.253.48","sample_rate":null,"os_version":"84","library":"amplitude-js\/6.1.0","is_attribution_event":false,"$schema":12,"version_name":null,"user_creation_time":"2020-08-12 00:24:06.731000","device_model":null,"user_properties":{"Username":"egranberg@insuranceagencynetwork.com"},"uuid":"3e45d73e-dc43-11ea-8cb9-02b5245174a1","server_upload_time":"2020-08-12 02:26:32.304000","group_properties":{},"groups":{},"adid":null,"$insert_id":"dbe3bc01-994d-432c-ab3a-c27def3f4c9b","dma":"Seattle-Tacoma, WA","country":"United States","app":277124,"device_type":null,"amplitude_id":184248102469,"device_family":null,"start_version":null,"location_lat":null,"user_id":"egranberg@insuranceagencynetwork.com","event_properties":{"project-category":"Insurance Agency Network was formed in 2017 by a small group of profitable insurance agents looking to band together to succeed in the ever-changing marketplace","save-type":"Saved Video","project-name":"Insurance Agency Net(4)","project-id":779893972},"location_lng":null,"language":"English","data":{},"amplitude_attribution_ids":null,"event_type":"video-saved","region":"Washington","client_event_time":"2020-08-12 02:26:31.794000","event_time":"2020-08-12 02:26:31.794000","device_brand":null,"idfa":null}
{"device_manufacturer":null,"session_id":1597194596088,"processed_time":"2020-08-12 02:26:45.870618","amplitude_event_type":null,"event_id":86,"client_upload_time":"2020-08-12 02:26:43.847000","city":"Redmond","device_carrier":null,"device_id":"KZadTqDHTrow4VSVYwmx0o","paying":null,"server_received_time":"2020-08-12 02:26:44.351000","os_name":"Chrome","platform":"Web","ip_address":"73.221.253.48","sample_rate":null,"os_version":"84","library":"amplitude-js\/6.1.0","is_attribution_event":false,"$schema":12,"version_name":null,"user_creation_time":"2020-08-12 00:24:06.731000","device_model":null,"user_properties":{"Username":"egranberg@insuranceagencynetwork.com"},"uuid":"4484290c-dc43-11ea-8cb9-02b5245174a1","server_upload_time":"2020-08-12 02:26:44.357000","group_properties":{},"groups":{},"adid":null,"$insert_id":"8ceaa4be-3bc3-4d94-b14a-df7e625e85bd","dma":"Seattle-Tacoma, WA","country":"United States","app":277124,"device_type":null,"amplitude_id":184248102469,"device_family":null,"start_version":null,"location_lat":null,"user_id":"egranberg@insuranceagencynetwork.com","event_properties":{"current-theme":"Animation2","previous-theme":"Animation3","project-id":779893972},"location_lng":null,"language":"English","data":{},"amplitude_attribution_ids":null,"event_type":"theme-changed","region":"Washington","client_event_time":"2020-08-12 02:26:43.846000","event_time":"2020-08-12 02:26:43.846000","device_brand":null,"idfa":null}
{"device_manufacturer":null,"session_id":1597194596088,"processed_time":"2020-08-12 02:26:48.742541","amplitude_event_type":null,"event_id":87,"client_upload_time":"2020-08-12 02:26:45.609000","city":"Redmond","device_carrier":null,"device_id":"KZadTqDHTrow4VSVYwmx0o","paying":null,"server_received_time":"2020-08-12 02:26:46.117000","os_name":"Chrome","platform":"Web","ip_address":"73.221.253.48","sample_rate":null,"os_version":"84","library":"amplitude-js\/6.1.0","is_attribution_event":false,"$schema":12,"version_name":null,"user_creation_time":"2020-08-12 00:24:06.731000","device_model":null,"user_properties":{"Username":"egranberg@insuranceagencynetwork.com"},"uuid":"463480e4-dc43-11ea-8cb9-02b5245174a1","server_upload_time":"2020-08-12 02:26:46.127000","group_properties":{},"groups":{},"adid":null,"$insert_id":"29dedec3-e78a-4b19-afb3-4d5df3c72829","dma":"Seattle-Tacoma, WA","country":"United States","app":277124,"device_type":null,"amplitude_id":184248102469,"device_family":null,"start_version":null,"location_lat":null,"user_id":"egranberg@insuranceagencynetwork.com","event_properties":{"project-category":"Insurance Agency Network was formed in 2017 by a small group of profitable insurance agents looking to band together to succeed in the ever-changing marketplace","save-type":"Saved Video","project-name":"Insurance Agency Net(4)","project-id":779893972},"location_lng":null,"language":"English","data":{},"amplitude_attribution_ids":null,"event_type":"video-saved","region":"Washington","client_event_time":"2020-08-12 02:26:45.608000","event_time":"2020-08-12 02:26:45.608000","device_brand":null,"idfa":null}
{"device_manufacturer":null,"session_id":1597194596088,"processed_time":"2020-08-12 02:26:51.030866","amplitude_event_type":null,"event_id":88,"client_upload_time":"2020-08-12 02:26:48.228000","city":"Redmond","device_carrier":null,"device_id":"KZadTqDHTrow4VSVYwmx0o","paying":null,"server_received_time":"2020-08-12 02:26:48.729000","os_name":"Chrome","platform":"Web","ip_address":"73.221.253.48","sample_rate":null,"os_version":"84","library":"amplitude-js\/6.1.0","is_attribution_event":false,"$schema":12,"version_name":null,"user_creation_time":"2020-08-12 00:24:06.731000","device_model":null,"user_properties":{"Username":"egranberg@insuranceagencynetwork.com"},"uuid":"47938afc-dc43-11ea-8cb9-02b5245174a1","server_upload_time":"2020-08-12 02:26:48.750000","group_properties":{},"groups":{},"adid":null,"$insert_id":"5bbfd23a-f434-451d-9298-e4941445a7e5","dma":"Seattle-Tacoma, WA","country":"United States","app":277124,"device_type":null,"amplitude_id":184248102469,"device_family":null,"start_version":null,"location_lat":null,"user_id":"egranberg@insuranceagencynetwork.com","event_properties":{"current-theme":"Animation1","previous-theme":"Animation2","project-id":779893972},"location_lng":null,"language":"English","data":{},"amplitude_attribution_ids":null,"event_type":"theme-changed","region":"Washington","client_event_time":"2020-08-12 02:26:48.228000","event_time":"2020-08-12 02:26:48.228000","device_brand":null,"idfa":null}
{"device_manufacturer":null,"session_id":1597194596088,"processed_time":"2020-08-12 02:26:51.037349","amplitude_event_type":null,"event_id":89,"client_upload_time":"2020-08-12 02:26:49.687000","city":"Redmond","device_carrier":null,"device_id":"KZadTqDHTrow4VSVYwmx0o","paying":null,"server_received_time":"2020-08-12 02:26:50.192000","os_name":"Chrome","platform":"Web","ip_address":"73.221.253.48","sample_rate":null,"os_version":"84","library":"amplitude-js\/6.1.0","is_attribution_event":false,"$schema":12,"version_name":null,"user_creation_time":"2020-08-12 00:24:06.731000","device_model":null,"user_properties":{"Username":"egranberg@insuranceagencynetwork.com"},"uuid":"4793942a-dc43-11ea-8cb9-02b5245174a1","server_upload_time":"2020-08-12 02:26:50.202000","group_properties":{},"groups":{},"adid":null,"$insert_id":"40f4464b-7073-4394-ae9c-507bc1102fc7","dma":"Seattle-Tacoma, WA","country":"United States","app":277124,"device_type":null,"amplitude_id":184248102469,"device_family":null,"start_version":null,"location_lat":null,"user_id":"egranberg@insuranceagencynetwork.com","event_properties":{"project-category":"Insurance Agency Network was formed in 2017 by a small group of profitable insurance agents looking to band together to succeed in the ever-changing marketplace","save-type":"Saved Video","project-name":"Insurance Agency Net(4)","project-id":779893972},"location_lng":null,"language":"English","data":{},"amplitude_attribution_ids":null,"event_type":"video-saved","region":"Washington","client_event_time":"2020-08-12 02:26:49.686000","event_time":"2020-08-12 02:26:49.686000","device_brand":null,"idfa":null}
{"device_manufacturer":null,"session_id":1597194596088,"processed_time":"2020-08-12 02:26:58.315834","amplitude_event_type":null,"event_id":90,"client_upload_time":"2020-08-12 02:26:54.585000","city":"Redmond","device_carrier":null,"device_id":"KZadTqDHTrow4VSVYwmx0o","paying":null,"server_received_time":"2020-08-12 02:26:55.092000","os_name":"Chrome","platform":"Web","ip_address":"73.221.253.48","sample_rate":null,"os_version":"84","library":"amplitude-js\/6.1.0","is_attribution_event":false,"$schema":12,"version_name":null,"user_creation_time":"2020-08-12 00:24:06.731000","device_model":null,"user_properties":{"Username":"egranberg@insuranceagencynetwork.com"},"uuid":"4bef234a-dc43-11ea-8cb9-02b5245174a1","server_upload_time":"2020-08-12 02:26:55.097000","group_properties":{},"groups":{},"adid":null,"$insert_id":"1bdbd164-ccda-41cc-982c-61d9e08a1f13","dma":"Seattle-Tacoma, WA","country":"United States","app":277124,"device_type":null,"amplitude_id":184248102469,"device_family":null,"start_version":null,"location_lat":null,"user_id":"egranberg@insuranceagencynetwork.com","event_properties":{"current-theme":"Animation2","previous-theme":"Animation1","project-id":779893972},"location_lng":null,"language":"English","data":{},"amplitude_attribution_ids":null,"event_type":"theme-changed","region":"Washington","client_event_time":"2020-08-12 02:26:54.584000","event_time":"2020-08-12 02:26:54.584000","device_brand":null,"idfa":null}
{"device_manufacturer":null,"session_id":1597194596088,"processed_time":"2020-08-12 02:26:58.317811","amplitude_event_type":null,"event_id":91,"client_upload_time":"2020-08-12 02:26:56.242000","city":"Redmond","device_carrier":null,"device_id":"KZadTqDHTrow4VSVYwmx0o","paying":null,"server_received_time":"2020-08-12 02:26:56.743000","os_name":"Chrome","platform":"Web","ip_address":"73.221.253.48","sample_rate":null,"os_version":"84","library":"amplitude-js\/6.1.0","is_attribution_event":false,"$schema":12,"version_name":null,"user_creation_time":"2020-08-12 00:24:06.731000","device_model":null,"user_properties":{"Username":"egranberg@insuranceagencynetwork.com"},"uuid":"4bef2c64-dc43-11ea-8cb9-02b5245174a1","server_upload_time":"2020-08-12 02:26:56.760000","group_properties":{},"groups":{},"adid":null,"$insert_id":"2560c15b-409c-4a8a-b870-3eb98178b90b","dma":"Seattle-Tacoma, WA","country":"United States","app":277124,"device_type":null,"amplitude_id":184248102469,"device_family":null,"start_version":null,"location_lat":null,"user_id":"egranberg@insuranceagencynetwork.com","event_properties":{"project-category":"Insurance Agency Network was formed in 2017 by a small group of profitable insurance agents looking to band together to succeed in the ever-changing marketplace","save-type":"Saved Video","project-name":"Insurance Agency Net(4)","project-id":779893972},"location_lng":null,"language":"English","data":{},"amplitude_attribution_ids":null,"event_type":"video-saved","region":"Washington","client_event_time":"2020-08-12 02:26:56.241000","event_time":"2020-08-12 02:26:56.241000","device_brand":null,"idfa":null}
{"device_manufacturer":null,"session_id":1597194596088,"processed_time":"2020-08-12 02:26:59.760250","amplitude_event_type":null,"event_id":92,"client_upload_time":"2020-08-12 02:26:57.895000","city":"Redmond","device_carrier":null,"device_id":"KZadTqDHTrow4VSVYwmx0o","paying":null,"server_received_time":"2020-08-12 02:26:58.399000","os_name":"Chrome","platform":"Web","ip_address":"73.221.253.48","sample_rate":null,"os_version":"84","library":"amplitude-js\/6.1.0","is_attribution_event":false,"$schema":12,"version_name":null,"user_creation_time":"2020-08-12 00:24:06.731000","device_model":null,"user_properties":{"Username":"egranberg@insuranceagencynetwork.com"},"uuid":"4ccb7048-dc43-11ea-8cb9-02b5245174a1","server_upload_time":"2020-08-12 02:26:58.406000","group_properties":{},"groups":{},"adid":null,"$insert_id":"54dbeba1-be06-442c-a851-077c2d8e0663","dma":"Seattle-Tacoma, WA","country":"United States","app":277124,"device_type":null,"amplitude_id":184248102469,"device_family":null,"start_version":null,"location_lat":null,"user_id":"egranberg@insuranceagencynetwork.com","event_properties":{"current-theme":"Animation4","previous-theme":"Animation2","project-id":779893972},"location_lng":null,"language":"English","data":{},"amplitude_attribution_ids":null,"event_type":"theme-changed","region":"Washington","client_event_time":"2020-08-12 02:26:57.894000","event_time":"2020-08-12 02:26:57.894000","device_brand":null,"idfa":null}
{"device_manufacturer":null,"session_id":1597194596088,"processed_time":"2020-08-12 02:27:02.069171","amplitude_event_type":null,"event_id":93,"client_upload_time":"2020-08-12 02:26:59.277000","city":"Redmond","device_carrier":null,"device_id":"KZadTqDHTrow4VSVYwmx0o","paying":null,"server_received_time":"2020-08-12 02:26:59.781000","os_name":"Chrome","platform":"Web","ip_address":"73.221.253.48","sample_rate":null,"os_version":"84","library":"amplitude-js\/6.1.0","is_attribution_event":false,"$schema":12,"version_name":null,"user_creation_time":"2020-08-12 00:24:06.731000","device_model":null,"user_properties":{"Username":"egranberg@insuranceagencynetwork.com"},"uuid":"4e2bf5a2-dc43-11ea-8cb9-02b5245174a1","server_upload_time":"2020-08-12 02:26:59.803000","group_properties":{},"groups":{},"adid":null,"$insert_id":"4bb4905d-a418-46f5-ba6f-4659fd4e568f","dma":"Seattle-Tacoma, WA","country":"United States","app":277124,"device_type":null,"amplitude_id":184248102469,"device_family":null,"start_version":null,"location_lat":null,"user_id":"egranberg@insuranceagencynetwork.com","event_properties":{"project-category":"Insurance Agency Network was formed in 2017 by a small group of profitable insurance agents looking to band together to succeed in the ever-changing marketplace","save-type":"Saved Video","project-name":"Insurance Agency Net(4)","project-id":779893972},"location_lng":null,"language":"English","data":{},"amplitude_attribution_ids":null,"event_type":"video-saved","region":"Washington","client_event_time":"2020-08-12 02:26:59.276000","event_time":"2020-08-12 02:26:59.276000","device_brand":null,"idfa":null}
{"device_manufacturer":null,"session_id":1597194596088,"processed_time":"2020-08-12 02:27:14.605502","amplitude_event_type":null,"event_id":94,"client_upload_time":"2020-08-12 02:27:12.046000","city":"Redmond","device_carrier":null,"device_id":"KZadTqDHTrow4VSVYwmx0o","paying":null,"server_received_time":"2020-08-12 02:27:12.551000","os_name":"Chrome","platform":"Web","ip_address":"73.221.253.48","sample_rate":null,"os_version":"84","library":"amplitude-js\/6.1.0","is_attribution_event":false,"$schema":12,"version_name":null,"user_creation_time":"2020-08-12 00:24:06.731000","device_model":null,"user_properties":{"Username":"egranberg@insuranceagencynetwork.com"},"uuid":"55a4c926-dc43-11ea-8cb9-02b5245174a1","server_upload_time":"2020-08-12 02:27:12.567000","group_properties":{},"groups":{},"adid":null,"$insert_id":"0975b6f9-6b25-4f46-b8c2-460d0a93a1e2","dma":"Seattle-Tacoma, WA","country":"United States","app":277124,"device_type":null,"amplitude_id":184248102469,"device_family":null,"start_version":null,"location_lat":null,"user_id":"egranberg@insuranceagencynetwork.com","event_properties":{"current-theme":"Animation4","previous-theme":"Animation4","project-id":779893972},"location_lng":null,"language":"English","data":{},"amplitude_attribution_ids":null,"event_type":"theme-changed","region":"Washington","client_event_time":"2020-08-12 02:27:12.046000","event_time":"2020-08-12 02:27:12.046000","device_brand":null,"idfa":null}
{"device_manufacturer":null,"session_id":1597194596088,"processed_time":"2020-08-12 02:27:17.151683","amplitude_event_type":null,"event_id":95,"client_upload_time":"2020-08-12 02:27:13.676000","city":"Redmond","device_carrier":null,"device_id":"KZadTqDHTrow4VSVYwmx0o","paying":null,"server_received_time":"2020-08-12 02:27:14.182000","os_name":"Chrome","platform":"Web","ip_address":"73.221.253.48","sample_rate":null,"os_version":"84","library":"amplitude-js\/6.1.0","is_attribution_event":false,"$schema":12,"version_name":null,"user_creation_time":"2020-08-12 00:24:06.731000","device_model":null,"user_properties":{"Username":"egranberg@insuranceagencynetwork.com"},"uuid":"5728eae8-dc43-11ea-8cb9-02b5245174a1","server_upload_time":"2020-08-12 02:27:14.193000","group_properties":{},"groups":{},"adid":null,"$insert_id":"c9a55c34-fc46-4cdc-9a95-1b6d3a17bd58","dma":"Seattle-Tacoma, WA","country":"United States","app":277124,"device_type":null,"amplitude_id":184248102469,"device_family":null,"start_version":null,"location_lat":null,"user_id":"egranberg@insuranceagencynetwork.com","event_properties":{"project-category":"Insurance Agency Network was formed in 2017 by a small group of profitable insurance agents looking to band together to succeed in the ever-changing marketplace","save-type":"Saved Video","project-name":"Insurance Agency Net(4)","project-id":779893972},"location_lng":null,"language":"English","data":{},"amplitude_attribution_ids":null,"event_type":"video-saved","region":"Washington","client_event_time":"2020-08-12 02:27:13.675000","event_time":"2020-08-12 02:27:13.675000","device_brand":null,"idfa":null}
{"device_manufacturer":null,"session_id":1597194596088,"processed_time":"2020-08-12 02:27:17.154545","amplitude_event_type":null,"event_id":96,"client_upload_time":"2020-08-12 02:27:15.333000","city":"Redmond","device_carrier":null,"device_id":"KZadTqDHTrow4VSVYwmx0o","paying":null,"server_received_time":"2020-08-12 02:27:15.837000","os_name":"Chrome","platform":"Web","ip_address":"73.221.253.48","sample_rate":null,"os_version":"84","library":"amplitude-js\/6.1.0","is_attribution_event":false,"$schema":12,"version_name":null,"user_creation_time":"2020-08-12 00:24:06.731000","device_model":null,"user_properties":{"Username":"egranberg@insuranceagencynetwork.com"},"uuid":"5728f7d6-dc43-11ea-8cb9-02b5245174a1","server_upload_time":"2020-08-12 02:27:15.844000","group_properties":{},"groups":{},"adid":null,"$insert_id":"4d82df29-de34-46ae-9bc0-3bedc0f6ea18","dma":"Seattle-Tacoma, WA","country":"United States","app":277124,"device_type":null,"amplitude_id":184248102469,"device_family":null,"start_version":null,"location_lat":null,"user_id":"egranberg@insuranceagencynetwork.com","event_properties":{"current-theme":"Animation4","previous-theme":"Animation4","project-id":779893972},"location_lng":null,"language":"English","data":{},"amplitude_attribution_ids":null,"event_type":"theme-changed","region":"Washington","client_event_time":"2020-08-12 02:27:15.333000","event_time":"2020-08-12 02:27:15.333000","device_brand":null,"idfa":null}
{"device_manufacturer":null,"session_id":1597194596088,"processed_time":"2020-08-12 02:27:18.826946","amplitude_event_type":null,"event_id":97,"client_upload_time":"2020-08-12 02:27:16.753000","city":"Redmond","device_carrier":null,"device_id":"KZadTqDHTrow4VSVYwmx0o","paying":null,"server_received_time":"2020-08-12 02:27:17.258000","os_name":"Chrome","platform":"Web","ip_address":"73.221.253.48","sample_rate":null,"os_version":"84","library":"amplitude-js\/6.1.0","is_attribution_event":false,"$schema":12,"version_name":null,"user_creation_time":"2020-08-12 00:24:06.731000","device_model":null,"user_properties":{"Username":"egranberg@insuranceagencynetwork.com"},"uuid":"5827b6b8-dc43-11ea-8cb9-02b5245174a1","server_upload_time":"2020-08-12 02:27:17.276000","group_properties":{},"groups":{},"adid":null,"$insert_id":"26231f94-fea8-4798-8f57-5e0d406f016a","dma":"Seattle-Tacoma, WA","country":"United States","app":277124,"device_type":null,"amplitude_id":184248102469,"device_family":null,"start_version":null,"location_lat":null,"user_id":"egranberg@insuranceagencynetwork.com","event_properties":{"project-category":"Insurance Agency Network was formed in 2017 by a small group of profitable insurance agents looking to band together to succeed in the ever-changing marketplace","save-type":"Saved Video","project-name":"Insurance Agency Net(4)","project-id":779893972},"location_lng":null,"language":"English","data":{},"amplitude_attribution_ids":null,"event_type":"video-saved","region":"Washington","client_event_time":"2020-08-12 02:27:16.752000","event_time":"2020-08-12 02:27:16.752000","device_brand":null,"idfa":null}
{"device_manufacturer":null,"session_id":1597194596088,"processed_time":"2020-08-12 02:27:24.035702","amplitude_event_type":null,"event_id":98,"client_upload_time":"2020-08-12 02:27:20.871000","city":"Redmond","device_carrier":null,"device_id":"KZadTqDHTrow4VSVYwmx0o","paying":null,"server_received_time":"2020-08-12 02:27:21.375000","os_name":"Chrome","platform":"Web","ip_address":"73.221.253.48","sample_rate":null,"os_version":"84","library":"amplitude-js\/6.1.0","is_attribution_event":false,"$schema":12,"version_name":null,"user_creation_time":"2020-08-12 00:24:06.731000","device_model":null,"user_properties":{"Username":"egranberg@insuranceagencynetwork.com"},"uuid":"5b43e9a2-dc43-11ea-8cb9-02b5245174a1","server_upload_time":"2020-08-12 02:27:21.383000","group_properties":{},"groups":{},"adid":null,"$insert_id":"6b9c5427-1e54-4c73-bfb9-7e4a4dbf71cb","dma":"Seattle-Tacoma, WA","country":"United States","app":277124,"device_type":null,"amplitude_id":184248102469,"device_family":null,"start_version":null,"location_lat":null,"user_id":"egranberg@insuranceagencynetwork.com","event_properties":{"current-theme":"Animation5","previous-theme":"Animation4","project-id":779893972},"location_lng":null,"language":"English","data":{},"amplitude_attribution_ids":null,"event_type":"theme-changed","region":"Washington","client_event_time":"2020-08-12 02:27:20.871000","event_time":"2020-08-12 02:27:20.871000","device_brand":null,"idfa":null}
{"device_manufacturer":null,"session_id":1597194596088,"processed_time":"2020-08-12 02:27:25.430208","amplitude_event_type":null,"event_id":99,"client_upload_time":"2020-08-12 02:27:22.726000","city":"Redmond","device_carrier":null,"device_id":"KZadTqDHTrow4VSVYwmx0o","paying":null,"server_received_time":"2020-08-12 02:27:23.230000","os_name":"Chrome","platform":"Web","ip_address":"73.221.253.48","sample_rate":null,"os_version":"84","library":"amplitude-js\/6.1.0","is_attribution_event":false,"$schema":12,"version_name":null,"user_creation_time":"2020-08-12 00:24:06.731000","device_model":null,"user_properties":{"Username":"egranberg@insuranceagencynetwork.com"},"uuid":"5c1874e2-dc43-11ea-8cb9-02b5245174a1","server_upload_time":"2020-08-12 02:27:23.243000","group_properties":{},"groups":{},"adid":null,"$insert_id":"f1669f20-df9b-4d45-9c7f-5bd4beb02ae7","dma":"Seattle-Tacoma, WA","country":"United States","app":277124,"device_type":null,"amplitude_id":184248102469,"device_family":null,"start_version":null,"location_lat":null,"user_id":"egranberg@insuranceagencynetwork.com","event_properties":{"project-category":"Insurance Agency Network was formed in 2017 by a small group of profitable insurance agents looking to band together to succeed in the ever-changing marketplace","save-type":"Saved Video","project-name":"Insurance Agency Net(4)","project-id":779893972},"location_lng":null,"language":"English","data":{},"amplitude_attribution_ids":null,"event_type":"video-saved","region":"Washington","client_event_time":"2020-08-12 02:27:22.726000","event_time":"2020-08-12 02:27:22.726000","device_brand":null,"idfa":null}
{"device_manufacturer":null,"session_id":1597194596088,"processed_time":"2020-08-12 02:27:31.833762","amplitude_event_type":null,"event_id":100,"client_upload_time":"2020-08-12 02:27:30.613000","city":"Redmond","device_carrier":null,"device_id":"KZadTqDHTrow4VSVYwmx0o","paying":null,"server_received_time":"2020-08-12 02:27:31.117000","os_name":"Chrome","platform":"Web","ip_address":"73.221.253.48","sample_rate":null,"os_version":"84","library":"amplitude-js\/6.1.0","is_attribution_event":false,"$schema":12,"version_name":null,"user_creation_time":"2020-08-12 00:24:06.731000","device_model":null,"user_properties":{"Username":"egranberg@insuranceagencynetwork.com"},"uuid":"5fe5f66c-dc43-11ea-8cb9-02b5245174a1","server_upload_time":"2020-08-12 02:27:31.124000","group_properties":{},"groups":{},"adid":null,"$insert_id":"7173ace8-bf39-4b6f-bb74-605d067a2ddf","dma":"Seattle-Tacoma, WA","country":"United States","app":277124,"device_type":null,"amplitude_id":184248102469,"device_family":null,"start_version":null,"location_lat":null,"user_id":"egranberg@insuranceagencynetwork.com","event_properties":{"project-id":779893972},"location_lng":null,"language":"English","data":{},"amplitude_attribution_ids":null,"event_type":"preview-clicked","region":"Washington","client_event_time":"2020-08-12 02:27:30.613000","event_time":"2020-08-12 02:27:30.613000","device_brand":null,"idfa":null}
{"device_manufacturer":null,"session_id":1597194596088,"processed_time":"2020-08-12 02:27:42.691363","amplitude_event_type":null,"event_id":101,"client_upload_time":"2020-08-12 02:27:40.845000","city":"Redmond","device_carrier":null,"device_id":"KZadTqDHTrow4VSVYwmx0o","paying":null,"server_received_time":"2020-08-12 02:27:41.349000","os_name":"Chrome","platform":"Web","ip_address":"73.221.253.48","sample_rate":null,"os_version":"84","library":"amplitude-js\/6.1.0","is_attribution_event":false,"$schema":12,"version_name":null,"user_creation_time":"2020-08-12 00:24:06.731000","device_model":null,"user_properties":{"Username":"egranberg@insuranceagencynetwork.com"},"uuid":"6661c656-dc43-11ea-8cb9-02b5245174a1","server_upload_time":"2020-08-12 02:27:41.365000","group_properties":{},"groups":{},"adid":null,"$insert_id":"2211ce93-1190-44be-9304-75c81000d040","dma":"Seattle-Tacoma, WA","country":"United States","app":277124,"device_type":null,"amplitude_id":184248102469,"device_family":null,"start_version":null,"location_lat":null,"user_id":"egranberg@insuranceagencynetwork.com","event_properties":{"service-name":"Downloadd-Video-Resources"},"location_lng":null,"language":"English","data":{},"amplitude_attribution_ids":null,"event_type":"resource-download-failed","region":"Washington","client_event_time":"2020-08-12 02:27:40.844000","event_time":"2020-08-12 02:27:40.844000","device_brand":null,"idfa":null}
{"device_manufacturer":null,"session_id":1597194596088,"processed_time":"2020-08-12 02:30:24.371118","amplitude_event_type":null,"event_id":102,"client_upload_time":"2020-08-12 02:30:22.483000","city":"Redmond","device_carrier":null,"device_id":"KZadTqDHTrow4VSVYwmx0o","paying":null,"server_received_time":"2020-08-12 02:30:23.066000","os_name":"Chrome","platform":"Web","ip_address":"73.221.253.48","sample_rate":null,"os_version":"84","library":"amplitude-js\/6.1.0","is_attribution_event":false,"$schema":12,"version_name":null,"user_creation_time":"2020-08-12 00:24:06.731000","device_model":null,"user_properties":{"Username":"egranberg@insuranceagencynetwork.com"},"uuid":"c6bed6ba-dc43-11ea-8cb9-02b5245174a1","server_upload_time":"2020-08-12 02:30:23.080000","group_properties":{},"groups":{},"adid":null,"$insert_id":"c520f523-d3dd-4402-a07f-5f8c63ab89e2","dma":"Seattle-Tacoma, WA","country":"United States","app":277124,"device_type":null,"amplitude_id":184248102469,"device_family":null,"start_version":null,"location_lat":null,"user_id":"egranberg@insuranceagencynetwork.com","event_properties":{"project-category":"Insurance Agency Network was formed in 2017 by a small group of profitable insurance agents looking to band together to succeed in the ever-changing marketplace","save-type":"Saved Video","project-name":"Insurance Agency Net(4)","project-id":779893972},"location_lng":null,"language":"English","data":{},"amplitude_attribution_ids":null,"event_type":"video-saved","region":"Washington","client_event_time":"2020-08-12 02:30:22.479000","event_time":"2020-08-12 02:30:22.479000","device_brand":null,"idfa":null}
{"device_manufacturer":null,"session_id":1597194596088,"processed_time":"2020-08-12 02:30:33.599107","amplitude_event_type":null,"event_id":103,"client_upload_time":"2020-08-12 02:30:30.619000","city":"Redmond","device_carrier":null,"device_id":"KZadTqDHTrow4VSVYwmx0o","paying":null,"server_received_time":"2020-08-12 02:30:31.126000","os_name":"Chrome","platform":"Web","ip_address":"73.221.253.48","sample_rate":null,"os_version":"84","library":"amplitude-js\/6.1.0","is_attribution_event":false,"$schema":12,"version_name":null,"user_creation_time":"2020-08-12 00:24:06.731000","device_model":null,"user_properties":{"Username":"egranberg@insuranceagencynetwork.com"},"uuid":"cc3f64a6-dc43-11ea-8cb9-02b5245174a1","server_upload_time":"2020-08-12 02:30:31.135000","group_properties":{},"groups":{},"adid":null,"$insert_id":"0a98ba97-cac6-429b-b7f4-003efdbcd6fd","dma":"Seattle-Tacoma, WA","country":"United States","app":277124,"device_type":null,"amplitude_id":184248102469,"device_family":null,"start_version":null,"location_lat":null,"user_id":"egranberg@insuranceagencynetwork.com","event_properties":{},"location_lng":null,"language":"English","data":{},"amplitude_attribution_ids":null,"event_type":"subscription-page-visited","region":"Washington","client_event_time":"2020-08-12 02:30:30.618000","event_time":"2020-08-12 02:30:30.618000","device_brand":null,"idfa":null}
{"country":"United States","group_properties":{},"event_type":"user-signup","device_brand":null,"adid":null,"uuid":"51c10ffa-dc47-11ea-b9f9-0a5694f17259","device_manufacturer":null,"ip_address":"173.81.118.222","city":"Dunbar","location_lat":null,"version_name":null,"server_received_time":"2020-08-12 02:55:43.617000","amplitude_id":184273946432,"dma":"Charleston-Huntington, WV","event_properties":{"provider":"pictory"},"start_version":null,"amplitude_attribution_ids":null,"device_model":null,"sample_rate":null,"os_name":"Safari","device_id":"xgAjpmAHlc9KhFypbsKHN7","$insert_id":"e386325b-a69e-4d21-9f40-27e6869fe191","language":"English","data":{"first_event":true},"user_properties":{},"client_upload_time":"2020-08-12 02:55:42.905000","device_carrier":null,"amplitude_event_type":null,"$schema":12,"is_attribution_event":false,"event_time":"2020-08-12 02:55:42.902000","region":"West Virginia","user_creation_time":"2020-08-12 02:55:42.902000","processed_time":"2020-08-12 02:55:46.129791","device_family":null,"client_event_time":"2020-08-12 02:55:42.902000","server_upload_time":"2020-08-12 02:55:43.621000","library":"amplitude-js\/6.1.0","idfa":null,"session_id":1597200870164,"groups":{},"user_id":null,"app":277124,"platform":"Web","paying":null,"event_id":1,"location_lng":null,"device_type":null,"os_version":"13"}
