{"ip_address":"73.181.151.244","is_attribution_event":false,"device_manufacturer":null,"amplitude_attribution_ids":null,"language":"English","city":"Mercer Island","server_upload_time":"2020-08-10 23:14:00.071000","event_id":1,"os_name":"Chrome","paying":null,"idfa":null,"dma":"Seattle-Tacoma, WA","device_model":null,"device_family":null,"region":"Washington","client_event_time":"2020-08-10 23:14:03.562000","library":"amplitude-js\/6.1.0","uuid":"2d0f5b14-db5f-11ea-9432-0675f313c50d","$schema":12,"os_version":"84","event_type":"user-signup","event_properties":{"provider":"Google"},"session_id":1597101176269,"amplitude_id":183992399391,"version_name":null,"groups":{},"user_creation_time":"2020-08-10 23:14:03.562000","platform":"Web","user_properties":{"Username":"playersto45@gmail.com"},"sample_rate":null,"device_id":"pang3BLk_fixq4YwuvOkrK","server_received_time":"2020-08-10 23:14:00.038000","location_lng":null,"amplitude_event_type":null,"device_type":null,"$insert_id":"05a0f3aa-f22c-48bb-bdaa-8580b6e22674","country":"United States","client_upload_time":"2020-08-10 23:14:03.564000","processed_time":"2020-08-10 23:14:01.406575","user_id":"playersto45@gmail.com","location_lat":null,"group_properties":{},"device_carrier":null,"data":{"first_event":true},"device_brand":null,"adid":null,"app":277124,"start_version":null,"event_time":"2020-08-10 23:14:03.562000"}
{"ip_address":"73.181.151.244","is_attribution_event":false,"device_manufacturer":null,"amplitude_attribution_ids":null,"language":"English","city":"Mercer Island","server_upload_time":"2020-08-10 23:14:00.210000","event_id":2,"os_name":"Chrome","paying":null,"idfa":null,"dma":"Seattle-Tacoma, WA","device_model":null,"device_family":null,"region":"Washington","client_event_time":"2020-08-10 23:14:03.565000","library":"amplitude-js\/6.1.0","uuid":"2d0f679e-db5f-11ea-9432-0675f313c50d","$schema":12,"os_version":"84","event_type":"trial-activated","event_properties":{},"session_id":1597101176269,"amplitude_id":183992399391,"version_name":null,"groups":{},"user_creation_time":"2020-08-10 23:14:03.562000","platform":"Web","user_properties":{"Username":"playersto45@gmail.com"},"sample_rate":null,"device_id":"pang3BLk_fixq4YwuvOkrK","server_received_time":"2020-08-10 23:14:00.190000","location_lng":null,"amplitude_event_type":null,"device_type":null,"$insert_id":"fd7b3c68-9933-4eea-9933-284bdbd4a4d0","country":"United States","client_upload_time":"2020-08-10 23:14:03.717000","processed_time":"2020-08-10 23:14:01.427270","user_id":"playersto45@gmail.com","location_lat":null,"group_properties":{},"device_carrier":null,"data":{},"device_brand":null,"adid":null,"app":277124,"start_version":null,"event_time":"2020-08-10 23:14:03.565000"}
{"ip_address":"73.181.151.244","is_attribution_event":false,"device_manufacturer":null,"amplitude_attribution_ids":null,"language":"English","city":"Mercer Island","server_upload_time":"2020-08-10 23:14:31.315000","event_id":3,"os_name":"Chrome","paying":null,"idfa":null,"dma":"Seattle-Tacoma, WA","device_model":null,"device_family":null,"region":"Washington","client_event_time":"2020-08-10 23:14:34.820000","library":"amplitude-js\/6.1.0","uuid":"400564f2-db5f-11ea-9432-0675f313c50d","$schema":12,"os_version":"84","event_type":"start-with-script","event_properties":{"script":"<p>Cool Facts<\/p>"},"session_id":1597101176269,"amplitude_id":183992399391,"version_name":null,"groups":{},"user_creation_time":"2020-08-10 23:14:03.562000","platform":"Web","user_properties":{"Username":"playersto45@gmail.com"},"sample_rate":null,"device_id":"pang3BLk_fixq4YwuvOkrK","server_received_time":"2020-08-10 23:14:31.295000","location_lng":null,"amplitude_event_type":null,"device_type":null,"$insert_id":"9f413bdc-680d-4d2d-bfd0-3788f24828f7","country":"United States","client_upload_time":"2020-08-10 23:14:34.820000","processed_time":"2020-08-10 23:14:33.102667","user_id":"playersto45@gmail.com","location_lat":null,"group_properties":{},"device_carrier":null,"data":{},"device_brand":null,"adid":null,"app":277124,"start_version":null,"event_time":"2020-08-10 23:14:34.820000"}
{"ip_address":"73.181.151.244","is_attribution_event":false,"device_manufacturer":null,"amplitude_attribution_ids":null,"language":"English","city":"Mercer Island","server_upload_time":"2020-08-10 23:14:38.438000","event_id":4,"os_name":"Chrome","paying":null,"idfa":null,"dma":"Seattle-Tacoma, WA","device_model":null,"device_family":null,"region":"Washington","client_event_time":"2020-08-10 23:14:41.938000","library":"amplitude-js\/6.1.0","uuid":"43d9fbb0-db5f-11ea-9432-0675f313c50d","$schema":12,"os_version":"84","event_type":"video-saved","event_properties":{"save-type":"New Video","project-name":"Cool Facts","project-category":"Cool Facts","project-id":242350303},"session_id":1597101176269,"amplitude_id":183992399391,"version_name":null,"groups":{},"user_creation_time":"2020-08-10 23:14:03.562000","platform":"Web","user_properties":{"Username":"playersto45@gmail.com"},"sample_rate":null,"device_id":"pang3BLk_fixq4YwuvOkrK","server_received_time":"2020-08-10 23:14:38.414000","location_lng":null,"amplitude_event_type":null,"device_type":null,"$insert_id":"42b29680-baad-4ec4-91d6-638917c94d94","country":"United States","client_upload_time":"2020-08-10 23:14:41.939000","processed_time":"2020-08-10 23:14:39.506370","user_id":"playersto45@gmail.com","location_lat":null,"group_properties":{},"device_carrier":null,"data":{},"device_brand":null,"adid":null,"app":277124,"start_version":null,"event_time":"2020-08-10 23:14:41.938000"}
{"ip_address":"73.181.151.244","is_attribution_event":false,"device_manufacturer":null,"amplitude_attribution_ids":null,"language":"English","city":"Mercer Island","server_upload_time":"2020-08-10 23:14:40.997000","event_id":5,"os_name":"Chrome","paying":null,"idfa":null,"dma":"Seattle-Tacoma, WA","device_model":null,"device_family":null,"region":"Washington","client_event_time":"2020-08-10 23:14:44.517000","library":"amplitude-js\/6.1.0","uuid":"45e6e846-db5f-11ea-9432-0675f313c50d","$schema":12,"os_version":"84","event_type":"track-selected","event_properties":{"project-id":242350303,"track-name":"Easy Bake Blues"},"session_id":1597101176269,"amplitude_id":183992399391,"version_name":null,"groups":{},"user_creation_time":"2020-08-10 23:14:03.562000","platform":"Web","user_properties":{"Username":"playersto45@gmail.com"},"sample_rate":null,"device_id":"pang3BLk_fixq4YwuvOkrK","server_received_time":"2020-08-10 23:14:40.988000","location_lng":null,"amplitude_event_type":null,"device_type":null,"$insert_id":"7d30350c-fe3b-40ba-97eb-a08e900bda7b","country":"United States","client_upload_time":"2020-08-10 23:14:44.518000","processed_time":"2020-08-10 23:14:42.951072","user_id":"playersto45@gmail.com","location_lat":null,"group_properties":{},"device_carrier":null,"data":{},"device_brand":null,"adid":null,"app":277124,"start_version":null,"event_time":"2020-08-10 23:14:44.517000"}
{"ip_address":"73.181.151.244","is_attribution_event":false,"device_manufacturer":null,"amplitude_attribution_ids":null,"language":"English","city":"Mercer Island","server_upload_time":"2020-08-10 23:14:44.826000","event_id":6,"os_name":"Chrome","paying":null,"idfa":null,"dma":"Seattle-Tacoma, WA","device_model":null,"device_family":null,"region":"Washington","client_event_time":"2020-08-10 23:14:47.459000","library":"amplitude-js\/6.1.0","uuid":"4791d9da-db5f-11ea-9432-0675f313c50d","$schema":12,"os_version":"84","event_type":"video-saved","event_properties":{"save-type":"Saved Video","project-name":"Cool Facts","project-category":"Cool Facts","project-id":242350303},"session_id":1597101176269,"amplitude_id":183992399391,"version_name":null,"groups":{},"user_creation_time":"2020-08-10 23:14:03.562000","platform":"Web","user_properties":{"Username":"playersto45@gmail.com"},"sample_rate":null,"device_id":"pang3BLk_fixq4YwuvOkrK","server_received_time":"2020-08-10 23:14:44.813000","location_lng":null,"amplitude_event_type":null,"device_type":null,"$insert_id":"622ddd7c-845e-4171-8b7d-f26a994164fb","country":"United States","client_upload_time":"2020-08-10 23:14:48.346000","processed_time":"2020-08-10 23:14:45.759246","user_id":"playersto45@gmail.com","location_lat":null,"group_properties":{},"device_carrier":null,"data":{},"device_brand":null,"adid":null,"app":277124,"start_version":null,"event_time":"2020-08-10 23:14:47.459000"}
{"ip_address":"73.181.151.244","is_attribution_event":false,"device_manufacturer":null,"amplitude_attribution_ids":null,"language":"English","city":"Mercer Island","server_upload_time":"2020-08-10 23:14:48.391000","event_id":7,"os_name":"Chrome","paying":null,"idfa":null,"dma":"Seattle-Tacoma, WA","device_model":null,"device_family":null,"region":"Washington","client_event_time":"2020-08-10 23:14:51.884000","library":"amplitude-js\/6.1.0","uuid":"4a09e202-db5f-11ea-9432-0675f313c50d","$schema":12,"os_version":"84","event_type":"video-saved","event_properties":{"save-type":"Saved Video","project-name":"Cool Facts","project-category":"Cool Facts","project-id":242350303},"session_id":1597101176269,"amplitude_id":183992399391,"version_name":null,"groups":{},"user_creation_time":"2020-08-10 23:14:03.562000","platform":"Web","user_properties":{"Username":"playersto45@gmail.com"},"sample_rate":null,"device_id":"pang3BLk_fixq4YwuvOkrK","server_received_time":"2020-08-10 23:14:48.369000","location_lng":null,"amplitude_event_type":null,"device_type":null,"$insert_id":"4c778131-9616-4643-9391-4b564e549204","country":"United States","client_upload_time":"2020-08-10 23:14:51.884000","processed_time":"2020-08-10 23:14:49.883099","user_id":"playersto45@gmail.com","location_lat":null,"group_properties":{},"device_carrier":null,"data":{},"device_brand":null,"adid":null,"app":277124,"start_version":null,"event_time":"2020-08-10 23:14:51.884000"}
{"ip_address":"73.181.151.244","is_attribution_event":false,"device_manufacturer":null,"amplitude_attribution_ids":null,"language":"English","city":"Mercer Island","server_upload_time":"2020-08-10 23:14:57.360000","event_id":8,"os_name":"Chrome","paying":null,"idfa":null,"dma":"Seattle-Tacoma, WA","device_model":null,"device_family":null,"region":"Washington","client_event_time":"2020-08-10 23:15:00.858000","library":"amplitude-js\/6.1.0","uuid":"502e4f10-db5f-11ea-9432-0675f313c50d","$schema":12,"os_version":"84","event_type":"edit-scene-text","event_properties":{"old-text":"Cool Facts","new-text":"Productive Peak"},"session_id":1597101176269,"amplitude_id":183992399391,"version_name":null,"groups":{},"user_creation_time":"2020-08-10 23:14:03.562000","platform":"Web","user_properties":{"Username":"playersto45@gmail.com"},"sample_rate":null,"device_id":"pang3BLk_fixq4YwuvOkrK","server_received_time":"2020-08-10 23:14:57.329000","location_lng":null,"amplitude_event_type":null,"device_type":null,"$insert_id":"d4adfc99-640a-4b5a-adc4-85b2186509c3","country":"United States","client_upload_time":"2020-08-10 23:15:00.859000","processed_time":"2020-08-10 23:15:00.233391","user_id":"playersto45@gmail.com","location_lat":null,"group_properties":{},"device_carrier":null,"data":{},"device_brand":null,"adid":null,"app":277124,"start_version":null,"event_time":"2020-08-10 23:15:00.858000"}
{"ip_address":"73.181.151.244","is_attribution_event":false,"device_manufacturer":null,"amplitude_attribution_ids":null,"language":"English","city":"Mercer Island","server_upload_time":"2020-08-10 23:15:05.353000","event_id":9,"os_name":"Chrome","paying":null,"idfa":null,"dma":"Seattle-Tacoma, WA","device_model":null,"device_family":null,"region":"Washington","client_event_time":"2020-08-10 23:15:08.869000","library":"amplitude-js\/6.1.0","uuid":"538d87a2-db5f-11ea-9432-0675f313c50d","$schema":12,"os_version":"84","event_type":"video-saved","event_properties":{"save-type":"Saved Video","project-name":"Cool Facts","project-category":"Cool Facts","project-id":242350303},"session_id":1597101176269,"amplitude_id":183992399391,"version_name":null,"groups":{},"user_creation_time":"2020-08-10 23:14:03.562000","platform":"Web","user_properties":{"Username":"playersto45@gmail.com"},"sample_rate":null,"device_id":"pang3BLk_fixq4YwuvOkrK","server_received_time":"2020-08-10 23:15:05.342000","location_lng":null,"amplitude_event_type":null,"device_type":null,"$insert_id":"feacb95e-8bc5-40c9-926a-35d7a179c70a","country":"United States","client_upload_time":"2020-08-10 23:15:08.870000","processed_time":"2020-08-10 23:15:05.847269","user_id":"playersto45@gmail.com","location_lat":null,"group_properties":{},"device_carrier":null,"data":{},"device_brand":null,"adid":null,"app":277124,"start_version":null,"event_time":"2020-08-10 23:15:08.869000"}
{"ip_address":"73.181.151.244","is_attribution_event":false,"device_manufacturer":null,"amplitude_attribution_ids":null,"language":"English","city":"Mercer Island","server_upload_time":"2020-08-10 23:15:08.178000","event_id":10,"os_name":"Chrome","paying":null,"idfa":null,"dma":"Seattle-Tacoma, WA","device_model":null,"device_family":null,"region":"Washington","client_event_time":"2020-08-10 23:15:11.683000","library":"amplitude-js\/6.1.0","uuid":"561b4068-db5f-11ea-9432-0675f313c50d","$schema":12,"os_version":"84","event_type":"video-saved","event_properties":{"save-type":"Saved Video","project-name":"Cool Facts","project-category":"Cool Facts","project-id":242350303},"session_id":1597101176269,"amplitude_id":183992399391,"version_name":null,"groups":{},"user_creation_time":"2020-08-10 23:14:03.562000","platform":"Web","user_properties":{"Username":"playersto45@gmail.com"},"sample_rate":null,"device_id":"pang3BLk_fixq4YwuvOkrK","server_received_time":"2020-08-10 23:15:08.154000","location_lng":null,"amplitude_event_type":null,"device_type":null,"$insert_id":"f2ac1dbf-2b67-4364-97b6-7feac880e684","country":"United States","client_upload_time":"2020-08-10 23:15:11.684000","processed_time":"2020-08-10 23:15:10.134762","user_id":"playersto45@gmail.com","location_lat":null,"group_properties":{},"device_carrier":null,"data":{},"device_brand":null,"adid":null,"app":277124,"start_version":null,"event_time":"2020-08-10 23:15:11.683000"}
{"ip_address":"73.181.151.244","is_attribution_event":false,"device_manufacturer":null,"amplitude_attribution_ids":null,"language":"English","city":"Mercer Island","server_upload_time":"2020-08-10 23:16:22.165000","event_id":11,"os_name":"Chrome","paying":null,"idfa":null,"dma":"Seattle-Tacoma, WA","device_model":null,"device_family":null,"region":"Washington","client_event_time":"2020-08-10 23:16:25.676000","library":"amplitude-js\/6.1.0","uuid":"823a3654-db5f-11ea-9432-0675f313c50d","$schema":12,"os_version":"84","event_type":"add-new-scene","event_properties":{"new-scene-text":"Bacon was used to make explosives during World War II\ufeff\ufeff"},"session_id":1597101176269,"amplitude_id":183992399391,"version_name":null,"groups":{},"user_creation_time":"2020-08-10 23:14:03.562000","platform":"Web","user_properties":{"Username":"playersto45@gmail.com"},"sample_rate":null,"device_id":"pang3BLk_fixq4YwuvOkrK","server_received_time":"2020-08-10 23:16:22.150000","location_lng":null,"amplitude_event_type":null,"device_type":null,"$insert_id":"b02aaec8-50b4-42e5-87e5-678bff938b85","country":"United States","client_upload_time":"2020-08-10 23:16:25.677000","processed_time":"2020-08-10 23:16:24.185460","user_id":"playersto45@gmail.com","location_lat":null,"group_properties":{},"device_carrier":null,"data":{},"device_brand":null,"adid":null,"app":277124,"start_version":null,"event_time":"2020-08-10 23:16:25.676000"}
{"ip_address":"73.181.151.244","is_attribution_event":false,"device_manufacturer":null,"amplitude_attribution_ids":null,"language":"English","city":"Mercer Island","server_upload_time":"2020-08-10 23:16:22.358000","event_id":12,"os_name":"Chrome","paying":null,"idfa":null,"dma":"Seattle-Tacoma, WA","device_model":null,"device_family":null,"region":"Washington","client_event_time":"2020-08-10 23:16:25.773000","library":"amplitude-js\/6.1.0","uuid":"823a4310-db5f-11ea-9432-0675f313c50d","$schema":12,"os_version":"84","event_type":"edit-scene-text","event_properties":{"old-text":"<strong>Bacon was used to make explosives during World War II<\/strong>\ufeff\ufeff","new-text":"Fact 1: \ufeffBacon was used to make explosives during World War II"},"session_id":1597101176269,"amplitude_id":183992399391,"version_name":null,"groups":{},"user_creation_time":"2020-08-10 23:14:03.562000","platform":"Web","user_properties":{"Username":"playersto45@gmail.com"},"sample_rate":null,"device_id":"pang3BLk_fixq4YwuvOkrK","server_received_time":"2020-08-10 23:16:22.328000","location_lng":null,"amplitude_event_type":null,"device_type":null,"$insert_id":"42727dce-d2e1-475e-8c63-df02a54dcc2a","country":"United States","client_upload_time":"2020-08-10 23:16:25.856000","processed_time":"2020-08-10 23:16:24.196447","user_id":"playersto45@gmail.com","location_lat":null,"group_properties":{},"device_carrier":null,"data":{},"device_brand":null,"adid":null,"app":277124,"start_version":null,"event_time":"2020-08-10 23:16:25.773000"}
{"ip_address":"73.181.151.244","is_attribution_event":false,"device_manufacturer":null,"amplitude_attribution_ids":null,"language":"English","city":"Mercer Island","server_upload_time":"2020-08-10 23:16:22.629000","event_id":13,"os_name":"Chrome","paying":null,"idfa":null,"dma":"Seattle-Tacoma, WA","device_model":null,"device_family":null,"region":"Washington","client_event_time":"2020-08-10 23:16:26.155000","library":"amplitude-js\/6.1.0","uuid":"823a4f9a-db5f-11ea-9432-0675f313c50d","$schema":12,"os_version":"84","event_type":"video-saved","event_properties":{"save-type":"Saved Video","project-name":"Cool Facts","project-category":"Cool Facts","project-id":242350303},"session_id":1597101176269,"amplitude_id":183992399391,"version_name":null,"groups":{},"user_creation_time":"2020-08-10 23:14:03.562000","platform":"Web","user_properties":{"Username":"playersto45@gmail.com"},"sample_rate":null,"device_id":"pang3BLk_fixq4YwuvOkrK","server_received_time":"2020-08-10 23:16:22.622000","location_lng":null,"amplitude_event_type":null,"device_type":null,"$insert_id":"80f1e324-e645-4889-b6f7-577e3ffa5038","country":"United States","client_upload_time":"2020-08-10 23:16:26.156000","processed_time":"2020-08-10 23:16:24.198798","user_id":"playersto45@gmail.com","location_lat":null,"group_properties":{},"device_carrier":null,"data":{},"device_brand":null,"adid":null,"app":277124,"start_version":null,"event_time":"2020-08-10 23:16:26.155000"}
{"ip_address":"73.181.151.244","is_attribution_event":false,"device_manufacturer":null,"amplitude_attribution_ids":null,"language":"English","city":"Mercer Island","server_upload_time":"2020-08-10 23:16:25.176000","event_id":14,"os_name":"Chrome","paying":null,"idfa":null,"dma":"Seattle-Tacoma, WA","device_model":null,"device_family":null,"region":"Washington","client_event_time":"2020-08-10 23:16:28.694000","library":"amplitude-js\/6.1.0","uuid":"84339676-db5f-11ea-9432-0675f313c50d","$schema":12,"os_version":"84","event_type":"video-saved","event_properties":{"save-type":"Saved Video","project-name":"Cool Facts","project-category":"Cool Facts","project-id":242350303},"session_id":1597101176269,"amplitude_id":183992399391,"version_name":null,"groups":{},"user_creation_time":"2020-08-10 23:14:03.562000","platform":"Web","user_properties":{"Username":"playersto45@gmail.com"},"sample_rate":null,"device_id":"pang3BLk_fixq4YwuvOkrK","server_received_time":"2020-08-10 23:16:25.164000","location_lng":null,"amplitude_event_type":null,"device_type":null,"$insert_id":"c9aa9177-18a1-4923-923b-c4de682a7ecd","country":"United States","client_upload_time":"2020-08-10 23:16:28.694000","processed_time":"2020-08-10 23:16:27.465872","user_id":"playersto45@gmail.com","location_lat":null,"group_properties":{},"device_carrier":null,"data":{},"device_brand":null,"adid":null,"app":277124,"start_version":null,"event_time":"2020-08-10 23:16:28.694000"}
{"ip_address":"73.181.151.244","is_attribution_event":false,"device_manufacturer":null,"amplitude_attribution_ids":null,"language":"English","city":"Mercer Island","server_upload_time":"2020-08-10 23:17:25.942000","event_id":15,"os_name":"Chrome","paying":null,"idfa":null,"dma":"Seattle-Tacoma, WA","device_model":null,"device_family":null,"region":"Washington","client_event_time":"2020-08-10 23:17:29.455000","library":"amplitude-js\/6.1.0","uuid":"a8477122-db5f-11ea-9432-0675f313c50d","$schema":12,"os_version":"84","event_type":"add-new-scene","event_properties":{"new-scene-text":"Fact 2:\ufeffThe smell of fresh cut grass comes from the chemicals plants release when in distress\ufeff\ufeff"},"session_id":1597101176269,"amplitude_id":183992399391,"version_name":null,"groups":{},"user_creation_time":"2020-08-10 23:14:03.562000","platform":"Web","user_properties":{"Username":"playersto45@gmail.com"},"sample_rate":null,"device_id":"pang3BLk_fixq4YwuvOkrK","server_received_time":"2020-08-10 23:17:25.933000","location_lng":null,"amplitude_event_type":null,"device_type":null,"$insert_id":"bad7ca98-63be-482e-b6f2-4dc864d29963","country":"United States","client_upload_time":"2020-08-10 23:17:29.456000","processed_time":"2020-08-10 23:17:27.999111","user_id":"playersto45@gmail.com","location_lat":null,"group_properties":{},"device_carrier":null,"data":{},"device_brand":null,"adid":null,"app":277124,"start_version":null,"event_time":"2020-08-10 23:17:29.455000"}
{"ip_address":"73.181.151.244","is_attribution_event":false,"device_manufacturer":null,"amplitude_attribution_ids":null,"language":"English","city":"Mercer Island","server_upload_time":"2020-08-10 23:17:26.172000","event_id":16,"os_name":"Chrome","paying":null,"idfa":null,"dma":"Seattle-Tacoma, WA","device_model":null,"device_family":null,"region":"Washington","client_event_time":"2020-08-10 23:17:29.573000","library":"amplitude-js\/6.1.0","uuid":"a84778ca-db5f-11ea-9432-0675f313c50d","$schema":12,"os_version":"84","event_type":"edit-scene-text","event_properties":{"old-text":"Fact 2:<br> \ufeff<strong>The smell of fresh cut grass comes from the chemicals plants release when in distress<\/strong>\ufeff\ufeff","new-text":"Fact 2:The smell of fresh cut grass comes from the chemicals plants release when in distress"},"session_id":1597101176269,"amplitude_id":183992399391,"version_name":null,"groups":{},"user_creation_time":"2020-08-10 23:14:03.562000","platform":"Web","user_properties":{"Username":"playersto45@gmail.com"},"sample_rate":null,"device_id":"pang3BLk_fixq4YwuvOkrK","server_received_time":"2020-08-10 23:17:26.148000","location_lng":null,"amplitude_event_type":null,"device_type":null,"$insert_id":"d1f93739-cebe-47a9-805b-35fd6c16eeb9","country":"United States","client_upload_time":"2020-08-10 23:17:29.682000","processed_time":"2020-08-10 23:17:28.032355","user_id":"playersto45@gmail.com","location_lat":null,"group_properties":{},"device_carrier":null,"data":{},"device_brand":null,"adid":null,"app":277124,"start_version":null,"event_time":"2020-08-10 23:17:29.573000"}
{"ip_address":"73.181.151.244","is_attribution_event":false,"device_manufacturer":null,"amplitude_attribution_ids":null,"language":"English","city":"Mercer Island","server_upload_time":"2020-08-10 23:17:26.517000","event_id":17,"os_name":"Chrome","paying":null,"idfa":null,"dma":"Seattle-Tacoma, WA","device_model":null,"device_family":null,"region":"Washington","client_event_time":"2020-08-10 23:17:30.039000","library":"amplitude-js\/6.1.0","uuid":"a8478018-db5f-11ea-9432-0675f313c50d","$schema":12,"os_version":"84","event_type":"video-saved","event_properties":{"save-type":"Saved Video","project-name":"Cool Facts","project-category":"Cool Facts","project-id":242350303},"session_id":1597101176269,"amplitude_id":183992399391,"version_name":null,"groups":{},"user_creation_time":"2020-08-10 23:14:03.562000","platform":"Web","user_properties":{"Username":"playersto45@gmail.com"},"sample_rate":null,"device_id":"pang3BLk_fixq4YwuvOkrK","server_received_time":"2020-08-10 23:17:26.511000","location_lng":null,"amplitude_event_type":null,"device_type":null,"$insert_id":"9c03f366-270f-4207-8fa4-3552c54cf57b","country":"United States","client_upload_time":"2020-08-10 23:17:30.040000","processed_time":"2020-08-10 23:17:28.034161","user_id":"playersto45@gmail.com","location_lat":null,"group_properties":{},"device_carrier":null,"data":{},"device_brand":null,"adid":null,"app":277124,"start_version":null,"event_time":"2020-08-10 23:17:30.039000"}
{"ip_address":"73.181.151.244","is_attribution_event":false,"device_manufacturer":null,"amplitude_attribution_ids":null,"language":"English","city":"Mercer Island","server_upload_time":"2020-08-10 23:17:32.705000","event_id":18,"os_name":"Chrome","paying":null,"idfa":null,"dma":"Seattle-Tacoma, WA","device_model":null,"device_family":null,"region":"Washington","client_event_time":"2020-08-10 23:17:36.222000","library":"amplitude-js\/6.1.0","uuid":"ab5bcc82-db5f-11ea-9432-0675f313c50d","$schema":12,"os_version":"84","event_type":"video-saved","event_properties":{"save-type":"Saved Video","project-name":"Cool Facts","project-category":"Cool Facts","project-id":242350303},"session_id":1597101176269,"amplitude_id":183992399391,"version_name":null,"groups":{},"user_creation_time":"2020-08-10 23:14:03.562000","platform":"Web","user_properties":{"Username":"playersto45@gmail.com"},"sample_rate":null,"device_id":"pang3BLk_fixq4YwuvOkrK","server_received_time":"2020-08-10 23:17:32.698000","location_lng":null,"amplitude_event_type":null,"device_type":null,"$insert_id":"e202b5b1-e302-478b-98c6-ad7131712e05","country":"United States","client_upload_time":"2020-08-10 23:17:36.223000","processed_time":"2020-08-10 23:17:33.158830","user_id":"playersto45@gmail.com","location_lat":null,"group_properties":{},"device_carrier":null,"data":{},"device_brand":null,"adid":null,"app":277124,"start_version":null,"event_time":"2020-08-10 23:17:36.222000"}
{"ip_address":"73.181.151.244","is_attribution_event":false,"device_manufacturer":null,"amplitude_attribution_ids":null,"language":"English","city":"Mercer Island","server_upload_time":"2020-08-10 23:18:59.198000","event_id":19,"os_name":"Chrome","paying":null,"idfa":null,"dma":"Seattle-Tacoma, WA","device_model":null,"device_family":null,"region":"Washington","client_event_time":"2020-08-10 23:19:02.719000","library":"amplitude-js\/6.1.0","uuid":"df8ce158-db5f-11ea-9432-0675f313c50d","$schema":12,"os_version":"84","event_type":"add-new-scene","event_properties":{"new-scene-text":"Fact 3:\ufeffBoth John Adams and Thomas Jefferson died on July 4, 1826, exactly 50 years after the adoption of the Declaration of Independence\ufeff\ufeff"},"session_id":1597101176269,"amplitude_id":183992399391,"version_name":null,"groups":{},"user_creation_time":"2020-08-10 23:14:03.562000","platform":"Web","user_properties":{"Username":"playersto45@gmail.com"},"sample_rate":null,"device_id":"pang3BLk_fixq4YwuvOkrK","server_received_time":"2020-08-10 23:18:59.191000","location_lng":null,"amplitude_event_type":null,"device_type":null,"$insert_id":"d5591450-1702-474b-abcb-a04f68e7504b","country":"United States","client_upload_time":"2020-08-10 23:19:02.720000","processed_time":"2020-08-10 23:19:00.756498","user_id":"playersto45@gmail.com","location_lat":null,"group_properties":{},"device_carrier":null,"data":{},"device_brand":null,"adid":null,"app":277124,"start_version":null,"event_time":"2020-08-10 23:19:02.719000"}
{"ip_address":"73.181.151.244","is_attribution_event":false,"device_manufacturer":null,"amplitude_attribution_ids":null,"language":"English","city":"Mercer Island","server_upload_time":"2020-08-10 23:18:59.527000","event_id":20,"os_name":"Chrome","paying":null,"idfa":null,"dma":"Seattle-Tacoma, WA","device_model":null,"device_family":null,"region":"Washington","client_event_time":"2020-08-10 23:19:02.876000","library":"amplitude-js\/6.1.0","uuid":"df8ceeb4-db5f-11ea-9432-0675f313c50d","$schema":12,"os_version":"84","event_type":"edit-scene-text","event_properties":{"old-text":"Fact 3:<br> \ufeff<strong>Both John Adams and Thomas Jefferson died on July 4, 1826, exactly 50 years after the adoption of the Declaration of Independence<\/strong>\ufeff\ufeff","new-text":"Fact 3:Both John Adams and Thomas Jefferson died on July 4, 1826, exactly 50 years after the adoption of the Declaration of Independence"},"session_id":1597101176269,"amplitude_id":183992399391,"version_name":null,"groups":{},"user_creation_time":"2020-08-10 23:14:03.562000","platform":"Web","user_properties":{"Username":"playersto45@gmail.com"},"sample_rate":null,"device_id":"pang3BLk_fixq4YwuvOkrK","server_received_time":"2020-08-10 23:18:59.518000","location_lng":null,"amplitude_event_type":null,"device_type":null,"$insert_id":"ea95c749-a3ec-4311-80ab-eda024b97005","country":"United States","client_upload_time":"2020-08-10 23:19:03.046000","processed_time":"2020-08-10 23:19:00.774118","user_id":"playersto45@gmail.com","location_lat":null,"group_properties":{},"device_carrier":null,"data":{},"device_brand":null,"adid":null,"app":277124,"start_version":null,"event_time":"2020-08-10 23:19:02.876000"}
{"ip_address":"73.181.151.244","is_attribution_event":false,"device_manufacturer":null,"amplitude_attribution_ids":null,"language":"English","city":"Mercer Island","server_upload_time":"2020-08-10 23:18:59.917000","event_id":21,"os_name":"Chrome","paying":null,"idfa":null,"dma":"Seattle-Tacoma, WA","device_model":null,"device_family":null,"region":"Washington","client_event_time":"2020-08-10 23:19:03.425000","library":"amplitude-js\/6.1.0","uuid":"df8cfbf2-db5f-11ea-9432-0675f313c50d","$schema":12,"os_version":"84","event_type":"video-saved","event_properties":{"save-type":"Saved Video","project-name":"Cool Facts","project-category":"Cool Facts","project-id":242350303},"session_id":1597101176269,"amplitude_id":183992399391,"version_name":null,"groups":{},"user_creation_time":"2020-08-10 23:14:03.562000","platform":"Web","user_properties":{"Username":"playersto45@gmail.com"},"sample_rate":null,"device_id":"pang3BLk_fixq4YwuvOkrK","server_received_time":"2020-08-10 23:18:59.897000","location_lng":null,"amplitude_event_type":null,"device_type":null,"$insert_id":"ddcf3df2-14bf-485f-b8dd-6cbb18a13c06","country":"United States","client_upload_time":"2020-08-10 23:19:03.426000","processed_time":"2020-08-10 23:19:00.777378","user_id":"playersto45@gmail.com","location_lat":null,"group_properties":{},"device_carrier":null,"data":{},"device_brand":null,"adid":null,"app":277124,"start_version":null,"event_time":"2020-08-10 23:19:03.425000"}
{"ip_address":"73.181.151.244","is_attribution_event":false,"device_manufacturer":null,"amplitude_attribution_ids":null,"language":"English","city":"Mercer Island","server_upload_time":"2020-08-10 23:19:05.343000","event_id":22,"os_name":"Chrome","paying":null,"idfa":null,"dma":"Seattle-Tacoma, WA","device_model":null,"device_family":null,"region":"Washington","client_event_time":"2020-08-10 23:19:08.859000","library":"amplitude-js\/6.1.0","uuid":"e2b80fd8-db5f-11ea-9432-0675f313c50d","$schema":12,"os_version":"84","event_type":"video-saved","event_properties":{"save-type":"Saved Video","project-name":"Cool Facts","project-category":"Cool Facts","project-id":242350303},"session_id":1597101176269,"amplitude_id":183992399391,"version_name":null,"groups":{},"user_creation_time":"2020-08-10 23:14:03.562000","platform":"Web","user_properties":{"Username":"playersto45@gmail.com"},"sample_rate":null,"device_id":"pang3BLk_fixq4YwuvOkrK","server_received_time":"2020-08-10 23:19:05.333000","location_lng":null,"amplitude_event_type":null,"device_type":null,"$insert_id":"b622337e-fa3c-496e-a5b0-2f522e95cac5","country":"United States","client_upload_time":"2020-08-10 23:19:08.859000","processed_time":"2020-08-10 23:19:06.043245","user_id":"playersto45@gmail.com","location_lat":null,"group_properties":{},"device_carrier":null,"data":{},"device_brand":null,"adid":null,"app":277124,"start_version":null,"event_time":"2020-08-10 23:19:08.859000"}
{"ip_address":"73.181.151.244","is_attribution_event":false,"device_manufacturer":null,"amplitude_attribution_ids":null,"language":"English","city":"Mercer Island","server_upload_time":"2020-08-10 23:19:20.044000","event_id":23,"os_name":"Chrome","paying":null,"idfa":null,"dma":"Seattle-Tacoma, WA","device_model":null,"device_family":null,"region":"Washington","client_event_time":"2020-08-10 23:19:23.555000","library":"amplitude-js\/6.1.0","uuid":"eb922a8a-db5f-11ea-9432-0675f313c50d","$schema":12,"os_version":"84","event_type":"add-new-scene","event_properties":{},"session_id":1597101176269,"amplitude_id":183992399391,"version_name":null,"groups":{},"user_creation_time":"2020-08-10 23:14:03.562000","platform":"Web","user_properties":{"Username":"playersto45@gmail.com"},"sample_rate":null,"device_id":"pang3BLk_fixq4YwuvOkrK","server_received_time":"2020-08-10 23:19:20.028000","location_lng":null,"amplitude_event_type":null,"device_type":null,"$insert_id":"b273f478-e359-44eb-ba85-50fcc4479ce7","country":"United States","client_upload_time":"2020-08-10 23:19:23.556000","processed_time":"2020-08-10 23:19:20.889544","user_id":"playersto45@gmail.com","location_lat":null,"group_properties":{},"device_carrier":null,"data":{},"device_brand":null,"adid":null,"app":277124,"start_version":null,"event_time":"2020-08-10 23:19:23.555000"}
{"ip_address":"73.181.151.244","is_attribution_event":false,"device_manufacturer":null,"amplitude_attribution_ids":null,"language":"English","city":"Mercer Island","server_upload_time":"2020-08-10 23:19:30.451000","event_id":24,"os_name":"Chrome","paying":null,"idfa":null,"dma":"Seattle-Tacoma, WA","device_model":null,"device_family":null,"region":"Washington","client_event_time":"2020-08-10 23:19:33.972000","library":"amplitude-js\/6.1.0","uuid":"f264090a-db5f-11ea-9432-0675f313c50d","$schema":12,"os_version":"84","event_type":"add-new-scene","event_properties":{},"session_id":1597101176269,"amplitude_id":183992399391,"version_name":null,"groups":{},"user_creation_time":"2020-08-10 23:14:03.562000","platform":"Web","user_properties":{"Username":"playersto45@gmail.com"},"sample_rate":null,"device_id":"pang3BLk_fixq4YwuvOkrK","server_received_time":"2020-08-10 23:19:30.442000","location_lng":null,"amplitude_event_type":null,"device_type":null,"$insert_id":"06a55f27-a45b-49fe-8900-7bcee25f2554","country":"United States","client_upload_time":"2020-08-10 23:19:33.973000","processed_time":"2020-08-10 23:19:32.344361","user_id":"playersto45@gmail.com","location_lat":null,"group_properties":{},"device_carrier":null,"data":{},"device_brand":null,"adid":null,"app":277124,"start_version":null,"event_time":"2020-08-10 23:19:33.972000"}
{"ip_address":"73.181.151.244","is_attribution_event":false,"device_manufacturer":null,"amplitude_attribution_ids":null,"language":"English","city":"Mercer Island","server_upload_time":"2020-08-10 23:21:02.241000","event_id":25,"os_name":"Chrome","paying":null,"idfa":null,"dma":"Seattle-Tacoma, WA","device_model":null,"device_family":null,"region":"Washington","client_event_time":"2020-08-10 23:21:05.758000","library":"amplitude-js\/6.1.0","uuid":"290fe1d6-db60-11ea-9432-0675f313c50d","$schema":12,"os_version":"84","event_type":"add-new-scene","event_properties":{"new-scene-text":"Fact 3:\ufeffThere\u2019s only one letter that doesn\u2019t appear in any U.S. state name\ufeff\ufeff"},"session_id":1597101176269,"amplitude_id":183992399391,"version_name":null,"groups":{},"user_creation_time":"2020-08-10 23:14:03.562000","platform":"Web","user_properties":{"Username":"playersto45@gmail.com"},"sample_rate":null,"device_id":"pang3BLk_fixq4YwuvOkrK","server_received_time":"2020-08-10 23:21:02.236000","location_lng":null,"amplitude_event_type":null,"device_type":null,"$insert_id":"b58f08dc-d497-44ab-8368-2b74afe0091a","country":"United States","client_upload_time":"2020-08-10 23:21:05.759000","processed_time":"2020-08-10 23:21:04.065259","user_id":"playersto45@gmail.com","location_lat":null,"group_properties":{},"device_carrier":null,"data":{},"device_brand":null,"adid":null,"app":277124,"start_version":null,"event_time":"2020-08-10 23:21:05.758000"}
{"ip_address":"73.181.151.244","is_attribution_event":false,"device_manufacturer":null,"amplitude_attribution_ids":null,"language":"English","city":"Mercer Island","server_upload_time":"2020-08-10 23:21:02.397000","event_id":26,"os_name":"Chrome","paying":null,"idfa":null,"dma":"Seattle-Tacoma, WA","device_model":null,"device_family":null,"region":"Washington","client_event_time":"2020-08-10 23:21:05.763000","library":"amplitude-js\/6.1.0","uuid":"290fe992-db60-11ea-9432-0675f313c50d","$schema":12,"os_version":"84","event_type":"add-new-scene","event_properties":{"new-scene-text":"Fact 3:\nThere\u2019s only one letter that doesn\u2019t appear in any U.S. state name"},"session_id":1597101176269,"amplitude_id":183992399391,"version_name":null,"groups":{},"user_creation_time":"2020-08-10 23:14:03.562000","platform":"Web","user_properties":{"Username":"playersto45@gmail.com"},"sample_rate":null,"device_id":"pang3BLk_fixq4YwuvOkrK","server_received_time":"2020-08-10 23:21:02.390000","location_lng":null,"amplitude_event_type":null,"device_type":null,"$insert_id":"1a7faf99-f422-4f5c-a566-594af01257f0","country":"United States","client_upload_time":"2020-08-10 23:21:05.920000","processed_time":"2020-08-10 23:21:04.073889","user_id":"playersto45@gmail.com","location_lat":null,"group_properties":{},"device_carrier":null,"data":{},"device_brand":null,"adid":null,"app":277124,"start_version":null,"event_time":"2020-08-10 23:21:05.763000"}
{"ip_address":"73.181.151.244","is_attribution_event":false,"device_manufacturer":null,"amplitude_attribution_ids":null,"language":"English","city":"Mercer Island","server_upload_time":"2020-08-10 23:21:05.281000","event_id":27,"os_name":"Chrome","paying":null,"idfa":null,"dma":"Seattle-Tacoma, WA","device_model":null,"device_family":null,"region":"Washington","client_event_time":"2020-08-10 23:21:08.804000","library":"amplitude-js\/6.1.0","uuid":"2a5348e4-db60-11ea-9432-0675f313c50d","$schema":12,"os_version":"84","event_type":"video-saved","event_properties":{"save-type":"Saved Video","project-name":"Cool Facts","project-category":"Cool Facts","project-id":242350303},"session_id":1597101176269,"amplitude_id":183992399391,"version_name":null,"groups":{},"user_creation_time":"2020-08-10 23:14:03.562000","platform":"Web","user_properties":{"Username":"playersto45@gmail.com"},"sample_rate":null,"device_id":"pang3BLk_fixq4YwuvOkrK","server_received_time":"2020-08-10 23:21:05.276000","location_lng":null,"amplitude_event_type":null,"device_type":null,"$insert_id":"c89300cc-1af2-4af6-b57f-338b4c507d35","country":"United States","client_upload_time":"2020-08-10 23:21:08.805000","processed_time":"2020-08-10 23:21:06.181696","user_id":"playersto45@gmail.com","location_lat":null,"group_properties":{},"device_carrier":null,"data":{},"device_brand":null,"adid":null,"app":277124,"start_version":null,"event_time":"2020-08-10 23:21:08.804000"}
{"ip_address":"73.181.151.244","is_attribution_event":false,"device_manufacturer":null,"amplitude_attribution_ids":null,"language":"English","city":"Mercer Island","server_upload_time":"2020-08-10 23:21:17.236000","event_id":28,"os_name":"Chrome","paying":null,"idfa":null,"dma":"Seattle-Tacoma, WA","device_model":null,"device_family":null,"region":"Washington","client_event_time":"2020-08-10 23:21:20.748000","library":"amplitude-js\/6.1.0","uuid":"314f5f16-db60-11ea-9432-0675f313c50d","$schema":12,"os_version":"84","event_type":"edit-scene-text","event_properties":{"old-text":"Fact 3:<br> There\u2019s only one letter that doesn\u2019t appear in any U.S. state name","new-text":"Fact\u00a04:\nThere\u2019s only one letter that doesn\u2019t appear in any U.S. state name"},"session_id":1597101176269,"amplitude_id":183992399391,"version_name":null,"groups":{},"user_creation_time":"2020-08-10 23:14:03.562000","platform":"Web","user_properties":{"Username":"playersto45@gmail.com"},"sample_rate":null,"device_id":"pang3BLk_fixq4YwuvOkrK","server_received_time":"2020-08-10 23:21:17.223000","location_lng":null,"amplitude_event_type":null,"device_type":null,"$insert_id":"eadfc3db-80f2-48ad-a0f3-b00ffdd3059b","country":"United States","client_upload_time":"2020-08-10 23:21:20.749000","processed_time":"2020-08-10 23:21:17.905900","user_id":"playersto45@gmail.com","location_lat":null,"group_properties":{},"device_carrier":null,"data":{},"device_brand":null,"adid":null,"app":277124,"start_version":null,"event_time":"2020-08-10 23:21:20.748000"}
{"ip_address":"73.181.151.244","is_attribution_event":false,"device_manufacturer":null,"amplitude_attribution_ids":null,"language":"English","city":"Mercer Island","server_upload_time":"2020-08-10 23:21:17.664000","event_id":29,"os_name":"Chrome","paying":null,"idfa":null,"dma":"Seattle-Tacoma, WA","device_model":null,"device_family":null,"region":"Washington","client_event_time":"2020-08-10 23:21:21.186000","library":"amplitude-js\/6.1.0","uuid":"32574fea-db60-11ea-9432-0675f313c50d","$schema":12,"os_version":"84","event_type":"video-saved","event_properties":{"save-type":"Saved Video","project-name":"Cool Facts","project-category":"Cool Facts","project-id":242350303},"session_id":1597101176269,"amplitude_id":183992399391,"version_name":null,"groups":{},"user_creation_time":"2020-08-10 23:14:03.562000","platform":"Web","user_properties":{"Username":"playersto45@gmail.com"},"sample_rate":null,"device_id":"pang3BLk_fixq4YwuvOkrK","server_received_time":"2020-08-10 23:21:17.655000","location_lng":null,"amplitude_event_type":null,"device_type":null,"$insert_id":"051d3b02-6e2a-465d-8a6e-bba7ec6be245","country":"United States","client_upload_time":"2020-08-10 23:21:21.187000","processed_time":"2020-08-10 23:21:19.621621","user_id":"playersto45@gmail.com","location_lat":null,"group_properties":{},"device_carrier":null,"data":{},"device_brand":null,"adid":null,"app":277124,"start_version":null,"event_time":"2020-08-10 23:21:21.186000"}
{"ip_address":"73.181.151.244","is_attribution_event":false,"device_manufacturer":null,"amplitude_attribution_ids":null,"language":"English","city":"Mercer Island","server_upload_time":"2020-08-10 23:22:11.714000","event_id":30,"os_name":"Chrome","paying":null,"idfa":null,"dma":"Seattle-Tacoma, WA","device_model":null,"device_family":null,"region":"Washington","client_event_time":"2020-08-10 23:22:15.238000","library":"amplitude-js\/6.1.0","uuid":"5224fa7a-db60-11ea-9432-0675f313c50d","$schema":12,"os_version":"84","event_type":"add-new-scene","event_properties":{"new-scene-text":"Fact 5:\ufeffPeanuts aren\u2019t technically nuts\ufeff\ufeff"},"session_id":1597101176269,"amplitude_id":183992399391,"version_name":null,"groups":{},"user_creation_time":"2020-08-10 23:14:03.562000","platform":"Web","user_properties":{"Username":"playersto45@gmail.com"},"sample_rate":null,"device_id":"pang3BLk_fixq4YwuvOkrK","server_received_time":"2020-08-10 23:22:11.710000","location_lng":null,"amplitude_event_type":null,"device_type":null,"$insert_id":"cece58af-24a0-4843-9da4-20ab1248df82","country":"United States","client_upload_time":"2020-08-10 23:22:15.238000","processed_time":"2020-08-10 23:22:12.984583","user_id":"playersto45@gmail.com","location_lat":null,"group_properties":{},"device_carrier":null,"data":{},"device_brand":null,"adid":null,"app":277124,"start_version":null,"event_time":"2020-08-10 23:22:15.238000"}
{"ip_address":"73.181.151.244","is_attribution_event":false,"device_manufacturer":null,"amplitude_attribution_ids":null,"language":"English","city":"Mercer Island","server_upload_time":"2020-08-10 23:22:11.889000","event_id":31,"os_name":"Chrome","paying":null,"idfa":null,"dma":"Seattle-Tacoma, WA","device_model":null,"device_family":null,"region":"Washington","client_event_time":"2020-08-10 23:22:15.242000","library":"amplitude-js\/6.1.0","uuid":"52250420-db60-11ea-9432-0675f313c50d","$schema":12,"os_version":"84","event_type":"add-new-scene","event_properties":{"new-scene-text":"Fact 5:\nPeanuts aren\u2019t technically nuts"},"session_id":1597101176269,"amplitude_id":183992399391,"version_name":null,"groups":{},"user_creation_time":"2020-08-10 23:14:03.562000","platform":"Web","user_properties":{"Username":"playersto45@gmail.com"},"sample_rate":null,"device_id":"pang3BLk_fixq4YwuvOkrK","server_received_time":"2020-08-10 23:22:11.880000","location_lng":null,"amplitude_event_type":null,"device_type":null,"$insert_id":"ad6fee54-8330-4add-83d3-a6f126dec71d","country":"United States","client_upload_time":"2020-08-10 23:22:15.410000","processed_time":"2020-08-10 23:22:12.991814","user_id":"playersto45@gmail.com","location_lat":null,"group_properties":{},"device_carrier":null,"data":{},"device_brand":null,"adid":null,"app":277124,"start_version":null,"event_time":"2020-08-10 23:22:15.242000"}
{"ip_address":"73.181.151.244","is_attribution_event":false,"device_manufacturer":null,"amplitude_attribution_ids":null,"language":"English","city":"Mercer Island","server_upload_time":"2020-08-10 23:22:14.777000","event_id":32,"os_name":"Chrome","paying":null,"idfa":null,"dma":"Seattle-Tacoma, WA","device_model":null,"device_family":null,"region":"Washington","client_event_time":"2020-08-10 23:22:18.285000","library":"amplitude-js\/6.1.0","uuid":"5402c188-db60-11ea-9432-0675f313c50d","$schema":12,"os_version":"84","event_type":"video-saved","event_properties":{"save-type":"Saved Video","project-name":"Cool Facts","project-category":"Cool Facts","project-id":242350303},"session_id":1597101176269,"amplitude_id":183992399391,"version_name":null,"groups":{},"user_creation_time":"2020-08-10 23:14:03.562000","platform":"Web","user_properties":{"Username":"playersto45@gmail.com"},"sample_rate":null,"device_id":"pang3BLk_fixq4YwuvOkrK","server_received_time":"2020-08-10 23:22:14.757000","location_lng":null,"amplitude_event_type":null,"device_type":null,"$insert_id":"364d0c90-0d6e-402f-b1b8-a1dcfd3e8431","country":"United States","client_upload_time":"2020-08-10 23:22:18.286000","processed_time":"2020-08-10 23:22:16.111600","user_id":"playersto45@gmail.com","location_lat":null,"group_properties":{},"device_carrier":null,"data":{},"device_brand":null,"adid":null,"app":277124,"start_version":null,"event_time":"2020-08-10 23:22:18.285000"}
{"ip_address":"73.181.151.244","is_attribution_event":false,"device_manufacturer":null,"amplitude_attribution_ids":null,"language":"English","city":"Mercer Island","server_upload_time":"2020-08-10 23:22:48.744000","event_id":33,"os_name":"Chrome","paying":null,"idfa":null,"dma":"Seattle-Tacoma, WA","device_model":null,"device_family":null,"region":"Washington","client_event_time":"2020-08-10 23:22:52.265000","library":"amplitude-js\/6.1.0","uuid":"68bc643a-db60-11ea-9432-0675f313c50d","$schema":12,"os_version":"84","event_type":"add-new-scene","event_properties":{"new-scene-text":"Fact 6:\ufeffOctopuses lay 56,000 eggs at a time\ufeff\ufeff"},"session_id":1597101176269,"amplitude_id":183992399391,"version_name":null,"groups":{},"user_creation_time":"2020-08-10 23:14:03.562000","platform":"Web","user_properties":{"Username":"playersto45@gmail.com"},"sample_rate":null,"device_id":"pang3BLk_fixq4YwuvOkrK","server_received_time":"2020-08-10 23:22:48.734000","location_lng":null,"amplitude_event_type":null,"device_type":null,"$insert_id":"059f22a6-da83-4812-86e9-eb6629287b04","country":"United States","client_upload_time":"2020-08-10 23:22:52.266000","processed_time":"2020-08-10 23:22:50.881133","user_id":"playersto45@gmail.com","location_lat":null,"group_properties":{},"device_carrier":null,"data":{},"device_brand":null,"adid":null,"app":277124,"start_version":null,"event_time":"2020-08-10 23:22:52.265000"}
{"ip_address":"73.181.151.244","is_attribution_event":false,"device_manufacturer":null,"amplitude_attribution_ids":null,"language":"English","city":"Mercer Island","server_upload_time":"2020-08-10 23:22:49.143000","event_id":34,"os_name":"Chrome","paying":null,"idfa":null,"dma":"Seattle-Tacoma, WA","device_model":null,"device_family":null,"region":"Washington","client_event_time":"2020-08-10 23:22:52.466000","library":"amplitude-js\/6.1.0","uuid":"68bc6bf6-db60-11ea-9432-0675f313c50d","$schema":12,"os_version":"84","event_type":"edit-scene-text","event_properties":{"old-text":"Fact 6:<br> \ufeffOctopuses lay 56,000 eggs at a time\ufeff\ufeff","new-text":"Fact 6:Octopuses lay 56,000 eggs at a time"},"session_id":1597101176269,"amplitude_id":183992399391,"version_name":null,"groups":{},"user_creation_time":"2020-08-10 23:14:03.562000","platform":"Web","user_properties":{"Username":"playersto45@gmail.com"},"sample_rate":null,"device_id":"pang3BLk_fixq4YwuvOkrK","server_received_time":"2020-08-10 23:22:49.132000","location_lng":null,"amplitude_event_type":null,"device_type":null,"$insert_id":"19006553-7333-428b-86dc-1f03a97356a1","country":"United States","client_upload_time":"2020-08-10 23:22:52.664000","processed_time":"2020-08-10 23:22:50.884369","user_id":"playersto45@gmail.com","location_lat":null,"group_properties":{},"device_carrier":null,"data":{},"device_brand":null,"adid":null,"app":277124,"start_version":null,"event_time":"2020-08-10 23:22:52.466000"}
{"ip_address":"73.181.151.244","is_attribution_event":false,"device_manufacturer":null,"amplitude_attribution_ids":null,"language":"English","city":"Mercer Island","server_upload_time":"2020-08-10 23:22:49.650000","event_id":35,"os_name":"Chrome","paying":null,"idfa":null,"dma":"Seattle-Tacoma, WA","device_model":null,"device_family":null,"region":"Washington","client_event_time":"2020-08-10 23:22:53.177000","library":"amplitude-js\/6.1.0","uuid":"68bc734e-db60-11ea-9432-0675f313c50d","$schema":12,"os_version":"84","event_type":"video-saved","event_properties":{"save-type":"Saved Video","project-name":"Cool Facts","project-category":"Cool Facts","project-id":242350303},"session_id":1597101176269,"amplitude_id":183992399391,"version_name":null,"groups":{},"user_creation_time":"2020-08-10 23:14:03.562000","platform":"Web","user_properties":{"Username":"playersto45@gmail.com"},"sample_rate":null,"device_id":"pang3BLk_fixq4YwuvOkrK","server_received_time":"2020-08-10 23:22:49.642000","location_lng":null,"amplitude_event_type":null,"device_type":null,"$insert_id":"96e2fd00-dbf1-45e6-b9fa-a880ae90a544","country":"United States","client_upload_time":"2020-08-10 23:22:53.177000","processed_time":"2020-08-10 23:22:50.885950","user_id":"playersto45@gmail.com","location_lat":null,"group_properties":{},"device_carrier":null,"data":{},"device_brand":null,"adid":null,"app":277124,"start_version":null,"event_time":"2020-08-10 23:22:53.177000"}
{"ip_address":"73.181.151.244","is_attribution_event":false,"device_manufacturer":null,"amplitude_attribution_ids":null,"language":"English","city":"Mercer Island","server_upload_time":"2020-08-10 23:22:51.549000","event_id":36,"os_name":"Chrome","paying":null,"idfa":null,"dma":"Seattle-Tacoma, WA","device_model":null,"device_family":null,"region":"Washington","client_event_time":"2020-08-10 23:22:55.074000","library":"amplitude-js\/6.1.0","uuid":"69bdaba0-db60-11ea-9432-0675f313c50d","$schema":12,"os_version":"84","event_type":"video-saved","event_properties":{"save-type":"Saved Video","project-name":"Cool Facts","project-category":"Cool Facts","project-id":242350303},"session_id":1597101176269,"amplitude_id":183992399391,"version_name":null,"groups":{},"user_creation_time":"2020-08-10 23:14:03.562000","platform":"Web","user_properties":{"Username":"playersto45@gmail.com"},"sample_rate":null,"device_id":"pang3BLk_fixq4YwuvOkrK","server_received_time":"2020-08-10 23:22:51.544000","location_lng":null,"amplitude_event_type":null,"device_type":null,"$insert_id":"08dcc03e-5441-40fc-afc9-8451123f8b67","country":"United States","client_upload_time":"2020-08-10 23:22:55.075000","processed_time":"2020-08-10 23:22:52.566602","user_id":"playersto45@gmail.com","location_lat":null,"group_properties":{},"device_carrier":null,"data":{},"device_brand":null,"adid":null,"app":277124,"start_version":null,"event_time":"2020-08-10 23:22:55.074000"}
{"ip_address":"73.181.151.244","is_attribution_event":false,"device_manufacturer":null,"amplitude_attribution_ids":null,"language":"English","city":"Mercer Island","server_upload_time":"2020-08-10 23:23:04.127000","event_id":37,"os_name":"Chrome","paying":null,"idfa":null,"dma":"Seattle-Tacoma, WA","device_model":null,"device_family":null,"region":"Washington","client_event_time":"2020-08-10 23:23:07.650000","library":"amplitude-js\/6.1.0","uuid":"70d97dc4-db60-11ea-9432-0675f313c50d","$schema":12,"os_version":"84","event_type":"video-saved","event_properties":{"save-type":"Saved Video","project-name":"Cool Facts","project-category":"Cool Facts","project-id":242350303},"session_id":1597101176269,"amplitude_id":183992399391,"version_name":null,"groups":{},"user_creation_time":"2020-08-10 23:14:03.562000","platform":"Web","user_properties":{"Username":"playersto45@gmail.com"},"sample_rate":null,"device_id":"pang3BLk_fixq4YwuvOkrK","server_received_time":"2020-08-10 23:23:04.120000","location_lng":null,"amplitude_event_type":null,"device_type":null,"$insert_id":"2fe03066-8013-4ee3-ab4c-e604a1dd0dd8","country":"United States","client_upload_time":"2020-08-10 23:23:07.651000","processed_time":"2020-08-10 23:23:04.503734","user_id":"playersto45@gmail.com","location_lat":null,"group_properties":{},"device_carrier":null,"data":{},"device_brand":null,"adid":null,"app":277124,"start_version":null,"event_time":"2020-08-10 23:23:07.650000"}
{"ip_address":"73.181.151.244","is_attribution_event":false,"device_manufacturer":null,"amplitude_attribution_ids":null,"language":"English","city":"Mercer Island","server_upload_time":"2020-08-10 23:23:29.749000","event_id":38,"os_name":"Chrome","paying":null,"idfa":null,"dma":"Seattle-Tacoma, WA","device_model":null,"device_family":null,"region":"Washington","client_event_time":"2020-08-10 23:23:33.266000","library":"amplitude-js\/6.1.0","uuid":"80809dac-db60-11ea-9432-0675f313c50d","$schema":12,"os_version":"84","event_type":"edit-scene-text","event_properties":{"old-text":"Fact 6:<br> Octopuses lay 56,000 eggs at a time","new-text":"Fact 6:That tiny pocket in jeans was designed to store pocket watches\ufeff\ufeff"},"session_id":1597101176269,"amplitude_id":183992399391,"version_name":null,"groups":{},"user_creation_time":"2020-08-10 23:14:03.562000","platform":"Web","user_properties":{"Username":"playersto45@gmail.com"},"sample_rate":null,"device_id":"pang3BLk_fixq4YwuvOkrK","server_received_time":"2020-08-10 23:23:29.738000","location_lng":null,"amplitude_event_type":null,"device_type":null,"$insert_id":"33b11001-4437-4aa9-97c6-4012599eb0f0","country":"United States","client_upload_time":"2020-08-10 23:23:33.267000","processed_time":"2020-08-10 23:23:30.782019","user_id":"playersto45@gmail.com","location_lat":null,"group_properties":{},"device_carrier":null,"data":{},"device_brand":null,"adid":null,"app":277124,"start_version":null,"event_time":"2020-08-10 23:23:33.266000"}
{"ip_address":"73.181.151.244","is_attribution_event":false,"device_manufacturer":null,"amplitude_attribution_ids":null,"language":"English","city":"Mercer Island","server_upload_time":"2020-08-10 23:23:30.088000","event_id":39,"os_name":"Chrome","paying":null,"idfa":null,"dma":"Seattle-Tacoma, WA","device_model":null,"device_family":null,"region":"Washington","client_event_time":"2020-08-10 23:23:33.443000","library":"amplitude-js\/6.1.0","uuid":"8080aa04-db60-11ea-9432-0675f313c50d","$schema":12,"os_version":"84","event_type":"edit-scene-text","event_properties":{"old-text":"Fact 6:<br> That tiny pocket in jeans was designed to store pocket watches\ufeff\ufeff<br>","new-text":"Fact 6:That tiny pocket in jeans was designed to store pocket watches"},"session_id":1597101176269,"amplitude_id":183992399391,"version_name":null,"groups":{},"user_creation_time":"2020-08-10 23:14:03.562000","platform":"Web","user_properties":{"Username":"playersto45@gmail.com"},"sample_rate":null,"device_id":"pang3BLk_fixq4YwuvOkrK","server_received_time":"2020-08-10 23:23:30.083000","location_lng":null,"amplitude_event_type":null,"device_type":null,"$insert_id":"e67b382f-9307-4c1e-8738-4370b2cb11f0","country":"United States","client_upload_time":"2020-08-10 23:23:33.613000","processed_time":"2020-08-10 23:23:30.786214","user_id":"playersto45@gmail.com","location_lat":null,"group_properties":{},"device_carrier":null,"data":{},"device_brand":null,"adid":null,"app":277124,"start_version":null,"event_time":"2020-08-10 23:23:33.443000"}
{"ip_address":"73.181.151.244","is_attribution_event":false,"device_manufacturer":null,"amplitude_attribution_ids":null,"language":"English","city":"Mercer Island","server_upload_time":"2020-08-10 23:23:30.499000","event_id":40,"os_name":"Chrome","paying":null,"idfa":null,"dma":"Seattle-Tacoma, WA","device_model":null,"device_family":null,"region":"Washington","client_event_time":"2020-08-10 23:23:34.023000","library":"amplitude-js\/6.1.0","uuid":"81631560-db60-11ea-9432-0675f313c50d","$schema":12,"os_version":"84","event_type":"video-saved","event_properties":{"save-type":"Saved Video","project-name":"Cool Facts","project-category":"Cool Facts","project-id":242350303},"session_id":1597101176269,"amplitude_id":183992399391,"version_name":null,"groups":{},"user_creation_time":"2020-08-10 23:14:03.562000","platform":"Web","user_properties":{"Username":"playersto45@gmail.com"},"sample_rate":null,"device_id":"pang3BLk_fixq4YwuvOkrK","server_received_time":"2020-08-10 23:23:30.492000","location_lng":null,"amplitude_event_type":null,"device_type":null,"$insert_id":"f525d9f1-e182-4467-93b0-c9599e858f85","country":"United States","client_upload_time":"2020-08-10 23:23:34.024000","processed_time":"2020-08-10 23:23:32.238009","user_id":"playersto45@gmail.com","location_lat":null,"group_properties":{},"device_carrier":null,"data":{},"device_brand":null,"adid":null,"app":277124,"start_version":null,"event_time":"2020-08-10 23:23:34.023000"}
{"ip_address":"73.181.151.244","is_attribution_event":false,"device_manufacturer":null,"amplitude_attribution_ids":null,"language":"English","city":"Mercer Island","server_upload_time":"2020-08-10 23:23:30.630000","event_id":41,"os_name":"Chrome","paying":null,"idfa":null,"dma":"Seattle-Tacoma, WA","device_model":null,"device_family":null,"region":"Washington","client_event_time":"2020-08-10 23:23:34.100000","library":"amplitude-js\/6.1.0","uuid":"81631e66-db60-11ea-9432-0675f313c50d","$schema":12,"os_version":"84","event_type":"video-saved","event_properties":{"save-type":"Saved Video","project-name":"Cool Facts","project-category":"Cool Facts","project-id":242350303},"session_id":1597101176269,"amplitude_id":183992399391,"version_name":null,"groups":{},"user_creation_time":"2020-08-10 23:14:03.562000","platform":"Web","user_properties":{"Username":"playersto45@gmail.com"},"sample_rate":null,"device_id":"pang3BLk_fixq4YwuvOkrK","server_received_time":"2020-08-10 23:23:30.624000","location_lng":null,"amplitude_event_type":null,"device_type":null,"$insert_id":"e262a3cc-5730-47b3-b718-e37691f194bb","country":"United States","client_upload_time":"2020-08-10 23:23:34.150000","processed_time":"2020-08-10 23:23:32.240728","user_id":"playersto45@gmail.com","location_lat":null,"group_properties":{},"device_carrier":null,"data":{},"device_brand":null,"adid":null,"app":277124,"start_version":null,"event_time":"2020-08-10 23:23:34.100000"}
{"ip_address":"73.181.151.244","is_attribution_event":false,"device_manufacturer":null,"amplitude_attribution_ids":null,"language":"English","city":"Mercer Island","server_upload_time":"2020-08-10 23:23:37.569000","event_id":42,"os_name":"Chrome","paying":null,"idfa":null,"dma":"Seattle-Tacoma, WA","device_model":null,"device_family":null,"region":"Washington","client_event_time":"2020-08-10 23:23:41.088000","library":"amplitude-js\/6.1.0","uuid":"85bcc5fc-db60-11ea-9432-0675f313c50d","$schema":12,"os_version":"84","event_type":"delete-scene","event_properties":{"scene-text":"Fact 6:<br> That tiny pocket in jeans was designed to store pocket watches<br>","scene-number":7},"session_id":1597101176269,"amplitude_id":183992399391,"version_name":null,"groups":{},"user_creation_time":"2020-08-10 23:14:03.562000","platform":"Web","user_properties":{"Username":"playersto45@gmail.com"},"sample_rate":null,"device_id":"pang3BLk_fixq4YwuvOkrK","server_received_time":"2020-08-10 23:23:37.563000","location_lng":null,"amplitude_event_type":null,"device_type":null,"$insert_id":"7fe57a4e-6812-49a2-a1cb-399ffef61571","country":"United States","client_upload_time":"2020-08-10 23:23:41.089000","processed_time":"2020-08-10 23:23:39.551827","user_id":"playersto45@gmail.com","location_lat":null,"group_properties":{},"device_carrier":null,"data":{},"device_brand":null,"adid":null,"app":277124,"start_version":null,"event_time":"2020-08-10 23:23:41.088000"}
{"ip_address":"73.181.151.244","is_attribution_event":false,"device_manufacturer":null,"amplitude_attribution_ids":null,"language":"English","city":"Mercer Island","server_upload_time":"2020-08-10 23:23:38.233000","event_id":43,"os_name":"Chrome","paying":null,"idfa":null,"dma":"Seattle-Tacoma, WA","device_model":null,"device_family":null,"region":"Washington","client_event_time":"2020-08-10 23:23:41.746000","library":"amplitude-js\/6.1.0","uuid":"85bcce6c-db60-11ea-9432-0675f313c50d","$schema":12,"os_version":"84","event_type":"video-saved","event_properties":{"save-type":"Saved Video","project-name":"Cool Facts","project-category":"Cool Facts","project-id":242350303},"session_id":1597101176269,"amplitude_id":183992399391,"version_name":null,"groups":{},"user_creation_time":"2020-08-10 23:14:03.562000","platform":"Web","user_properties":{"Username":"playersto45@gmail.com"},"sample_rate":null,"device_id":"pang3BLk_fixq4YwuvOkrK","server_received_time":"2020-08-10 23:23:38.228000","location_lng":null,"amplitude_event_type":null,"device_type":null,"$insert_id":"fc2ed60e-fb9b-44c5-ad94-89c2a340bda8","country":"United States","client_upload_time":"2020-08-10 23:23:41.746000","processed_time":"2020-08-10 23:23:39.554436","user_id":"playersto45@gmail.com","location_lat":null,"group_properties":{},"device_carrier":null,"data":{},"device_brand":null,"adid":null,"app":277124,"start_version":null,"event_time":"2020-08-10 23:23:41.746000"}
{"ip_address":"73.181.151.244","is_attribution_event":false,"device_manufacturer":null,"amplitude_attribution_ids":null,"language":"English","city":"Mercer Island","server_upload_time":"2020-08-10 23:23:43.772000","event_id":44,"os_name":"Chrome","paying":null,"idfa":null,"dma":"Seattle-Tacoma, WA","device_model":null,"device_family":null,"region":"Washington","client_event_time":"2020-08-10 23:23:47.274000","library":"amplitude-js\/6.1.0","uuid":"88f78a36-db60-11ea-9432-0675f313c50d","$schema":12,"os_version":"84","event_type":"video-saved","event_properties":{"save-type":"Saved Video","project-name":"Cool Facts","project-category":"Cool Facts","project-id":242350303},"session_id":1597101176269,"amplitude_id":183992399391,"version_name":null,"groups":{},"user_creation_time":"2020-08-10 23:14:03.562000","platform":"Web","user_properties":{"Username":"playersto45@gmail.com"},"sample_rate":null,"device_id":"pang3BLk_fixq4YwuvOkrK","server_received_time":"2020-08-10 23:23:43.745000","location_lng":null,"amplitude_event_type":null,"device_type":null,"$insert_id":"110732e0-b787-4552-a8d6-086596142173","country":"United States","client_upload_time":"2020-08-10 23:23:47.275000","processed_time":"2020-08-10 23:23:44.954705","user_id":"playersto45@gmail.com","location_lat":null,"group_properties":{},"device_carrier":null,"data":{},"device_brand":null,"adid":null,"app":277124,"start_version":null,"event_time":"2020-08-10 23:23:47.274000"}
{"ip_address":"73.181.151.244","is_attribution_event":false,"device_manufacturer":null,"amplitude_attribution_ids":null,"language":"English","city":"Mercer Island","server_upload_time":"2020-08-10 23:23:46.600000","event_id":45,"os_name":"Chrome","paying":null,"idfa":null,"dma":"Seattle-Tacoma, WA","device_model":null,"device_family":null,"region":"Washington","client_event_time":"2020-08-10 23:23:50.107000","library":"amplitude-js\/6.1.0","uuid":"8a59c4de-db60-11ea-9432-0675f313c50d","$schema":12,"os_version":"84","event_type":"preview-clicked","event_properties":{"project-id":242350303},"session_id":1597101176269,"amplitude_id":183992399391,"version_name":null,"groups":{},"user_creation_time":"2020-08-10 23:14:03.562000","platform":"Web","user_properties":{"Username":"playersto45@gmail.com"},"sample_rate":null,"device_id":"pang3BLk_fixq4YwuvOkrK","server_received_time":"2020-08-10 23:23:46.588000","location_lng":null,"amplitude_event_type":null,"device_type":null,"$insert_id":"917ff091-05ef-46b8-876d-fee69b75df00","country":"United States","client_upload_time":"2020-08-10 23:23:50.110000","processed_time":"2020-08-10 23:23:47.284586","user_id":"playersto45@gmail.com","location_lat":null,"group_properties":{},"device_carrier":null,"data":{},"device_brand":null,"adid":null,"app":277124,"start_version":null,"event_time":"2020-08-10 23:23:50.107000"}
{"ip_address":"73.181.151.244","is_attribution_event":false,"device_manufacturer":null,"amplitude_attribution_ids":null,"language":"English","city":"Mercer Island","server_upload_time":"2020-08-10 23:23:47.606000","event_id":46,"os_name":"Chrome","paying":null,"idfa":null,"dma":"Seattle-Tacoma, WA","device_model":null,"device_family":null,"region":"Washington","client_event_time":"2020-08-10 23:23:50.996000","library":"amplitude-js\/6.1.0","uuid":"8b2b4f90-db60-11ea-9432-0675f313c50d","$schema":12,"os_version":"84","event_type":"resource-download-failed","event_properties":{"service-name":"Downloadd-Video-Resources"},"session_id":1597101176269,"amplitude_id":183992399391,"version_name":null,"groups":{},"user_creation_time":"2020-08-10 23:14:03.562000","platform":"Web","user_properties":{"Username":"playersto45@gmail.com"},"sample_rate":null,"device_id":"pang3BLk_fixq4YwuvOkrK","server_received_time":"2020-08-10 23:23:47.596000","location_lng":null,"amplitude_event_type":null,"device_type":null,"$insert_id":"009f1637-3ca2-4234-a6bf-a51599815360","country":"United States","client_upload_time":"2020-08-10 23:23:51.103000","processed_time":"2020-08-10 23:23:48.653572","user_id":"playersto45@gmail.com","location_lat":null,"group_properties":{},"device_carrier":null,"data":{},"device_brand":null,"adid":null,"app":277124,"start_version":null,"event_time":"2020-08-10 23:23:50.996000"}
{"ip_address":"73.181.151.244","is_attribution_event":false,"device_manufacturer":null,"amplitude_attribution_ids":null,"language":"English","city":"Mercer Island","server_upload_time":"2020-08-10 23:23:48.209000","event_id":47,"os_name":"Chrome","paying":null,"idfa":null,"dma":"Seattle-Tacoma, WA","device_model":null,"device_family":null,"region":"Washington","client_event_time":"2020-08-10 23:23:51.718000","library":"amplitude-js\/6.1.0","uuid":"8c669f54-db60-11ea-9432-0675f313c50d","$schema":12,"os_version":"84","event_type":"app-crash","event_properties":{"error-info":"https:\/\/brand-settings-images130431-pictory.s3.us-east-2.amazonaws.com\/public\/Google_116762482291697479660\/errors\/application\/1597101830809-crash.txt"},"session_id":1597101176269,"amplitude_id":183992399391,"version_name":null,"groups":{},"user_creation_time":"2020-08-10 23:14:03.562000","platform":"Web","user_properties":{"Username":"playersto45@gmail.com"},"sample_rate":null,"device_id":"pang3BLk_fixq4YwuvOkrK","server_received_time":"2020-08-10 23:23:48.201000","location_lng":null,"amplitude_event_type":null,"device_type":null,"$insert_id":"cd34a767-2e2f-46ed-96c0-13b09e14641c","country":"United States","client_upload_time":"2020-08-10 23:23:51.720000","processed_time":"2020-08-10 23:23:50.717914","user_id":"playersto45@gmail.com","location_lat":null,"group_properties":{},"device_carrier":null,"data":{},"device_brand":null,"adid":null,"app":277124,"start_version":null,"event_time":"2020-08-10 23:23:51.718000"}
{"ip_address":"73.181.151.244","is_attribution_event":false,"device_manufacturer":null,"amplitude_attribution_ids":null,"language":"English","city":"Mercer Island","server_upload_time":"2020-08-10 23:23:48.449000","event_id":48,"os_name":"Chrome","paying":null,"idfa":null,"dma":"Seattle-Tacoma, WA","device_model":null,"device_family":null,"region":"Washington","client_event_time":"2020-08-10 23:23:51.736000","library":"amplitude-js\/6.1.0","uuid":"8c66a7ec-db60-11ea-9432-0675f313c50d","$schema":12,"os_version":"84","event_type":"app-crash","event_properties":{"error-info":"https:\/\/brand-settings-images130431-pictory.s3.us-east-2.amazonaws.com\/public\/Google_116762482291697479660\/errors\/application\/1597101830798-crash.txt"},"session_id":1597101176269,"amplitude_id":183992399391,"version_name":null,"groups":{},"user_creation_time":"2020-08-10 23:14:03.562000","platform":"Web","user_properties":{"Username":"playersto45@gmail.com"},"sample_rate":null,"device_id":"pang3BLk_fixq4YwuvOkrK","server_received_time":"2020-08-10 23:23:48.427000","location_lng":null,"amplitude_event_type":null,"device_type":null,"$insert_id":"dba6e82c-1c66-43ba-bc4d-6d49a2775b86","country":"United States","client_upload_time":"2020-08-10 23:23:51.872000","processed_time":"2020-08-10 23:23:50.720375","user_id":"playersto45@gmail.com","location_lat":null,"group_properties":{},"device_carrier":null,"data":{},"device_brand":null,"adid":null,"app":277124,"start_version":null,"event_time":"2020-08-10 23:23:51.736000"}
{"ip_address":"73.181.151.244","is_attribution_event":false,"device_manufacturer":null,"amplitude_attribution_ids":null,"language":"English","city":"Mercer Island","server_upload_time":"2020-08-10 23:24:14.695000","event_id":49,"os_name":"Chrome","paying":null,"idfa":null,"dma":"Seattle-Tacoma, WA","device_model":null,"device_family":null,"region":"Washington","client_event_time":"2020-08-10 23:24:18.206000","library":"amplitude-js\/6.1.0","uuid":"9bc009a4-db60-11ea-9432-0675f313c50d","$schema":12,"os_version":"84","event_type":"project-exported","event_properties":{"file-name":"https:\/\/brand-settings-images130431-pictory.s3.us-east-2.amazonaws.com\/public\/Google_116762482291697479660\/exports\/Cool Facts_242350303.pictai"},"session_id":1597101176269,"amplitude_id":183992399391,"version_name":null,"groups":{},"user_creation_time":"2020-08-10 23:14:03.562000","platform":"Web","user_properties":{"Username":"playersto45@gmail.com"},"sample_rate":null,"device_id":"pang3BLk_fixq4YwuvOkrK","server_received_time":"2020-08-10 23:24:14.692000","location_lng":null,"amplitude_event_type":null,"device_type":null,"$insert_id":"2899a6d6-f5f6-4df7-b2fc-086068f79988","country":"United States","client_upload_time":"2020-08-10 23:24:18.207000","processed_time":"2020-08-10 23:24:16.507209","user_id":null,"location_lat":null,"group_properties":{},"device_carrier":null,"data":{},"device_brand":null,"adid":null,"app":277124,"start_version":null,"event_time":"2020-08-10 23:24:18.206000"}
{"ip_address":"73.181.151.244","is_attribution_event":false,"device_manufacturer":null,"amplitude_attribution_ids":null,"language":"English","city":"Mercer Island","server_upload_time":"2020-08-10 23:24:26.659000","event_id":50,"os_name":"Chrome","paying":null,"idfa":null,"dma":"Seattle-Tacoma, WA","device_model":null,"device_family":null,"region":"Washington","client_event_time":"2020-08-10 23:24:30.171000","library":"amplitude-js\/6.1.0","uuid":"a3468450-db60-11ea-9432-0675f313c50d","$schema":12,"os_version":"84","event_type":"project-exported","event_properties":{"file-name":"https:\/\/brand-settings-images130431-pictory.s3.us-east-2.amazonaws.com\/public\/undefined\/exports\/Cool Facts_242350303.pictai"},"session_id":1597101176269,"amplitude_id":183992399391,"version_name":null,"groups":{},"user_creation_time":"2020-08-10 23:14:03.562000","platform":"Web","user_properties":{"Username":"playersto45@gmail.com"},"sample_rate":null,"device_id":"pang3BLk_fixq4YwuvOkrK","server_received_time":"2020-08-10 23:24:26.655000","location_lng":null,"amplitude_event_type":null,"device_type":null,"$insert_id":"7ec9066d-2b71-42e0-8e41-aea5d2fd4d7e","country":"United States","client_upload_time":"2020-08-10 23:24:30.171000","processed_time":"2020-08-10 23:24:29.099846","user_id":null,"location_lat":null,"group_properties":{},"device_carrier":null,"data":{},"device_brand":null,"adid":null,"app":277124,"start_version":null,"event_time":"2020-08-10 23:24:30.171000"}
{"ip_address":"73.181.151.244","is_attribution_event":false,"device_manufacturer":null,"amplitude_attribution_ids":null,"language":"English","city":"Mercer Island","server_upload_time":"2020-08-10 23:24:44.942000","event_id":51,"os_name":"Chrome","paying":null,"idfa":null,"dma":"Seattle-Tacoma, WA","device_model":null,"device_family":null,"region":"Washington","client_event_time":"2020-08-10 23:24:48.468000","library":"amplitude-js\/6.1.0","uuid":"ad08b5e4-db60-11ea-9432-0675f313c50d","$schema":12,"os_version":"84","event_type":"saved-video-opened","event_properties":{"project-name":"Cool Facts","project-category":"Cool Facts"},"session_id":1597101176269,"amplitude_id":183992399391,"version_name":null,"groups":{},"user_creation_time":"2020-08-10 23:14:03.562000","platform":"Web","user_properties":{"Username":"playersto45@gmail.com"},"sample_rate":null,"device_id":"pang3BLk_fixq4YwuvOkrK","server_received_time":"2020-08-10 23:24:44.938000","location_lng":null,"amplitude_event_type":null,"device_type":null,"$insert_id":"934da390-6907-4297-b94f-7cbb326d12c6","country":"United States","client_upload_time":"2020-08-10 23:24:48.469000","processed_time":"2020-08-10 23:24:45.474886","user_id":null,"location_lat":null,"group_properties":{},"device_carrier":null,"data":{},"device_brand":null,"adid":null,"app":277124,"start_version":null,"event_time":"2020-08-10 23:24:48.468000"}
{"ip_address":"73.181.151.244","is_attribution_event":false,"device_manufacturer":null,"amplitude_attribution_ids":null,"language":"English","city":"Mercer Island","server_upload_time":"2020-08-10 23:24:56.082000","event_id":52,"os_name":"Chrome","paying":null,"idfa":null,"dma":"Seattle-Tacoma, WA","device_model":null,"device_family":null,"region":"Washington","client_event_time":"2020-08-10 23:24:59.598000","library":"amplitude-js\/6.1.0","uuid":"b4705152-db60-11ea-9432-0675f313c50d","$schema":12,"os_version":"84","event_type":"generate-clicked","event_properties":{"total-videos":5,"project-id":242350303,"track-name":"Easy Bake Blues","total-time-to-generate-in-seconds":11,"total-video-time-in-minutes":"0.50","total-scenes":6,"total-images":1,"total-scenes-with-original-image":6,"total-video-time-in-seconds":30,"total-time-to-generate-in-minutes":"0.18","total-sub-scenes":0},"session_id":1597101176269,"amplitude_id":183992399391,"version_name":null,"groups":{},"user_creation_time":"2020-08-10 23:14:03.562000","platform":"Web","user_properties":{"Username":"playersto45@gmail.com"},"sample_rate":null,"device_id":"pang3BLk_fixq4YwuvOkrK","server_received_time":"2020-08-10 23:24:56.071000","location_lng":null,"amplitude_event_type":null,"device_type":null,"$insert_id":"5bc8f675-1339-4080-915c-9efc97ff0305","country":"United States","client_upload_time":"2020-08-10 23:24:59.598000","processed_time":"2020-08-10 23:24:57.924459","user_id":"playersto45@gmail.com","location_lat":null,"group_properties":{},"device_carrier":null,"data":{},"device_brand":null,"adid":null,"app":277124,"start_version":null,"event_time":"2020-08-10 23:24:59.598000"}
{"ip_address":"73.181.151.244","is_attribution_event":false,"device_manufacturer":null,"amplitude_attribution_ids":null,"language":"English","city":"Mercer Island","server_upload_time":"2020-08-10 23:26:05.584000","event_id":53,"os_name":"Chrome","paying":null,"idfa":null,"dma":"Seattle-Tacoma, WA","device_model":null,"device_family":null,"region":"Washington","client_event_time":"2020-08-10 23:26:09.102000","library":"amplitude-js\/6.1.0","uuid":"de299e2c-db60-11ea-9432-0675f313c50d","$schema":12,"os_version":"84","event_type":"video-generated","event_properties":{"time-taken-in-minutes":"1.13","time-taken-in-seconds":68,"project-id":242350303},"session_id":1597101176269,"amplitude_id":183992399391,"version_name":null,"groups":{},"user_creation_time":"2020-08-10 23:14:03.562000","platform":"Web","user_properties":{"Username":"playersto45@gmail.com"},"sample_rate":null,"device_id":"pang3BLk_fixq4YwuvOkrK","server_received_time":"2020-08-10 23:26:05.578000","location_lng":null,"amplitude_event_type":null,"device_type":null,"$insert_id":"05836112-b35e-41c0-9b83-b8542d4863c7","country":"United States","client_upload_time":"2020-08-10 23:26:09.103000","processed_time":"2020-08-10 23:26:07.927588","user_id":"playersto45@gmail.com","location_lat":null,"group_properties":{},"device_carrier":null,"data":{},"device_brand":null,"adid":null,"app":277124,"start_version":null,"event_time":"2020-08-10 23:26:09.102000"}
{"ip_address":"73.181.151.244","is_attribution_event":false,"device_manufacturer":null,"amplitude_attribution_ids":null,"language":"English","city":"Mercer Island","server_upload_time":"2020-08-10 23:26:06.297000","event_id":54,"os_name":"Chrome","paying":null,"idfa":null,"dma":"Seattle-Tacoma, WA","device_model":null,"device_family":null,"region":"Washington","client_event_time":"2020-08-10 23:26:09.815000","library":"amplitude-js\/6.1.0","uuid":"de29ab38-db60-11ea-9432-0675f313c50d","$schema":12,"os_version":"84","event_type":"video-saved","event_properties":{"save-type":"Saved Video","project-name":"Cool Facts","project-category":"Cool Facts","project-id":242350303},"session_id":1597101176269,"amplitude_id":183992399391,"version_name":null,"groups":{},"user_creation_time":"2020-08-10 23:14:03.562000","platform":"Web","user_properties":{"Username":"playersto45@gmail.com"},"sample_rate":null,"device_id":"pang3BLk_fixq4YwuvOkrK","server_received_time":"2020-08-10 23:26:06.287000","location_lng":null,"amplitude_event_type":null,"device_type":null,"$insert_id":"0e9b596e-af70-4bb2-9c92-65dbe4a8f760","country":"United States","client_upload_time":"2020-08-10 23:26:09.816000","processed_time":"2020-08-10 23:26:07.945400","user_id":"playersto45@gmail.com","location_lat":null,"group_properties":{},"device_carrier":null,"data":{},"device_brand":null,"adid":null,"app":277124,"start_version":null,"event_time":"2020-08-10 23:26:09.815000"}
{"ip_address":"73.181.151.244","is_attribution_event":false,"device_manufacturer":null,"amplitude_attribution_ids":null,"language":"English","city":"Mercer Island","server_upload_time":"2020-08-10 23:26:25.969000","event_id":55,"os_name":"Chrome","paying":null,"idfa":null,"dma":"Seattle-Tacoma, WA","device_model":null,"device_family":null,"region":"Washington","client_event_time":"2020-08-10 23:26:29.485000","library":"amplitude-js\/6.1.0","uuid":"e9d7aa8e-db60-11ea-9432-0675f313c50d","$schema":12,"os_version":"84","event_type":"video-saved","event_properties":{"save-type":"Saved Video","project-name":"Cool Facts","project-category":"Cool Facts","project-id":242350303},"session_id":1597101176269,"amplitude_id":183992399391,"version_name":null,"groups":{},"user_creation_time":"2020-08-10 23:14:03.562000","platform":"Web","user_properties":{"Username":"playersto45@gmail.com"},"sample_rate":null,"device_id":"pang3BLk_fixq4YwuvOkrK","server_received_time":"2020-08-10 23:26:25.964000","location_lng":null,"amplitude_event_type":null,"device_type":null,"$insert_id":"a078b8bf-171c-4fa2-a048-772c061390c0","country":"United States","client_upload_time":"2020-08-10 23:26:29.486000","processed_time":"2020-08-10 23:26:27.485931","user_id":"playersto45@gmail.com","location_lat":null,"group_properties":{},"device_carrier":null,"data":{},"device_brand":null,"adid":null,"app":277124,"start_version":null,"event_time":"2020-08-10 23:26:29.485000"}
{"ip_address":"73.181.151.244","is_attribution_event":false,"device_manufacturer":null,"amplitude_attribution_ids":null,"language":"English","city":"Mercer Island","server_upload_time":"2020-08-10 23:26:28.441000","event_id":56,"os_name":"Chrome","paying":null,"idfa":null,"dma":"Seattle-Tacoma, WA","device_model":null,"device_family":null,"region":"Washington","client_event_time":"2020-08-10 23:26:31.958000","library":"amplitude-js\/6.1.0","uuid":"eb03129a-db60-11ea-9432-0675f313c50d","$schema":12,"os_version":"84","event_type":"video-downloaded","event_properties":{"project-id":242350303,"video-name":"Cool Facts.mp4","video-link":"https:\/\/video.pictory.ai\/273"},"session_id":1597101176269,"amplitude_id":183992399391,"version_name":null,"groups":{},"user_creation_time":"2020-08-10 23:14:03.562000","platform":"Web","user_properties":{"Username":"playersto45@gmail.com"},"sample_rate":null,"device_id":"pang3BLk_fixq4YwuvOkrK","server_received_time":"2020-08-10 23:26:28.431000","location_lng":null,"amplitude_event_type":null,"device_type":null,"$insert_id":"8b8ec7b5-4eb4-4a91-b4bc-234d5f47164f","country":"United States","client_upload_time":"2020-08-10 23:26:31.958000","processed_time":"2020-08-10 23:26:29.451185","user_id":"playersto45@gmail.com","location_lat":null,"group_properties":{},"device_carrier":null,"data":{},"device_brand":null,"adid":null,"app":277124,"start_version":null,"event_time":"2020-08-10 23:26:31.958000"}
{"amplitude_id":158589205788,"user_id":"vishal@pictory.ai","event_id":1,"user_properties":{"Username":"vishal@pictory.ai"},"device_id":"jTHNf7tRxoc_xVd5ae50XP","idfa":null,"event_time":"2020-08-10 23:32:53.224000","$schema":12,"client_event_time":"2020-08-10 23:32:53.224000","device_type":null,"is_attribution_event":false,"group_properties":{},"client_upload_time":"2020-08-10 23:32:53.225000","adid":null,"paying":null,"data":{},"amplitude_attribution_ids":null,"ip_address":"73.239.8.13","region":"Washington","location_lng":null,"dma":"Seattle-Tacoma, WA","platform":"Web","library":"amplitude-js\/6.1.0","amplitude_event_type":null,"processed_time":"2020-08-10 23:32:55.086790","language":"English","country":"United States","sample_rate":null,"version_name":null,"app":277124,"device_model":null,"city":"Kirkland","server_upload_time":"2020-08-10 23:32:53.394000","device_carrier":null,"user_creation_time":"2020-05-15 20:33:50.158000","device_manufacturer":null,"location_lat":null,"os_name":"Chrome","groups":{},"event_type":"start-with-script","session_id":1597102361654,"start_version":null,"device_brand":null,"$insert_id":"07d15d20-7579-4c73-abfd-0814b1edb5e6","event_properties":{"script":"<p>This is new script<\/p>"},"os_version":"84","device_family":null,"uuid":"d0ddf1cc-db61-11ea-b3a4-06cb3cc8b023","server_received_time":"2020-08-10 23:32:53.376000"}
{"amplitude_id":158589205788,"user_id":"vishal@pictory.ai","event_id":2,"user_properties":{"Username":"vishal@pictory.ai"},"device_id":"jTHNf7tRxoc_xVd5ae50XP","idfa":null,"event_time":"2020-08-10 23:32:58.372000","$schema":12,"client_event_time":"2020-08-10 23:32:58.372000","device_type":null,"is_attribution_event":false,"group_properties":{},"client_upload_time":"2020-08-10 23:32:58.372000","adid":null,"paying":null,"data":{},"amplitude_attribution_ids":null,"ip_address":"73.239.8.13","region":"Washington","location_lng":null,"dma":"Seattle-Tacoma, WA","platform":"Web","library":"amplitude-js\/6.1.0","amplitude_event_type":null,"processed_time":"2020-08-10 23:33:00.665074","language":"English","country":"United States","sample_rate":null,"version_name":null,"app":277124,"device_model":null,"city":"Kirkland","server_upload_time":"2020-08-10 23:32:58.444000","device_carrier":null,"user_creation_time":"2020-05-15 20:33:50.158000","device_manufacturer":null,"location_lat":null,"os_name":"Chrome","groups":{},"event_type":"video-saved","session_id":1597102361654,"start_version":null,"device_brand":null,"$insert_id":"d771f318-43c4-4829-8eff-e00803fa11f4","event_properties":{"project-id":626299163,"project-category":"This is new script","save-type":"New Video","project-name":"This is new script"},"os_version":"84","device_family":null,"uuid":"d42ee43a-db61-11ea-b3a4-06cb3cc8b023","server_received_time":"2020-08-10 23:32:58.408000"}
{"amplitude_id":158589205788,"user_id":"vishal@pictory.ai","event_id":3,"user_properties":{"Username":"vishal@pictory.ai"},"device_id":"jTHNf7tRxoc_xVd5ae50XP","idfa":null,"event_time":"2020-08-10 23:33:01.257000","$schema":12,"client_event_time":"2020-08-10 23:33:01.257000","device_type":null,"is_attribution_event":false,"group_properties":{},"client_upload_time":"2020-08-10 23:33:01.258000","adid":null,"paying":null,"data":{},"amplitude_attribution_ids":null,"ip_address":"73.239.8.13","region":"Washington","location_lng":null,"dma":"Seattle-Tacoma, WA","platform":"Web","library":"amplitude-js\/6.1.0","amplitude_event_type":null,"processed_time":"2020-08-10 23:33:02.625374","language":"English","country":"United States","sample_rate":null,"version_name":null,"app":277124,"device_model":null,"city":"Kirkland","server_upload_time":"2020-08-10 23:33:01.312000","device_carrier":null,"user_creation_time":"2020-05-15 20:33:50.158000","device_manufacturer":null,"location_lat":null,"os_name":"Chrome","groups":{},"event_type":"track-selected","session_id":1597102361654,"start_version":null,"device_brand":null,"$insert_id":"6d68bb0d-4b5f-4abc-8ede-9afb55ac848e","event_properties":{"project-id":626299163,"track-name":"Beauty Unfolds"},"os_version":"84","device_family":null,"uuid":"d558dd52-db61-11ea-b3a4-06cb3cc8b023","server_received_time":"2020-08-10 23:33:01.307000"}
{"amplitude_id":158589205788,"user_id":"vishal@pictory.ai","event_id":4,"user_properties":{"Username":"vishal@pictory.ai"},"device_id":"jTHNf7tRxoc_xVd5ae50XP","idfa":null,"event_time":"2020-08-10 23:33:01.538000","$schema":12,"client_event_time":"2020-08-10 23:33:01.538000","device_type":null,"is_attribution_event":false,"group_properties":{},"client_upload_time":"2020-08-10 23:33:01.539000","adid":null,"paying":null,"data":{},"amplitude_attribution_ids":null,"ip_address":"73.239.8.13","region":"Washington","location_lng":null,"dma":"Seattle-Tacoma, WA","platform":"Web","library":"amplitude-js\/6.1.0","amplitude_event_type":null,"processed_time":"2020-08-10 23:33:02.634710","language":"English","country":"United States","sample_rate":null,"version_name":null,"app":277124,"device_model":null,"city":"Kirkland","server_upload_time":"2020-08-10 23:33:01.589000","device_carrier":null,"user_creation_time":"2020-05-15 20:33:50.158000","device_manufacturer":null,"location_lat":null,"os_name":"Chrome","groups":{},"event_type":"video-saved","session_id":1597102361654,"start_version":null,"device_brand":null,"$insert_id":"4b48759f-abe4-4c83-acb5-83ca7b7a654f","event_properties":{"project-id":626299163,"project-category":"This is new script","save-type":"Saved Video","project-name":"This is new script"},"os_version":"84","device_family":null,"uuid":"d558e810-db61-11ea-b3a4-06cb3cc8b023","server_received_time":"2020-08-10 23:33:01.579000"}
{"amplitude_id":158589205788,"user_id":"vishal@pictory.ai","event_id":5,"user_properties":{"Username":"vishal@pictory.ai"},"device_id":"jTHNf7tRxoc_xVd5ae50XP","idfa":null,"event_time":"2020-08-10 23:33:07.674000","$schema":12,"client_event_time":"2020-08-10 23:33:07.674000","device_type":null,"is_attribution_event":false,"group_properties":{},"client_upload_time":"2020-08-10 23:33:07.675000","adid":null,"paying":null,"data":{},"amplitude_attribution_ids":null,"ip_address":"73.239.8.13","region":"Washington","location_lng":null,"dma":"Seattle-Tacoma, WA","platform":"Web","library":"amplitude-js\/6.1.0","amplitude_event_type":null,"processed_time":"2020-08-10 23:33:09.267977","language":"English","country":"United States","sample_rate":null,"version_name":null,"app":277124,"device_model":null,"city":"Kirkland","server_upload_time":"2020-08-10 23:33:07.727000","device_carrier":null,"user_creation_time":"2020-05-15 20:33:50.158000","device_manufacturer":null,"location_lat":null,"os_name":"Chrome","groups":{},"event_type":"edit-scene-text","session_id":1597102361654,"start_version":null,"device_brand":null,"$insert_id":"e3af831a-f5d3-4b55-a9a6-4c371960b868","event_properties":{"new-text":"This is new script\n\ufeffand take care","old-text":"This is new script"},"os_version":"84","device_family":null,"uuid":"d9529e8e-db61-11ea-b3a4-06cb3cc8b023","server_received_time":"2020-08-10 23:33:07.714000"}
{"amplitude_id":158589205788,"user_id":"vishal@pictory.ai","event_id":6,"user_properties":{"Username":"vishal@pictory.ai"},"device_id":"jTHNf7tRxoc_xVd5ae50XP","idfa":null,"event_time":"2020-08-10 23:33:08.180000","$schema":12,"client_event_time":"2020-08-10 23:33:08.180000","device_type":null,"is_attribution_event":false,"group_properties":{},"client_upload_time":"2020-08-10 23:33:08.181000","adid":null,"paying":null,"data":{},"amplitude_attribution_ids":null,"ip_address":"73.239.8.13","region":"Washington","location_lng":null,"dma":"Seattle-Tacoma, WA","platform":"Web","library":"amplitude-js\/6.1.0","amplitude_event_type":null,"processed_time":"2020-08-10 23:33:11.340463","language":"English","country":"United States","sample_rate":null,"version_name":null,"app":277124,"device_model":null,"city":"Kirkland","server_upload_time":"2020-08-10 23:33:08.236000","device_carrier":null,"user_creation_time":"2020-05-15 20:33:50.158000","device_manufacturer":null,"location_lat":null,"os_name":"Chrome","groups":{},"event_type":"video-saved","session_id":1597102361654,"start_version":null,"device_brand":null,"$insert_id":"5fb12bba-c407-4707-8762-6115ae3a2c3d","event_properties":{"project-id":626299163,"project-category":"This is new script","save-type":"Saved Video","project-name":"This is new script"},"os_version":"84","device_family":null,"uuid":"da8f0724-db61-11ea-b3a4-06cb3cc8b023","server_received_time":"2020-08-10 23:33:08.220000"}
{"amplitude_id":158589205788,"user_id":"vishal@pictory.ai","event_id":7,"user_properties":{"Username":"vishal@pictory.ai"},"device_id":"jTHNf7tRxoc_xVd5ae50XP","idfa":null,"event_time":"2020-08-10 23:33:30.277000","$schema":12,"client_event_time":"2020-08-10 23:33:30.277000","device_type":null,"is_attribution_event":false,"group_properties":{},"client_upload_time":"2020-08-10 23:33:30.277000","adid":null,"paying":null,"data":{},"amplitude_attribution_ids":null,"ip_address":"73.239.8.13","region":"Washington","location_lng":null,"dma":"Seattle-Tacoma, WA","platform":"Web","library":"amplitude-js\/6.1.0","amplitude_event_type":null,"processed_time":"2020-08-10 23:33:31.390065","language":"English","country":"United States","sample_rate":null,"version_name":null,"app":277124,"device_model":null,"city":"Kirkland","server_upload_time":"2020-08-10 23:33:30.341000","device_carrier":null,"user_creation_time":"2020-05-15 20:33:50.158000","device_manufacturer":null,"location_lat":null,"os_name":"Chrome","groups":{},"event_type":"edit-scene-text","session_id":1597102361654,"start_version":null,"device_brand":null,"$insert_id":"c56a9e4d-1411-42a4-9a14-2a0e153c2ef2","event_properties":{"new-text":"This is new script\n\ufeffand take care and this is odd < 100 and > 1000","old-text":"This is new script<br> \ufeffand take care"},"os_version":"84","device_family":null,"uuid":"e682c890-db61-11ea-b3a4-06cb3cc8b023","server_received_time":"2020-08-10 23:33:30.332000"}
{"amplitude_id":158589205788,"user_id":"vishal@pictory.ai","event_id":8,"user_properties":{"Username":"vishal@pictory.ai"},"device_id":"jTHNf7tRxoc_xVd5ae50XP","idfa":null,"event_time":"2020-08-10 23:33:30.869000","$schema":12,"client_event_time":"2020-08-10 23:33:30.869000","device_type":null,"is_attribution_event":false,"group_properties":{},"client_upload_time":"2020-08-10 23:33:30.869000","adid":null,"paying":null,"data":{},"amplitude_attribution_ids":null,"ip_address":"73.239.8.13","region":"Washington","location_lng":null,"dma":"Seattle-Tacoma, WA","platform":"Web","library":"amplitude-js\/6.1.0","amplitude_event_type":null,"processed_time":"2020-08-10 23:33:33.106406","language":"English","country":"United States","sample_rate":null,"version_name":null,"app":277124,"device_model":null,"city":"Kirkland","server_upload_time":"2020-08-10 23:33:30.916000","device_carrier":null,"user_creation_time":"2020-05-15 20:33:50.158000","device_manufacturer":null,"location_lat":null,"os_name":"Chrome","groups":{},"event_type":"video-saved","session_id":1597102361654,"start_version":null,"device_brand":null,"$insert_id":"1974d314-4177-4d3e-a30a-d2cc3d37cfa5","event_properties":{"project-id":626299163,"project-category":"This is new script","save-type":"Saved Video","project-name":"This is new script"},"os_version":"84","device_family":null,"uuid":"e7888072-db61-11ea-b3a4-06cb3cc8b023","server_received_time":"2020-08-10 23:33:30.910000"}
