{"city":"Lansing","os_name":"Chrome","device_brand":null,"library":"amplitude-js\/6.1.0","$insert_id":"591d7f08-34a9-4e5b-be29-73df48c6392d","adid":null,"sample_rate":null,"client_upload_time":"2020-08-15 22:17:27.562000","event_type":"user-signup","amplitude_event_type":null,"location_lat":null,"$schema":12,"location_lng":null,"groups":{},"language":"English","amplitude_attribution_ids":null,"event_properties":{"provider":"Google"},"os_version":"84","user_properties":{"Username":"marygaming7123@gmail.com"},"client_event_time":"2020-08-15 22:17:27.560000","user_id":"marygaming7123@gmail.com","paying":null,"device_type":null,"event_id":1,"session_id":1597529775158,"start_version":null,"user_creation_time":"2020-08-15 22:17:27.560000","platform":"Web","group_properties":{},"device_carrier":null,"idfa":null,"processed_time":"2020-08-15 22:17:29.583296","app":277124,"device_model":null,"server_received_time":"2020-08-15 22:17:28.496000","country":"United States","ip_address":"108.234.36.214","server_upload_time":"2020-08-15 22:17:28.503000","version_name":null,"device_manufacturer":null,"dma":"Chicago, IL","data":{"first_event":true},"is_attribution_event":false,"device_family":null,"uuid":"1b727212-df45-11ea-b3ce-0265bb59559d","amplitude_id":185133143900,"region":"Illinois","device_id":"n_xN1W8eQLcyrrY2KjrUF9","event_time":"2020-08-15 22:17:27.560000"}
{"city":"Lansing","os_name":"Chrome","device_brand":null,"library":"amplitude-js\/6.1.0","$insert_id":"d3ea91ae-b1f2-4ac5-b832-95152f7e2c38","adid":null,"sample_rate":null,"client_upload_time":"2020-08-15 22:17:28.320000","event_type":"trial-activated","amplitude_event_type":null,"location_lat":null,"$schema":12,"location_lng":null,"groups":{},"language":"English","amplitude_attribution_ids":null,"event_properties":{},"os_version":"84","user_properties":{"Username":"marygaming7123@gmail.com"},"client_event_time":"2020-08-15 22:17:27.566000","user_id":"marygaming7123@gmail.com","paying":null,"device_type":null,"event_id":2,"session_id":1597529775158,"start_version":null,"user_creation_time":"2020-08-15 22:17:27.560000","platform":"Web","group_properties":{},"device_carrier":null,"idfa":null,"processed_time":"2020-08-15 22:17:29.611629","app":277124,"device_model":null,"server_received_time":"2020-08-15 22:17:29.058000","country":"United States","ip_address":"108.234.36.214","server_upload_time":"2020-08-15 22:17:29.070000","version_name":null,"device_manufacturer":null,"dma":"Chicago, IL","data":{},"is_attribution_event":false,"device_family":null,"uuid":"1b727e24-df45-11ea-b3ce-0265bb59559d","amplitude_id":185133143900,"region":"Illinois","device_id":"n_xN1W8eQLcyrrY2KjrUF9","event_time":"2020-08-15 22:17:27.566000"}
{"city":"Lansing","os_name":"Chrome","device_brand":null,"library":"amplitude-js\/6.1.0","$insert_id":"074ba383-3514-4753-87cb-d1909522d5b2","adid":null,"sample_rate":null,"client_upload_time":"2020-08-15 22:17:55.599000","event_type":"start-with-script","amplitude_event_type":null,"location_lat":null,"$schema":12,"location_lng":null,"groups":{},"language":"English","amplitude_attribution_ids":null,"event_properties":{"script":"<p>bnv<\/p>"},"os_version":"84","user_properties":{"Username":"marygaming7123@gmail.com"},"client_event_time":"2020-08-15 22:17:55.598000","user_id":"marygaming7123@gmail.com","paying":null,"device_type":null,"event_id":3,"session_id":1597529775158,"start_version":null,"user_creation_time":"2020-08-15 22:17:27.560000","platform":"Web","group_properties":{},"device_carrier":null,"idfa":null,"processed_time":"2020-08-15 22:17:57.696381","app":277124,"device_model":null,"server_received_time":"2020-08-15 22:17:56.509000","country":"United States","ip_address":"108.234.36.214","server_upload_time":"2020-08-15 22:17:56.516000","version_name":null,"device_manufacturer":null,"dma":"Chicago, IL","data":{},"is_attribution_event":false,"device_family":null,"uuid":"2c471246-df45-11ea-b3ce-0265bb59559d","amplitude_id":185133143900,"region":"Illinois","device_id":"n_xN1W8eQLcyrrY2KjrUF9","event_time":"2020-08-15 22:17:55.598000"}
{"city":"Lansing","os_name":"Chrome","device_brand":null,"library":"amplitude-js\/6.1.0","$insert_id":"c51001c5-36cb-4fc2-8949-0927908fca9d","adid":null,"sample_rate":null,"client_upload_time":"2020-08-15 22:18:02.561000","event_type":"video-saved","amplitude_event_type":null,"location_lat":null,"$schema":12,"location_lng":null,"groups":{},"language":"English","amplitude_attribution_ids":null,"event_properties":{"project-name":"bnv","project-id":281054596,"save-type":"New Video","project-category":"bnv"},"os_version":"84","user_properties":{"Username":"marygaming7123@gmail.com"},"client_event_time":"2020-08-15 22:18:02.560000","user_id":"marygaming7123@gmail.com","paying":null,"device_type":null,"event_id":4,"session_id":1597529775158,"start_version":null,"user_creation_time":"2020-08-15 22:17:27.560000","platform":"Web","group_properties":{},"device_carrier":null,"idfa":null,"processed_time":"2020-08-15 22:18:05.647131","app":277124,"device_model":null,"server_received_time":"2020-08-15 22:18:03.464000","country":"United States","ip_address":"108.234.36.214","server_upload_time":"2020-08-15 22:18:03.483000","version_name":null,"device_manufacturer":null,"dma":"Chicago, IL","data":{},"is_attribution_event":false,"device_family":null,"uuid":"3104ba18-df45-11ea-b3ce-0265bb59559d","amplitude_id":185133143900,"region":"Illinois","device_id":"n_xN1W8eQLcyrrY2KjrUF9","event_time":"2020-08-15 22:18:02.560000"}
{"city":"Lansing","os_name":"Chrome","device_brand":null,"library":"amplitude-js\/6.1.0","$insert_id":"8cc3ee0d-9073-4899-afcc-fa912e7db7a1","adid":null,"sample_rate":null,"client_upload_time":"2020-08-15 22:18:04.798000","event_type":"track-selected","amplitude_event_type":null,"location_lat":null,"$schema":12,"location_lng":null,"groups":{},"language":"English","amplitude_attribution_ids":null,"event_properties":{"project-id":281054596,"track-name":"Easy Bake Blues"},"os_version":"84","user_properties":{"Username":"marygaming7123@gmail.com"},"client_event_time":"2020-08-15 22:18:04.795000","user_id":"marygaming7123@gmail.com","paying":null,"device_type":null,"event_id":5,"session_id":1597529775158,"start_version":null,"user_creation_time":"2020-08-15 22:17:27.560000","platform":"Web","group_properties":{},"device_carrier":null,"idfa":null,"processed_time":"2020-08-15 22:18:07.582014","app":277124,"device_model":null,"server_received_time":"2020-08-15 22:18:05.533000","country":"United States","ip_address":"108.234.36.214","server_upload_time":"2020-08-15 22:18:05.556000","version_name":null,"device_manufacturer":null,"dma":"Chicago, IL","data":{},"is_attribution_event":false,"device_family":null,"uuid":"322c4ef6-df45-11ea-b3ce-0265bb59559d","amplitude_id":185133143900,"region":"Illinois","device_id":"n_xN1W8eQLcyrrY2KjrUF9","event_time":"2020-08-15 22:18:04.795000"}
{"city":"Lansing","os_name":"Chrome","device_brand":null,"library":"amplitude-js\/6.1.0","$insert_id":"c7ba3ed8-857f-4185-933f-d8821a5c497a","adid":null,"sample_rate":null,"client_upload_time":"2020-08-15 22:18:04.992000","event_type":"video-saved","amplitude_event_type":null,"location_lat":null,"$schema":12,"location_lng":null,"groups":{},"language":"English","amplitude_attribution_ids":null,"event_properties":{"project-name":"bnv","project-id":281054596,"save-type":"Saved Video","project-category":"bnv"},"os_version":"84","user_properties":{"Username":"marygaming7123@gmail.com"},"client_event_time":"2020-08-15 22:18:04.990000","user_id":"marygaming7123@gmail.com","paying":null,"device_type":null,"event_id":6,"session_id":1597529775158,"start_version":null,"user_creation_time":"2020-08-15 22:17:27.560000","platform":"Web","group_properties":{},"device_carrier":null,"idfa":null,"processed_time":"2020-08-15 22:18:07.584356","app":277124,"device_model":null,"server_received_time":"2020-08-15 22:18:05.722000","country":"United States","ip_address":"108.234.36.214","server_upload_time":"2020-08-15 22:18:05.733000","version_name":null,"device_manufacturer":null,"dma":"Chicago, IL","data":{},"is_attribution_event":false,"device_family":null,"uuid":"322c5c52-df45-11ea-b3ce-0265bb59559d","amplitude_id":185133143900,"region":"Illinois","device_id":"n_xN1W8eQLcyrrY2KjrUF9","event_time":"2020-08-15 22:18:04.990000"}
{"city":"Lansing","os_name":"Chrome","device_brand":null,"library":"amplitude-js\/6.1.0","$insert_id":"3527d119-96e6-41b7-8b6c-5b5303b294b4","adid":null,"sample_rate":null,"client_upload_time":"2020-08-15 22:18:20.357000","event_type":"upload-clicked","amplitude_event_type":null,"location_lat":null,"$schema":12,"location_lng":null,"groups":{},"language":"English","amplitude_attribution_ids":null,"event_properties":{"project-id":281054596},"os_version":"84","user_properties":{"Username":"marygaming7123@gmail.com"},"client_event_time":"2020-08-15 22:18:20.356000","user_id":"marygaming7123@gmail.com","paying":null,"device_type":null,"event_id":7,"session_id":1597529775158,"start_version":null,"user_creation_time":"2020-08-15 22:17:27.560000","platform":"Web","group_properties":{},"device_carrier":null,"idfa":null,"processed_time":"2020-08-15 22:18:23.040122","app":277124,"device_model":null,"server_received_time":"2020-08-15 22:18:21.282000","country":"United States","ip_address":"108.234.36.214","server_upload_time":"2020-08-15 22:18:21.296000","version_name":null,"device_manufacturer":null,"dma":"Chicago, IL","data":{},"is_attribution_event":false,"device_family":null,"uuid":"3b63c01c-df45-11ea-b3ce-0265bb59559d","amplitude_id":185133143900,"region":"Illinois","device_id":"n_xN1W8eQLcyrrY2KjrUF9","event_time":"2020-08-15 22:18:20.356000"}
{"user_id":"wrightlaneashia08@gmail.com","client_event_time":"2020-08-15 22:18:36.449000","groups":{},"device_brand":null,"$insert_id":"557a36fe-b55a-4c43-b59f-e8e1e2c236b7","user_creation_time":"2020-08-15 22:18:36.449000","dma":"Washington, DC (Hagerstown, MD)","version_name":null,"device_id":"w2daihOPrA9RzAIuh6ygyM","data":{"first_event":true},"app":277124,"device_family":null,"processed_time":"2020-08-15 22:18:38.060714","platform":"Web","is_attribution_event":false,"adid":null,"location_lng":null,"paying":null,"idfa":null,"location_lat":null,"client_upload_time":"2020-08-15 22:18:36.453000","ip_address":"69.251.159.7","event_properties":{"provider":"Google"},"group_properties":{},"city":"Hyattsville","$schema":12,"device_carrier":null,"user_properties":{"Username":"wrightlaneashia08@gmail.com"},"amplitude_id":185133330081,"os_name":"Chrome","sample_rate":null,"event_id":1,"event_type":"user-signup","device_model":null,"event_time":"2020-08-15 22:18:36.449000","device_type":null,"start_version":null,"library":"amplitude-js\/6.1.0","server_upload_time":"2020-08-15 22:18:36.519000","device_manufacturer":null,"amplitude_event_type":null,"language":"English","session_id":1597529849734,"region":"Maryland","server_received_time":"2020-08-15 22:18:36.512000","country":"United States","os_version":"84","amplitude_attribution_ids":null,"uuid":"445472e8-df45-11ea-8189-0a8f9343257b"}
{"user_id":"wrightlaneashia08@gmail.com","client_event_time":"2020-08-15 22:18:36.458000","groups":{},"device_brand":null,"$insert_id":"a15de358-9564-41c5-81f6-1cefe14dbb2e","user_creation_time":"2020-08-15 22:18:36.449000","dma":"Washington, DC (Hagerstown, MD)","version_name":null,"device_id":"w2daihOPrA9RzAIuh6ygyM","data":{},"app":277124,"device_family":null,"processed_time":"2020-08-15 22:18:38.082951","platform":"Web","is_attribution_event":false,"adid":null,"location_lng":null,"paying":null,"idfa":null,"location_lat":null,"client_upload_time":"2020-08-15 22:18:37.246000","ip_address":"69.251.159.7","event_properties":{},"group_properties":{},"city":"Hyattsville","$schema":12,"device_carrier":null,"user_properties":{"Username":"wrightlaneashia08@gmail.com"},"amplitude_id":185133330081,"os_name":"Chrome","sample_rate":null,"event_id":2,"event_type":"trial-activated","device_model":null,"event_time":"2020-08-15 22:18:36.458000","device_type":null,"start_version":null,"library":"amplitude-js\/6.1.0","server_upload_time":"2020-08-15 22:18:37.101000","device_manufacturer":null,"amplitude_event_type":null,"language":"English","session_id":1597529849734,"region":"Maryland","server_received_time":"2020-08-15 22:18:37.095000","country":"United States","os_version":"84","amplitude_attribution_ids":null,"uuid":"445481fc-df45-11ea-8189-0a8f9343257b"}
{"city":"Lansing","os_name":"Chrome","device_brand":null,"library":"amplitude-js\/6.1.0","$insert_id":"55985ae9-5852-4e74-ba82-d6c6b2001e63","adid":null,"sample_rate":null,"client_upload_time":"2020-08-15 22:18:40.286000","event_type":"image-upload","amplitude_event_type":null,"location_lat":null,"$schema":12,"location_lng":null,"groups":{},"language":"English","amplitude_attribution_ids":null,"event_properties":{"project-id":281054596,"image-url":"https:\/\/brand-settings-images130431-pictory.s3.us-east-2.amazonaws.com\/public\/Google_108817980950782293795\/videos\/Untitled 15_720p.mp4","upload-type":"browsed"},"os_version":"84","user_properties":{"Username":"marygaming7123@gmail.com"},"client_event_time":"2020-08-15 22:18:40.285000","user_id":"marygaming7123@gmail.com","paying":null,"device_type":null,"event_id":8,"session_id":1597529775158,"start_version":null,"user_creation_time":"2020-08-15 22:17:27.560000","platform":"Web","group_properties":{},"device_carrier":null,"idfa":null,"processed_time":"2020-08-15 22:18:43.888598","app":277124,"device_model":null,"server_received_time":"2020-08-15 22:18:41.223000","country":"United States","ip_address":"108.234.36.214","server_upload_time":"2020-08-15 22:18:41.231000","version_name":null,"device_manufacturer":null,"dma":"Chicago, IL","data":{},"is_attribution_event":false,"device_family":null,"uuid":"47d03bf0-df45-11ea-b3ce-0265bb59559d","amplitude_id":185133143900,"region":"Illinois","device_id":"n_xN1W8eQLcyrrY2KjrUF9","event_time":"2020-08-15 22:18:40.285000"}
{"city":"Lansing","os_name":"Chrome","device_brand":null,"library":"amplitude-js\/6.1.0","$insert_id":"372065f1-d39b-4272-a44f-f05b97cedb95","adid":null,"sample_rate":null,"client_upload_time":"2020-08-15 22:18:59.885000","event_type":"image-replaced","amplitude_event_type":null,"location_lat":null,"$schema":12,"location_lng":null,"groups":{},"language":"English","amplitude_attribution_ids":null,"event_properties":{"old-image":"https:\/\/www.fragrantnature.com\/images\/noimage.jpg","new-image":"https:\/\/brand-settings-images130431-pictory.s3.us-east-2.amazonaws.com\/public\/Google_108817980950782293795\/videos\/Untitled 15_720p.mp4","project-id":281054596,"source":"Upload Image"},"os_version":"84","user_properties":{"Username":"marygaming7123@gmail.com"},"client_event_time":"2020-08-15 22:18:59.884000","user_id":"marygaming7123@gmail.com","paying":null,"device_type":null,"event_id":9,"session_id":1597529775158,"start_version":null,"user_creation_time":"2020-08-15 22:17:27.560000","platform":"Web","group_properties":{},"device_carrier":null,"idfa":null,"processed_time":"2020-08-15 22:19:21.348573","app":277124,"device_model":null,"server_received_time":"2020-08-15 22:19:19.798000","country":"United States","ip_address":"108.234.36.214","server_upload_time":"2020-08-15 22:19:19.808000","version_name":null,"device_manufacturer":null,"dma":"Chicago, IL","data":{},"is_attribution_event":false,"device_family":null,"uuid":"5e246e44-df45-11ea-b3ce-0265bb59559d","amplitude_id":185133143900,"region":"Illinois","device_id":"n_xN1W8eQLcyrrY2KjrUF9","event_time":"2020-08-15 22:18:59.884000"}
{"city":"Lansing","os_name":"Chrome","device_brand":null,"library":"amplitude-js\/6.1.0","$insert_id":"4b8316b5-9e2a-47d9-ac45-6b206f987780","adid":null,"sample_rate":null,"client_upload_time":"2020-08-15 22:19:20.450000","event_type":"video-saved","amplitude_event_type":null,"location_lat":null,"$schema":12,"location_lng":null,"groups":{},"language":"English","amplitude_attribution_ids":null,"event_properties":{"project-name":"bnv","project-id":281054596,"save-type":"Saved Video","project-category":"bnv"},"os_version":"84","user_properties":{"Username":"marygaming7123@gmail.com"},"client_event_time":"2020-08-15 22:19:20.439000","user_id":"marygaming7123@gmail.com","paying":null,"device_type":null,"event_id":10,"session_id":1597529775158,"start_version":null,"user_creation_time":"2020-08-15 22:17:27.560000","platform":"Web","group_properties":{},"device_carrier":null,"idfa":null,"processed_time":"2020-08-15 22:19:23.731323","app":277124,"device_model":null,"server_received_time":"2020-08-15 22:19:21.194000","country":"United States","ip_address":"108.234.36.214","server_upload_time":"2020-08-15 22:19:21.201000","version_name":null,"device_manufacturer":null,"dma":"Chicago, IL","data":{},"is_attribution_event":false,"device_family":null,"uuid":"5f9097a8-df45-11ea-b3ce-0265bb59559d","amplitude_id":185133143900,"region":"Illinois","device_id":"n_xN1W8eQLcyrrY2KjrUF9","event_time":"2020-08-15 22:19:20.439000"}
