{"app":277124,"sample_rate":null,"amplitude_id":168062498077,"paying":null,"language":"English","client_event_time":"2020-08-16 13:06:00.978000","region":"Chandigarh","version_name":null,"library":"amplitude-js\/6.1.0","idfa":null,"uuid":"3ce1db8c-dfc1-11ea-ae69-0a2bd9a4fbda","ip_address":"110.225.217.7","server_upload_time":"2020-08-16 13:06:02.049000","location_lat":null,"device_model":null,"device_type":null,"os_version":"84","event_type":"user-login","data":{},"device_id":"ByqeHd3V4-GM3BKIfwCNVc","device_carrier":null,"amplitude_attribution_ids":null,"os_name":"Chrome","amplitude_event_type":null,"$schema":12,"event_id":1,"session_id":1597582906577,"platform":"Web","is_attribution_event":false,"location_lng":null,"device_manufacturer":null,"groups":{},"user_id":"vinishjg@gmail.com","event_properties":{"login-via":"Pictory"},"client_upload_time":"2020-08-16 13:06:01.887000","device_family":null,"$insert_id":"0eec5165-2842-4b1e-a860-d490afa92533","device_brand":null,"user_properties":{"Username":"vinishjg@gmail.com"},"group_properties":{},"server_received_time":"2020-08-16 13:06:02.041000","event_time":"2020-08-16 13:06:00.978000","country":"India","adid":null,"start_version":null,"dma":null,"user_creation_time":"2020-06-12 16:06:36.904000","processed_time":"2020-08-16 13:06:03.190087","city":"Chandigarh"}
