{"user_properties":{"Username":"abid@pictory.ai"},"ip_address":"49.204.190.29","language":"English","adid":null,"amplitude_event_type":null,"device_manufacturer":null,"city":"Hyderabad","$insert_id":"09376dbc-d436-402d-96b0-fd2b4586add2","user_id":"abid@pictory.ai","session_id":1597653356337,"client_event_time":"2020-08-17 09:15:55.160000","amplitude_id":158692843342,"version_name":null,"location_lng":null,"location_lat":null,"uuid":"41ecb6e8-e06a-11ea-9240-060ba06f65ac","country":"India","processed_time":"2020-08-17 09:15:56.569489","device_type":null,"start_version":null,"library":"amplitude-js\/6.1.0","server_received_time":"2020-08-17 09:15:55.477000","device_carrier":null,"idfa":null,"server_upload_time":"2020-08-17 09:15:55.500000","app":277124,"amplitude_attribution_ids":null,"platform":"Web","os_name":"Chrome","sample_rate":null,"device_family":null,"event_type":"previous-button-pressed","os_version":"84","device_brand":null,"region":"Telangana","event_id":5,"dma":null,"device_model":null,"event_properties":{"project-id":115541999,"article-link":"https:\/\/www.gartner.com\/smarterwithgartner\/seven-tips-for-staying-secure-in-the-cloud\/"},"user_creation_time":"2020-05-16 05:42:39.430000","event_time":"2020-08-17 09:15:55.160000","client_upload_time":"2020-08-17 09:15:55.164000","groups":{},"$schema":12,"device_id":"Bz5osEivh_iBC2KWtfGJMV","paying":null,"is_attribution_event":false,"data":{},"group_properties":{}}
{"user_properties":{"Username":"abid@pictory.ai"},"ip_address":"49.204.190.29","language":"English","adid":null,"amplitude_event_type":null,"device_manufacturer":null,"city":"Hyderabad","$insert_id":"b1712714-f9c6-45f3-8cc7-f0d80295105b","user_id":"abid@pictory.ai","session_id":1597653356337,"client_event_time":"2020-08-17 09:16:28.904000","amplitude_id":158692843342,"version_name":null,"location_lng":null,"location_lat":null,"uuid":"56c633f0-e06a-11ea-9240-060ba06f65ac","country":"India","processed_time":"2020-08-17 09:16:31.534186","device_type":null,"start_version":null,"library":"amplitude-js\/6.1.0","server_received_time":"2020-08-17 09:16:28.619000","device_carrier":null,"idfa":null,"server_upload_time":"2020-08-17 09:16:28.626000","app":277124,"amplitude_attribution_ids":null,"platform":"Web","os_name":"Chrome","sample_rate":null,"device_family":null,"event_type":"start-with-article","os_version":"84","device_brand":null,"region":"Telangana","event_id":6,"dma":null,"device_model":null,"event_properties":{"project-id":530725780,"article-link":"https:\/\/www.corestack.io\/blog\/importance-of-cost-analytics-in-multi-cloud-environments\/"},"user_creation_time":"2020-05-16 05:42:39.430000","event_time":"2020-08-17 09:16:28.904000","client_upload_time":"2020-08-17 09:16:28.905000","groups":{},"$schema":12,"device_id":"Bz5osEivh_iBC2KWtfGJMV","paying":null,"is_attribution_event":false,"data":{},"group_properties":{}}
{"session_id":1597656728753,"event_id":1,"version_name":null,"os_name":"Chrome","device_carrier":null,"amplitude_event_type":null,"user_id":"praveencapri@gmail.com","location_lat":null,"$schema":12,"device_type":null,"device_manufacturer":null,"amplitude_attribution_ids":null,"app":277124,"user_creation_time":"2020-08-02 07:07:16.958000","event_time":"2020-08-17 09:32:13.026000","server_upload_time":"2020-08-17 09:32:13.417000","os_version":"84","library":"amplitude-js\/6.1.0","processed_time":"2020-08-17 09:32:14.596537","event_properties":{"error-info":"https:\/\/brand-settings-images130431-pictory.s3.us-east-2.amazonaws.com\/public\/Google_113879456352005535409\/errors\/application\/1597656730496-crash.txt"},"platform":"Web","ip_address":"60.243.151.36","client_upload_time":"2020-08-17 09:32:13.027000","dma":null,"device_brand":null,"device_id":"qwUcLuhV89uBQZCUuwlGYo","is_attribution_event":false,"device_family":null,"start_version":null,"adid":null,"event_type":"app-crash","paying":null,"groups":{},"idfa":null,"language":"English","sample_rate":null,"data":{},"group_properties":{},"$insert_id":"0af4c0d1-55f1-4e37-b450-ba459021117b","client_event_time":"2020-08-17 09:32:13.026000","country":"India","amplitude_id":182009921658,"uuid":"88e03b04-e06c-11ea-be53-0a7dfb53882f","region":"Telangana","device_model":null,"location_lng":null,"city":"Hyderabad","server_received_time":"2020-08-17 09:32:13.409000","user_properties":{"Username":"praveencapri@gmail.com"}}
{"user_properties":{"Username":"abid@pictory.ai"},"ip_address":"49.204.190.29","language":"English","adid":null,"amplitude_event_type":null,"device_manufacturer":null,"city":"Hyderabad","$insert_id":"e3095b0e-6408-4acd-a6d3-43402c082776","user_id":"abid@pictory.ai","session_id":1597653356337,"client_event_time":"2020-08-17 09:32:35.620000","amplitude_id":158692843342,"version_name":null,"location_lng":null,"location_lat":null,"uuid":"96592412-e06c-11ea-9240-060ba06f65ac","country":"India","processed_time":"2020-08-17 09:32:37.183687","device_type":null,"start_version":null,"library":"amplitude-js\/6.1.0","server_received_time":"2020-08-17 09:32:35.330000","device_carrier":null,"idfa":null,"server_upload_time":"2020-08-17 09:32:35.337000","app":277124,"amplitude_attribution_ids":null,"platform":"Web","os_name":"Chrome","sample_rate":null,"device_family":null,"event_type":"previous-button-pressed","os_version":"84","device_brand":null,"region":"Telangana","event_id":7,"dma":null,"device_model":null,"event_properties":{"project-id":530725780,"article-link":"https:\/\/www.corestack.io\/blog\/importance-of-cost-analytics-in-multi-cloud-environments\/"},"user_creation_time":"2020-05-16 05:42:39.430000","event_time":"2020-08-17 09:32:35.620000","client_upload_time":"2020-08-17 09:32:35.622000","groups":{},"$schema":12,"device_id":"Bz5osEivh_iBC2KWtfGJMV","paying":null,"is_attribution_event":false,"data":{},"group_properties":{}}
{"user_properties":{"Username":"abid@pictory.ai"},"ip_address":"49.204.190.29","language":"English","adid":null,"amplitude_event_type":null,"device_manufacturer":null,"city":"Hyderabad","$insert_id":"c2ec94da-e44e-409d-af4b-60d3e69395a9","user_id":"abid@pictory.ai","session_id":1597653356337,"client_event_time":"2020-08-17 09:32:58.963000","amplitude_id":158692843342,"version_name":null,"location_lng":null,"location_lat":null,"uuid":"a43b0960-e06c-11ea-9240-060ba06f65ac","country":"India","processed_time":"2020-08-17 09:33:00.468914","device_type":null,"start_version":null,"library":"amplitude-js\/6.1.0","server_received_time":"2020-08-17 09:32:58.668000","device_carrier":null,"idfa":null,"server_upload_time":"2020-08-17 09:32:58.676000","app":277124,"amplitude_attribution_ids":null,"platform":"Web","os_name":"Chrome","sample_rate":null,"device_family":null,"event_type":"start-with-article","os_version":"84","device_brand":null,"region":"Telangana","event_id":8,"dma":null,"device_model":null,"event_properties":{"project-id":346600396,"article-link":"https:\/\/www.corestack.io\/resource-centre\/cams-a-leading-financial-services-company-reduces-cloud-costs-by-60-using-corestack-platform\/"},"user_creation_time":"2020-05-16 05:42:39.430000","event_time":"2020-08-17 09:32:58.963000","client_upload_time":"2020-08-17 09:32:58.964000","groups":{},"$schema":12,"device_id":"Bz5osEivh_iBC2KWtfGJMV","paying":null,"is_attribution_event":false,"data":{},"group_properties":{}}
{"session_id":1597656778898,"event_id":1,"version_name":null,"os_name":"Chrome","device_carrier":null,"amplitude_event_type":null,"user_id":"praveencapri@gmail.com","location_lat":null,"$schema":12,"device_type":null,"device_manufacturer":null,"amplitude_attribution_ids":null,"app":277124,"user_creation_time":"2020-08-02 07:07:16.958000","event_time":"2020-08-17 09:33:19.653000","server_upload_time":"2020-08-17 09:33:20.097000","os_version":"84","library":"amplitude-js\/6.1.0","processed_time":"2020-08-17 09:33:22.044556","event_properties":{"error-info":"https:\/\/brand-settings-images130431-pictory.s3.us-east-2.amazonaws.com\/public\/Google_113879456352005535409\/errors\/application\/1597656778994-crash.txt"},"platform":"Web","ip_address":"60.243.151.36","client_upload_time":"2020-08-17 09:33:19.654000","dma":null,"device_brand":null,"device_id":"w7cdOSHvuknV2fZcQsrZ0t","is_attribution_event":false,"device_family":null,"start_version":null,"adid":null,"event_type":"app-crash","paying":null,"groups":{},"idfa":null,"language":"English","sample_rate":null,"data":{},"group_properties":{},"$insert_id":"91fa0564-5191-4d97-8753-f246b769f359","client_event_time":"2020-08-17 09:33:19.653000","country":"India","amplitude_id":182009921658,"uuid":"b114bad2-e06c-11ea-88bd-0a7dfb53882f","region":"Telangana","device_model":null,"location_lng":null,"city":"Hyderabad","server_received_time":"2020-08-17 09:33:20.088000","user_properties":{"Username":"praveencapri@gmail.com"}}
{"user_properties":{"Username":"abid@pictory.ai"},"ip_address":"49.204.190.29","language":"English","adid":null,"amplitude_event_type":null,"device_manufacturer":null,"city":"Hyderabad","$insert_id":"b6e655de-e31d-4178-b46e-e9d7287afbff","user_id":"abid@pictory.ai","session_id":1597653356337,"client_event_time":"2020-08-17 09:36:47.632000","amplitude_id":158692843342,"version_name":null,"location_lng":null,"location_lat":null,"uuid":"2ca12a6e-e06d-11ea-9240-060ba06f65ac","country":"India","processed_time":"2020-08-17 09:36:49.334175","device_type":null,"start_version":null,"library":"amplitude-js\/6.1.0","server_received_time":"2020-08-17 09:36:47.362000","device_carrier":null,"idfa":null,"server_upload_time":"2020-08-17 09:36:47.365000","app":277124,"amplitude_attribution_ids":null,"platform":"Web","os_name":"Chrome","sample_rate":null,"device_family":null,"event_type":"previous-button-pressed","os_version":"84","device_brand":null,"region":"Telangana","event_id":9,"dma":null,"device_model":null,"event_properties":{"project-id":346600396,"article-link":"https:\/\/www.corestack.io\/resource-centre\/cams-a-leading-financial-services-company-reduces-cloud-costs-by-60-using-corestack-platform\/"},"user_creation_time":"2020-05-16 05:42:39.430000","event_time":"2020-08-17 09:36:47.632000","client_upload_time":"2020-08-17 09:36:47.633000","groups":{},"$schema":12,"device_id":"Bz5osEivh_iBC2KWtfGJMV","paying":null,"is_attribution_event":false,"data":{},"group_properties":{}}
{"user_properties":{"Username":"abid@pictory.ai"},"ip_address":"49.204.190.29","language":"English","adid":null,"amplitude_event_type":null,"device_manufacturer":null,"city":"Hyderabad","$insert_id":"48bbb00b-7b48-43c9-8a8b-0e3f1c18f8fb","user_id":"abid@pictory.ai","session_id":1597653356337,"client_event_time":"2020-08-17 09:37:11.188000","amplitude_id":158692843342,"version_name":null,"location_lng":null,"location_lat":null,"uuid":"3a2cbfb8-e06d-11ea-9240-060ba06f65ac","country":"India","processed_time":"2020-08-17 09:37:12.035103","device_type":null,"start_version":null,"library":"amplitude-js\/6.1.0","server_received_time":"2020-08-17 09:37:10.890000","device_carrier":null,"idfa":null,"server_upload_time":"2020-08-17 09:37:10.896000","app":277124,"amplitude_attribution_ids":null,"platform":"Web","os_name":"Chrome","sample_rate":null,"device_family":null,"event_type":"start-with-article","os_version":"84","device_brand":null,"region":"Telangana","event_id":10,"dma":null,"device_model":null,"event_properties":{"project-id":30777264,"article-link":"https:\/\/www.corestack.io\/blog\/corestack-complements-azure-arc-to-achieve-autonomous-multi-cloud-governance\/"},"user_creation_time":"2020-05-16 05:42:39.430000","event_time":"2020-08-17 09:37:11.188000","client_upload_time":"2020-08-17 09:37:11.189000","groups":{},"$schema":12,"device_id":"Bz5osEivh_iBC2KWtfGJMV","paying":null,"is_attribution_event":false,"data":{},"group_properties":{}}
{"user_properties":{"Username":"abid@pictory.ai"},"ip_address":"49.204.190.29","language":"English","adid":null,"amplitude_event_type":null,"device_manufacturer":null,"city":"Hyderabad","$insert_id":"f814e979-a0ee-4688-aca3-9401586421ab","user_id":"abid@pictory.ai","session_id":1597653356337,"client_event_time":"2020-08-17 09:45:39.233000","amplitude_id":158692843342,"version_name":null,"location_lng":null,"location_lat":null,"uuid":"68db12aa-e06e-11ea-9240-060ba06f65ac","country":"India","processed_time":"2020-08-17 09:45:39.867619","device_type":null,"start_version":null,"library":"amplitude-js\/6.1.0","server_received_time":"2020-08-17 09:45:38.952000","device_carrier":null,"idfa":null,"server_upload_time":"2020-08-17 09:45:38.963000","app":277124,"amplitude_attribution_ids":null,"platform":"Web","os_name":"Chrome","sample_rate":null,"device_family":null,"event_type":"previous-button-pressed","os_version":"84","device_brand":null,"region":"Telangana","event_id":11,"dma":null,"device_model":null,"event_properties":{"project-id":30777264,"article-link":"https:\/\/www.corestack.io\/blog\/corestack-complements-azure-arc-to-achieve-autonomous-multi-cloud-governance\/"},"user_creation_time":"2020-05-16 05:42:39.430000","event_time":"2020-08-17 09:45:39.233000","client_upload_time":"2020-08-17 09:45:39.236000","groups":{},"$schema":12,"device_id":"Bz5osEivh_iBC2KWtfGJMV","paying":null,"is_attribution_event":false,"data":{},"group_properties":{}}
{"user_properties":{"Username":"abid@pictory.ai"},"ip_address":"49.204.190.29","language":"English","adid":null,"amplitude_event_type":null,"device_manufacturer":null,"city":"Hyderabad","$insert_id":"e062df54-b6d9-42d3-b390-654cb2bbed2a","user_id":"abid@pictory.ai","session_id":1597653356337,"client_event_time":"2020-08-17 09:45:55.208000","amplitude_id":158692843342,"version_name":null,"location_lng":null,"location_lat":null,"uuid":"73396efe-e06e-11ea-9240-060ba06f65ac","country":"India","processed_time":"2020-08-17 09:45:57.244317","device_type":null,"start_version":null,"library":"amplitude-js\/6.1.0","server_received_time":"2020-08-17 09:45:54.914000","device_carrier":null,"idfa":null,"server_upload_time":"2020-08-17 09:45:54.918000","app":277124,"amplitude_attribution_ids":null,"platform":"Web","os_name":"Chrome","sample_rate":null,"device_family":null,"event_type":"start-with-article","os_version":"84","device_brand":null,"region":"Telangana","event_id":12,"dma":null,"device_model":null,"event_properties":{"project-id":838877218,"article-link":"https:\/\/blogs.gartner.com\/lizzy-foo-kune\/2020\/07\/27\/whats-hot-in-marketing-data-and-analytics\/?_ga=2.49712550.182092598.1597571810-700658952.1597052332"},"user_creation_time":"2020-05-16 05:42:39.430000","event_time":"2020-08-17 09:45:55.208000","client_upload_time":"2020-08-17 09:45:55.209000","groups":{},"$schema":12,"device_id":"Bz5osEivh_iBC2KWtfGJMV","paying":null,"is_attribution_event":false,"data":{},"group_properties":{}}
{"user_properties":{"Username":"abid@pictory.ai"},"ip_address":"49.204.190.29","language":"English","adid":null,"amplitude_event_type":null,"device_manufacturer":null,"city":"Hyderabad","$insert_id":"05ff0001-2177-418c-a95a-671015ead967","user_id":"abid@pictory.ai","session_id":1597653356337,"client_event_time":"2020-08-17 09:48:18.738000","amplitude_id":158692843342,"version_name":null,"location_lng":null,"location_lat":null,"uuid":"c91822de-e06e-11ea-9240-060ba06f65ac","country":"India","processed_time":"2020-08-17 09:48:21.324056","device_type":null,"start_version":null,"library":"amplitude-js\/6.1.0","server_received_time":"2020-08-17 09:48:19.012000","device_carrier":null,"idfa":null,"server_upload_time":"2020-08-17 09:48:19.030000","app":277124,"amplitude_attribution_ids":null,"platform":"Web","os_name":"Chrome","sample_rate":null,"device_family":null,"event_type":"previous-button-pressed","os_version":"84","device_brand":null,"region":"Telangana","event_id":13,"dma":null,"device_model":null,"event_properties":{"project-id":838877218,"article-link":"https:\/\/blogs.gartner.com\/lizzy-foo-kune\/2020\/07\/27\/whats-hot-in-marketing-data-and-analytics\/?_ga=2.49712550.182092598.1597571810-700658952.1597052332"},"user_creation_time":"2020-05-16 05:42:39.430000","event_time":"2020-08-17 09:48:18.738000","client_upload_time":"2020-08-17 09:48:18.740000","groups":{},"$schema":12,"device_id":"Bz5osEivh_iBC2KWtfGJMV","paying":null,"is_attribution_event":false,"data":{},"group_properties":{}}
{"user_properties":{"Username":"abid@pictory.ai"},"ip_address":"49.204.190.29","language":"English","adid":null,"amplitude_event_type":null,"device_manufacturer":null,"city":"Hyderabad","$insert_id":"5465d744-e6a7-46f5-8d88-59474a8385e7","user_id":"abid@pictory.ai","session_id":1597653356337,"client_event_time":"2020-08-17 09:48:35.037000","amplitude_id":158692843342,"version_name":null,"location_lng":null,"location_lat":null,"uuid":"d1cb7048-e06e-11ea-9240-060ba06f65ac","country":"India","processed_time":"2020-08-17 09:48:35.907592","device_type":null,"start_version":null,"library":"amplitude-js\/6.1.0","server_received_time":"2020-08-17 09:48:34.734000","device_carrier":null,"idfa":null,"server_upload_time":"2020-08-17 09:48:34.744000","app":277124,"amplitude_attribution_ids":null,"platform":"Web","os_name":"Chrome","sample_rate":null,"device_family":null,"event_type":"start-with-article","os_version":"84","device_brand":null,"region":"Telangana","event_id":14,"dma":null,"device_model":null,"event_properties":{"project-id":591464830,"article-link":"https:\/\/blogs.gartner.com\/lizzy-foo-kune\/2020\/07\/27\/whats-hot-in-marketing-data-and-analytics\/"},"user_creation_time":"2020-05-16 05:42:39.430000","event_time":"2020-08-17 09:48:35.037000","client_upload_time":"2020-08-17 09:48:35.038000","groups":{},"$schema":12,"device_id":"Bz5osEivh_iBC2KWtfGJMV","paying":null,"is_attribution_event":false,"data":{},"group_properties":{}}
{"user_properties":{"Username":"abid@pictory.ai"},"ip_address":"49.204.190.29","language":"English","adid":null,"amplitude_event_type":null,"device_manufacturer":null,"city":"Hyderabad","$insert_id":"8bb884f7-69df-4179-94ab-56f82dc7e7f3","user_id":"abid@pictory.ai","session_id":1597653356337,"client_event_time":"2020-08-17 09:52:05.027000","amplitude_id":158692843342,"version_name":null,"location_lng":null,"location_lat":null,"uuid":"4f5f05a6-e06f-11ea-9240-060ba06f65ac","country":"India","processed_time":"2020-08-17 09:52:06.598416","device_type":null,"start_version":null,"library":"amplitude-js\/6.1.0","server_received_time":"2020-08-17 09:52:04.751000","device_carrier":null,"idfa":null,"server_upload_time":"2020-08-17 09:52:04.767000","app":277124,"amplitude_attribution_ids":null,"platform":"Web","os_name":"Chrome","sample_rate":null,"device_family":null,"event_type":"previous-button-pressed","os_version":"84","device_brand":null,"region":"Telangana","event_id":15,"dma":null,"device_model":null,"event_properties":{"project-id":591464830,"article-link":"https:\/\/blogs.gartner.com\/lizzy-foo-kune\/2020\/07\/27\/whats-hot-in-marketing-data-and-analytics\/"},"user_creation_time":"2020-05-16 05:42:39.430000","event_time":"2020-08-17 09:52:05.027000","client_upload_time":"2020-08-17 09:52:05.028000","groups":{},"$schema":12,"device_id":"Bz5osEivh_iBC2KWtfGJMV","paying":null,"is_attribution_event":false,"data":{},"group_properties":{}}
{"user_properties":{"Username":"abid@pictory.ai"},"ip_address":"49.204.190.29","language":"English","adid":null,"amplitude_event_type":null,"device_manufacturer":null,"city":"Hyderabad","$insert_id":"b6df3457-bc8b-4288-941d-8f9795dd55e8","user_id":"abid@pictory.ai","session_id":1597653356337,"client_event_time":"2020-08-17 09:52:24.012000","amplitude_id":158692843342,"version_name":null,"location_lng":null,"location_lat":null,"uuid":"5a01ed7a-e06f-11ea-9240-060ba06f65ac","country":"India","processed_time":"2020-08-17 09:52:24.434070","device_type":null,"start_version":null,"library":"amplitude-js\/6.1.0","server_received_time":"2020-08-17 09:52:23.714000","device_carrier":null,"idfa":null,"server_upload_time":"2020-08-17 09:52:23.721000","app":277124,"amplitude_attribution_ids":null,"platform":"Web","os_name":"Chrome","sample_rate":null,"device_family":null,"event_type":"start-with-article","os_version":"84","device_brand":null,"region":"Telangana","event_id":16,"dma":null,"device_model":null,"event_properties":{"project-id":180679194,"article-link":"https:\/\/www.trywingman.com\/blog-posts\/sales-pipeline-visibility-still-flying-blind"},"user_creation_time":"2020-05-16 05:42:39.430000","event_time":"2020-08-17 09:52:24.012000","client_upload_time":"2020-08-17 09:52:24.013000","groups":{},"$schema":12,"device_id":"Bz5osEivh_iBC2KWtfGJMV","paying":null,"is_attribution_event":false,"data":{},"group_properties":{}}
