{"location_lng":null,"os_name":"Chrome","device_type":null,"language":"English","library":"amplitude-js\/6.1.0","event_id":1,"groups":{},"ip_address":"183.83.37.189","event_properties":{"project-id":485554048,"article-link":"https:\/\/www.corestack.io\/blog\/corestack-is-now-gdpr-compliant\/"},"device_id":"YtOrszo96sdDecyyodv44h","amplitude_id":157876700889,"device_model":null,"device_brand":null,"dma":null,"device_carrier":null,"server_received_time":"2020-08-17 05:13:59.697000","version_name":null,"amplitude_attribution_ids":null,"app":277124,"location_lat":null,"platform":"Web","event_type":"start-with-article","idfa":null,"is_attribution_event":false,"user_properties":{"Username":"shailendra@pictory.ai"},"server_upload_time":"2020-08-17 05:13:59.703000","session_id":1597641209981,"sample_rate":null,"$insert_id":"f89ca428-b121-41c1-a8c3-bc6cc7dda1f5","processed_time":"2020-08-17 05:14:00.388792","amplitude_event_type":null,"$schema":12,"device_manufacturer":null,"start_version":null,"region":"Telangana","user_id":"shailendra@pictory.ai","user_creation_time":"2020-05-17 16:12:56.601000","city":"Hyderabad","country":"India","event_time":"2020-08-17 05:13:59.570000","group_properties":{},"os_version":"80","device_family":null,"paying":null,"adid":null,"client_upload_time":"2020-08-17 05:13:59.571000","client_event_time":"2020-08-17 05:13:59.570000","uuid":"759c1e74-e048-11ea-bd26-0abb52d9bb77","data":{}}
{"location_lng":null,"os_name":"Chrome","device_type":null,"language":"English","library":"amplitude-js\/6.1.0","event_id":2,"groups":{},"ip_address":"183.83.37.189","event_properties":{"project-id":485554048,"article-link":"https:\/\/www.corestack.io\/blog\/corestack-is-now-gdpr-compliant\/","total-selected-sentences":5},"device_id":"YtOrszo96sdDecyyodv44h","amplitude_id":157876700889,"device_model":null,"device_brand":null,"dma":null,"device_carrier":null,"server_received_time":"2020-08-17 05:14:06.363000","version_name":null,"amplitude_attribution_ids":null,"app":277124,"location_lat":null,"platform":"Web","event_type":"next-button-pressed","idfa":null,"is_attribution_event":false,"user_properties":{"Username":"shailendra@pictory.ai"},"server_upload_time":"2020-08-17 05:14:06.371000","session_id":1597641209981,"sample_rate":null,"$insert_id":"a7ea15c8-608d-4989-8dbf-7ebeef50a505","processed_time":"2020-08-17 05:14:06.907385","amplitude_event_type":null,"$schema":12,"device_manufacturer":null,"start_version":null,"region":"Telangana","user_id":"shailendra@pictory.ai","user_creation_time":"2020-05-17 16:12:56.601000","city":"Hyderabad","country":"India","event_time":"2020-08-17 05:14:06.234000","group_properties":{},"os_version":"80","device_family":null,"paying":null,"adid":null,"client_upload_time":"2020-08-17 05:14:06.235000","client_event_time":"2020-08-17 05:14:06.234000","uuid":"797f2ae0-e048-11ea-bd26-0abb52d9bb77","data":{}}
{"location_lng":null,"os_name":"Chrome","device_type":null,"language":"English","library":"amplitude-js\/6.1.0","event_id":3,"groups":{},"ip_address":"183.83.37.189","event_properties":{"project-id":485554048,"track-name":"All We Know"},"device_id":"YtOrszo96sdDecyyodv44h","amplitude_id":157876700889,"device_model":null,"device_brand":null,"dma":null,"device_carrier":null,"server_received_time":"2020-08-17 05:14:18.023000","version_name":null,"amplitude_attribution_ids":null,"app":277124,"location_lat":null,"platform":"Web","event_type":"track-deselected","idfa":null,"is_attribution_event":false,"user_properties":{"Username":"shailendra@pictory.ai"},"server_upload_time":"2020-08-17 05:14:18.032000","session_id":1597641209981,"sample_rate":null,"$insert_id":"9a38886f-0b3d-4b5a-a1b5-46f4e15ffb1e","processed_time":"2020-08-17 05:14:19.553785","amplitude_event_type":null,"$schema":12,"device_manufacturer":null,"start_version":null,"region":"Telangana","user_id":"shailendra@pictory.ai","user_creation_time":"2020-05-17 16:12:56.601000","city":"Hyderabad","country":"India","event_time":"2020-08-17 05:14:17.894000","group_properties":{},"os_version":"80","device_family":null,"paying":null,"adid":null,"client_upload_time":"2020-08-17 05:14:17.895000","client_event_time":"2020-08-17 05:14:17.894000","uuid":"810ab3a6-e048-11ea-bd26-0abb52d9bb77","data":{}}
{"location_lng":null,"os_name":"Chrome","device_type":null,"language":"English","library":"amplitude-js\/6.1.0","event_id":4,"groups":{},"ip_address":"183.83.37.189","event_properties":{"project-id":485554048,"project-name":"CoreStack is now GDP(2)","save-type":"New Video","project-category":"CoreStack is now GDP(2)"},"device_id":"YtOrszo96sdDecyyodv44h","amplitude_id":157876700889,"device_model":null,"device_brand":null,"dma":null,"device_carrier":null,"server_received_time":"2020-08-17 05:14:19.054000","version_name":null,"amplitude_attribution_ids":null,"app":277124,"location_lat":null,"platform":"Web","event_type":"video-saved","idfa":null,"is_attribution_event":false,"user_properties":{"Username":"shailendra@pictory.ai"},"server_upload_time":"2020-08-17 05:14:19.062000","session_id":1597641209981,"sample_rate":null,"$insert_id":"ec5f5934-aad6-4445-9b6a-f00a76dd2513","processed_time":"2020-08-17 05:14:21.724316","amplitude_event_type":null,"$schema":12,"device_manufacturer":null,"start_version":null,"region":"Telangana","user_id":"shailendra@pictory.ai","user_creation_time":"2020-05-17 16:12:56.601000","city":"Hyderabad","country":"India","event_time":"2020-08-17 05:14:18.220000","group_properties":{},"os_version":"80","device_family":null,"paying":null,"adid":null,"client_upload_time":"2020-08-17 05:14:18.926000","client_event_time":"2020-08-17 05:14:18.220000","uuid":"824caff8-e048-11ea-bd26-0abb52d9bb77","data":{}}
{"location_lng":null,"os_name":"Chrome","device_type":null,"language":"English","library":"amplitude-js\/6.1.0","event_id":5,"groups":{},"ip_address":"183.83.37.189","event_properties":{"project-id":485554048,"track-name":"All We Know"},"device_id":"YtOrszo96sdDecyyodv44h","amplitude_id":157876700889,"device_model":null,"device_brand":null,"dma":null,"device_carrier":null,"server_received_time":"2020-08-17 05:14:20.150000","version_name":null,"amplitude_attribution_ids":null,"app":277124,"location_lat":null,"platform":"Web","event_type":"track-selected","idfa":null,"is_attribution_event":false,"user_properties":{"Username":"shailendra@pictory.ai"},"server_upload_time":"2020-08-17 05:14:20.156000","session_id":1597641209981,"sample_rate":null,"$insert_id":"4a8105c9-3de6-4bf3-a11c-2607946612be","processed_time":"2020-08-17 05:14:21.737464","amplitude_event_type":null,"$schema":12,"device_manufacturer":null,"start_version":null,"region":"Telangana","user_id":"shailendra@pictory.ai","user_creation_time":"2020-05-17 16:12:56.601000","city":"Hyderabad","country":"India","event_time":"2020-08-17 05:14:20.024000","group_properties":{},"os_version":"80","device_family":null,"paying":null,"adid":null,"client_upload_time":"2020-08-17 05:14:20.025000","client_event_time":"2020-08-17 05:14:20.024000","uuid":"824cbea8-e048-11ea-bd26-0abb52d9bb77","data":{}}
{"location_lng":null,"os_name":"Chrome","device_type":null,"language":"English","library":"amplitude-js\/6.1.0","event_id":6,"groups":{},"ip_address":"183.83.37.189","event_properties":{"project-id":485554048,"project-name":"CoreStack is now GDP(2)","save-type":"Saved Video","project-category":"CoreStack is now GDP(2)"},"device_id":"YtOrszo96sdDecyyodv44h","amplitude_id":157876700889,"device_model":null,"device_brand":null,"dma":null,"device_carrier":null,"server_received_time":"2020-08-17 05:14:21.319000","version_name":null,"amplitude_attribution_ids":null,"app":277124,"location_lat":null,"platform":"Web","event_type":"video-saved","idfa":null,"is_attribution_event":false,"user_properties":{"Username":"shailendra@pictory.ai"},"server_upload_time":"2020-08-17 05:14:21.326000","session_id":1597641209981,"sample_rate":null,"$insert_id":"2b509ffb-eb4b-44ee-9592-ae205a3eab63","processed_time":"2020-08-17 05:14:23.841805","amplitude_event_type":null,"$schema":12,"device_manufacturer":null,"start_version":null,"region":"Telangana","user_id":"shailendra@pictory.ai","user_creation_time":"2020-05-17 16:12:56.601000","city":"Hyderabad","country":"India","event_time":"2020-08-17 05:14:21.192000","group_properties":{},"os_version":"80","device_family":null,"paying":null,"adid":null,"client_upload_time":"2020-08-17 05:14:21.192000","client_event_time":"2020-08-17 05:14:21.192000","uuid":"83985394-e048-11ea-bd26-0abb52d9bb77","data":{}}
{"dma":null,"amplitude_id":184587733649,"start_version":null,"location_lat":null,"event_type":"saved-video-opened","app":277124,"ip_address":"157.34.120.137","platform":"Web","processed_time":"2020-08-17 05:36:31.641339","device_carrier":null,"language":"English","version_name":null,"uuid":"9b039ebe-e04b-11ea-92cc-02b168d956d9","city":null,"user_properties":{"Username":"temporaryid49@yopmail.com"},"event_time":"2020-08-17 05:36:29.092000","idfa":null,"adid":null,"event_id":1,"country":"India","sample_rate":null,"user_creation_time":"2020-08-13 12:16:04.311000","device_family":null,"os_version":"84","$schema":12,"event_properties":{"project-name":"How we built it our"},"device_brand":null,"device_type":null,"library":"amplitude-js\/6.1.0","groups":{},"client_upload_time":"2020-08-17 05:36:29.093000","data":{},"paying":null,"user_id":"temporaryid49@yopmail.com","session_id":1597642572077,"is_attribution_event":false,"server_received_time":"2020-08-17 05:36:30.141000","amplitude_event_type":null,"$insert_id":"d15fc069-0b4d-42d6-9d1c-7ba6d6853993","location_lng":null,"server_upload_time":"2020-08-17 05:36:30.146000","amplitude_attribution_ids":null,"region":"Madhya Pradesh","os_name":"Chrome","device_manufacturer":null,"device_model":null,"group_properties":{},"device_id":"jTWnzPLJG40koCvTrTg8OC","client_event_time":"2020-08-17 05:36:29.092000"}
{"dma":null,"amplitude_id":184587733649,"start_version":null,"location_lat":null,"event_type":"saved-video-opened","app":277124,"ip_address":"157.34.120.137","platform":"Web","processed_time":"2020-08-17 05:36:41.977529","device_carrier":null,"language":"English","version_name":null,"uuid":"a12ca1b4-e04b-11ea-92cc-02b168d956d9","city":null,"user_properties":{"Username":"temporaryid49@yopmail.com"},"event_time":"2020-08-17 05:36:39.099000","idfa":null,"adid":null,"event_id":2,"country":"India","sample_rate":null,"user_creation_time":"2020-08-13 12:16:04.311000","device_family":null,"os_version":"84","$schema":12,"event_properties":{"project-name":"How we built it our","project-category":"How we built it our"},"device_brand":null,"device_type":null,"library":"amplitude-js\/6.1.0","groups":{},"client_upload_time":"2020-08-17 05:36:39.099000","data":{},"paying":null,"user_id":"temporaryid49@yopmail.com","session_id":1597642572077,"is_attribution_event":false,"server_received_time":"2020-08-17 05:36:39.907000","amplitude_event_type":null,"$insert_id":"df091886-ead5-4990-b12c-4f78a06b2a4b","location_lng":null,"server_upload_time":"2020-08-17 05:36:39.913000","amplitude_attribution_ids":null,"region":"Madhya Pradesh","os_name":"Chrome","device_manufacturer":null,"device_model":null,"group_properties":{},"device_id":"jTWnzPLJG40koCvTrTg8OC","client_event_time":"2020-08-17 05:36:39.099000"}
{"dma":null,"amplitude_id":184587733649,"start_version":null,"location_lat":null,"event_type":"recent-clicked","app":277124,"ip_address":"157.34.120.137","platform":"Web","processed_time":"2020-08-17 05:36:53.952837","device_carrier":null,"language":"English","version_name":null,"uuid":"a845be68-e04b-11ea-92cc-02b168d956d9","city":null,"user_properties":{"Username":"temporaryid49@yopmail.com"},"event_time":"2020-08-17 05:36:50.201000","idfa":null,"adid":null,"event_id":3,"country":"India","sample_rate":null,"user_creation_time":"2020-08-13 12:16:04.311000","device_family":null,"os_version":"84","$schema":12,"event_properties":{"project-id":504304521,"source":"Visuals"},"device_brand":null,"device_type":null,"library":"amplitude-js\/6.1.0","groups":{},"client_upload_time":"2020-08-17 05:36:50.202000","data":{},"paying":null,"user_id":"temporaryid49@yopmail.com","session_id":1597642572077,"is_attribution_event":false,"server_received_time":"2020-08-17 05:36:52.482000","amplitude_event_type":null,"$insert_id":"1b160d9e-ff60-43c5-8165-914ab1b4aa72","location_lng":null,"server_upload_time":"2020-08-17 05:36:52.491000","amplitude_attribution_ids":null,"region":"Madhya Pradesh","os_name":"Chrome","device_manufacturer":null,"device_model":null,"group_properties":{},"device_id":"jTWnzPLJG40koCvTrTg8OC","client_event_time":"2020-08-17 05:36:50.201000"}
{"dma":null,"amplitude_id":184587733649,"start_version":null,"location_lat":null,"event_type":"upload-clicked","app":277124,"ip_address":"157.34.120.137","platform":"Web","processed_time":"2020-08-17 05:37:02.261461","device_carrier":null,"language":"English","version_name":null,"uuid":"ad3eae0c-e04b-11ea-92cc-02b168d956d9","city":null,"user_properties":{"Username":"temporaryid49@yopmail.com"},"event_time":"2020-08-17 05:36:59.446000","idfa":null,"adid":null,"event_id":4,"country":"India","sample_rate":null,"user_creation_time":"2020-08-13 12:16:04.311000","device_family":null,"os_version":"84","$schema":12,"event_properties":{"project-id":504304521},"device_brand":null,"device_type":null,"library":"amplitude-js\/6.1.0","groups":{},"client_upload_time":"2020-08-17 05:36:59.446000","data":{},"paying":null,"user_id":"temporaryid49@yopmail.com","session_id":1597642572077,"is_attribution_event":false,"server_received_time":"2020-08-17 05:37:00.249000","amplitude_event_type":null,"$insert_id":"b4dfb6b3-a479-4981-b999-5b175da61cf8","location_lng":null,"server_upload_time":"2020-08-17 05:37:00.258000","amplitude_attribution_ids":null,"region":"Madhya Pradesh","os_name":"Chrome","device_manufacturer":null,"device_model":null,"group_properties":{},"device_id":"jTWnzPLJG40koCvTrTg8OC","client_event_time":"2020-08-17 05:36:59.446000"}
{"dma":null,"amplitude_id":184587733649,"start_version":null,"location_lat":null,"event_type":"recent-clicked","app":277124,"ip_address":"157.34.120.137","platform":"Web","processed_time":"2020-08-17 05:37:06.965939","device_carrier":null,"language":"English","version_name":null,"uuid":"b015695e-e04b-11ea-92cc-02b168d956d9","city":null,"user_properties":{"Username":"temporaryid49@yopmail.com"},"event_time":"2020-08-17 05:37:04.717000","idfa":null,"adid":null,"event_id":5,"country":"India","sample_rate":null,"user_creation_time":"2020-08-13 12:16:04.311000","device_family":null,"os_version":"84","$schema":12,"event_properties":{"project-id":504304521,"source":"Visuals"},"device_brand":null,"device_type":null,"library":"amplitude-js\/6.1.0","groups":{},"client_upload_time":"2020-08-17 05:37:04.717000","data":{},"paying":null,"user_id":"temporaryid49@yopmail.com","session_id":1597642572077,"is_attribution_event":false,"server_received_time":"2020-08-17 05:37:04.857000","amplitude_event_type":null,"$insert_id":"cc79c4f3-c80a-41e8-b5b7-ecc0ddc3fa92","location_lng":null,"server_upload_time":"2020-08-17 05:37:04.867000","amplitude_attribution_ids":null,"region":"Madhya Pradesh","os_name":"Chrome","device_manufacturer":null,"device_model":null,"group_properties":{},"device_id":"jTWnzPLJG40koCvTrTg8OC","client_event_time":"2020-08-17 05:37:04.717000"}
{"dma":null,"amplitude_id":184587733649,"start_version":null,"location_lat":null,"event_type":"recent-clicked","app":277124,"ip_address":"157.34.120.137","platform":"Web","processed_time":"2020-08-17 05:37:29.430119","device_carrier":null,"language":"English","version_name":null,"uuid":"bd79349a-e04b-11ea-92cc-02b168d956d9","city":null,"user_properties":{"Username":"temporaryid49@yopmail.com"},"event_time":"2020-08-17 05:37:24.167000","idfa":null,"adid":null,"event_id":6,"country":"India","sample_rate":null,"user_creation_time":"2020-08-13 12:16:04.311000","device_family":null,"os_version":"84","$schema":12,"event_properties":{"project-id":504304521,"source":"Visuals"},"device_brand":null,"device_type":null,"library":"amplitude-js\/6.1.0","groups":{},"client_upload_time":"2020-08-17 05:37:24.167000","data":{},"paying":null,"user_id":"temporaryid49@yopmail.com","session_id":1597642572077,"is_attribution_event":false,"server_received_time":"2020-08-17 05:37:28.617000","amplitude_event_type":null,"$insert_id":"0c2aa84a-af59-4e34-92e0-f9f242845088","location_lng":null,"server_upload_time":"2020-08-17 05:37:28.625000","amplitude_attribution_ids":null,"region":"Madhya Pradesh","os_name":"Chrome","device_manufacturer":null,"device_model":null,"group_properties":{},"device_id":"jTWnzPLJG40koCvTrTg8OC","client_event_time":"2020-08-17 05:37:24.167000"}
{"dma":null,"amplitude_id":184587733649,"start_version":null,"location_lat":null,"event_type":"upload-clicked","app":277124,"ip_address":"157.34.120.137","platform":"Web","processed_time":"2020-08-17 05:37:31.938080","device_carrier":null,"language":"English","version_name":null,"uuid":"beef4a12-e04b-11ea-92cc-02b168d956d9","city":null,"user_properties":{"Username":"temporaryid49@yopmail.com"},"event_time":"2020-08-17 05:37:24.933000","idfa":null,"adid":null,"event_id":7,"country":"India","sample_rate":null,"user_creation_time":"2020-08-13 12:16:04.311000","device_family":null,"os_version":"84","$schema":12,"event_properties":{"project-id":504304521},"device_brand":null,"device_type":null,"library":"amplitude-js\/6.1.0","groups":{},"client_upload_time":"2020-08-17 05:37:30.002000","data":{},"paying":null,"user_id":"temporaryid49@yopmail.com","session_id":1597642572077,"is_attribution_event":false,"server_received_time":"2020-08-17 05:37:30.172000","amplitude_event_type":null,"$insert_id":"e99f9b51-9c82-4c2f-a23c-17d93a7fa220","location_lng":null,"server_upload_time":"2020-08-17 05:37:30.179000","amplitude_attribution_ids":null,"region":"Madhya Pradesh","os_name":"Chrome","device_manufacturer":null,"device_model":null,"group_properties":{},"device_id":"jTWnzPLJG40koCvTrTg8OC","client_event_time":"2020-08-17 05:37:24.933000"}
{"dma":null,"amplitude_id":184587733649,"start_version":null,"location_lat":null,"event_type":"favorite-clicked","app":277124,"ip_address":"157.34.120.137","platform":"Web","processed_time":"2020-08-17 05:37:31.938091","device_carrier":null,"language":"English","version_name":null,"uuid":"beef5688-e04b-11ea-92cc-02b168d956d9","city":null,"user_properties":{"Username":"temporaryid49@yopmail.com"},"event_time":"2020-08-17 05:37:26.794000","idfa":null,"adid":null,"event_id":8,"country":"India","sample_rate":null,"user_creation_time":"2020-08-13 12:16:04.311000","device_family":null,"os_version":"84","$schema":12,"event_properties":{"project-id":504304521,"source":"Visuals"},"device_brand":null,"device_type":null,"library":"amplitude-js\/6.1.0","groups":{},"client_upload_time":"2020-08-17 05:37:30.002000","data":{},"paying":null,"user_id":"temporaryid49@yopmail.com","session_id":1597642572077,"is_attribution_event":false,"server_received_time":"2020-08-17 05:37:30.172000","amplitude_event_type":null,"$insert_id":"e860f2c7-226d-4c75-bc4e-245b8f157d71","location_lng":null,"server_upload_time":"2020-08-17 05:37:30.179000","amplitude_attribution_ids":null,"region":"Madhya Pradesh","os_name":"Chrome","device_manufacturer":null,"device_model":null,"group_properties":{},"device_id":"jTWnzPLJG40koCvTrTg8OC","client_event_time":"2020-08-17 05:37:26.794000"}
{"dma":null,"amplitude_id":184587733649,"start_version":null,"location_lat":null,"event_type":"recent-clicked","app":277124,"ip_address":"157.34.120.137","platform":"Web","processed_time":"2020-08-17 05:37:31.938095","device_carrier":null,"language":"English","version_name":null,"uuid":"beef6236-e04b-11ea-92cc-02b168d956d9","city":null,"user_properties":{"Username":"temporaryid49@yopmail.com"},"event_time":"2020-08-17 05:37:28.867000","idfa":null,"adid":null,"event_id":9,"country":"India","sample_rate":null,"user_creation_time":"2020-08-13 12:16:04.311000","device_family":null,"os_version":"84","$schema":12,"event_properties":{"project-id":504304521,"source":"Visuals"},"device_brand":null,"device_type":null,"library":"amplitude-js\/6.1.0","groups":{},"client_upload_time":"2020-08-17 05:37:30.002000","data":{},"paying":null,"user_id":"temporaryid49@yopmail.com","session_id":1597642572077,"is_attribution_event":false,"server_received_time":"2020-08-17 05:37:30.172000","amplitude_event_type":null,"$insert_id":"be23c4d9-0559-4a2c-92ff-6c5478390525","location_lng":null,"server_upload_time":"2020-08-17 05:37:30.179000","amplitude_attribution_ids":null,"region":"Madhya Pradesh","os_name":"Chrome","device_manufacturer":null,"device_model":null,"group_properties":{},"device_id":"jTWnzPLJG40koCvTrTg8OC","client_event_time":"2020-08-17 05:37:28.867000"}
{"dma":null,"amplitude_id":184587733649,"start_version":null,"location_lat":null,"event_type":"recent-clicked","app":277124,"ip_address":"157.34.120.137","platform":"Web","processed_time":"2020-08-17 05:37:34.675169","device_carrier":null,"language":"English","version_name":null,"uuid":"c096e76c-e04b-11ea-92cc-02b168d956d9","city":null,"user_properties":{"Username":"temporaryid49@yopmail.com"},"event_time":"2020-08-17 05:37:31.809000","idfa":null,"adid":null,"event_id":10,"country":"India","sample_rate":null,"user_creation_time":"2020-08-13 12:16:04.311000","device_family":null,"os_version":"84","$schema":12,"event_properties":{"project-id":504304521,"source":"Visuals"},"device_brand":null,"device_type":null,"library":"amplitude-js\/6.1.0","groups":{},"client_upload_time":"2020-08-17 05:37:32.004000","data":{},"paying":null,"user_id":"temporaryid49@yopmail.com","session_id":1597642572077,"is_attribution_event":false,"server_received_time":"2020-08-17 05:37:32.163000","amplitude_event_type":null,"$insert_id":"e26fe4d6-0a2c-4e1e-8415-25b156894367","location_lng":null,"server_upload_time":"2020-08-17 05:37:32.168000","amplitude_attribution_ids":null,"region":"Madhya Pradesh","os_name":"Chrome","device_manufacturer":null,"device_model":null,"group_properties":{},"device_id":"jTWnzPLJG40koCvTrTg8OC","client_event_time":"2020-08-17 05:37:31.809000"}
{"dma":null,"amplitude_id":184587733649,"start_version":null,"location_lat":null,"event_type":"app-crash","app":277124,"ip_address":"157.34.120.137","platform":"Web","processed_time":"2020-08-17 05:37:36.829615","device_carrier":null,"language":"English","version_name":null,"uuid":"c1dae60a-e04b-11ea-92cc-02b168d956d9","city":null,"user_properties":{"Username":"temporaryid49@yopmail.com"},"event_time":"2020-08-17 05:37:36.072000","idfa":null,"adid":null,"event_id":11,"country":"India","sample_rate":null,"user_creation_time":"2020-08-13 12:16:04.311000","device_family":null,"os_version":"84","$schema":12,"event_properties":{"error-info":"https:\/\/brand-settings-images130431-pictory.s3.us-east-2.amazonaws.com\/public\/3f3fb1b2-3b82-4ab2-9fc9-4c804668a86f\/errors\/application\/1597642652277-crash.txt"},"device_brand":null,"device_type":null,"library":"amplitude-js\/6.1.0","groups":{},"client_upload_time":"2020-08-17 05:37:36.073000","data":{},"paying":null,"user_id":"temporaryid49@yopmail.com","session_id":1597642572077,"is_attribution_event":false,"server_received_time":"2020-08-17 05:37:36.222000","amplitude_event_type":null,"$insert_id":"d58a7107-5390-424e-885d-4e0adac08e11","location_lng":null,"server_upload_time":"2020-08-17 05:37:36.241000","amplitude_attribution_ids":null,"region":"Madhya Pradesh","os_name":"Chrome","device_manufacturer":null,"device_model":null,"group_properties":{},"device_id":"jTWnzPLJG40koCvTrTg8OC","client_event_time":"2020-08-17 05:37:36.072000"}
{"group_properties":{},"event_properties":{"source":"Visuals","project-id":504304521},"user_properties":{"Username":"temporaryid49@yopmail.com"},"device_id":"KLx55Tn1BRinKxg8XRB79N","device_model":null,"amplitude_id":184587733649,"user_creation_time":"2020-08-13 12:16:04.311000","adid":null,"server_upload_time":"2020-08-17 05:39:58.777000","uuid":"17b07432-e04c-11ea-a09a-0a5c25d66a80","country":"India","language":"English","device_family":null,"sample_rate":null,"os_name":"Chrome","server_received_time":"2020-08-17 05:39:58.769000","device_type":null,"event_type":"recent-clicked","processed_time":"2020-08-17 05:40:00.792869","paying":null,"is_attribution_event":false,"client_upload_time":"2020-08-17 05:39:57.303000","location_lat":null,"client_event_time":"2020-08-17 05:39:57.301000","device_brand":null,"start_version":null,"platform":"Web","region":"Madhya Pradesh","version_name":null,"event_id":1,"library":"amplitude-js\/6.1.0","event_time":"2020-08-17 05:39:57.301000","session_id":1597642716563,"os_version":"84","$schema":12,"dma":null,"amplitude_attribution_ids":null,"app":277124,"device_carrier":null,"groups":{},"location_lng":null,"amplitude_event_type":null,"ip_address":"157.34.120.137","device_manufacturer":null,"$insert_id":"e4dda6dc-b911-4669-820d-7fc5ef142c57","data":{},"city":null,"idfa":null,"user_id":"temporaryid49@yopmail.com"}
{"group_properties":{},"event_properties":{"project-id":504304521},"user_properties":{"Username":"temporaryid49@yopmail.com"},"device_id":"KLx55Tn1BRinKxg8XRB79N","device_model":null,"amplitude_id":184587733649,"user_creation_time":"2020-08-13 12:16:04.311000","adid":null,"server_upload_time":"2020-08-17 05:40:03.845000","uuid":"19a12a84-e04c-11ea-a09a-0a5c25d66a80","country":"India","language":"English","device_family":null,"sample_rate":null,"os_name":"Chrome","server_received_time":"2020-08-17 05:40:03.836000","device_type":null,"event_type":"upload-clicked","processed_time":"2020-08-17 05:40:04.043840","paying":null,"is_attribution_event":false,"client_upload_time":"2020-08-17 05:40:03.673000","location_lat":null,"client_event_time":"2020-08-17 05:40:03.673000","device_brand":null,"start_version":null,"platform":"Web","region":"Madhya Pradesh","version_name":null,"event_id":2,"library":"amplitude-js\/6.1.0","event_time":"2020-08-17 05:40:03.673000","session_id":1597642716563,"os_version":"84","$schema":12,"dma":null,"amplitude_attribution_ids":null,"app":277124,"device_carrier":null,"groups":{},"location_lng":null,"amplitude_event_type":null,"ip_address":"157.34.120.137","device_manufacturer":null,"$insert_id":"ffc01f59-8d24-44e7-a74b-fd99c3122503","data":{},"city":null,"idfa":null,"user_id":"temporaryid49@yopmail.com"}
{"group_properties":{},"event_properties":{"source":"Visuals","project-id":504304521},"user_properties":{"Username":"temporaryid49@yopmail.com"},"device_id":"KLx55Tn1BRinKxg8XRB79N","device_model":null,"amplitude_id":184587733649,"user_creation_time":"2020-08-13 12:16:04.311000","adid":null,"server_upload_time":"2020-08-17 05:40:07.518000","uuid":"1beb7916-e04c-11ea-a09a-0a5c25d66a80","country":"India","language":"English","device_family":null,"sample_rate":null,"os_name":"Chrome","server_received_time":"2020-08-17 05:40:07.496000","device_type":null,"event_type":"favorite-clicked","processed_time":"2020-08-17 05:40:07.886714","paying":null,"is_attribution_event":false,"client_upload_time":"2020-08-17 05:40:07.336000","location_lat":null,"client_event_time":"2020-08-17 05:40:07.335000","device_brand":null,"start_version":null,"platform":"Web","region":"Madhya Pradesh","version_name":null,"event_id":3,"library":"amplitude-js\/6.1.0","event_time":"2020-08-17 05:40:07.335000","session_id":1597642716563,"os_version":"84","$schema":12,"dma":null,"amplitude_attribution_ids":null,"app":277124,"device_carrier":null,"groups":{},"location_lng":null,"amplitude_event_type":null,"ip_address":"157.34.120.137","device_manufacturer":null,"$insert_id":"5417da7e-7429-40aa-8b89-e5ab9516cd59","data":{},"city":null,"idfa":null,"user_id":"temporaryid49@yopmail.com"}
{"group_properties":{},"event_properties":{"project-id":504304521},"user_properties":{"Username":"temporaryid49@yopmail.com"},"device_id":"KLx55Tn1BRinKxg8XRB79N","device_model":null,"amplitude_id":184587733649,"user_creation_time":"2020-08-13 12:16:04.311000","adid":null,"server_upload_time":"2020-08-17 05:40:10.105000","uuid":"1d5d387a-e04c-11ea-a09a-0a5c25d66a80","country":"India","language":"English","device_family":null,"sample_rate":null,"os_name":"Chrome","server_received_time":"2020-08-17 05:40:10.098000","device_type":null,"event_type":"upload-clicked","processed_time":"2020-08-17 05:40:10.308208","paying":null,"is_attribution_event":false,"client_upload_time":"2020-08-17 05:40:09.269000","location_lat":null,"client_event_time":"2020-08-17 05:40:09.269000","device_brand":null,"start_version":null,"platform":"Web","region":"Madhya Pradesh","version_name":null,"event_id":4,"library":"amplitude-js\/6.1.0","event_time":"2020-08-17 05:40:09.269000","session_id":1597642716563,"os_version":"84","$schema":12,"dma":null,"amplitude_attribution_ids":null,"app":277124,"device_carrier":null,"groups":{},"location_lng":null,"amplitude_event_type":null,"ip_address":"157.34.120.137","device_manufacturer":null,"$insert_id":"e34e21c1-e4b3-4fde-a99f-764dc48cdba5","data":{},"city":null,"idfa":null,"user_id":"temporaryid49@yopmail.com"}
{"group_properties":{},"event_properties":{"source":"Visuals","project-id":504304521},"user_properties":{"Username":"temporaryid49@yopmail.com"},"device_id":"KLx55Tn1BRinKxg8XRB79N","device_model":null,"amplitude_id":184587733649,"user_creation_time":"2020-08-13 12:16:04.311000","adid":null,"server_upload_time":"2020-08-17 05:40:10.485000","uuid":"1e99f44e-e04c-11ea-a09a-0a5c25d66a80","country":"India","language":"English","device_family":null,"sample_rate":null,"os_name":"Chrome","server_received_time":"2020-08-17 05:40:10.478000","device_type":null,"event_type":"recent-clicked","processed_time":"2020-08-17 05:40:12.382476","paying":null,"is_attribution_event":false,"client_upload_time":"2020-08-17 05:40:10.325000","location_lat":null,"client_event_time":"2020-08-17 05:40:10.123000","device_brand":null,"start_version":null,"platform":"Web","region":"Madhya Pradesh","version_name":null,"event_id":5,"library":"amplitude-js\/6.1.0","event_time":"2020-08-17 05:40:10.123000","session_id":1597642716563,"os_version":"84","$schema":12,"dma":null,"amplitude_attribution_ids":null,"app":277124,"device_carrier":null,"groups":{},"location_lng":null,"amplitude_event_type":null,"ip_address":"157.34.120.137","device_manufacturer":null,"$insert_id":"07836510-ac2c-4da7-b5e5-5f8e38a330a0","data":{},"city":null,"idfa":null,"user_id":"temporaryid49@yopmail.com"}
{"group_properties":{},"event_properties":{"error-info":"https:\/\/brand-settings-images130431-pictory.s3.us-east-2.amazonaws.com\/public\/3f3fb1b2-3b82-4ab2-9fc9-4c804668a86f\/errors\/application\/1597642819760-crash.txt"},"user_properties":{"Username":"temporaryid49@yopmail.com"},"device_id":"KLx55Tn1BRinKxg8XRB79N","device_model":null,"amplitude_id":184587733649,"user_creation_time":"2020-08-13 12:16:04.311000","adid":null,"server_upload_time":"2020-08-17 05:40:21.639000","uuid":"248406a6-e04c-11ea-a09a-0a5c25d66a80","country":"India","language":"English","device_family":null,"sample_rate":null,"os_name":"Chrome","server_received_time":"2020-08-17 05:40:21.629000","device_type":null,"event_type":"app-crash","processed_time":"2020-08-17 05:40:22.312550","paying":null,"is_attribution_event":false,"client_upload_time":"2020-08-17 05:40:21.481000","location_lat":null,"client_event_time":"2020-08-17 05:40:21.480000","device_brand":null,"start_version":null,"platform":"Web","region":"Madhya Pradesh","version_name":null,"event_id":6,"library":"amplitude-js\/6.1.0","event_time":"2020-08-17 05:40:21.480000","session_id":1597642716563,"os_version":"84","$schema":12,"dma":null,"amplitude_attribution_ids":null,"app":277124,"device_carrier":null,"groups":{},"location_lng":null,"amplitude_event_type":null,"ip_address":"157.34.120.137","device_manufacturer":null,"$insert_id":"0e983a58-c584-42c1-b121-cc1f621c17a0","data":{},"city":null,"idfa":null,"user_id":"temporaryid49@yopmail.com"}
{"device_carrier":null,"client_upload_time":"2020-08-17 05:41:51.855000","city":null,"is_attribution_event":false,"event_time":"2020-08-17 05:41:50.615000","data":{},"groups":{},"library":"amplitude-js\/6.1.0","$schema":12,"event_id":1,"amplitude_id":184587733649,"os_name":"Chrome","processed_time":"2020-08-17 05:41:53.553923","sample_rate":null,"user_id":"temporaryid49@yopmail.com","version_name":null,"region":"Madhya Pradesh","server_received_time":"2020-08-17 05:41:52.023000","session_id":1597642862839,"device_type":null,"start_version":null,"idfa":null,"device_brand":null,"dma":null,"server_upload_time":"2020-08-17 05:41:52.031000","group_properties":{},"uuid":"5add98fc-e04c-11ea-ae82-0ad86eb8d9cb","ip_address":"157.34.120.137","country":"India","app":277124,"location_lat":null,"paying":null,"location_lng":null,"os_version":"84","platform":"Web","user_creation_time":"2020-08-13 12:16:04.311000","amplitude_attribution_ids":null,"device_id":"u_Kq24gHXV7KmZAZzGZs38","$insert_id":"772db7d0-f39a-45c6-a8ee-39b5df9f9d08","event_type":"brand-settings","amplitude_event_type":null,"client_event_time":"2020-08-17 05:41:50.615000","device_model":null,"adid":null,"device_manufacturer":null,"language":"English","event_properties":{"logo-uploaded":false,"outro-scene-used":false,"intro-style-used":false,"scene-style-used":false},"user_properties":{"Username":"temporaryid49@yopmail.com"},"device_family":null}
{"adid":null,"groups":{},"uuid":"680130a2-e04c-11ea-a8f9-064c279f93f7","group_properties":{},"device_id":"3LdDc0UzaU2YWnfewM3JcV","processed_time":"2020-08-17 05:42:15.539076","event_time":"2020-08-17 05:42:11.343000","is_attribution_event":false,"ip_address":"157.34.120.137","amplitude_attribution_ids":null,"device_type":null,"data":{},"device_family":null,"location_lng":null,"idfa":null,"server_upload_time":"2020-08-17 05:42:13.121000","language":"English","session_id":1597642911853,"client_upload_time":"2020-08-17 05:42:11.344000","event_type":"failed-service","paying":null,"event_properties":{"service-name":"upload-image"},"server_received_time":"2020-08-17 05:42:13.111000","location_lat":null,"os_version":"84","version_name":null,"app":277124,"device_brand":null,"user_id":"temporaryid49@yopmail.com","platform":"Web","event_id":1,"user_creation_time":"2020-08-13 12:16:04.311000","client_event_time":"2020-08-17 05:42:11.343000","start_version":null,"device_manufacturer":null,"os_name":"Chrome","library":"amplitude-js\/6.1.0","$schema":12,"amplitude_event_type":null,"dma":null,"$insert_id":"9503edb3-9efe-4d45-9f88-76730ac665b5","country":"India","device_carrier":null,"city":null,"sample_rate":null,"region":"Madhya Pradesh","user_properties":{"Username":"temporaryid49@yopmail.com"},"device_model":null,"amplitude_id":184587733649}
{"adid":null,"groups":{},"uuid":"692027a4-e04c-11ea-a8f9-064c279f93f7","group_properties":{},"device_id":"3LdDc0UzaU2YWnfewM3JcV","processed_time":"2020-08-17 05:42:17.418901","event_time":"2020-08-17 05:42:15.437000","is_attribution_event":false,"ip_address":"157.34.120.137","amplitude_attribution_ids":null,"device_type":null,"data":{},"device_family":null,"location_lng":null,"idfa":null,"server_upload_time":"2020-08-17 05:42:15.579000","language":"English","session_id":1597642911853,"client_upload_time":"2020-08-17 05:42:15.438000","event_type":"brand-settings","paying":null,"event_properties":{"intro-style-used":false,"logo-uploaded":false,"scene-style-used":false,"outro-scene-used":false},"server_received_time":"2020-08-17 05:42:15.574000","location_lat":null,"os_version":"84","version_name":null,"app":277124,"device_brand":null,"user_id":"temporaryid49@yopmail.com","platform":"Web","event_id":2,"user_creation_time":"2020-08-13 12:16:04.311000","client_event_time":"2020-08-17 05:42:15.437000","start_version":null,"device_manufacturer":null,"os_name":"Chrome","library":"amplitude-js\/6.1.0","$schema":12,"amplitude_event_type":null,"dma":null,"$insert_id":"07a27626-7461-4a22-af9e-660136f66a5a","country":"India","device_carrier":null,"city":null,"sample_rate":null,"region":"Madhya Pradesh","user_properties":{"Username":"temporaryid49@yopmail.com"},"device_model":null,"amplitude_id":184587733649}
{"adid":null,"groups":{},"uuid":"6e83b40e-e04c-11ea-a8f9-064c279f93f7","group_properties":{},"device_id":"3LdDc0UzaU2YWnfewM3JcV","processed_time":"2020-08-17 05:42:26.457765","event_time":"2020-08-17 05:42:23.892000","is_attribution_event":false,"ip_address":"157.34.120.137","amplitude_attribution_ids":null,"device_type":null,"data":{},"device_family":null,"location_lng":null,"idfa":null,"server_upload_time":"2020-08-17 05:42:24.753000","language":"English","session_id":1597642911853,"client_upload_time":"2020-08-17 05:42:23.892000","event_type":"video-saved","paying":null,"event_properties":{"project-category":"How we built it our","project-id":504304521,"project-name":"How we built it our","save-type":"Saved Video"},"server_received_time":"2020-08-17 05:42:24.747000","location_lat":null,"os_version":"84","version_name":null,"app":277124,"device_brand":null,"user_id":"temporaryid49@yopmail.com","platform":"Web","event_id":3,"user_creation_time":"2020-08-13 12:16:04.311000","client_event_time":"2020-08-17 05:42:23.892000","start_version":null,"device_manufacturer":null,"os_name":"Chrome","library":"amplitude-js\/6.1.0","$schema":12,"amplitude_event_type":null,"dma":null,"$insert_id":"1548fc05-830d-40bc-a815-5d87bbc0cac1","country":"India","device_carrier":null,"city":null,"sample_rate":null,"region":"Madhya Pradesh","user_properties":{"Username":"temporaryid49@yopmail.com"},"device_model":null,"amplitude_id":184587733649}
{"adid":null,"groups":{},"uuid":"86adf9e0-e04c-11ea-a8f9-064c279f93f7","group_properties":{},"device_id":"3LdDc0UzaU2YWnfewM3JcV","processed_time":"2020-08-17 05:43:07.022755","event_time":"2020-08-17 05:43:05.484000","is_attribution_event":false,"ip_address":"157.34.120.137","amplitude_attribution_ids":null,"device_type":null,"data":{},"device_family":null,"location_lng":null,"idfa":null,"server_upload_time":"2020-08-17 05:43:06.417000","language":"English","session_id":1597642911853,"client_upload_time":"2020-08-17 05:43:05.486000","event_type":"brand-settings","paying":null,"event_properties":{"intro-style-used":false,"logo-uploaded":false,"scene-style-used":false,"outro-scene-used":false},"server_received_time":"2020-08-17 05:43:06.403000","location_lat":null,"os_version":"84","version_name":null,"app":277124,"device_brand":null,"user_id":"temporaryid49@yopmail.com","platform":"Web","event_id":4,"user_creation_time":"2020-08-13 12:16:04.311000","client_event_time":"2020-08-17 05:43:05.484000","start_version":null,"device_manufacturer":null,"os_name":"Chrome","library":"amplitude-js\/6.1.0","$schema":12,"amplitude_event_type":null,"dma":null,"$insert_id":"31f44607-24e5-4fdf-937b-543a42973020","country":"India","device_carrier":null,"city":null,"sample_rate":null,"region":"Madhya Pradesh","user_properties":{"Username":"temporaryid49@yopmail.com"},"device_model":null,"amplitude_id":184587733649}
{"adid":null,"groups":{},"uuid":"8ccd24d6-e04c-11ea-a8f9-064c279f93f7","group_properties":{},"device_id":"3LdDc0UzaU2YWnfewM3JcV","processed_time":"2020-08-17 05:43:17.267048","event_time":"2020-08-17 05:43:14.402000","is_attribution_event":false,"ip_address":"157.34.120.137","amplitude_attribution_ids":null,"device_type":null,"data":{},"device_family":null,"location_lng":null,"idfa":null,"server_upload_time":"2020-08-17 05:43:15.586000","language":"English","session_id":1597642911853,"client_upload_time":"2020-08-17 05:43:14.402000","event_type":"video-saved","paying":null,"event_properties":{"project-category":"How we built it our","project-id":504304521,"project-name":"How we built it our","save-type":"Saved Video"},"server_received_time":"2020-08-17 05:43:15.580000","location_lat":null,"os_version":"84","version_name":null,"app":277124,"device_brand":null,"user_id":"temporaryid49@yopmail.com","platform":"Web","event_id":5,"user_creation_time":"2020-08-13 12:16:04.311000","client_event_time":"2020-08-17 05:43:14.402000","start_version":null,"device_manufacturer":null,"os_name":"Chrome","library":"amplitude-js\/6.1.0","$schema":12,"amplitude_event_type":null,"dma":null,"$insert_id":"7ef13174-93f4-47a0-b0ad-002deb079114","country":"India","device_carrier":null,"city":null,"sample_rate":null,"region":"Madhya Pradesh","user_properties":{"Username":"temporaryid49@yopmail.com"},"device_model":null,"amplitude_id":184587733649}
{"adid":null,"groups":{},"uuid":"8de728c6-e04c-11ea-a8f9-064c279f93f7","group_properties":{},"device_id":"3LdDc0UzaU2YWnfewM3JcV","processed_time":"2020-08-17 05:43:19.121815","event_time":"2020-08-17 05:43:17.650000","is_attribution_event":false,"ip_address":"157.34.120.137","amplitude_attribution_ids":null,"device_type":null,"data":{},"device_family":null,"location_lng":null,"idfa":null,"server_upload_time":"2020-08-17 05:43:17.805000","language":"English","session_id":1597642911853,"client_upload_time":"2020-08-17 05:43:17.651000","event_type":"recent-clicked","paying":null,"event_properties":{"source":"Visuals","project-id":504304521},"server_received_time":"2020-08-17 05:43:17.793000","location_lat":null,"os_version":"84","version_name":null,"app":277124,"device_brand":null,"user_id":"temporaryid49@yopmail.com","platform":"Web","event_id":6,"user_creation_time":"2020-08-13 12:16:04.311000","client_event_time":"2020-08-17 05:43:17.650000","start_version":null,"device_manufacturer":null,"os_name":"Chrome","library":"amplitude-js\/6.1.0","$schema":12,"amplitude_event_type":null,"dma":null,"$insert_id":"3ce49ad1-f164-4d66-a94e-7148f781c80a","country":"India","device_carrier":null,"city":null,"sample_rate":null,"region":"Madhya Pradesh","user_properties":{"Username":"temporaryid49@yopmail.com"},"device_model":null,"amplitude_id":184587733649}
{"adid":null,"groups":{},"uuid":"93bfbd94-e04c-11ea-a8f9-064c279f93f7","group_properties":{},"device_id":"3LdDc0UzaU2YWnfewM3JcV","processed_time":"2020-08-17 05:43:28.924488","event_time":"2020-08-17 05:43:25.770000","is_attribution_event":false,"ip_address":"157.34.120.137","amplitude_attribution_ids":null,"device_type":null,"data":{},"device_family":null,"location_lng":null,"idfa":null,"server_upload_time":"2020-08-17 05:43:26.625000","language":"English","session_id":1597642911853,"client_upload_time":"2020-08-17 05:43:25.771000","event_type":"recent-clicked","paying":null,"event_properties":{"source":"Visuals","project-id":504304521},"server_received_time":"2020-08-17 05:43:26.616000","location_lat":null,"os_version":"84","version_name":null,"app":277124,"device_brand":null,"user_id":"temporaryid49@yopmail.com","platform":"Web","event_id":7,"user_creation_time":"2020-08-13 12:16:04.311000","client_event_time":"2020-08-17 05:43:25.770000","start_version":null,"device_manufacturer":null,"os_name":"Chrome","library":"amplitude-js\/6.1.0","$schema":12,"amplitude_event_type":null,"dma":null,"$insert_id":"6a06ee64-c075-48fa-a2b5-d8e50825977a","country":"India","device_carrier":null,"city":null,"sample_rate":null,"region":"Madhya Pradesh","user_properties":{"Username":"temporaryid49@yopmail.com"},"device_model":null,"amplitude_id":184587733649}
{"adid":null,"groups":{},"uuid":"96155d60-e04c-11ea-a8f9-064c279f93f7","group_properties":{},"device_id":"3LdDc0UzaU2YWnfewM3JcV","processed_time":"2020-08-17 05:43:32.844810","event_time":"2020-08-17 05:43:29.475000","is_attribution_event":false,"ip_address":"157.34.120.137","amplitude_attribution_ids":null,"device_type":null,"data":{},"device_family":null,"location_lng":null,"idfa":null,"server_upload_time":"2020-08-17 05:43:30.353000","language":"English","session_id":1597642911853,"client_upload_time":"2020-08-17 05:43:29.477000","event_type":"app-crash","paying":null,"event_properties":{"error-info":"https:\/\/brand-settings-images130431-pictory.s3.us-east-2.amazonaws.com\/public\/3f3fb1b2-3b82-4ab2-9fc9-4c804668a86f\/errors\/application\/1597643007811-crash.txt"},"server_received_time":"2020-08-17 05:43:30.339000","location_lat":null,"os_version":"84","version_name":null,"app":277124,"device_brand":null,"user_id":"temporaryid49@yopmail.com","platform":"Web","event_id":8,"user_creation_time":"2020-08-13 12:16:04.311000","client_event_time":"2020-08-17 05:43:29.475000","start_version":null,"device_manufacturer":null,"os_name":"Chrome","library":"amplitude-js\/6.1.0","$schema":12,"amplitude_event_type":null,"dma":null,"$insert_id":"1f0733ff-8ef1-450e-8aa8-bd7a0d871161","country":"India","device_carrier":null,"city":null,"sample_rate":null,"region":"Madhya Pradesh","user_properties":{"Username":"temporaryid49@yopmail.com"},"device_model":null,"amplitude_id":184587733649}
{"ip_address":"157.34.120.137","country":"India","platform":"Web","device_brand":null,"location_lat":null,"language":"English","user_id":"temporaryid49@yopmail.com","uuid":"9e236a2e-e04c-11ea-aabc-0a4c8eb5abf0","app":277124,"session_id":1597643012545,"device_type":null,"$insert_id":"d218d27b-08c0-42d7-bfe9-28bc6a504a1b","sample_rate":null,"$schema":12,"city":null,"processed_time":"2020-08-17 05:43:46.357337","version_name":null,"group_properties":{},"is_attribution_event":false,"library":"amplitude-js\/6.1.0","idfa":null,"event_id":1,"amplitude_event_type":null,"os_version":"84","adid":null,"paying":null,"dma":null,"user_properties":{"Username":"temporaryid49@yopmail.com"},"device_manufacturer":null,"device_family":null,"start_version":null,"groups":{},"device_carrier":null,"data":{},"amplitude_attribution_ids":null,"device_id":"6hNLYWbxH5ofxQ7rcBXDjX","device_model":null,"client_event_time":"2020-08-17 05:43:42.948000","event_properties":{"project-id":504304521,"project-name":"How we built it our","project-category":"How we built it our","save-type":"Saved Video"},"server_received_time":"2020-08-17 05:43:45.105000","event_type":"video-saved","client_upload_time":"2020-08-17 05:43:42.949000","server_upload_time":"2020-08-17 05:43:45.115000","location_lng":null,"event_time":"2020-08-17 05:43:42.948000","user_creation_time":"2020-08-13 12:16:04.311000","amplitude_id":184587733649,"region":"Madhya Pradesh","os_name":"Chrome"}
{"ip_address":"157.34.120.137","country":"India","platform":"Web","device_brand":null,"location_lat":null,"language":"English","user_id":"temporaryid49@yopmail.com","uuid":"a2f94a32-e04c-11ea-aabc-0a4c8eb5abf0","app":277124,"session_id":1597643012545,"device_type":null,"$insert_id":"e342dba2-a94d-4971-b965-356c22cb8079","sample_rate":null,"$schema":12,"city":null,"processed_time":"2020-08-17 05:43:54.468798","version_name":null,"group_properties":{},"is_attribution_event":false,"library":"amplitude-js\/6.1.0","idfa":null,"event_id":2,"amplitude_event_type":null,"os_version":"84","adid":null,"paying":null,"dma":null,"user_properties":{"Username":"temporaryid49@yopmail.com"},"device_manufacturer":null,"device_family":null,"start_version":null,"groups":{},"device_carrier":null,"data":{},"amplitude_attribution_ids":null,"device_id":"6hNLYWbxH5ofxQ7rcBXDjX","device_model":null,"client_event_time":"2020-08-17 05:43:52.678000","event_properties":{"source":"Visuals","project-id":504304521},"server_received_time":"2020-08-17 05:43:53.599000","event_type":"recent-clicked","client_upload_time":"2020-08-17 05:43:52.679000","server_upload_time":"2020-08-17 05:43:53.607000","location_lng":null,"event_time":"2020-08-17 05:43:52.678000","user_creation_time":"2020-08-13 12:16:04.311000","amplitude_id":184587733649,"region":"Madhya Pradesh","os_name":"Chrome"}
{"ip_address":"157.34.120.137","country":"India","platform":"Web","device_brand":null,"location_lat":null,"language":"English","user_id":"temporaryid49@yopmail.com","uuid":"a72f1ce4-e04c-11ea-aabc-0a4c8eb5abf0","app":277124,"session_id":1597643012545,"device_type":null,"$insert_id":"9a563609-1278-4fb2-91ce-c47ccdcd91cd","sample_rate":null,"$schema":12,"city":null,"processed_time":"2020-08-17 05:44:01.527658","version_name":null,"group_properties":{},"is_attribution_event":false,"library":"amplitude-js\/6.1.0","idfa":null,"event_id":3,"amplitude_event_type":null,"os_version":"84","adid":null,"paying":null,"dma":null,"user_properties":{"Username":"temporaryid49@yopmail.com"},"device_manufacturer":null,"device_family":null,"start_version":null,"groups":{},"device_carrier":null,"data":{},"amplitude_attribution_ids":null,"device_id":"6hNLYWbxH5ofxQ7rcBXDjX","device_model":null,"client_event_time":"2020-08-17 05:43:59.013000","event_properties":{"source":"Visuals","project-id":504304521},"server_received_time":"2020-08-17 05:44:00.108000","event_type":"recent-clicked","client_upload_time":"2020-08-17 05:43:59.015000","server_upload_time":"2020-08-17 05:44:00.113000","location_lng":null,"event_time":"2020-08-17 05:43:59.013000","user_creation_time":"2020-08-13 12:16:04.311000","amplitude_id":184587733649,"region":"Madhya Pradesh","os_name":"Chrome"}
{"ip_address":"157.34.120.137","country":"India","platform":"Web","device_brand":null,"location_lat":null,"language":"English","user_id":"temporaryid49@yopmail.com","uuid":"abb59496-e04c-11ea-aabc-0a4c8eb5abf0","app":277124,"session_id":1597643012545,"device_type":null,"$insert_id":"bdea1176-d95c-49f7-9d26-cab66c8989cb","sample_rate":null,"$schema":12,"city":null,"processed_time":"2020-08-17 05:44:09.122848","version_name":null,"group_properties":{},"is_attribution_event":false,"library":"amplitude-js\/6.1.0","idfa":null,"event_id":4,"amplitude_event_type":null,"os_version":"84","adid":null,"paying":null,"dma":null,"user_properties":{"Username":"temporaryid49@yopmail.com"},"device_manufacturer":null,"device_family":null,"start_version":null,"groups":{},"device_carrier":null,"data":{},"amplitude_attribution_ids":null,"device_id":"6hNLYWbxH5ofxQ7rcBXDjX","device_model":null,"client_event_time":"2020-08-17 05:44:08.618000","event_properties":{"source":"Visuals","project-id":504304521},"server_received_time":"2020-08-17 05:44:08.772000","event_type":"recent-clicked","client_upload_time":"2020-08-17 05:44:08.620000","server_upload_time":"2020-08-17 05:44:08.776000","location_lng":null,"event_time":"2020-08-17 05:44:08.618000","user_creation_time":"2020-08-13 12:16:04.311000","amplitude_id":184587733649,"region":"Madhya Pradesh","os_name":"Chrome"}
{"ip_address":"157.34.120.137","country":"India","platform":"Web","device_brand":null,"location_lat":null,"language":"English","user_id":"temporaryid49@yopmail.com","uuid":"acc71dfa-e04c-11ea-aabc-0a4c8eb5abf0","app":277124,"session_id":1597643012545,"device_type":null,"$insert_id":"ba145889-1aaa-4512-bb0e-bd2340101bb9","sample_rate":null,"$schema":12,"city":null,"processed_time":"2020-08-17 05:44:10.916550","version_name":null,"group_properties":{},"is_attribution_event":false,"library":"amplitude-js\/6.1.0","idfa":null,"event_id":5,"amplitude_event_type":null,"os_version":"84","adid":null,"paying":null,"dma":null,"user_properties":{"Username":"temporaryid49@yopmail.com"},"device_manufacturer":null,"device_family":null,"start_version":null,"groups":{},"device_carrier":null,"data":{},"amplitude_attribution_ids":null,"device_id":"6hNLYWbxH5ofxQ7rcBXDjX","device_model":null,"client_event_time":"2020-08-17 05:44:09.989000","event_properties":{"project-id":504304521},"server_received_time":"2020-08-17 05:44:10.132000","event_type":"upload-clicked","client_upload_time":"2020-08-17 05:44:09.990000","server_upload_time":"2020-08-17 05:44:10.140000","location_lng":null,"event_time":"2020-08-17 05:44:09.989000","user_creation_time":"2020-08-13 12:16:04.311000","amplitude_id":184587733649,"region":"Madhya Pradesh","os_name":"Chrome"}
{"ip_address":"157.34.120.137","country":"India","platform":"Web","device_brand":null,"location_lat":null,"language":"English","user_id":"temporaryid49@yopmail.com","uuid":"aeb6a5cc-e04c-11ea-aabc-0a4c8eb5abf0","app":277124,"session_id":1597643012545,"device_type":null,"$insert_id":"9a3d135a-76f8-47e4-b97e-e5afca9f0d54","sample_rate":null,"$schema":12,"city":null,"processed_time":"2020-08-17 05:44:14.164467","version_name":null,"group_properties":{},"is_attribution_event":false,"library":"amplitude-js\/6.1.0","idfa":null,"event_id":6,"amplitude_event_type":null,"os_version":"84","adid":null,"paying":null,"dma":null,"user_properties":{"Username":"temporaryid49@yopmail.com"},"device_manufacturer":null,"device_family":null,"start_version":null,"groups":{},"device_carrier":null,"data":{},"amplitude_attribution_ids":null,"device_id":"6hNLYWbxH5ofxQ7rcBXDjX","device_model":null,"client_event_time":"2020-08-17 05:44:12.274000","event_properties":{"error-info":"https:\/\/brand-settings-images130431-pictory.s3.us-east-2.amazonaws.com\/public\/3f3fb1b2-3b82-4ab2-9fc9-4c804668a86f\/errors\/application\/1597643050501-crash.txt"},"server_received_time":"2020-08-17 05:44:12.447000","event_type":"app-crash","client_upload_time":"2020-08-17 05:44:12.276000","server_upload_time":"2020-08-17 05:44:12.456000","location_lng":null,"event_time":"2020-08-17 05:44:12.274000","user_creation_time":"2020-08-13 12:16:04.311000","amplitude_id":184587733649,"region":"Madhya Pradesh","os_name":"Chrome"}
{"location_lng":null,"os_name":"Chrome","device_type":null,"language":"English","library":"amplitude-js\/6.1.0","event_id":7,"groups":{},"ip_address":"183.83.37.189","event_properties":{"project-id":485554048,"search-type":"All","search-term":"priority"},"device_id":"YtOrszo96sdDecyyodv44h","amplitude_id":157876700889,"device_model":null,"device_brand":null,"dma":null,"device_carrier":null,"server_received_time":"2020-08-17 05:46:49.316000","version_name":null,"amplitude_attribution_ids":null,"app":277124,"location_lat":null,"platform":"Web","event_type":"asset-searched","idfa":null,"is_attribution_event":false,"user_properties":{"Username":"shailendra@pictory.ai"},"server_upload_time":"2020-08-17 05:46:49.321000","session_id":1597643208652,"sample_rate":null,"$insert_id":"88e017d4-a77e-4586-809a-7138bb72c88e","processed_time":"2020-08-17 05:46:50.093731","amplitude_event_type":null,"$schema":12,"device_manufacturer":null,"start_version":null,"region":"Telangana","user_id":"shailendra@pictory.ai","user_creation_time":"2020-05-17 16:12:56.601000","city":"Hyderabad","country":"India","event_time":"2020-08-17 05:46:48.652000","group_properties":{},"os_version":"80","device_family":null,"paying":null,"adid":null,"client_upload_time":"2020-08-17 05:46:48.655000","client_event_time":"2020-08-17 05:46:48.652000","uuid":"0ba5d956-e04d-11ea-bd26-0abb52d9bb77","data":{}}
{"location_lng":null,"os_name":"Chrome","device_type":null,"language":"English","library":"amplitude-js\/6.1.0","event_id":8,"groups":{},"ip_address":"183.83.37.189","event_properties":{"project-id":485554048,"search-type":"All","search-term":"priority"},"device_id":"YtOrszo96sdDecyyodv44h","amplitude_id":157876700889,"device_model":null,"device_brand":null,"dma":null,"device_carrier":null,"server_received_time":"2020-08-17 05:46:54.061000","version_name":null,"amplitude_attribution_ids":null,"app":277124,"location_lat":null,"platform":"Web","event_type":"asset-searched","idfa":null,"is_attribution_event":false,"user_properties":{"Username":"shailendra@pictory.ai"},"server_upload_time":"2020-08-17 05:46:54.074000","session_id":1597643208652,"sample_rate":null,"$insert_id":"c3e657c4-4b35-4cea-861a-d90d58ed1434","processed_time":"2020-08-17 05:46:56.735446","amplitude_event_type":null,"$schema":12,"device_manufacturer":null,"start_version":null,"region":"Telangana","user_id":"shailendra@pictory.ai","user_creation_time":"2020-05-17 16:12:56.601000","city":"Hyderabad","country":"India","event_time":"2020-08-17 05:46:53.925000","group_properties":{},"os_version":"80","device_family":null,"paying":null,"adid":null,"client_upload_time":"2020-08-17 05:46:53.926000","client_event_time":"2020-08-17 05:46:53.925000","uuid":"0f9c75f6-e04d-11ea-bd26-0abb52d9bb77","data":{}}
{"location_lng":null,"os_name":"Chrome","device_type":null,"language":"English","library":"amplitude-js\/6.1.0","event_id":9,"groups":{},"ip_address":"183.83.37.189","event_properties":{"project-id":485554048,"search-type":"All","search-term":"priority"},"device_id":"YtOrszo96sdDecyyodv44h","amplitude_id":157876700889,"device_model":null,"device_brand":null,"dma":null,"device_carrier":null,"server_received_time":"2020-08-17 05:46:58.235000","version_name":null,"amplitude_attribution_ids":null,"app":277124,"location_lat":null,"platform":"Web","event_type":"asset-searched","idfa":null,"is_attribution_event":false,"user_properties":{"Username":"shailendra@pictory.ai"},"server_upload_time":"2020-08-17 05:46:58.243000","session_id":1597643208652,"sample_rate":null,"$insert_id":"8db0ede8-335c-4ebc-aaf0-c0a4f2e09378","processed_time":"2020-08-17 05:46:59.265242","amplitude_event_type":null,"$schema":12,"device_manufacturer":null,"start_version":null,"region":"Telangana","user_id":"shailendra@pictory.ai","user_creation_time":"2020-05-17 16:12:56.601000","city":"Hyderabad","country":"India","event_time":"2020-08-17 05:46:58.099000","group_properties":{},"os_version":"80","device_family":null,"paying":null,"adid":null,"client_upload_time":"2020-08-17 05:46:58.100000","client_event_time":"2020-08-17 05:46:58.099000","uuid":"111e511a-e04d-11ea-bd26-0abb52d9bb77","data":{}}
{"location_lng":null,"os_name":"Chrome","device_type":null,"language":"English","library":"amplitude-js\/6.1.0","event_id":10,"groups":{},"ip_address":"183.83.37.189","event_properties":{"project-id":485554048,"search-type":"All","search-term":"prority"},"device_id":"YtOrszo96sdDecyyodv44h","amplitude_id":157876700889,"device_model":null,"device_brand":null,"dma":null,"device_carrier":null,"server_received_time":"2020-08-17 05:47:28.441000","version_name":null,"amplitude_attribution_ids":null,"app":277124,"location_lat":null,"platform":"Web","event_type":"asset-searched","idfa":null,"is_attribution_event":false,"user_properties":{"Username":"shailendra@pictory.ai"},"server_upload_time":"2020-08-17 05:47:28.455000","session_id":1597643208652,"sample_rate":null,"$insert_id":"4fd4ed2b-62fd-46e7-9679-ae7e8d4aada1","processed_time":"2020-08-17 05:47:30.470780","amplitude_event_type":null,"$schema":12,"device_manufacturer":null,"start_version":null,"region":"Telangana","user_id":"shailendra@pictory.ai","user_creation_time":"2020-05-17 16:12:56.601000","city":"Hyderabad","country":"India","event_time":"2020-08-17 05:47:28.302000","group_properties":{},"os_version":"80","device_family":null,"paying":null,"adid":null,"client_upload_time":"2020-08-17 05:47:28.303000","client_event_time":"2020-08-17 05:47:28.302000","uuid":"23b900ae-e04d-11ea-bd26-0abb52d9bb77","data":{}}
{"location_lng":null,"os_name":"Chrome","device_type":null,"language":"English","library":"amplitude-js\/6.1.0","event_id":11,"groups":{},"ip_address":"183.83.37.189","event_properties":{"project-id":485554048,"search-type":"All","search-term":"priority"},"device_id":"YtOrszo96sdDecyyodv44h","amplitude_id":157876700889,"device_model":null,"device_brand":null,"dma":null,"device_carrier":null,"server_received_time":"2020-08-17 05:47:41.259000","version_name":null,"amplitude_attribution_ids":null,"app":277124,"location_lat":null,"platform":"Web","event_type":"asset-searched","idfa":null,"is_attribution_event":false,"user_properties":{"Username":"shailendra@pictory.ai"},"server_upload_time":"2020-08-17 05:47:41.269000","session_id":1597643208652,"sample_rate":null,"$insert_id":"4dd28413-63f0-4548-91a8-7aa506f418d0","processed_time":"2020-08-17 05:47:45.707236","amplitude_event_type":null,"$schema":12,"device_manufacturer":null,"start_version":null,"region":"Telangana","user_id":"shailendra@pictory.ai","user_creation_time":"2020-05-17 16:12:56.601000","city":"Hyderabad","country":"India","event_time":"2020-08-17 05:47:41.120000","group_properties":{},"os_version":"80","device_family":null,"paying":null,"adid":null,"client_upload_time":"2020-08-17 05:47:41.121000","client_event_time":"2020-08-17 05:47:41.120000","uuid":"2ccbc884-e04d-11ea-bd26-0abb52d9bb77","data":{}}
{"location_lng":null,"os_name":"Chrome","device_type":null,"language":"English","library":"amplitude-js\/6.1.0","event_id":12,"groups":{},"ip_address":"183.83.37.189","event_properties":{"project-id":485554048,"search-type":"All","search-term":"priority"},"device_id":"YtOrszo96sdDecyyodv44h","amplitude_id":157876700889,"device_model":null,"device_brand":null,"dma":null,"device_carrier":null,"server_received_time":"2020-08-17 05:47:45.159000","version_name":null,"amplitude_attribution_ids":null,"app":277124,"location_lat":null,"platform":"Web","event_type":"asset-searched","idfa":null,"is_attribution_event":false,"user_properties":{"Username":"shailendra@pictory.ai"},"server_upload_time":"2020-08-17 05:47:45.170000","session_id":1597643208652,"sample_rate":null,"$insert_id":"01d5ef88-e68e-45bf-ba75-a08e4b6e0f25","processed_time":"2020-08-17 05:47:47.943683","amplitude_event_type":null,"$schema":12,"device_manufacturer":null,"start_version":null,"region":"Telangana","user_id":"shailendra@pictory.ai","user_creation_time":"2020-05-17 16:12:56.601000","city":"Hyderabad","country":"India","event_time":"2020-08-17 05:47:45.010000","group_properties":{},"os_version":"80","device_family":null,"paying":null,"adid":null,"client_upload_time":"2020-08-17 05:47:45.013000","client_event_time":"2020-08-17 05:47:45.010000","uuid":"2e23286c-e04d-11ea-bd26-0abb52d9bb77","data":{}}
{"location_lng":null,"os_name":"Chrome","device_type":null,"language":"English","library":"amplitude-js\/6.1.0","event_id":13,"groups":{},"ip_address":"183.83.37.189","event_properties":{"project-id":485554048,"search-type":"All","search-term":"priority"},"device_id":"YtOrszo96sdDecyyodv44h","amplitude_id":157876700889,"device_model":null,"device_brand":null,"dma":null,"device_carrier":null,"server_received_time":"2020-08-17 05:47:47.348000","version_name":null,"amplitude_attribution_ids":null,"app":277124,"location_lat":null,"platform":"Web","event_type":"asset-searched","idfa":null,"is_attribution_event":false,"user_properties":{"Username":"shailendra@pictory.ai"},"server_upload_time":"2020-08-17 05:47:47.366000","session_id":1597643208652,"sample_rate":null,"$insert_id":"350903d0-25f9-43be-bd8e-1c7b9d4ac421","processed_time":"2020-08-17 05:47:47.945876","amplitude_event_type":null,"$schema":12,"device_manufacturer":null,"start_version":null,"region":"Telangana","user_id":"shailendra@pictory.ai","user_creation_time":"2020-05-17 16:12:56.601000","city":"Hyderabad","country":"India","event_time":"2020-08-17 05:47:47.207000","group_properties":{},"os_version":"80","device_family":null,"paying":null,"adid":null,"client_upload_time":"2020-08-17 05:47:47.208000","client_event_time":"2020-08-17 05:47:47.207000","uuid":"2e233046-e04d-11ea-bd26-0abb52d9bb77","data":{}}
{"location_lng":null,"os_name":"Chrome","device_type":null,"language":"English","library":"amplitude-js\/6.1.0","event_id":14,"groups":{},"ip_address":"183.83.37.189","event_properties":{"project-id":485554048,"search-type":"All","search-term":"customer"},"device_id":"YtOrszo96sdDecyyodv44h","amplitude_id":157876700889,"device_model":null,"device_brand":null,"dma":null,"device_carrier":null,"server_received_time":"2020-08-17 05:48:49.416000","version_name":null,"amplitude_attribution_ids":null,"app":277124,"location_lat":null,"platform":"Web","event_type":"asset-searched","idfa":null,"is_attribution_event":false,"user_properties":{"Username":"shailendra@pictory.ai"},"server_upload_time":"2020-08-17 05:48:49.423000","session_id":1597643208652,"sample_rate":null,"$insert_id":"2015e7de-9cba-4694-a6f8-e880b1feb72b","processed_time":"2020-08-17 05:48:50.879116","amplitude_event_type":null,"$schema":12,"device_manufacturer":null,"start_version":null,"region":"Telangana","user_id":"shailendra@pictory.ai","user_creation_time":"2020-05-17 16:12:56.601000","city":"Hyderabad","country":"India","event_time":"2020-08-17 05:48:49.273000","group_properties":{},"os_version":"80","device_family":null,"paying":null,"adid":null,"client_upload_time":"2020-08-17 05:48:49.275000","client_event_time":"2020-08-17 05:48:49.273000","uuid":"53a4500c-e04d-11ea-bd26-0abb52d9bb77","data":{}}
{"location_lng":null,"os_name":"Chrome","device_type":null,"language":"English","library":"amplitude-js\/6.1.0","event_id":15,"groups":{},"ip_address":"183.83.37.189","event_properties":{"project-id":485554048,"search-type":"All","search-term":"customer"},"device_id":"YtOrszo96sdDecyyodv44h","amplitude_id":157876700889,"device_model":null,"device_brand":null,"dma":null,"device_carrier":null,"server_received_time":"2020-08-17 05:49:04.805000","version_name":null,"amplitude_attribution_ids":null,"app":277124,"location_lat":null,"platform":"Web","event_type":"asset-searched","idfa":null,"is_attribution_event":false,"user_properties":{"Username":"shailendra@pictory.ai"},"server_upload_time":"2020-08-17 05:49:04.810000","session_id":1597643208652,"sample_rate":null,"$insert_id":"f85ba474-6a4f-4abb-af90-62ceb77bd291","processed_time":"2020-08-17 05:49:05.922576","amplitude_event_type":null,"$schema":12,"device_manufacturer":null,"start_version":null,"region":"Telangana","user_id":"shailendra@pictory.ai","user_creation_time":"2020-05-17 16:12:56.601000","city":"Hyderabad","country":"India","event_time":"2020-08-17 05:49:04.629000","group_properties":{},"os_version":"80","device_family":null,"paying":null,"adid":null,"client_upload_time":"2020-08-17 05:49:04.631000","client_event_time":"2020-08-17 05:49:04.629000","uuid":"5c9d1a86-e04d-11ea-bd26-0abb52d9bb77","data":{}}
{"location_lng":null,"os_name":"Chrome","device_type":null,"language":"English","library":"amplitude-js\/6.1.0","event_id":16,"groups":{},"ip_address":"183.83.37.189","event_properties":{"project-id":485554048,"search-type":"All","search-term":"customer"},"device_id":"YtOrszo96sdDecyyodv44h","amplitude_id":157876700889,"device_model":null,"device_brand":null,"dma":null,"device_carrier":null,"server_received_time":"2020-08-17 05:49:12.282000","version_name":null,"amplitude_attribution_ids":null,"app":277124,"location_lat":null,"platform":"Web","event_type":"asset-searched","idfa":null,"is_attribution_event":false,"user_properties":{"Username":"shailendra@pictory.ai"},"server_upload_time":"2020-08-17 05:49:12.288000","session_id":1597643208652,"sample_rate":null,"$insert_id":"ba2f6514-6fdd-4ce8-b4d5-09684dd8d746","processed_time":"2020-08-17 05:49:14.051314","amplitude_event_type":null,"$schema":12,"device_manufacturer":null,"start_version":null,"region":"Telangana","user_id":"shailendra@pictory.ai","user_creation_time":"2020-05-17 16:12:56.601000","city":"Hyderabad","country":"India","event_time":"2020-08-17 05:49:12.147000","group_properties":{},"os_version":"80","device_family":null,"paying":null,"adid":null,"client_upload_time":"2020-08-17 05:49:12.147000","client_event_time":"2020-08-17 05:49:12.147000","uuid":"6175b0ea-e04d-11ea-bd26-0abb52d9bb77","data":{}}
{"location_lng":null,"os_name":"Chrome","device_type":null,"language":"English","library":"amplitude-js\/6.1.0","event_id":17,"groups":{},"ip_address":"183.83.37.189","event_properties":{"project-id":485554048,"search-type":"All","search-term":"customer"},"device_id":"YtOrszo96sdDecyyodv44h","amplitude_id":157876700889,"device_model":null,"device_brand":null,"dma":null,"device_carrier":null,"server_received_time":"2020-08-17 05:49:19.295000","version_name":null,"amplitude_attribution_ids":null,"app":277124,"location_lat":null,"platform":"Web","event_type":"asset-searched","idfa":null,"is_attribution_event":false,"user_properties":{"Username":"shailendra@pictory.ai"},"server_upload_time":"2020-08-17 05:49:19.304000","session_id":1597643208652,"sample_rate":null,"$insert_id":"31ba2466-7dbd-4077-a81d-7b841c48d3ef","processed_time":"2020-08-17 05:49:19.827604","amplitude_event_type":null,"$schema":12,"device_manufacturer":null,"start_version":null,"region":"Telangana","user_id":"shailendra@pictory.ai","user_creation_time":"2020-05-17 16:12:56.601000","city":"Hyderabad","country":"India","event_time":"2020-08-17 05:49:19.159000","group_properties":{},"os_version":"80","device_family":null,"paying":null,"adid":null,"client_upload_time":"2020-08-17 05:49:19.160000","client_event_time":"2020-08-17 05:49:19.159000","uuid":"64e78f14-e04d-11ea-bd26-0abb52d9bb77","data":{}}
{"location_lng":null,"os_name":"Chrome","device_type":null,"language":"English","library":"amplitude-js\/6.1.0","event_id":18,"groups":{},"ip_address":"183.83.37.189","event_properties":{"project-id":485554048,"search-type":"All","search-term":"custom harley davidson"},"device_id":"YtOrszo96sdDecyyodv44h","amplitude_id":157876700889,"device_model":null,"device_brand":null,"dma":null,"device_carrier":null,"server_received_time":"2020-08-17 05:49:52.920000","version_name":null,"amplitude_attribution_ids":null,"app":277124,"location_lat":null,"platform":"Web","event_type":"asset-searched","idfa":null,"is_attribution_event":false,"user_properties":{"Username":"shailendra@pictory.ai"},"server_upload_time":"2020-08-17 05:49:52.924000","session_id":1597643208652,"sample_rate":null,"$insert_id":"2a429696-f9b1-4dae-a7d6-fc81328b41f6","processed_time":"2020-08-17 05:49:53.277047","amplitude_event_type":null,"$schema":12,"device_manufacturer":null,"start_version":null,"region":"Telangana","user_id":"shailendra@pictory.ai","user_creation_time":"2020-05-17 16:12:56.601000","city":"Hyderabad","country":"India","event_time":"2020-08-17 05:49:52.784000","group_properties":{},"os_version":"80","device_family":null,"paying":null,"adid":null,"client_upload_time":"2020-08-17 05:49:52.785000","client_event_time":"2020-08-17 05:49:52.784000","uuid":"78d531c0-e04d-11ea-bd26-0abb52d9bb77","data":{}}
{"location_lng":null,"os_name":"Chrome","device_type":null,"language":"English","library":"amplitude-js\/6.1.0","event_id":19,"groups":{},"ip_address":"183.83.37.189","event_properties":{"project-id":485554048,"search-type":"All","search-term":"customer"},"device_id":"YtOrszo96sdDecyyodv44h","amplitude_id":157876700889,"device_model":null,"device_brand":null,"dma":null,"device_carrier":null,"server_received_time":"2020-08-17 05:50:29.214000","version_name":null,"amplitude_attribution_ids":null,"app":277124,"location_lat":null,"platform":"Web","event_type":"asset-searched","idfa":null,"is_attribution_event":false,"user_properties":{"Username":"shailendra@pictory.ai"},"server_upload_time":"2020-08-17 05:50:29.222000","session_id":1597643208652,"sample_rate":null,"$insert_id":"05273d70-931c-458e-8a8f-381d1b7c1864","processed_time":"2020-08-17 05:50:29.907557","amplitude_event_type":null,"$schema":12,"device_manufacturer":null,"start_version":null,"region":"Telangana","user_id":"shailendra@pictory.ai","user_creation_time":"2020-05-17 16:12:56.601000","city":"Hyderabad","country":"India","event_time":"2020-08-17 05:50:29.024000","group_properties":{},"os_version":"80","device_family":null,"paying":null,"adid":null,"client_upload_time":"2020-08-17 05:50:29.027000","client_event_time":"2020-08-17 05:50:29.024000","uuid":"8ead07ca-e04d-11ea-bd26-0abb52d9bb77","data":{}}
{"location_lng":null,"os_name":"Chrome","device_type":null,"language":"English","library":"amplitude-js\/6.1.0","event_id":20,"groups":{},"ip_address":"183.83.37.189","event_properties":{"project-id":485554048,"search-type":"All","search-term":"customer"},"device_id":"YtOrszo96sdDecyyodv44h","amplitude_id":157876700889,"device_model":null,"device_brand":null,"dma":null,"device_carrier":null,"server_received_time":"2020-08-17 05:50:52.889000","version_name":null,"amplitude_attribution_ids":null,"app":277124,"location_lat":null,"platform":"Web","event_type":"asset-searched","idfa":null,"is_attribution_event":false,"user_properties":{"Username":"shailendra@pictory.ai"},"server_upload_time":"2020-08-17 05:50:52.895000","session_id":1597643208652,"sample_rate":null,"$insert_id":"dd15b49b-7273-4dad-ab23-3d0ec37d08b9","processed_time":"2020-08-17 05:50:54.520114","amplitude_event_type":null,"$schema":12,"device_manufacturer":null,"start_version":null,"region":"Telangana","user_id":"shailendra@pictory.ai","user_creation_time":"2020-05-17 16:12:56.601000","city":"Hyderabad","country":"India","event_time":"2020-08-17 05:50:52.754000","group_properties":{},"os_version":"80","device_family":null,"paying":null,"adid":null,"client_upload_time":"2020-08-17 05:50:52.754000","client_event_time":"2020-08-17 05:50:52.754000","uuid":"9d566a46-e04d-11ea-bd26-0abb52d9bb77","data":{}}
{"location_lng":null,"os_name":"Chrome","device_type":null,"language":"English","library":"amplitude-js\/6.1.0","event_id":21,"groups":{},"ip_address":"183.83.37.189","event_properties":{"project-id":485554048,"search-type":"All","search-term":"customer"},"device_id":"YtOrszo96sdDecyyodv44h","amplitude_id":157876700889,"device_model":null,"device_brand":null,"dma":null,"device_carrier":null,"server_received_time":"2020-08-17 05:51:04.790000","version_name":null,"amplitude_attribution_ids":null,"app":277124,"location_lat":null,"platform":"Web","event_type":"asset-searched","idfa":null,"is_attribution_event":false,"user_properties":{"Username":"shailendra@pictory.ai"},"server_upload_time":"2020-08-17 05:51:04.799000","session_id":1597643208652,"sample_rate":null,"$insert_id":"a40a9afe-caf8-4bcb-834b-01a128a0f510","processed_time":"2020-08-17 05:51:06.419930","amplitude_event_type":null,"$schema":12,"device_manufacturer":null,"start_version":null,"region":"Telangana","user_id":"shailendra@pictory.ai","user_creation_time":"2020-05-17 16:12:56.601000","city":"Hyderabad","country":"India","event_time":"2020-08-17 05:51:04.652000","group_properties":{},"os_version":"80","device_family":null,"paying":null,"adid":null,"client_upload_time":"2020-08-17 05:51:04.652000","client_event_time":"2020-08-17 05:51:04.652000","uuid":"a46fba58-e04d-11ea-bd26-0abb52d9bb77","data":{}}
{"location_lng":null,"os_name":"Chrome","device_type":null,"language":"English","library":"amplitude-js\/6.1.0","event_id":22,"groups":{},"ip_address":"183.83.37.189","event_properties":{"project-id":485554048,"search-type":"All","search-term":"customer"},"device_id":"YtOrszo96sdDecyyodv44h","amplitude_id":157876700889,"device_model":null,"device_brand":null,"dma":null,"device_carrier":null,"server_received_time":"2020-08-17 05:51:15.961000","version_name":null,"amplitude_attribution_ids":null,"app":277124,"location_lat":null,"platform":"Web","event_type":"asset-searched","idfa":null,"is_attribution_event":false,"user_properties":{"Username":"shailendra@pictory.ai"},"server_upload_time":"2020-08-17 05:51:15.968000","session_id":1597643208652,"sample_rate":null,"$insert_id":"04a3dba1-6eb9-4741-943d-e16dc1c0baf2","processed_time":"2020-08-17 05:51:17.023320","amplitude_event_type":null,"$schema":12,"device_manufacturer":null,"start_version":null,"region":"Telangana","user_id":"shailendra@pictory.ai","user_creation_time":"2020-05-17 16:12:56.601000","city":"Hyderabad","country":"India","event_time":"2020-08-17 05:51:15.812000","group_properties":{},"os_version":"80","device_family":null,"paying":null,"adid":null,"client_upload_time":"2020-08-17 05:51:15.818000","client_event_time":"2020-08-17 05:51:15.812000","uuid":"aabf95ea-e04d-11ea-bd26-0abb52d9bb77","data":{}}
{"location_lng":null,"os_name":"Chrome","device_type":null,"language":"English","library":"amplitude-js\/6.1.0","event_id":23,"groups":{},"ip_address":"183.83.37.189","event_properties":{"project-id":485554048,"search-type":"All","search-term":"customer relationship management"},"device_id":"YtOrszo96sdDecyyodv44h","amplitude_id":157876700889,"device_model":null,"device_brand":null,"dma":null,"device_carrier":null,"server_received_time":"2020-08-17 05:51:33.944000","version_name":null,"amplitude_attribution_ids":null,"app":277124,"location_lat":null,"platform":"Web","event_type":"asset-searched","idfa":null,"is_attribution_event":false,"user_properties":{"Username":"shailendra@pictory.ai"},"server_upload_time":"2020-08-17 05:51:33.950000","session_id":1597643208652,"sample_rate":null,"$insert_id":"ae39d3af-96bc-479d-8c45-c058eadcbba1","processed_time":"2020-08-17 05:51:34.727859","amplitude_event_type":null,"$schema":12,"device_manufacturer":null,"start_version":null,"region":"Telangana","user_id":"shailendra@pictory.ai","user_creation_time":"2020-05-17 16:12:56.601000","city":"Hyderabad","country":"India","event_time":"2020-08-17 05:51:33.800000","group_properties":{},"os_version":"80","device_family":null,"paying":null,"adid":null,"client_upload_time":"2020-08-17 05:51:33.802000","client_event_time":"2020-08-17 05:51:33.800000","uuid":"b54f92ee-e04d-11ea-bd26-0abb52d9bb77","data":{}}
