{"uuid":"849be3ae-de78-11ea-853a-020f23d7547d","$schema":12,"server_upload_time":"2020-08-14 21:52:56.933000","client_event_time":"2020-08-14 21:52:56.572000","device_id":"XE6HAt2agxtdRrX4iVdnhk","app":277124,"device_family":null,"adid":null,"event_properties":{},"location_lng":null,"processed_time":"2020-08-14 21:52:59.122621","server_received_time":"2020-08-14 21:52:56.918000","groups":{},"session_id":1597441976572,"device_brand":null,"data":{},"language":"English","os_version":"84","group_properties":{},"amplitude_attribution_ids":null,"event_id":14,"user_properties":{"Username":"jineshv@gmail.com"},"amplitude_event_type":null,"device_type":null,"$insert_id":"c0090319-4cf1-4f13-8faf-c6fa4b2f4412","paying":null,"amplitude_id":184912401156,"region":"Washington","idfa":null,"platform":"Web","user_creation_time":"2020-08-14 20:38:16.066000","event_time":"2020-08-14 21:52:56.572000","is_attribution_event":false,"dma":"Seattle-Tacoma, WA","device_model":null,"sample_rate":null,"start_version":null,"os_name":"Chrome","country":"United States","device_carrier":null,"city":"Kirkland","device_manufacturer":null,"user_id":null,"location_lat":null,"ip_address":"50.47.143.67","library":"amplitude-js\/6.1.0","client_upload_time":"2020-08-14 21:52:56.576000","version_name":null,"event_type":"preview-clicked"}
{"uuid":"89b464f6-de78-11ea-853a-020f23d7547d","$schema":12,"server_upload_time":"2020-08-14 21:53:05.323000","client_event_time":"2020-08-14 21:53:05.300000","device_id":"XE6HAt2agxtdRrX4iVdnhk","app":277124,"device_family":null,"adid":null,"event_properties":{},"location_lng":null,"processed_time":"2020-08-14 21:53:07.629440","server_received_time":"2020-08-14 21:53:05.320000","groups":{},"session_id":1597441976572,"device_brand":null,"data":{},"language":"English","os_version":"84","group_properties":{},"amplitude_attribution_ids":null,"event_id":15,"user_properties":{"Username":"jineshv@gmail.com"},"amplitude_event_type":null,"device_type":null,"$insert_id":"b283d427-8cd9-475a-8a01-477c65b447da","paying":null,"amplitude_id":184912401156,"region":"Washington","idfa":null,"platform":"Web","user_creation_time":"2020-08-14 20:38:16.066000","event_time":"2020-08-14 21:53:05.300000","is_attribution_event":false,"dma":"Seattle-Tacoma, WA","device_model":null,"sample_rate":null,"start_version":null,"os_name":"Chrome","country":"United States","device_carrier":null,"city":"Kirkland","device_manufacturer":null,"user_id":null,"location_lat":null,"ip_address":"50.47.143.67","library":"amplitude-js\/6.1.0","client_upload_time":"2020-08-14 21:53:05.301000","version_name":null,"event_type":"preview-clicked"}
{"uuid":"a771e43c-de78-11ea-853a-020f23d7547d","$schema":12,"server_upload_time":"2020-08-14 21:53:55.495000","client_event_time":"2020-08-14 21:53:55.432000","device_id":"XE6HAt2agxtdRrX4iVdnhk","app":277124,"device_family":null,"adid":null,"event_properties":{"track-name":"Fly With My Dreams","project-id":801947046},"location_lng":null,"processed_time":"2020-08-14 21:53:57.519563","server_received_time":"2020-08-14 21:53:55.470000","groups":{},"session_id":1597441976572,"device_brand":null,"data":{},"language":"English","os_version":"84","group_properties":{},"amplitude_attribution_ids":null,"event_id":16,"user_properties":{"Username":"jineshv@gmail.com"},"amplitude_event_type":null,"device_type":null,"$insert_id":"3d5055cc-7cdf-4bc4-b008-7cb19e84e02c","paying":null,"amplitude_id":184912401156,"region":"Washington","idfa":null,"platform":"Web","user_creation_time":"2020-08-14 20:38:16.066000","event_time":"2020-08-14 21:53:55.432000","is_attribution_event":false,"dma":"Seattle-Tacoma, WA","device_model":null,"sample_rate":null,"start_version":null,"os_name":"Chrome","country":"United States","device_carrier":null,"city":"Kirkland","device_manufacturer":null,"user_id":null,"location_lat":null,"ip_address":"50.47.143.67","library":"amplitude-js\/6.1.0","client_upload_time":"2020-08-14 21:53:55.440000","version_name":null,"event_type":"track-sample-played"}
{"uuid":"b1508120-de78-11ea-853a-020f23d7547d","$schema":12,"server_upload_time":"2020-08-14 21:54:11.674000","client_event_time":"2020-08-14 21:54:00.163000","device_id":"XE6HAt2agxtdRrX4iVdnhk","app":277124,"device_family":null,"adid":null,"event_properties":{"track-name":"Creative Solutions","project-id":801947046},"location_lng":null,"processed_time":"2020-08-14 21:54:14.070979","server_received_time":"2020-08-14 21:54:11.648000","groups":{},"session_id":1597441976572,"device_brand":null,"data":{},"language":"English","os_version":"84","group_properties":{},"amplitude_attribution_ids":null,"event_id":17,"user_properties":{"Username":"jineshv@gmail.com"},"amplitude_event_type":null,"device_type":null,"$insert_id":"8d406e71-197e-4e5c-a0a0-90cab81d1947","paying":null,"amplitude_id":184912401156,"region":"Washington","idfa":null,"platform":"Web","user_creation_time":"2020-08-14 20:38:16.066000","event_time":"2020-08-14 21:54:00.163000","is_attribution_event":false,"dma":"Seattle-Tacoma, WA","device_model":null,"sample_rate":null,"start_version":null,"os_name":"Chrome","country":"United States","device_carrier":null,"city":"Kirkland","device_manufacturer":null,"user_id":null,"location_lat":null,"ip_address":"50.47.143.67","library":"amplitude-js\/6.1.0","client_upload_time":"2020-08-14 21:54:11.624000","version_name":null,"event_type":"track-sample-played"}
{"uuid":"dd23f17e-de78-11ea-853a-020f23d7547d","$schema":12,"server_upload_time":"2020-08-14 21:55:26.638000","client_event_time":"2020-08-14 21:54:21.955000","device_id":"XE6HAt2agxtdRrX4iVdnhk","app":277124,"device_family":null,"adid":null,"event_properties":{"track-name":"All We Know","project-id":801947046},"location_lng":null,"processed_time":"2020-08-14 21:55:27.627747","server_received_time":"2020-08-14 21:55:26.634000","groups":{},"session_id":1597441976572,"device_brand":null,"data":{},"language":"English","os_version":"84","group_properties":{},"amplitude_attribution_ids":null,"event_id":18,"user_properties":{"Username":"jineshv@gmail.com"},"amplitude_event_type":null,"device_type":null,"$insert_id":"ee258c33-d664-4eb5-aad4-827af54ad956","paying":null,"amplitude_id":184912401156,"region":"Washington","idfa":null,"platform":"Web","user_creation_time":"2020-08-14 20:38:16.066000","event_time":"2020-08-14 21:54:21.955000","is_attribution_event":false,"dma":"Seattle-Tacoma, WA","device_model":null,"sample_rate":null,"start_version":null,"os_name":"Chrome","country":"United States","device_carrier":null,"city":"Kirkland","device_manufacturer":null,"user_id":null,"location_lat":null,"ip_address":"50.47.143.67","library":"amplitude-js\/6.1.0","client_upload_time":"2020-08-14 21:55:26.596000","version_name":null,"event_type":"track-deselected"}
{"uuid":"dd23fa8e-de78-11ea-853a-020f23d7547d","$schema":12,"server_upload_time":"2020-08-14 21:55:26.638000","client_event_time":"2020-08-14 21:54:34.570000","device_id":"XE6HAt2agxtdRrX4iVdnhk","app":277124,"device_family":null,"adid":null,"event_properties":{"track-name":"All We Know","project-id":801947046},"location_lng":null,"processed_time":"2020-08-14 21:55:27.627758","server_received_time":"2020-08-14 21:55:26.634000","groups":{},"session_id":1597441976572,"device_brand":null,"data":{},"language":"English","os_version":"84","group_properties":{},"amplitude_attribution_ids":null,"event_id":19,"user_properties":{"Username":"jineshv@gmail.com"},"amplitude_event_type":null,"device_type":null,"$insert_id":"b286ed3a-e1bf-4af0-a9d5-0406df38cd9d","paying":null,"amplitude_id":184912401156,"region":"Washington","idfa":null,"platform":"Web","user_creation_time":"2020-08-14 20:38:16.066000","event_time":"2020-08-14 21:54:34.570000","is_attribution_event":false,"dma":"Seattle-Tacoma, WA","device_model":null,"sample_rate":null,"start_version":null,"os_name":"Chrome","country":"United States","device_carrier":null,"city":"Kirkland","device_manufacturer":null,"user_id":null,"location_lat":null,"ip_address":"50.47.143.67","library":"amplitude-js\/6.1.0","client_upload_time":"2020-08-14 21:55:26.596000","version_name":null,"event_type":"track-selected"}
{"uuid":"dd2403da-de78-11ea-853a-020f23d7547d","$schema":12,"server_upload_time":"2020-08-14 21:55:26.638000","client_event_time":"2020-08-14 21:54:57.145000","device_id":"XE6HAt2agxtdRrX4iVdnhk","app":277124,"device_family":null,"adid":null,"event_properties":{"track-name":"Come on Up","project-id":801947046},"location_lng":null,"processed_time":"2020-08-14 21:55:27.627807","server_received_time":"2020-08-14 21:55:26.634000","groups":{},"session_id":1597441976572,"device_brand":null,"data":{},"language":"English","os_version":"84","group_properties":{},"amplitude_attribution_ids":null,"event_id":20,"user_properties":{"Username":"jineshv@gmail.com"},"amplitude_event_type":null,"device_type":null,"$insert_id":"5ccf4836-8fb1-4135-bb5d-aa2e8c188e61","paying":null,"amplitude_id":184912401156,"region":"Washington","idfa":null,"platform":"Web","user_creation_time":"2020-08-14 20:38:16.066000","event_time":"2020-08-14 21:54:57.145000","is_attribution_event":false,"dma":"Seattle-Tacoma, WA","device_model":null,"sample_rate":null,"start_version":null,"os_name":"Chrome","country":"United States","device_carrier":null,"city":"Kirkland","device_manufacturer":null,"user_id":null,"location_lat":null,"ip_address":"50.47.143.67","library":"amplitude-js\/6.1.0","client_upload_time":"2020-08-14 21:55:26.596000","version_name":null,"event_type":"track-selected"}
{"uuid":"e27a35ca-de78-11ea-853a-020f23d7547d","$schema":12,"server_upload_time":"2020-08-14 21:55:34.475000","client_event_time":"2020-08-14 21:55:34.409000","device_id":"XE6HAt2agxtdRrX4iVdnhk","app":277124,"device_family":null,"adid":null,"event_properties":{"project-category":"We need more Edisons than Einsteins-How Edisons Techniques Can Accelerate New Industrial Revolution WithIoT","project-name":"We need more Edisons"},"location_lng":null,"processed_time":"2020-08-14 21:55:36.541393","server_received_time":"2020-08-14 21:55:34.463000","groups":{},"session_id":1597441976572,"device_brand":null,"data":{},"language":"English","os_version":"84","group_properties":{},"amplitude_attribution_ids":null,"event_id":21,"user_properties":{"Username":"jineshv@gmail.com"},"amplitude_event_type":null,"device_type":null,"$insert_id":"b539c8f7-2f57-4a62-b741-b1f8b321f85d","paying":null,"amplitude_id":184912401156,"region":"Washington","idfa":null,"platform":"Web","user_creation_time":"2020-08-14 20:38:16.066000","event_time":"2020-08-14 21:55:34.409000","is_attribution_event":false,"dma":"Seattle-Tacoma, WA","device_model":null,"sample_rate":null,"start_version":null,"os_name":"Chrome","country":"United States","device_carrier":null,"city":"Kirkland","device_manufacturer":null,"user_id":"jineshv@gmail.com","location_lat":null,"ip_address":"50.47.143.67","library":"amplitude-js\/6.1.0","client_upload_time":"2020-08-14 21:55:34.410000","version_name":null,"event_type":"saved-video-opened"}
{"uuid":"e7520154-de78-11ea-853a-020f23d7547d","$schema":12,"server_upload_time":"2020-08-14 21:55:44.317000","client_event_time":"2020-08-14 21:55:44.277000","device_id":"XE6HAt2agxtdRrX4iVdnhk","app":277124,"device_family":null,"adid":null,"event_properties":{"project-id":801947046},"location_lng":null,"processed_time":"2020-08-14 21:55:44.694514","server_received_time":"2020-08-14 21:55:44.302000","groups":{},"session_id":1597441976572,"device_brand":null,"data":{},"language":"English","os_version":"84","group_properties":{},"amplitude_attribution_ids":null,"event_id":22,"user_properties":{"Username":"jineshv@gmail.com"},"amplitude_event_type":null,"device_type":null,"$insert_id":"5de0510b-a414-45ac-b905-054ba9ecc384","paying":null,"amplitude_id":184912401156,"region":"Washington","idfa":null,"platform":"Web","user_creation_time":"2020-08-14 20:38:16.066000","event_time":"2020-08-14 21:55:44.277000","is_attribution_event":false,"dma":"Seattle-Tacoma, WA","device_model":null,"sample_rate":null,"start_version":null,"os_name":"Chrome","country":"United States","device_carrier":null,"city":"Kirkland","device_manufacturer":null,"user_id":"jineshv@gmail.com","location_lat":null,"ip_address":"50.47.143.67","library":"amplitude-js\/6.1.0","client_upload_time":"2020-08-14 21:55:44.278000","version_name":null,"event_type":"preview-clicked"}
{"uuid":"08ffa374-de79-11ea-853a-020f23d7547d","$schema":12,"server_upload_time":"2020-08-14 21:56:40.611000","client_event_time":"2020-08-14 21:56:40.552000","device_id":"XE6HAt2agxtdRrX4iVdnhk","app":277124,"device_family":null,"adid":null,"event_properties":{"total-time":"8:20","closed-time":"0:54","project-id":801947046},"location_lng":null,"processed_time":"2020-08-14 21:56:41.175686","server_received_time":"2020-08-14 21:56:40.604000","groups":{},"session_id":1597441976572,"device_brand":null,"data":{},"language":"English","os_version":"84","group_properties":{},"amplitude_attribution_ids":null,"event_id":23,"user_properties":{"Username":"jineshv@gmail.com"},"amplitude_event_type":null,"device_type":null,"$insert_id":"3831d79b-1f18-4859-a414-a4aa43dfd5b0","paying":null,"amplitude_id":184912401156,"region":"Washington","idfa":null,"platform":"Web","user_creation_time":"2020-08-14 20:38:16.066000","event_time":"2020-08-14 21:56:40.552000","is_attribution_event":false,"dma":"Seattle-Tacoma, WA","device_model":null,"sample_rate":null,"start_version":null,"os_name":"Chrome","country":"United States","device_carrier":null,"city":"Kirkland","device_manufacturer":null,"user_id":"jineshv@gmail.com","location_lat":null,"ip_address":"50.47.143.67","library":"amplitude-js\/6.1.0","client_upload_time":"2020-08-14 21:56:40.556000","version_name":null,"event_type":"preview-closed"}
