{"amplitude_event_type":null,"event_time":"2020-08-13 09:07:42.452000","uuid":"7257a9ec-dd44-11ea-9e68-068083993cbf","app":277124,"adid":null,"device_manufacturer":null,"$insert_id":"83cb4e40-4d1f-4ab7-b6d2-757e826d7eec","start_version":null,"event_properties":{"project-id":748297938},"is_attribution_event":false,"device_id":"u_AF9tpzOT_w2N274DuKbe","user_properties":{"Username":"marketing@zinrelo.com"},"user_id":"marketing@zinrelo.com","country":"India","amplitude_id":174727268466,"dma":null,"client_upload_time":"2020-08-13 09:07:42.454000","paying":null,"version_name":null,"idfa":null,"region":"Maharashtra","os_version":"84","sample_rate":null,"server_received_time":"2020-08-13 09:07:42.836000","client_event_time":"2020-08-13 09:07:42.452000","device_carrier":null,"ip_address":"42.108.254.236","device_type":null,"device_family":null,"processed_time":"2020-08-13 09:07:43.435573","session_id":1597307634747,"server_upload_time":"2020-08-13 09:07:42.848000","group_properties":{},"device_model":null,"device_brand":null,"os_name":"Chrome","location_lng":null,"amplitude_attribution_ids":null,"city":"Pune","user_creation_time":"2020-07-02 08:54:44.362000","library":"amplitude-js\/6.1.0","platform":"Web","event_id":1872,"event_type":"preview-clicked","location_lat":null,"data":{},"language":"English","groups":{},"$schema":12}
{"amplitude_event_type":null,"event_time":"2020-08-13 09:08:37.390000","uuid":"930fdbd2-dd44-11ea-9e68-068083993cbf","app":277124,"adid":null,"device_manufacturer":null,"$insert_id":"f5fe2717-b333-4d06-ad00-10f02d673d59","start_version":null,"event_properties":{"total-time":"1:37","closed-time":"0:38","project-id":748297938},"is_attribution_event":false,"device_id":"u_AF9tpzOT_w2N274DuKbe","user_properties":{"Username":"marketing@zinrelo.com"},"user_id":"marketing@zinrelo.com","country":"India","amplitude_id":174727268466,"dma":null,"client_upload_time":"2020-08-13 09:08:37.391000","paying":null,"version_name":null,"idfa":null,"region":"Maharashtra","os_version":"84","sample_rate":null,"server_received_time":"2020-08-13 09:08:37.052000","client_event_time":"2020-08-13 09:08:37.390000","device_carrier":null,"ip_address":"42.108.254.236","device_type":null,"device_family":null,"processed_time":"2020-08-13 09:08:38.312558","session_id":1597307634747,"server_upload_time":"2020-08-13 09:08:37.061000","group_properties":{},"device_model":null,"device_brand":null,"os_name":"Chrome","location_lng":null,"amplitude_attribution_ids":null,"city":"Pune","user_creation_time":"2020-07-02 08:54:44.362000","library":"amplitude-js\/6.1.0","platform":"Web","event_id":1873,"event_type":"preview-closed","location_lat":null,"data":{},"language":"English","groups":{},"$schema":12}
{"amplitude_event_type":null,"event_time":"2020-08-13 09:08:48.940000","uuid":"9af313fa-dd44-11ea-9e68-068083993cbf","app":277124,"adid":null,"device_manufacturer":null,"$insert_id":"94fadf95-da20-4e03-96f5-af3c2b84833d","start_version":null,"event_properties":{"save-type":"Saved Video","project-category":"Blue Rose Pottery - A success story","project-name":"Blue Rose Pottery -","project-id":748297938},"is_attribution_event":false,"device_id":"u_AF9tpzOT_w2N274DuKbe","user_properties":{"Username":"marketing@zinrelo.com"},"user_id":"marketing@zinrelo.com","country":"India","amplitude_id":174727268466,"dma":null,"client_upload_time":"2020-08-13 09:08:48.941000","paying":null,"version_name":null,"idfa":null,"region":"Maharashtra","os_version":"84","sample_rate":null,"server_received_time":"2020-08-13 09:08:48.588000","client_event_time":"2020-08-13 09:08:48.940000","device_carrier":null,"ip_address":"42.108.254.236","device_type":null,"device_family":null,"processed_time":"2020-08-13 09:08:51.554395","session_id":1597307634747,"server_upload_time":"2020-08-13 09:08:48.599000","group_properties":{},"device_model":null,"device_brand":null,"os_name":"Chrome","location_lng":null,"amplitude_attribution_ids":null,"city":"Pune","user_creation_time":"2020-07-02 08:54:44.362000","library":"amplitude-js\/6.1.0","platform":"Web","event_id":1874,"event_type":"video-saved","location_lat":null,"data":{},"language":"English","groups":{},"$schema":12}
{"amplitude_event_type":null,"event_time":"2020-08-13 09:08:51.049000","uuid":"9af321b0-dd44-11ea-9e68-068083993cbf","app":277124,"adid":null,"device_manufacturer":null,"$insert_id":"d0370872-86d3-4e6d-9e01-e115d53fb0d9","start_version":null,"event_properties":{"project-id":748297938},"is_attribution_event":false,"device_id":"u_AF9tpzOT_w2N274DuKbe","user_properties":{"Username":"marketing@zinrelo.com"},"user_id":"marketing@zinrelo.com","country":"India","amplitude_id":174727268466,"dma":null,"client_upload_time":"2020-08-13 09:08:51.050000","paying":null,"version_name":null,"idfa":null,"region":"Maharashtra","os_version":"84","sample_rate":null,"server_received_time":"2020-08-13 09:08:50.690000","client_event_time":"2020-08-13 09:08:51.049000","device_carrier":null,"ip_address":"42.108.254.236","device_type":null,"device_family":null,"processed_time":"2020-08-13 09:08:51.572783","session_id":1597307634747,"server_upload_time":"2020-08-13 09:08:50.703000","group_properties":{},"device_model":null,"device_brand":null,"os_name":"Chrome","location_lng":null,"amplitude_attribution_ids":null,"city":"Pune","user_creation_time":"2020-07-02 08:54:44.362000","library":"amplitude-js\/6.1.0","platform":"Web","event_id":1875,"event_type":"preview-clicked","location_lat":null,"data":{},"language":"English","groups":{},"$schema":12}
{"amplitude_event_type":null,"event_time":"2020-08-13 09:10:37.818000","uuid":"dafcd288-dd44-11ea-9e68-068083993cbf","app":277124,"adid":null,"device_manufacturer":null,"$insert_id":"a8fda0f1-56b5-48b1-bda4-0f3337e64461","start_version":null,"event_properties":{"total-time":"1:37","closed-time":"1:37","project-id":748297938},"is_attribution_event":false,"device_id":"u_AF9tpzOT_w2N274DuKbe","user_properties":{"Username":"marketing@zinrelo.com"},"user_id":"marketing@zinrelo.com","country":"India","amplitude_id":174727268466,"dma":null,"client_upload_time":"2020-08-13 09:10:37.819000","paying":null,"version_name":null,"idfa":null,"region":"Maharashtra","os_version":"84","sample_rate":null,"server_received_time":"2020-08-13 09:10:37.482000","client_event_time":"2020-08-13 09:10:37.818000","device_carrier":null,"ip_address":"42.108.254.236","device_type":null,"device_family":null,"processed_time":"2020-08-13 09:10:38.988162","session_id":1597307634747,"server_upload_time":"2020-08-13 09:10:37.496000","group_properties":{},"device_model":null,"device_brand":null,"os_name":"Chrome","location_lng":null,"amplitude_attribution_ids":null,"city":"Pune","user_creation_time":"2020-07-02 08:54:44.362000","library":"amplitude-js\/6.1.0","platform":"Web","event_id":1876,"event_type":"preview-closed","location_lat":null,"data":{},"language":"English","groups":{},"$schema":12}
{"amplitude_event_type":null,"event_time":"2020-08-13 09:10:53.108000","uuid":"e45f24e8-dd44-11ea-9e68-068083993cbf","app":277124,"adid":null,"device_manufacturer":null,"$insert_id":"f59d280e-1b8b-465f-a34e-d2cb695e578a","start_version":null,"event_properties":{"save-type":"Saved Video","project-category":"Blue Rose Pottery - A success story","project-name":"Blue Rose Pottery -","project-id":748297938},"is_attribution_event":false,"device_id":"u_AF9tpzOT_w2N274DuKbe","user_properties":{"Username":"marketing@zinrelo.com"},"user_id":"marketing@zinrelo.com","country":"India","amplitude_id":174727268466,"dma":null,"client_upload_time":"2020-08-13 09:10:53.109000","paying":null,"version_name":null,"idfa":null,"region":"Maharashtra","os_version":"84","sample_rate":null,"server_received_time":"2020-08-13 09:10:52.754000","client_event_time":"2020-08-13 09:10:53.108000","device_carrier":null,"ip_address":"42.108.254.236","device_type":null,"device_family":null,"processed_time":"2020-08-13 09:10:54.726739","session_id":1597307634747,"server_upload_time":"2020-08-13 09:10:52.760000","group_properties":{},"device_model":null,"device_brand":null,"os_name":"Chrome","location_lng":null,"amplitude_attribution_ids":null,"city":"Pune","user_creation_time":"2020-07-02 08:54:44.362000","library":"amplitude-js\/6.1.0","platform":"Web","event_id":1877,"event_type":"video-saved","location_lat":null,"data":{},"language":"English","groups":{},"$schema":12}
{"amplitude_event_type":null,"event_time":"2020-08-13 09:10:55.879000","uuid":"e62f39b6-dd44-11ea-9e68-068083993cbf","app":277124,"adid":null,"device_manufacturer":null,"$insert_id":"26a0a3ee-ca4b-47ca-8715-146cbb46812d","start_version":null,"event_properties":{"save-type":"Saved Video","project-category":"Blue Rose Pottery - A success story","project-name":"Blue Rose Pottery -","project-id":748297938},"is_attribution_event":false,"device_id":"u_AF9tpzOT_w2N274DuKbe","user_properties":{"Username":"marketing@zinrelo.com"},"user_id":"marketing@zinrelo.com","country":"India","amplitude_id":174727268466,"dma":null,"client_upload_time":"2020-08-13 09:10:55.880000","paying":null,"version_name":null,"idfa":null,"region":"Maharashtra","os_version":"84","sample_rate":null,"server_received_time":"2020-08-13 09:10:55.536000","client_event_time":"2020-08-13 09:10:55.879000","device_carrier":null,"ip_address":"42.108.254.236","device_type":null,"device_family":null,"processed_time":"2020-08-13 09:10:57.776051","session_id":1597307634747,"server_upload_time":"2020-08-13 09:10:55.549000","group_properties":{},"device_model":null,"device_brand":null,"os_name":"Chrome","location_lng":null,"amplitude_attribution_ids":null,"city":"Pune","user_creation_time":"2020-07-02 08:54:44.362000","library":"amplitude-js\/6.1.0","platform":"Web","event_id":1878,"event_type":"video-saved","location_lat":null,"data":{},"language":"English","groups":{},"$schema":12}
{"amplitude_event_type":null,"event_time":"2020-08-13 09:10:59.389000","uuid":"e7cb3d60-dd44-11ea-9e68-068083993cbf","app":277124,"adid":null,"device_manufacturer":null,"$insert_id":"27051e47-6ede-484d-a6a2-cd2d534158e8","start_version":null,"event_properties":{"save-type":"Saved Video","project-category":"Blue Rose Pottery - A success story","project-name":"Blue Rose Pottery -","project-id":748297938},"is_attribution_event":false,"device_id":"u_AF9tpzOT_w2N274DuKbe","user_properties":{"Username":"marketing@zinrelo.com"},"user_id":"marketing@zinrelo.com","country":"India","amplitude_id":174727268466,"dma":null,"client_upload_time":"2020-08-13 09:10:59.390000","paying":null,"version_name":null,"idfa":null,"region":"Maharashtra","os_version":"84","sample_rate":null,"server_received_time":"2020-08-13 09:10:59.038000","client_event_time":"2020-08-13 09:10:59.389000","device_carrier":null,"ip_address":"42.108.254.236","device_type":null,"device_family":null,"processed_time":"2020-08-13 09:11:00.466247","session_id":1597307634747,"server_upload_time":"2020-08-13 09:10:59.050000","group_properties":{},"device_model":null,"device_brand":null,"os_name":"Chrome","location_lng":null,"amplitude_attribution_ids":null,"city":"Pune","user_creation_time":"2020-07-02 08:54:44.362000","library":"amplitude-js\/6.1.0","platform":"Web","event_id":1879,"event_type":"video-saved","location_lat":null,"data":{},"language":"English","groups":{},"$schema":12}
{"amplitude_event_type":null,"event_time":"2020-08-13 09:11:02.166000","uuid":"e8ebc6a6-dd44-11ea-9e68-068083993cbf","app":277124,"adid":null,"device_manufacturer":null,"$insert_id":"78f142f5-c6d0-45d0-8658-2db87b4b2470","start_version":null,"event_properties":{"save-type":"Saved Video","project-category":"Blue Rose Pottery - A success story","project-name":"Blue Rose Pottery -","project-id":748297938},"is_attribution_event":false,"device_id":"u_AF9tpzOT_w2N274DuKbe","user_properties":{"Username":"marketing@zinrelo.com"},"user_id":"marketing@zinrelo.com","country":"India","amplitude_id":174727268466,"dma":null,"client_upload_time":"2020-08-13 09:11:02.166000","paying":null,"version_name":null,"idfa":null,"region":"Maharashtra","os_version":"84","sample_rate":null,"server_received_time":"2020-08-13 09:11:01.812000","client_event_time":"2020-08-13 09:11:02.166000","device_carrier":null,"ip_address":"42.108.254.236","device_type":null,"device_family":null,"processed_time":"2020-08-13 09:11:02.366933","session_id":1597307634747,"server_upload_time":"2020-08-13 09:11:01.817000","group_properties":{},"device_model":null,"device_brand":null,"os_name":"Chrome","location_lng":null,"amplitude_attribution_ids":null,"city":"Pune","user_creation_time":"2020-07-02 08:54:44.362000","library":"amplitude-js\/6.1.0","platform":"Web","event_id":1880,"event_type":"video-saved","location_lat":null,"data":{},"language":"English","groups":{},"$schema":12}
{"amplitude_event_type":null,"event_time":"2020-08-13 09:11:07.778000","uuid":"ec8f087c-dd44-11ea-9e68-068083993cbf","app":277124,"adid":null,"device_manufacturer":null,"$insert_id":"965738a2-4007-4d4b-af93-b141b629c464","start_version":null,"event_properties":{"save-type":"Saved Video","project-category":"Blue Rose Pottery - A success story","project-name":"Blue Rose Pottery -","project-id":748297938},"is_attribution_event":false,"device_id":"u_AF9tpzOT_w2N274DuKbe","user_properties":{"Username":"marketing@zinrelo.com"},"user_id":"marketing@zinrelo.com","country":"India","amplitude_id":174727268466,"dma":null,"client_upload_time":"2020-08-13 09:11:07.779000","paying":null,"version_name":null,"idfa":null,"region":"Maharashtra","os_version":"84","sample_rate":null,"server_received_time":"2020-08-13 09:11:07.448000","client_event_time":"2020-08-13 09:11:07.778000","device_carrier":null,"ip_address":"42.108.254.236","device_type":null,"device_family":null,"processed_time":"2020-08-13 09:11:08.459031","session_id":1597307634747,"server_upload_time":"2020-08-13 09:11:07.464000","group_properties":{},"device_model":null,"device_brand":null,"os_name":"Chrome","location_lng":null,"amplitude_attribution_ids":null,"city":"Pune","user_creation_time":"2020-07-02 08:54:44.362000","library":"amplitude-js\/6.1.0","platform":"Web","event_id":1881,"event_type":"video-saved","location_lat":null,"data":{},"language":"English","groups":{},"$schema":12}
{"amplitude_event_type":null,"event_time":"2020-08-13 09:12:10.777000","uuid":"11f646c0-dd45-11ea-9e68-068083993cbf","app":277124,"adid":null,"device_manufacturer":null,"$insert_id":"d5e2e047-6abd-4915-b585-7c315deec27b","start_version":null,"event_properties":{"new-text":"The objective was to increase their repeat purchase revenue","old-text":"Blue Rose Pottery\u2019s objective was to increase their <strong>repeat purchase revenue<\/strong>"},"is_attribution_event":false,"device_id":"u_AF9tpzOT_w2N274DuKbe","user_properties":{"Username":"marketing@zinrelo.com"},"user_id":"marketing@zinrelo.com","country":"India","amplitude_id":174727268466,"dma":null,"client_upload_time":"2020-08-13 09:12:10.779000","paying":null,"version_name":null,"idfa":null,"region":"Maharashtra","os_version":"84","sample_rate":null,"server_received_time":"2020-08-13 09:12:10.441000","client_event_time":"2020-08-13 09:12:10.777000","device_carrier":null,"ip_address":"42.108.254.236","device_type":null,"device_family":null,"processed_time":"2020-08-13 09:12:11.224321","session_id":1597307634747,"server_upload_time":"2020-08-13 09:12:10.447000","group_properties":{},"device_model":null,"device_brand":null,"os_name":"Chrome","location_lng":null,"amplitude_attribution_ids":null,"city":"Pune","user_creation_time":"2020-07-02 08:54:44.362000","library":"amplitude-js\/6.1.0","platform":"Web","event_id":1882,"event_type":"edit-scene-text","location_lat":null,"data":{},"language":"English","groups":{},"$schema":12}
{"amplitude_event_type":null,"event_time":"2020-08-13 09:12:14.316000","uuid":"140ecb62-dd45-11ea-9e68-068083993cbf","app":277124,"adid":null,"device_manufacturer":null,"$insert_id":"654f7b3a-00d7-43b6-87e5-f3a02bebad0a","start_version":null,"event_properties":{"save-type":"Saved Video","project-category":"Blue Rose Pottery - A success story","project-name":"Blue Rose Pottery -","project-id":748297938},"is_attribution_event":false,"device_id":"u_AF9tpzOT_w2N274DuKbe","user_properties":{"Username":"marketing@zinrelo.com"},"user_id":"marketing@zinrelo.com","country":"India","amplitude_id":174727268466,"dma":null,"client_upload_time":"2020-08-13 09:12:14.317000","paying":null,"version_name":null,"idfa":null,"region":"Maharashtra","os_version":"84","sample_rate":null,"server_received_time":"2020-08-13 09:12:13.962000","client_event_time":"2020-08-13 09:12:14.316000","device_carrier":null,"ip_address":"42.108.254.236","device_type":null,"device_family":null,"processed_time":"2020-08-13 09:12:14.727331","session_id":1597307634747,"server_upload_time":"2020-08-13 09:12:13.966000","group_properties":{},"device_model":null,"device_brand":null,"os_name":"Chrome","location_lng":null,"amplitude_attribution_ids":null,"city":"Pune","user_creation_time":"2020-07-02 08:54:44.362000","library":"amplitude-js\/6.1.0","platform":"Web","event_id":1883,"event_type":"video-saved","location_lat":null,"data":{},"language":"English","groups":{},"$schema":12}
{"amplitude_event_type":null,"event_time":"2020-08-13 09:12:24.347000","uuid":"1a77dbb0-dd45-11ea-9e68-068083993cbf","app":277124,"adid":null,"device_manufacturer":null,"$insert_id":"f002175c-b824-49f8-909f-74bec20e8a9f","start_version":null,"event_properties":{"new-text":"Their objective was to increase their repeat purchase revenue","old-text":"The objective was to increase their <strong>repeat purchase revenue<\/strong>"},"is_attribution_event":false,"device_id":"u_AF9tpzOT_w2N274DuKbe","user_properties":{"Username":"marketing@zinrelo.com"},"user_id":"marketing@zinrelo.com","country":"India","amplitude_id":174727268466,"dma":null,"client_upload_time":"2020-08-13 09:12:24.348000","paying":null,"version_name":null,"idfa":null,"region":"Maharashtra","os_version":"84","sample_rate":null,"server_received_time":"2020-08-13 09:12:24.002000","client_event_time":"2020-08-13 09:12:24.347000","device_carrier":null,"ip_address":"42.108.254.236","device_type":null,"device_family":null,"processed_time":"2020-08-13 09:12:25.487740","session_id":1597307634747,"server_upload_time":"2020-08-13 09:12:24.015000","group_properties":{},"device_model":null,"device_brand":null,"os_name":"Chrome","location_lng":null,"amplitude_attribution_ids":null,"city":"Pune","user_creation_time":"2020-07-02 08:54:44.362000","library":"amplitude-js\/6.1.0","platform":"Web","event_id":1884,"event_type":"edit-scene-text","location_lat":null,"data":{},"language":"English","groups":{},"$schema":12}
{"amplitude_event_type":null,"event_time":"2020-08-13 09:12:27.599000","uuid":"1c6cb576-dd45-11ea-9e68-068083993cbf","app":277124,"adid":null,"device_manufacturer":null,"$insert_id":"a27ee03c-19ea-4119-bf3a-22cc414e0428","start_version":null,"event_properties":{"save-type":"Saved Video","project-category":"Blue Rose Pottery - A success story","project-name":"Blue Rose Pottery -","project-id":748297938},"is_attribution_event":false,"device_id":"u_AF9tpzOT_w2N274DuKbe","user_properties":{"Username":"marketing@zinrelo.com"},"user_id":"marketing@zinrelo.com","country":"India","amplitude_id":174727268466,"dma":null,"client_upload_time":"2020-08-13 09:12:27.600000","paying":null,"version_name":null,"idfa":null,"region":"Maharashtra","os_version":"84","sample_rate":null,"server_received_time":"2020-08-13 09:12:27.246000","client_event_time":"2020-08-13 09:12:27.599000","device_carrier":null,"ip_address":"42.108.254.236","device_type":null,"device_family":null,"processed_time":"2020-08-13 09:12:28.765215","session_id":1597307634747,"server_upload_time":"2020-08-13 09:12:27.252000","group_properties":{},"device_model":null,"device_brand":null,"os_name":"Chrome","location_lng":null,"amplitude_attribution_ids":null,"city":"Pune","user_creation_time":"2020-07-02 08:54:44.362000","library":"amplitude-js\/6.1.0","platform":"Web","event_id":1885,"event_type":"video-saved","location_lat":null,"data":{},"language":"English","groups":{},"$schema":12}
{"amplitude_event_type":null,"event_time":"2020-08-13 09:14:04.480000","uuid":"57314e4c-dd45-11ea-9e68-068083993cbf","app":277124,"adid":null,"device_manufacturer":null,"$insert_id":"4770671b-bf59-429e-96b7-c2efc6ce7eb8","start_version":null,"event_properties":{"new-text":"They wanted to increase their repeat purchase revenue","old-text":"Their objective was to increase their <strong>repeat purchase revenue<\/strong>"},"is_attribution_event":false,"device_id":"u_AF9tpzOT_w2N274DuKbe","user_properties":{"Username":"marketing@zinrelo.com"},"user_id":"marketing@zinrelo.com","country":"India","amplitude_id":174727268466,"dma":null,"client_upload_time":"2020-08-13 09:14:04.481000","paying":null,"version_name":null,"idfa":null,"region":"Maharashtra","os_version":"84","sample_rate":null,"server_received_time":"2020-08-13 09:14:04.131000","client_event_time":"2020-08-13 09:14:04.480000","device_carrier":null,"ip_address":"42.108.254.236","device_type":null,"device_family":null,"processed_time":"2020-08-13 09:14:07.386745","session_id":1597307634747,"server_upload_time":"2020-08-13 09:14:04.141000","group_properties":{},"device_model":null,"device_brand":null,"os_name":"Chrome","location_lng":null,"amplitude_attribution_ids":null,"city":"Pune","user_creation_time":"2020-07-02 08:54:44.362000","library":"amplitude-js\/6.1.0","platform":"Web","event_id":1886,"event_type":"edit-scene-text","location_lat":null,"data":{},"language":"English","groups":{},"$schema":12}
{"amplitude_event_type":null,"event_time":"2020-08-13 09:14:07.920000","uuid":"5869df90-dd45-11ea-9e68-068083993cbf","app":277124,"adid":null,"device_manufacturer":null,"$insert_id":"46f1e685-7e1e-4ca7-a4e1-4065e59a37ef","start_version":null,"event_properties":{"save-type":"Saved Video","project-category":"Blue Rose Pottery - A success story","project-name":"Blue Rose Pottery -","project-id":748297938},"is_attribution_event":false,"device_id":"u_AF9tpzOT_w2N274DuKbe","user_properties":{"Username":"marketing@zinrelo.com"},"user_id":"marketing@zinrelo.com","country":"India","amplitude_id":174727268466,"dma":null,"client_upload_time":"2020-08-13 09:14:07.920000","paying":null,"version_name":null,"idfa":null,"region":"Maharashtra","os_version":"84","sample_rate":null,"server_received_time":"2020-08-13 09:14:07.566000","client_event_time":"2020-08-13 09:14:07.920000","device_carrier":null,"ip_address":"42.108.254.236","device_type":null,"device_family":null,"processed_time":"2020-08-13 09:14:09.410574","session_id":1597307634747,"server_upload_time":"2020-08-13 09:14:07.571000","group_properties":{},"device_model":null,"device_brand":null,"os_name":"Chrome","location_lng":null,"amplitude_attribution_ids":null,"city":"Pune","user_creation_time":"2020-07-02 08:54:44.362000","library":"amplitude-js\/6.1.0","platform":"Web","event_id":1887,"event_type":"video-saved","location_lat":null,"data":{},"language":"English","groups":{},"$schema":12}
{"amplitude_event_type":null,"event_time":"2020-08-13 09:14:30.830000","uuid":"6599dd8c-dd45-11ea-9e68-068083993cbf","app":277124,"adid":null,"device_manufacturer":null,"$insert_id":"3819beab-3534-4daa-9882-8ab36e7901e7","start_version":null,"event_properties":{"save-type":"Saved Video","project-category":"Blue Rose Pottery - A success story","project-name":"Blue Rose Pottery -","project-id":748297938},"is_attribution_event":false,"device_id":"u_AF9tpzOT_w2N274DuKbe","user_properties":{"Username":"marketing@zinrelo.com"},"user_id":"marketing@zinrelo.com","country":"India","amplitude_id":174727268466,"dma":null,"client_upload_time":"2020-08-13 09:14:30.831000","paying":null,"version_name":null,"idfa":null,"region":"Maharashtra","os_version":"84","sample_rate":null,"server_received_time":"2020-08-13 09:14:30.480000","client_event_time":"2020-08-13 09:14:30.830000","device_carrier":null,"ip_address":"42.108.254.236","device_type":null,"device_family":null,"processed_time":"2020-08-13 09:14:31.533819","session_id":1597307634747,"server_upload_time":"2020-08-13 09:14:30.488000","group_properties":{},"device_model":null,"device_brand":null,"os_name":"Chrome","location_lng":null,"amplitude_attribution_ids":null,"city":"Pune","user_creation_time":"2020-07-02 08:54:44.362000","library":"amplitude-js\/6.1.0","platform":"Web","event_id":1888,"event_type":"video-saved","location_lat":null,"data":{},"language":"English","groups":{},"$schema":12}
{"amplitude_event_type":null,"event_time":"2020-08-13 09:14:47.487000","uuid":"6f1cd59e-dd45-11ea-9e68-068083993cbf","app":277124,"adid":null,"device_manufacturer":null,"$insert_id":"1278f495-8291-4318-a89e-a96663ff1410","start_version":null,"event_properties":{"total-videos":0,"track-name":"A New Joyful Day","total-scenes-with-original-image":15,"total-video-time-in-minutes":"1.58","total-time-to-generate-in-seconds":2439,"project-id":748297938,"total-scenes":15,"total-images":15,"total-sub-scenes":4,"total-time-to-generate-in-minutes":"40.65","voice-track-name":"Matthew, male","total-video-time-in-seconds":94.85},"is_attribution_event":false,"device_id":"u_AF9tpzOT_w2N274DuKbe","user_properties":{"Username":"marketing@zinrelo.com"},"user_id":"marketing@zinrelo.com","country":"India","amplitude_id":174727268466,"dma":null,"client_upload_time":"2020-08-13 09:14:47.487000","paying":null,"version_name":null,"idfa":null,"region":"Maharashtra","os_version":"84","sample_rate":null,"server_received_time":"2020-08-13 09:14:47.154000","client_event_time":"2020-08-13 09:14:47.487000","device_carrier":null,"ip_address":"42.108.254.236","device_type":null,"device_family":null,"processed_time":"2020-08-13 09:14:47.499677","session_id":1597307634747,"server_upload_time":"2020-08-13 09:14:47.172000","group_properties":{},"device_model":null,"device_brand":null,"os_name":"Chrome","location_lng":null,"amplitude_attribution_ids":null,"city":"Pune","user_creation_time":"2020-07-02 08:54:44.362000","library":"amplitude-js\/6.1.0","platform":"Web","event_id":1889,"event_type":"generate-clicked","location_lat":null,"data":{},"language":"English","groups":{},"$schema":12}
{"amplitude_event_type":null,"event_time":"2020-08-13 09:16:32.198000","uuid":"ae303aaa-dd45-11ea-9e68-068083993cbf","app":277124,"adid":null,"device_manufacturer":null,"$insert_id":"afcf2033-8134-4576-8f94-6a0d3a577ced","start_version":null,"event_properties":{"time-taken-in-minutes":"1.90","project-id":748297938,"time-taken-in-seconds":114},"is_attribution_event":false,"device_id":"u_AF9tpzOT_w2N274DuKbe","user_properties":{"Username":"marketing@zinrelo.com"},"user_id":"marketing@zinrelo.com","country":"India","amplitude_id":174727268466,"dma":null,"client_upload_time":"2020-08-13 09:16:32.200000","paying":null,"version_name":null,"idfa":null,"region":"Maharashtra","os_version":"84","sample_rate":null,"server_received_time":"2020-08-13 09:16:31.847000","client_event_time":"2020-08-13 09:16:32.198000","device_carrier":null,"ip_address":"42.108.254.236","device_type":null,"device_family":null,"processed_time":"2020-08-13 09:16:33.325430","session_id":1597307634747,"server_upload_time":"2020-08-13 09:16:31.867000","group_properties":{},"device_model":null,"device_brand":null,"os_name":"Chrome","location_lng":null,"amplitude_attribution_ids":null,"city":"Pune","user_creation_time":"2020-07-02 08:54:44.362000","library":"amplitude-js\/6.1.0","platform":"Web","event_id":1890,"event_type":"video-generated","location_lat":null,"data":{},"language":"English","groups":{},"$schema":12}
{"amplitude_event_type":null,"event_time":"2020-08-13 09:16:35.129000","uuid":"b020d28e-dd45-11ea-9e68-068083993cbf","app":277124,"adid":null,"device_manufacturer":null,"$insert_id":"f2bc3f72-3763-445f-adf6-9d474e9aa9a4","start_version":null,"event_properties":{"save-type":"Saved Video","project-category":"Blue Rose Pottery - A success story","project-name":"Blue Rose Pottery -","project-id":748297938},"is_attribution_event":false,"device_id":"u_AF9tpzOT_w2N274DuKbe","user_properties":{"Username":"marketing@zinrelo.com"},"user_id":"marketing@zinrelo.com","country":"India","amplitude_id":174727268466,"dma":null,"client_upload_time":"2020-08-13 09:16:35.130000","paying":null,"version_name":null,"idfa":null,"region":"Maharashtra","os_version":"84","sample_rate":null,"server_received_time":"2020-08-13 09:16:34.778000","client_event_time":"2020-08-13 09:16:35.129000","device_carrier":null,"ip_address":"42.108.254.236","device_type":null,"device_family":null,"processed_time":"2020-08-13 09:16:36.571713","session_id":1597307634747,"server_upload_time":"2020-08-13 09:16:34.788000","group_properties":{},"device_model":null,"device_brand":null,"os_name":"Chrome","location_lng":null,"amplitude_attribution_ids":null,"city":"Pune","user_creation_time":"2020-07-02 08:54:44.362000","library":"amplitude-js\/6.1.0","platform":"Web","event_id":1891,"event_type":"video-saved","location_lat":null,"data":{},"language":"English","groups":{},"$schema":12}
{"amplitude_event_type":null,"event_time":"2020-08-13 09:26:39.045000","uuid":"17c48394-dd47-11ea-9e68-068083993cbf","app":277124,"adid":null,"device_manufacturer":null,"$insert_id":"fdd0cf44-9766-4d29-a636-92a906fa92da","start_version":null,"event_properties":{"project-id":748297938,"video-name":"Blue Rose Pottery - A success story.mp4","video-link":"https:\/\/video.pictory.ai\/nas"},"is_attribution_event":false,"device_id":"u_AF9tpzOT_w2N274DuKbe","user_properties":{"Username":"marketing@zinrelo.com"},"user_id":"marketing@zinrelo.com","country":"India","amplitude_id":174727268466,"dma":null,"client_upload_time":"2020-08-13 09:26:39.047000","paying":null,"version_name":null,"idfa":null,"region":"Maharashtra","os_version":"84","sample_rate":null,"server_received_time":"2020-08-13 09:26:39.405000","client_event_time":"2020-08-13 09:26:39.045000","device_carrier":null,"ip_address":"42.108.254.236","device_type":null,"device_family":null,"processed_time":"2020-08-13 09:26:40.051956","session_id":1597307634747,"server_upload_time":"2020-08-13 09:26:39.414000","group_properties":{},"device_model":null,"device_brand":null,"os_name":"Chrome","location_lng":null,"amplitude_attribution_ids":null,"city":"Pune","user_creation_time":"2020-07-02 08:54:44.362000","library":"amplitude-js\/6.1.0","platform":"Web","event_id":1892,"event_type":"video-downloaded","location_lat":null,"data":{},"language":"English","groups":{},"$schema":12}
