{"os_version":"84","device_family":null,"device_brand":null,"country":"India","os_name":"Chrome","processed_time":"2020-08-05 08:48:13.173154","groups":{},"server_received_time":"2020-08-05 08:48:09.941000","amplitude_id":181128795511,"event_properties":{"logo-location":"Top-Left","outro-scene-used":false,"intro-style-used":false,"logo-uploaded":false,"scene-style-used":false},"session_id":1596617281696,"amplitude_event_type":null,"device_model":null,"idfa":null,"location_lng":null,"user_id":"temporaryid38@yopmail.com","client_upload_time":"2020-08-05 08:48:01.699000","ip_address":"203.81.243.184","dma":null,"server_upload_time":"2020-08-05 08:48:09.950000","library":"amplitude-js\/6.1.0","amplitude_attribution_ids":null,"user_creation_time":"2020-07-29 13:09:15.819000","group_properties":{},"is_attribution_event":false,"location_lat":null,"$schema":12,"device_carrier":null,"device_type":null,"uuid":"658192fc-d6f8-11ea-8dbd-0a511e549a75","$insert_id":"2f56c0bc-8e07-4728-a50c-3d0daa3c0f0b","event_id":1,"region":"National Capital Territory of Delhi","event_type":"brand-settings","client_event_time":"2020-08-05 08:48:01.696000","app":277124,"device_id":"Y3_EwcCu-e_FLDZZY0cjIz","event_time":"2020-08-05 08:48:01.696000","sample_rate":null,"city":"Delhi","language":"English","version_name":null,"device_manufacturer":null,"data":{},"platform":"Web","user_properties":{"Username":"temporaryid38@yopmail.com"},"adid":null,"start_version":null,"paying":null}
