{"amplitude_attribution_ids":null,"adid":null,"device_model":null,"location_lat":null,"sample_rate":null,"device_brand":null,"event_time":"2020-08-02 18:03:47.062000","user_creation_time":"2020-08-02 18:03:47.062000","data":{"first_event":true},"idfa":null,"device_family":null,"event_properties":{"login-via":"Google"},"version_name":null,"processed_time":"2020-08-02 18:03:49.368579","os_version":"80","user_id":null,"platform":"Web","device_id":"U5g785fQEaNmZleTq-7X8B","ip_address":"157.34.149.211","device_carrier":null,"device_type":null,"$schema":12,"library":"amplitude-js\/6.1.0","client_upload_time":"2020-08-02 18:03:47.068000","dma":null,"user_properties":{},"group_properties":{},"uuid":"84273884-d4ea-11ea-8cd7-069933e54375","language":"English","session_id":1596391411966,"server_received_time":"2020-08-02 18:03:48.728000","$insert_id":"cda79509-70e1-4140-86f3-62fd02a45b4e","city":null,"location_lng":null,"amplitude_event_type":null,"event_type":"user-login","app":277124,"event_id":1,"client_event_time":"2020-08-02 18:03:47.062000","groups":{},"paying":null,"region":"Madhya Pradesh","is_attribution_event":false,"device_manufacturer":null,"start_version":null,"os_name":"Chrome Mobile","country":"India","amplitude_id":182101916869,"server_upload_time":"2020-08-02 18:03:48.731000"}
{"amplitude_attribution_ids":null,"adid":null,"device_model":null,"location_lat":null,"sample_rate":null,"device_brand":null,"event_time":"2020-08-02 18:04:58.844000","user_creation_time":"2020-07-13 08:59:17.525000","data":{},"idfa":null,"device_family":null,"event_properties":{"login-via":"Pictory"},"version_name":null,"processed_time":"2020-08-02 18:05:01.382412","os_version":"80","user_id":"dayachandpatel66@gmail.com","platform":"Web","device_id":"U5g785fQEaNmZleTq-7X8B","ip_address":"157.34.149.211","device_carrier":null,"device_type":null,"$schema":12,"library":"amplitude-js\/6.1.0","client_upload_time":"2020-08-02 18:04:59.332000","dma":null,"user_properties":{"Username":"dayachandpatel66@gmail.com"},"group_properties":{},"uuid":"af1ba85e-d4ea-11ea-8cd7-069933e54375","language":"English","session_id":1596391411966,"server_received_time":"2020-08-02 18:05:00.201000","$insert_id":"1b7cae3e-78a5-4a5b-ad36-ca469660d567","city":"Bhopal","location_lng":null,"amplitude_event_type":null,"event_type":"user-login","app":277124,"event_id":2,"client_event_time":"2020-08-02 18:04:58.844000","groups":{},"paying":null,"region":"Madhya Pradesh","is_attribution_event":false,"device_manufacturer":null,"start_version":null,"os_name":"Chrome Mobile","country":"India","amplitude_id":176350412767,"server_upload_time":"2020-08-02 18:05:00.217000"}
