{"event_type":"video-saved","$insert_id":"a3ff0f34-91cf-4fcf-a768-fb8b6930acfe","app":277124,"data":{},"device_type":null,"platform":"Web","processed_time":"2020-08-05 16:03:32.189616","$schema":12,"client_event_time":"2020-08-05 15:57:17.438000","amplitude_event_type":null,"os_version":"84","language":"English","user_properties":{"Username":"spalmisano@medthink.com"},"region":"North Carolina","version_name":null,"paying":null,"user_id":"spalmisano@medthink.com","start_version":null,"adid":null,"server_upload_time":"2020-08-05 15:57:17.973000","device_id":"k7yHvz8OWWTzpa3soFxrVv","device_family":null,"device_carrier":null,"device_model":null,"user_creation_time":"2020-07-21 16:47:53.962000","amplitude_attribution_ids":null,"session_id":1596643037438,"event_properties":{"project-name":"RFP Aug 2020","project-category":"The traditional model for Medical Affairs is increasingly redundantmoving away from a push model to a partnership model  with strategic and long-term engagement of stakeholders such as HCPs","save-type":"Saved Video","project-id":482555392},"dma":"Greensboro-Winston Salem, NC","library":"amplitude-js\/6.1.0","os_name":"Chrome","location_lat":null,"ip_address":"173.94.112.121","uuid":"35a73766-d735-11ea-bc28-029e3f7bad47","location_lng":null,"amplitude_id":179343697202,"sample_rate":null,"event_id":8,"idfa":null,"country":"United States","server_received_time":"2020-08-05 15:57:17.956000","device_brand":null,"group_properties":{},"event_time":"2020-08-05 15:57:17.438000","is_attribution_event":false,"client_upload_time":"2020-08-05 15:57:17.440000","device_manufacturer":null,"groups":{},"city":"Greensboro"}
{"event_type":"video-saved","$insert_id":"e15aeaca-c28c-4c88-b680-db0aaa6cb63b","app":277124,"data":{},"device_type":null,"platform":"Web","processed_time":"2020-08-05 16:03:32.197497","$schema":12,"client_event_time":"2020-08-05 15:57:17.661000","amplitude_event_type":null,"os_version":"84","language":"English","user_properties":{"Username":"spalmisano@medthink.com"},"region":"North Carolina","version_name":null,"paying":null,"user_id":"spalmisano@medthink.com","start_version":null,"adid":null,"server_upload_time":"2020-08-05 15:57:18.395000","device_id":"k7yHvz8OWWTzpa3soFxrVv","device_family":null,"device_carrier":null,"device_model":null,"user_creation_time":"2020-07-21 16:47:53.962000","amplitude_attribution_ids":null,"session_id":1596643037438,"event_properties":{"project-name":"RFP Aug 2020","project-category":"The traditional model for Medical Affairs is increasingly redundantmoving away from a push model to a partnership model  with strategic and long-term engagement of stakeholders such as HCPs","save-type":"Saved Video","project-id":482555392},"dma":"Greensboro-Winston Salem, NC","library":"amplitude-js\/6.1.0","os_name":"Chrome","location_lat":null,"ip_address":"173.94.112.121","uuid":"35a74364-d735-11ea-bc28-029e3f7bad47","location_lng":null,"amplitude_id":179343697202,"sample_rate":null,"event_id":9,"idfa":null,"country":"United States","server_received_time":"2020-08-05 15:57:18.387000","device_brand":null,"group_properties":{},"event_time":"2020-08-05 15:57:17.661000","is_attribution_event":false,"client_upload_time":"2020-08-05 15:57:18.145000","device_manufacturer":null,"groups":{},"city":"Greensboro"}
{"event_type":"video-saved","$insert_id":"dc535cf8-d777-406e-82b8-25253c8b7a32","app":277124,"data":{},"device_type":null,"platform":"Web","processed_time":"2020-08-05 16:03:32.197516","$schema":12,"client_event_time":"2020-08-05 15:57:17.903000","amplitude_event_type":null,"os_version":"84","language":"English","user_properties":{"Username":"spalmisano@medthink.com"},"region":"North Carolina","version_name":null,"paying":null,"user_id":"spalmisano@medthink.com","start_version":null,"adid":null,"server_upload_time":"2020-08-05 15:57:18.395000","device_id":"k7yHvz8OWWTzpa3soFxrVv","device_family":null,"device_carrier":null,"device_model":null,"user_creation_time":"2020-07-21 16:47:53.962000","amplitude_attribution_ids":null,"session_id":1596643037438,"event_properties":{"project-name":"RFP Aug 2020","project-category":"The traditional model for Medical Affairs is increasingly redundantmoving away from a push model to a partnership model  with strategic and long-term engagement of stakeholders such as HCPs","save-type":"Saved Video","project-id":482555392},"dma":"Greensboro-Winston Salem, NC","library":"amplitude-js\/6.1.0","os_name":"Chrome","location_lat":null,"ip_address":"173.94.112.121","uuid":"35a74ae4-d735-11ea-bc28-029e3f7bad47","location_lng":null,"amplitude_id":179343697202,"sample_rate":null,"event_id":10,"idfa":null,"country":"United States","server_received_time":"2020-08-05 15:57:18.387000","device_brand":null,"group_properties":{},"event_time":"2020-08-05 15:57:17.903000","is_attribution_event":false,"client_upload_time":"2020-08-05 15:57:18.145000","device_manufacturer":null,"groups":{},"city":"Greensboro"}
{"event_type":"preview-clicked","$insert_id":"c3e86286-765a-4f94-95a2-2b9b2204a8c6","app":277124,"data":{},"device_type":null,"platform":"Web","processed_time":"2020-08-05 16:03:34.580618","$schema":12,"client_event_time":"2020-08-05 15:57:22.495000","amplitude_event_type":null,"os_version":"84","language":"English","user_properties":{"Username":"spalmisano@medthink.com"},"region":"North Carolina","version_name":null,"paying":null,"user_id":"spalmisano@medthink.com","start_version":null,"adid":null,"server_upload_time":"2020-08-05 15:57:22.760000","device_id":"k7yHvz8OWWTzpa3soFxrVv","device_family":null,"device_carrier":null,"device_model":null,"user_creation_time":"2020-07-21 16:47:53.962000","amplitude_attribution_ids":null,"session_id":1596643037438,"event_properties":{},"dma":"Greensboro-Winston Salem, NC","library":"amplitude-js\/6.1.0","os_name":"Chrome","location_lat":null,"ip_address":"173.94.112.121","uuid":"37179a96-d735-11ea-bc28-029e3f7bad47","location_lng":null,"amplitude_id":179343697202,"sample_rate":null,"event_id":11,"idfa":null,"country":"United States","server_received_time":"2020-08-05 15:57:22.753000","device_brand":null,"group_properties":{},"event_time":"2020-08-05 15:57:22.495000","is_attribution_event":false,"client_upload_time":"2020-08-05 15:57:22.496000","device_manufacturer":null,"groups":{},"city":"Greensboro"}
{"event_type":"video-saved","$insert_id":"b33438b6-a070-46d4-a20e-4e3c8f2dffe3","app":277124,"data":{},"device_type":null,"platform":"Web","processed_time":"2020-08-05 16:04:06.541403","$schema":12,"client_event_time":"2020-08-05 15:58:02.579000","amplitude_event_type":null,"os_version":"84","language":"English","user_properties":{"Username":"spalmisano@medthink.com"},"region":"North Carolina","version_name":null,"paying":null,"user_id":"spalmisano@medthink.com","start_version":null,"adid":null,"server_upload_time":"2020-08-05 15:58:02.837000","device_id":"k7yHvz8OWWTzpa3soFxrVv","device_family":null,"device_carrier":null,"device_model":null,"user_creation_time":"2020-07-21 16:47:53.962000","amplitude_attribution_ids":null,"session_id":1596643037438,"event_properties":{"project-name":"RFP Aug 2020","project-category":"The traditional model for Medical Affairs is increasingly redundantmoving away from a push model to a partnership model  with strategic and long-term engagement of stakeholders such as HCPs","save-type":"Saved Video","project-id":482555392},"dma":"Greensboro-Winston Salem, NC","library":"amplitude-js\/6.1.0","os_name":"Chrome","location_lat":null,"ip_address":"173.94.112.121","uuid":"4a229bcc-d735-11ea-bc28-029e3f7bad47","location_lng":null,"amplitude_id":179343697202,"sample_rate":null,"event_id":12,"idfa":null,"country":"United States","server_received_time":"2020-08-05 15:58:02.831000","device_brand":null,"group_properties":{},"event_time":"2020-08-05 15:58:02.579000","is_attribution_event":false,"client_upload_time":"2020-08-05 15:58:02.580000","device_manufacturer":null,"groups":{},"city":"Greensboro"}
{"event_type":"video-saved","$insert_id":"a96db6f6-5c17-41b1-8acd-68ce73877a84","app":277124,"data":{},"device_type":null,"platform":"Web","processed_time":"2020-08-05 16:04:13.553371","$schema":12,"client_event_time":"2020-08-05 15:58:12.516000","amplitude_event_type":null,"os_version":"84","language":"English","user_properties":{"Username":"spalmisano@medthink.com"},"region":"North Carolina","version_name":null,"paying":null,"user_id":"spalmisano@medthink.com","start_version":null,"adid":null,"server_upload_time":"2020-08-05 15:58:12.777000","device_id":"k7yHvz8OWWTzpa3soFxrVv","device_family":null,"device_carrier":null,"device_model":null,"user_creation_time":"2020-07-21 16:47:53.962000","amplitude_attribution_ids":null,"session_id":1596643037438,"event_properties":{"project-name":"RFP Aug 2020","project-category":"The traditional model for Medical Affairs is increasingly redundantmoving away from a push model to a partnership model  with strategic and long-term engagement of stakeholders such as HCPs","save-type":"Saved Video","project-id":482555392},"dma":"Greensboro-Winston Salem, NC","library":"amplitude-js\/6.1.0","os_name":"Chrome","location_lat":null,"ip_address":"173.94.112.121","uuid":"4e510fa8-d735-11ea-bc28-029e3f7bad47","location_lng":null,"amplitude_id":179343697202,"sample_rate":null,"event_id":13,"idfa":null,"country":"United States","server_received_time":"2020-08-05 15:58:12.766000","device_brand":null,"group_properties":{},"event_time":"2020-08-05 15:58:12.516000","is_attribution_event":false,"client_upload_time":"2020-08-05 15:58:12.517000","device_manufacturer":null,"groups":{},"city":"Greensboro"}
{"event_type":"preview-clicked","$insert_id":"f69ec8ba-9e71-43b2-99fe-232ba6281bd2","app":277124,"data":{},"device_type":null,"platform":"Web","processed_time":"2020-08-05 16:04:19.936809","$schema":12,"client_event_time":"2020-08-05 15:58:21.169000","amplitude_event_type":null,"os_version":"84","language":"English","user_properties":{"Username":"spalmisano@medthink.com"},"region":"North Carolina","version_name":null,"paying":null,"user_id":"spalmisano@medthink.com","start_version":null,"adid":null,"server_upload_time":"2020-08-05 15:58:21.446000","device_id":"k7yHvz8OWWTzpa3soFxrVv","device_family":null,"device_carrier":null,"device_model":null,"user_creation_time":"2020-07-21 16:47:53.962000","amplitude_attribution_ids":null,"session_id":1596643037438,"event_properties":{},"dma":"Greensboro-Winston Salem, NC","library":"amplitude-js\/6.1.0","os_name":"Chrome","location_lat":null,"ip_address":"173.94.112.121","uuid":"521e1d4c-d735-11ea-bc28-029e3f7bad47","location_lng":null,"amplitude_id":179343697202,"sample_rate":null,"event_id":14,"idfa":null,"country":"United States","server_received_time":"2020-08-05 15:58:21.439000","device_brand":null,"group_properties":{},"event_time":"2020-08-05 15:58:21.169000","is_attribution_event":false,"client_upload_time":"2020-08-05 15:58:21.170000","device_manufacturer":null,"groups":{},"city":"Greensboro"}
{"event_type":"voice-selected","$insert_id":"568f84f1-2976-4f80-a263-55d3c6df1ae6","app":277124,"data":{},"device_type":null,"platform":"Web","processed_time":"2020-08-05 16:04:29.625528","$schema":12,"client_event_time":"2020-08-05 15:58:37.316000","amplitude_event_type":null,"os_version":"84","language":"English","user_properties":{"Username":"spalmisano@medthink.com"},"region":"North Carolina","version_name":null,"paying":null,"user_id":"spalmisano@medthink.com","start_version":null,"adid":null,"server_upload_time":"2020-08-05 15:58:37.574000","device_id":"k7yHvz8OWWTzpa3soFxrVv","device_family":null,"device_carrier":null,"device_model":null,"user_creation_time":"2020-07-21 16:47:53.962000","amplitude_attribution_ids":null,"session_id":1596643037438,"event_properties":{"country":"US English","name":"Kimberly","project-id":482555392},"dma":"Greensboro-Winston Salem, NC","library":"amplitude-js\/6.1.0","os_name":"Chrome","location_lat":null,"ip_address":"173.94.112.121","uuid":"57e66efa-d735-11ea-bc28-029e3f7bad47","location_lng":null,"amplitude_id":179343697202,"sample_rate":null,"event_id":15,"idfa":null,"country":"United States","server_received_time":"2020-08-05 15:58:37.563000","device_brand":null,"group_properties":{},"event_time":"2020-08-05 15:58:37.316000","is_attribution_event":false,"client_upload_time":"2020-08-05 15:58:37.317000","device_manufacturer":null,"groups":{},"city":"Greensboro"}
{"event_type":"video-saved","$insert_id":"42d2bc29-9492-4828-9d47-23acfcf56f45","app":277124,"data":{},"device_type":null,"platform":"Web","processed_time":"2020-08-05 16:04:31.176500","$schema":12,"client_event_time":"2020-08-05 15:58:38.303000","amplitude_event_type":null,"os_version":"84","language":"English","user_properties":{"Username":"spalmisano@medthink.com"},"region":"North Carolina","version_name":null,"paying":null,"user_id":"spalmisano@medthink.com","start_version":null,"adid":null,"server_upload_time":"2020-08-05 15:58:38.564000","device_id":"k7yHvz8OWWTzpa3soFxrVv","device_family":null,"device_carrier":null,"device_model":null,"user_creation_time":"2020-07-21 16:47:53.962000","amplitude_attribution_ids":null,"session_id":1596643037438,"event_properties":{"project-name":"RFP Aug 2020","project-category":"The traditional model for Medical Affairs is increasingly redundantmoving away from a push model to a partnership model  with strategic and long-term engagement of stakeholders such as HCPs","save-type":"Saved Video","project-id":482555392},"dma":"Greensboro-Winston Salem, NC","library":"amplitude-js\/6.1.0","os_name":"Chrome","location_lat":null,"ip_address":"173.94.112.121","uuid":"58d2a73e-d735-11ea-bc28-029e3f7bad47","location_lng":null,"amplitude_id":179343697202,"sample_rate":null,"event_id":16,"idfa":null,"country":"United States","server_received_time":"2020-08-05 15:58:38.550000","device_brand":null,"group_properties":{},"event_time":"2020-08-05 15:58:38.303000","is_attribution_event":false,"client_upload_time":"2020-08-05 15:58:38.303000","device_manufacturer":null,"groups":{},"city":"Greensboro"}
{"event_type":"voice-sample-played","$insert_id":"95ed178b-2754-45ea-8741-b316dd887ea4","app":277124,"data":{},"device_type":null,"platform":"Web","processed_time":"2020-08-05 16:04:32.634494","$schema":12,"client_event_time":"2020-08-05 15:58:40.085000","amplitude_event_type":null,"os_version":"84","language":"English","user_properties":{"Username":"spalmisano@medthink.com"},"region":"North Carolina","version_name":null,"paying":null,"user_id":"spalmisano@medthink.com","start_version":null,"adid":null,"server_upload_time":"2020-08-05 15:58:40.351000","device_id":"k7yHvz8OWWTzpa3soFxrVv","device_family":null,"device_carrier":null,"device_model":null,"user_creation_time":"2020-07-21 16:47:53.962000","amplitude_attribution_ids":null,"session_id":1596643037438,"event_properties":{"country":"US English","name":"Kimberly","project-id":482555392},"dma":"Greensboro-Winston Salem, NC","library":"amplitude-js\/6.1.0","os_name":"Chrome","location_lat":null,"ip_address":"173.94.112.121","uuid":"59b18efe-d735-11ea-bc28-029e3f7bad47","location_lng":null,"amplitude_id":179343697202,"sample_rate":null,"event_id":17,"idfa":null,"country":"United States","server_received_time":"2020-08-05 15:58:40.332000","device_brand":null,"group_properties":{},"event_time":"2020-08-05 15:58:40.085000","is_attribution_event":false,"client_upload_time":"2020-08-05 15:58:40.086000","device_manufacturer":null,"groups":{},"city":"Greensboro"}
{"event_type":"video-saved","$insert_id":"52e7aca1-a55e-4ea0-bfa7-63946e288fba","app":277124,"data":{},"device_type":null,"platform":"Web","processed_time":"2020-08-05 16:04:37.002231","$schema":12,"client_event_time":"2020-08-05 15:58:47.672000","amplitude_event_type":null,"os_version":"84","language":"English","user_properties":{"Username":"spalmisano@medthink.com"},"region":"North Carolina","version_name":null,"paying":null,"user_id":"spalmisano@medthink.com","start_version":null,"adid":null,"server_upload_time":"2020-08-05 15:58:47.950000","device_id":"k7yHvz8OWWTzpa3soFxrVv","device_family":null,"device_carrier":null,"device_model":null,"user_creation_time":"2020-07-21 16:47:53.962000","amplitude_attribution_ids":null,"session_id":1596643037438,"event_properties":{"project-name":"RFP Aug 2020","project-category":"The traditional model for Medical Affairs is increasingly redundantmoving away from a push model to a partnership model  with strategic and long-term engagement of stakeholders such as HCPs","save-type":"Saved Video","project-id":482555392},"dma":"Greensboro-Winston Salem, NC","library":"amplitude-js\/6.1.0","os_name":"Chrome","location_lat":null,"ip_address":"173.94.112.121","uuid":"5c4c775a-d735-11ea-bc28-029e3f7bad47","location_lng":null,"amplitude_id":179343697202,"sample_rate":null,"event_id":18,"idfa":null,"country":"United States","server_received_time":"2020-08-05 15:58:47.921000","device_brand":null,"group_properties":{},"event_time":"2020-08-05 15:58:47.672000","is_attribution_event":false,"client_upload_time":"2020-08-05 15:58:47.673000","device_manufacturer":null,"groups":{},"city":"Greensboro"}
{"event_type":"video-saved","$insert_id":"20fc5896-464c-4116-9a79-2db5e72ef1e4","app":277124,"data":{},"device_type":null,"platform":"Web","processed_time":"2020-08-05 16:04:38.262982","$schema":12,"client_event_time":"2020-08-05 15:58:47.938000","amplitude_event_type":null,"os_version":"84","language":"English","user_properties":{"Username":"spalmisano@medthink.com"},"region":"North Carolina","version_name":null,"paying":null,"user_id":"spalmisano@medthink.com","start_version":null,"adid":null,"server_upload_time":"2020-08-05 15:58:49.050000","device_id":"k7yHvz8OWWTzpa3soFxrVv","device_family":null,"device_carrier":null,"device_model":null,"user_creation_time":"2020-07-21 16:47:53.962000","amplitude_attribution_ids":null,"session_id":1596643037438,"event_properties":{"project-name":"RFP Aug 2020","project-category":"The traditional model for Medical Affairs is increasingly redundantmoving away from a push model to a partnership model  with strategic and long-term engagement of stakeholders such as HCPs","save-type":"Saved Video","project-id":482555392},"dma":"Greensboro-Winston Salem, NC","library":"amplitude-js\/6.1.0","os_name":"Chrome","location_lat":null,"ip_address":"173.94.112.121","uuid":"5d0cbb96-d735-11ea-bc28-029e3f7bad47","location_lng":null,"amplitude_id":179343697202,"sample_rate":null,"event_id":19,"idfa":null,"country":"United States","server_received_time":"2020-08-05 15:58:49.035000","device_brand":null,"group_properties":{},"event_time":"2020-08-05 15:58:47.938000","is_attribution_event":false,"client_upload_time":"2020-08-05 15:58:48.768000","device_manufacturer":null,"groups":{},"city":"Greensboro"}
{"event_type":"video-saved","$insert_id":"361e51c5-9732-4ca9-bd48-33e0a141438a","app":277124,"data":{},"device_type":null,"platform":"Web","processed_time":"2020-08-05 16:04:38.262990","$schema":12,"client_event_time":"2020-08-05 15:58:48.182000","amplitude_event_type":null,"os_version":"84","language":"English","user_properties":{"Username":"spalmisano@medthink.com"},"region":"North Carolina","version_name":null,"paying":null,"user_id":"spalmisano@medthink.com","start_version":null,"adid":null,"server_upload_time":"2020-08-05 15:58:49.050000","device_id":"k7yHvz8OWWTzpa3soFxrVv","device_family":null,"device_carrier":null,"device_model":null,"user_creation_time":"2020-07-21 16:47:53.962000","amplitude_attribution_ids":null,"session_id":1596643037438,"event_properties":{"project-name":"RFP Aug 2020","project-category":"The traditional model for Medical Affairs is increasingly redundantmoving away from a push model to a partnership model  with strategic and long-term engagement of stakeholders such as HCPs","save-type":"Saved Video","project-id":482555392},"dma":"Greensboro-Winston Salem, NC","library":"amplitude-js\/6.1.0","os_name":"Chrome","location_lat":null,"ip_address":"173.94.112.121","uuid":"5d0cc33e-d735-11ea-bc28-029e3f7bad47","location_lng":null,"amplitude_id":179343697202,"sample_rate":null,"event_id":20,"idfa":null,"country":"United States","server_received_time":"2020-08-05 15:58:49.035000","device_brand":null,"group_properties":{},"event_time":"2020-08-05 15:58:48.182000","is_attribution_event":false,"client_upload_time":"2020-08-05 15:58:48.768000","device_manufacturer":null,"groups":{},"city":"Greensboro"}
{"event_type":"voice-sample-played","$insert_id":"6e55184d-89f7-4c63-855a-eec63b414dda","app":277124,"data":{},"device_type":null,"platform":"Web","processed_time":"2020-08-05 16:04:40.552799","$schema":12,"client_event_time":"2020-08-05 15:58:52.884000","amplitude_event_type":null,"os_version":"84","language":"English","user_properties":{"Username":"spalmisano@medthink.com"},"region":"North Carolina","version_name":null,"paying":null,"user_id":"spalmisano@medthink.com","start_version":null,"adid":null,"server_upload_time":"2020-08-05 15:58:53.171000","device_id":"k7yHvz8OWWTzpa3soFxrVv","device_family":null,"device_carrier":null,"device_model":null,"user_creation_time":"2020-07-21 16:47:53.962000","amplitude_attribution_ids":null,"session_id":1596643037438,"event_properties":{"country":"UK English","name":"Amy","project-id":482555392},"dma":"Greensboro-Winston Salem, NC","library":"amplitude-js\/6.1.0","os_name":"Chrome","location_lat":null,"ip_address":"173.94.112.121","uuid":"5e6a2dca-d735-11ea-bc28-029e3f7bad47","location_lng":null,"amplitude_id":179343697202,"sample_rate":null,"event_id":21,"idfa":null,"country":"United States","server_received_time":"2020-08-05 15:58:53.139000","device_brand":null,"group_properties":{},"event_time":"2020-08-05 15:58:52.884000","is_attribution_event":false,"client_upload_time":"2020-08-05 15:58:52.886000","device_manufacturer":null,"groups":{},"city":"Greensboro"}
{"event_type":"voice-sample-played","$insert_id":"6347e0db-b80d-4079-a181-2b046ca88490","app":277124,"data":{},"device_type":null,"platform":"Web","processed_time":"2020-08-05 16:04:45.647645","$schema":12,"client_event_time":"2020-08-05 15:58:56.680000","amplitude_event_type":null,"os_version":"84","language":"English","user_properties":{"Username":"spalmisano@medthink.com"},"region":"North Carolina","version_name":null,"paying":null,"user_id":"spalmisano@medthink.com","start_version":null,"adid":null,"server_upload_time":"2020-08-05 15:58:56.935000","device_id":"k7yHvz8OWWTzpa3soFxrVv","device_family":null,"device_carrier":null,"device_model":null,"user_creation_time":"2020-07-21 16:47:53.962000","amplitude_attribution_ids":null,"session_id":1596643037438,"event_properties":{"country":"UK English","name":"Emma","project-id":482555392},"dma":"Greensboro-Winston Salem, NC","library":"amplitude-js\/6.1.0","os_name":"Chrome","location_lat":null,"ip_address":"173.94.112.121","uuid":"6173a9d8-d735-11ea-bc28-029e3f7bad47","location_lng":null,"amplitude_id":179343697202,"sample_rate":null,"event_id":22,"idfa":null,"country":"United States","server_received_time":"2020-08-05 15:58:56.930000","device_brand":null,"group_properties":{},"event_time":"2020-08-05 15:58:56.680000","is_attribution_event":false,"client_upload_time":"2020-08-05 15:58:56.681000","device_manufacturer":null,"groups":{},"city":"Greensboro"}
{"event_type":"voice-sample-played","$insert_id":"1714386c-3d6a-4e13-8a76-6b8cd6b4c6e1","app":277124,"data":{},"device_type":null,"platform":"Web","processed_time":"2020-08-05 16:04:51.822872","$schema":12,"client_event_time":"2020-08-05 15:59:04.931000","amplitude_event_type":null,"os_version":"84","language":"English","user_properties":{"Username":"spalmisano@medthink.com"},"region":"North Carolina","version_name":null,"paying":null,"user_id":"spalmisano@medthink.com","start_version":null,"adid":null,"server_upload_time":"2020-08-05 15:59:05.227000","device_id":"k7yHvz8OWWTzpa3soFxrVv","device_family":null,"device_carrier":null,"device_model":null,"user_creation_time":"2020-07-21 16:47:53.962000","amplitude_attribution_ids":null,"session_id":1596643037438,"event_properties":{"country":"US English","name":"Matthew","project-id":482555392},"dma":"Greensboro-Winston Salem, NC","library":"amplitude-js\/6.1.0","os_name":"Chrome","location_lat":null,"ip_address":"173.94.112.121","uuid":"652199f0-d735-11ea-bc28-029e3f7bad47","location_lng":null,"amplitude_id":179343697202,"sample_rate":null,"event_id":23,"idfa":null,"country":"United States","server_received_time":"2020-08-05 15:59:05.182000","device_brand":null,"group_properties":{},"event_time":"2020-08-05 15:59:04.931000","is_attribution_event":false,"client_upload_time":"2020-08-05 15:59:04.932000","device_manufacturer":null,"groups":{},"city":"Greensboro"}
{"event_type":"voice-sample-played","$insert_id":"deb05d1f-2d89-4fe6-91ae-93bcf1ead62c","app":277124,"data":{},"device_type":null,"platform":"Web","processed_time":"2020-08-05 16:04:56.185220","$schema":12,"client_event_time":"2020-08-05 15:59:12.350000","amplitude_event_type":null,"os_version":"84","language":"English","user_properties":{"Username":"spalmisano@medthink.com"},"region":"North Carolina","version_name":null,"paying":null,"user_id":"spalmisano@medthink.com","start_version":null,"adid":null,"server_upload_time":"2020-08-05 15:59:12.622000","device_id":"k7yHvz8OWWTzpa3soFxrVv","device_family":null,"device_carrier":null,"device_model":null,"user_creation_time":"2020-07-21 16:47:53.962000","amplitude_attribution_ids":null,"session_id":1596643037438,"event_properties":{"country":"US English","name":"Matthew","project-id":482555392},"dma":"Greensboro-Winston Salem, NC","library":"amplitude-js\/6.1.0","os_name":"Chrome","location_lat":null,"ip_address":"173.94.112.121","uuid":"67bb5f52-d735-11ea-bc28-029e3f7bad47","location_lng":null,"amplitude_id":179343697202,"sample_rate":null,"event_id":24,"idfa":null,"country":"United States","server_received_time":"2020-08-05 15:59:12.602000","device_brand":null,"group_properties":{},"event_time":"2020-08-05 15:59:12.350000","is_attribution_event":false,"client_upload_time":"2020-08-05 15:59:12.351000","device_manufacturer":null,"groups":{},"city":"Greensboro"}
{"event_type":"voice-sample-played","$insert_id":"1211d14d-32a2-49d0-9c59-e33a154eb04d","app":277124,"data":{},"device_type":null,"platform":"Web","processed_time":"2020-08-05 16:04:57.111791","$schema":12,"client_event_time":"2020-08-05 15:59:13.542000","amplitude_event_type":null,"os_version":"84","language":"English","user_properties":{"Username":"spalmisano@medthink.com"},"region":"North Carolina","version_name":null,"paying":null,"user_id":"spalmisano@medthink.com","start_version":null,"adid":null,"server_upload_time":"2020-08-05 15:59:13.846000","device_id":"k7yHvz8OWWTzpa3soFxrVv","device_family":null,"device_carrier":null,"device_model":null,"user_creation_time":"2020-07-21 16:47:53.962000","amplitude_attribution_ids":null,"session_id":1596643037438,"event_properties":{"country":"US English","name":"Matthew","project-id":482555392},"dma":"Greensboro-Winston Salem, NC","library":"amplitude-js\/6.1.0","os_name":"Chrome","location_lat":null,"ip_address":"173.94.112.121","uuid":"6848bc8a-d735-11ea-bc28-029e3f7bad47","location_lng":null,"amplitude_id":179343697202,"sample_rate":null,"event_id":25,"idfa":null,"country":"United States","server_received_time":"2020-08-05 15:59:13.806000","device_brand":null,"group_properties":{},"event_time":"2020-08-05 15:59:13.542000","is_attribution_event":false,"client_upload_time":"2020-08-05 15:59:13.543000","device_manufacturer":null,"groups":{},"city":"Greensboro"}
{"event_type":"voice-favorited","$insert_id":"c4103f39-0788-42e3-9e80-ddae2d5f52ad","app":277124,"data":{},"device_type":null,"platform":"Web","processed_time":"2020-08-05 16:05:00.324415","$schema":12,"client_event_time":"2020-08-05 15:59:17.040000","amplitude_event_type":null,"os_version":"84","language":"English","user_properties":{"Username":"spalmisano@medthink.com"},"region":"North Carolina","version_name":null,"paying":null,"user_id":"spalmisano@medthink.com","start_version":null,"adid":null,"server_upload_time":"2020-08-05 15:59:17.302000","device_id":"k7yHvz8OWWTzpa3soFxrVv","device_family":null,"device_carrier":null,"device_model":null,"user_creation_time":"2020-07-21 16:47:53.962000","amplitude_attribution_ids":null,"session_id":1596643037438,"event_properties":{"country":"US English","name":"Matthew, male","project-id":482555392},"dma":"Greensboro-Winston Salem, NC","library":"amplitude-js\/6.1.0","os_name":"Chrome","location_lat":null,"ip_address":"173.94.112.121","uuid":"6a2a9a82-d735-11ea-bc28-029e3f7bad47","location_lng":null,"amplitude_id":179343697202,"sample_rate":null,"event_id":26,"idfa":null,"country":"United States","server_received_time":"2020-08-05 15:59:17.293000","device_brand":null,"group_properties":{},"event_time":"2020-08-05 15:59:17.040000","is_attribution_event":false,"client_upload_time":"2020-08-05 15:59:17.040000","device_manufacturer":null,"groups":{},"city":"Greensboro"}
{"event_type":"preview-clicked","$insert_id":"65c7ba46-241a-4b6c-bb30-a009a99fb959","app":277124,"data":{},"device_type":null,"platform":"Web","processed_time":"2020-08-05 16:05:04.274000","$schema":12,"client_event_time":"2020-08-05 15:59:22.428000","amplitude_event_type":null,"os_version":"84","language":"English","user_properties":{"Username":"spalmisano@medthink.com"},"region":"North Carolina","version_name":null,"paying":null,"user_id":"spalmisano@medthink.com","start_version":null,"adid":null,"server_upload_time":"2020-08-05 15:59:22.693000","device_id":"k7yHvz8OWWTzpa3soFxrVv","device_family":null,"device_carrier":null,"device_model":null,"user_creation_time":"2020-07-21 16:47:53.962000","amplitude_attribution_ids":null,"session_id":1596643037438,"event_properties":{},"dma":"Greensboro-Winston Salem, NC","library":"amplitude-js\/6.1.0","os_name":"Chrome","location_lat":null,"ip_address":"173.94.112.121","uuid":"6c8c0f22-d735-11ea-bc28-029e3f7bad47","location_lng":null,"amplitude_id":179343697202,"sample_rate":null,"event_id":27,"idfa":null,"country":"United States","server_received_time":"2020-08-05 15:59:22.680000","device_brand":null,"group_properties":{},"event_time":"2020-08-05 15:59:22.428000","is_attribution_event":false,"client_upload_time":"2020-08-05 15:59:22.429000","device_manufacturer":null,"groups":{},"city":"Greensboro"}
{"event_type":"voice-deselected","$insert_id":"e0325088-f28f-47cc-86f1-8a99c21b84b3","app":277124,"data":{},"device_type":null,"platform":"Web","processed_time":"2020-08-05 16:05:13.909683","$schema":12,"client_event_time":"2020-08-05 15:59:36.489000","amplitude_event_type":null,"os_version":"84","language":"English","user_properties":{"Username":"spalmisano@medthink.com"},"region":"North Carolina","version_name":null,"paying":null,"user_id":"spalmisano@medthink.com","start_version":null,"adid":null,"server_upload_time":"2020-08-05 15:59:36.759000","device_id":"k7yHvz8OWWTzpa3soFxrVv","device_family":null,"device_carrier":null,"device_model":null,"user_creation_time":"2020-07-21 16:47:53.962000","amplitude_attribution_ids":null,"session_id":1596643037438,"event_properties":{"country":"US English","name":"Kimberly","project-id":482555392},"dma":"Greensboro-Winston Salem, NC","library":"amplitude-js\/6.1.0","os_name":"Chrome","location_lat":null,"ip_address":"173.94.112.121","uuid":"7249c2ce-d735-11ea-bc28-029e3f7bad47","location_lng":null,"amplitude_id":179343697202,"sample_rate":null,"event_id":28,"idfa":null,"country":"United States","server_received_time":"2020-08-05 15:59:36.733000","device_brand":null,"group_properties":{},"event_time":"2020-08-05 15:59:36.489000","is_attribution_event":false,"client_upload_time":"2020-08-05 15:59:36.489000","device_manufacturer":null,"groups":{},"city":"Greensboro"}
{"event_type":"video-saved","$insert_id":"64ec0177-6cae-4368-ab9e-e0a4e3b1e0dc","app":277124,"data":{},"device_type":null,"platform":"Web","processed_time":"2020-08-05 16:05:16.101938","$schema":12,"client_event_time":"2020-08-05 15:59:38.064000","amplitude_event_type":null,"os_version":"84","language":"English","user_properties":{"Username":"spalmisano@medthink.com"},"region":"North Carolina","version_name":null,"paying":null,"user_id":"spalmisano@medthink.com","start_version":null,"adid":null,"server_upload_time":"2020-08-05 15:59:38.340000","device_id":"k7yHvz8OWWTzpa3soFxrVv","device_family":null,"device_carrier":null,"device_model":null,"user_creation_time":"2020-07-21 16:47:53.962000","amplitude_attribution_ids":null,"session_id":1596643037438,"event_properties":{"project-name":"RFP Aug 2020","project-category":"The traditional model for Medical Affairs is increasingly redundantmoving away from a push model to a partnership model  with strategic and long-term engagement of stakeholders such as HCPs","save-type":"Saved Video","project-id":482555392},"dma":"Greensboro-Winston Salem, NC","library":"amplitude-js\/6.1.0","os_name":"Chrome","location_lat":null,"ip_address":"173.94.112.121","uuid":"7398dfc0-d735-11ea-bc28-029e3f7bad47","location_lng":null,"amplitude_id":179343697202,"sample_rate":null,"event_id":29,"idfa":null,"country":"United States","server_received_time":"2020-08-05 15:59:38.308000","device_brand":null,"group_properties":{},"event_time":"2020-08-05 15:59:38.064000","is_attribution_event":false,"client_upload_time":"2020-08-05 15:59:38.065000","device_manufacturer":null,"groups":{},"city":"Greensboro"}
{"event_type":"voice-sample-played","$insert_id":"83899603-440c-4e74-9288-dc704b25060c","app":277124,"data":{},"device_type":null,"platform":"Web","processed_time":"2020-08-05 16:05:16.106400","$schema":12,"client_event_time":"2020-08-05 15:59:39.897000","amplitude_event_type":null,"os_version":"84","language":"English","user_properties":{"Username":"spalmisano@medthink.com"},"region":"North Carolina","version_name":null,"paying":null,"user_id":"spalmisano@medthink.com","start_version":null,"adid":null,"server_upload_time":"2020-08-05 15:59:40.153000","device_id":"k7yHvz8OWWTzpa3soFxrVv","device_family":null,"device_carrier":null,"device_model":null,"user_creation_time":"2020-07-21 16:47:53.962000","amplitude_attribution_ids":null,"session_id":1596643037438,"event_properties":{"country":"US English","name":"Matthew","project-id":482555392},"dma":"Greensboro-Winston Salem, NC","library":"amplitude-js\/6.1.0","os_name":"Chrome","location_lat":null,"ip_address":"173.94.112.121","uuid":"7398e808-d735-11ea-bc28-029e3f7bad47","location_lng":null,"amplitude_id":179343697202,"sample_rate":null,"event_id":30,"idfa":null,"country":"United States","server_received_time":"2020-08-05 15:59:40.146000","device_brand":null,"group_properties":{},"event_time":"2020-08-05 15:59:39.897000","is_attribution_event":false,"client_upload_time":"2020-08-05 15:59:39.898000","device_manufacturer":null,"groups":{},"city":"Greensboro"}
{"event_type":"voice-favorited","$insert_id":"f046f270-9fd6-40cf-a976-e7f9bf1e05e0","app":277124,"data":{},"device_type":null,"platform":"Web","processed_time":"2020-08-05 16:05:18.738167","$schema":12,"client_event_time":"2020-08-05 15:59:42.885000","amplitude_event_type":null,"os_version":"84","language":"English","user_properties":{"Username":"spalmisano@medthink.com"},"region":"North Carolina","version_name":null,"paying":null,"user_id":"spalmisano@medthink.com","start_version":null,"adid":null,"server_upload_time":"2020-08-05 15:59:43.144000","device_id":"k7yHvz8OWWTzpa3soFxrVv","device_family":null,"device_carrier":null,"device_model":null,"user_creation_time":"2020-07-21 16:47:53.962000","amplitude_attribution_ids":null,"session_id":1596643037438,"event_properties":{"country":"US English","name":"Matthew, male","project-id":482555392},"dma":"Greensboro-Winston Salem, NC","library":"amplitude-js\/6.1.0","os_name":"Chrome","location_lat":null,"ip_address":"173.94.112.121","uuid":"752c9c50-d735-11ea-bc28-029e3f7bad47","location_lng":null,"amplitude_id":179343697202,"sample_rate":null,"event_id":31,"idfa":null,"country":"United States","server_received_time":"2020-08-05 15:59:43.130000","device_brand":null,"group_properties":{},"event_time":"2020-08-05 15:59:42.885000","is_attribution_event":false,"client_upload_time":"2020-08-05 15:59:42.885000","device_manufacturer":null,"groups":{},"city":"Greensboro"}
{"event_type":"voice-favorited","$insert_id":"32be9b7a-da30-490c-96df-55910ce6658f","app":277124,"data":{},"device_type":null,"platform":"Web","processed_time":"2020-08-05 16:05:20.773212","$schema":12,"client_event_time":"2020-08-05 15:59:44.696000","amplitude_event_type":null,"os_version":"84","language":"English","user_properties":{"Username":"spalmisano@medthink.com"},"region":"North Carolina","version_name":null,"paying":null,"user_id":"spalmisano@medthink.com","start_version":null,"adid":null,"server_upload_time":"2020-08-05 15:59:44.968000","device_id":"k7yHvz8OWWTzpa3soFxrVv","device_family":null,"device_carrier":null,"device_model":null,"user_creation_time":"2020-07-21 16:47:53.962000","amplitude_attribution_ids":null,"session_id":1596643037438,"event_properties":{"country":"US English","name":"Matthew, male","project-id":482555392},"dma":"Greensboro-Winston Salem, NC","library":"amplitude-js\/6.1.0","os_name":"Chrome","location_lat":null,"ip_address":"173.94.112.121","uuid":"76633c50-d735-11ea-bc28-029e3f7bad47","location_lng":null,"amplitude_id":179343697202,"sample_rate":null,"event_id":32,"idfa":null,"country":"United States","server_received_time":"2020-08-05 15:59:44.957000","device_brand":null,"group_properties":{},"event_time":"2020-08-05 15:59:44.696000","is_attribution_event":false,"client_upload_time":"2020-08-05 15:59:44.697000","device_manufacturer":null,"groups":{},"city":"Greensboro"}
{"event_type":"voice-sample-played","$insert_id":"0b9743ed-37e8-42c3-a944-4a88f67580c6","app":277124,"data":{},"device_type":null,"platform":"Web","processed_time":"2020-08-05 16:05:27.389794","$schema":12,"client_event_time":"2020-08-05 15:59:53.501000","amplitude_event_type":null,"os_version":"84","language":"English","user_properties":{"Username":"spalmisano@medthink.com"},"region":"North Carolina","version_name":null,"paying":null,"user_id":"spalmisano@medthink.com","start_version":null,"adid":null,"server_upload_time":"2020-08-05 15:59:53.759000","device_id":"k7yHvz8OWWTzpa3soFxrVv","device_family":null,"device_carrier":null,"device_model":null,"user_creation_time":"2020-07-21 16:47:53.962000","amplitude_attribution_ids":null,"session_id":1596643037438,"event_properties":{"country":"US English","name":"Matthew","project-id":482555392},"dma":"Greensboro-Winston Salem, NC","library":"amplitude-js\/6.1.0","os_name":"Chrome","location_lat":null,"ip_address":"173.94.112.121","uuid":"7a54b2f8-d735-11ea-bc28-029e3f7bad47","location_lng":null,"amplitude_id":179343697202,"sample_rate":null,"event_id":33,"idfa":null,"country":"United States","server_received_time":"2020-08-05 15:59:53.748000","device_brand":null,"group_properties":{},"event_time":"2020-08-05 15:59:53.501000","is_attribution_event":false,"client_upload_time":"2020-08-05 15:59:53.502000","device_manufacturer":null,"groups":{},"city":"Greensboro"}
{"event_type":"voice-favorited","$insert_id":"996e4476-797c-4a8a-a0f1-f18647e28faa","app":277124,"data":{},"device_type":null,"platform":"Web","processed_time":"2020-08-05 16:05:30.182106","$schema":12,"client_event_time":"2020-08-05 15:59:56.675000","amplitude_event_type":null,"os_version":"84","language":"English","user_properties":{"Username":"spalmisano@medthink.com"},"region":"North Carolina","version_name":null,"paying":null,"user_id":"spalmisano@medthink.com","start_version":null,"adid":null,"server_upload_time":"2020-08-05 15:59:56.945000","device_id":"k7yHvz8OWWTzpa3soFxrVv","device_family":null,"device_carrier":null,"device_model":null,"user_creation_time":"2020-07-21 16:47:53.962000","amplitude_attribution_ids":null,"session_id":1596643037438,"event_properties":{"country":"US English","name":"Matthew, male","project-id":482555392},"dma":"Greensboro-Winston Salem, NC","library":"amplitude-js\/6.1.0","os_name":"Chrome","location_lat":null,"ip_address":"173.94.112.121","uuid":"7bfe7184-d735-11ea-bc28-029e3f7bad47","location_lng":null,"amplitude_id":179343697202,"sample_rate":null,"event_id":34,"idfa":null,"country":"United States","server_received_time":"2020-08-05 15:59:56.934000","device_brand":null,"group_properties":{},"event_time":"2020-08-05 15:59:56.675000","is_attribution_event":false,"client_upload_time":"2020-08-05 15:59:56.676000","device_manufacturer":null,"groups":{},"city":"Greensboro"}
