{"client_event_time":"2020-08-01 15:08:49.031000","group_properties":{},"dma":null,"$schema":12,"device_manufacturer":null,"adid":null,"os_version":"84","user_properties":{"Username":"amivargasarzube@gmail.com"},"device_type":null,"country":"Ecuador","amplitude_attribution_ids":null,"platform":"Web","location_lng":null,"ip_address":"190.154.104.188","uuid":"e8001e3a-d408-11ea-b41b-021c2509a250","event_time":"2020-08-01 15:08:49.031000","user_id":"amivargasarzube@gmail.com","device_id":"7xnNZpsEt_NEzTh729OLeC","data":{"first_event":true},"server_upload_time":"2020-08-01 15:08:50.402000","app":277124,"amplitude_id":181868240032,"device_carrier":null,"sample_rate":null,"language":"Spanish","library":"amplitude-js\/6.1.0","is_attribution_event":false,"city":"Guayaquil","amplitude_event_type":null,"paying":null,"server_received_time":"2020-08-01 15:08:50.396000","location_lat":null,"event_id":1,"user_creation_time":"2020-08-01 15:08:49.031000","region":"Provincia del Guayas","device_model":null,"session_id":1596294454534,"event_type":"user-signup","client_upload_time":"2020-08-01 15:08:49.033000","groups":{},"device_family":null,"version_name":null,"processed_time":"2020-08-01 15:08:50.558153","start_version":null,"idfa":null,"$insert_id":"c2286021-5de2-4eec-93e0-a1113396c4c6","event_properties":{"provider":"Google"},"os_name":"Chrome","device_brand":null}
{"client_event_time":"2020-08-01 15:08:49.036000","group_properties":{},"dma":null,"$schema":12,"device_manufacturer":null,"adid":null,"os_version":"84","user_properties":{"Username":"amivargasarzube@gmail.com"},"device_type":null,"country":"Ecuador","amplitude_attribution_ids":null,"platform":"Web","location_lng":null,"ip_address":"190.154.104.188","uuid":"e9275fbc-d408-11ea-b41b-021c2509a250","event_time":"2020-08-01 15:08:49.036000","user_id":"amivargasarzube@gmail.com","device_id":"7xnNZpsEt_NEzTh729OLeC","data":{},"server_upload_time":"2020-08-01 15:08:50.586000","app":277124,"amplitude_id":181868240032,"device_carrier":null,"sample_rate":null,"language":"Spanish","library":"amplitude-js\/6.1.0","is_attribution_event":false,"city":"Guayaquil","amplitude_event_type":null,"paying":null,"server_received_time":"2020-08-01 15:08:50.577000","location_lat":null,"event_id":2,"user_creation_time":"2020-08-01 15:08:49.031000","region":"Provincia del Guayas","device_model":null,"session_id":1596294454534,"event_type":"trial-activated","client_upload_time":"2020-08-01 15:08:49.212000","groups":{},"device_family":null,"version_name":null,"processed_time":"2020-08-01 15:08:52.494579","start_version":null,"idfa":null,"$insert_id":"b9043f87-a828-4129-8f5a-b3528d27c3ce","event_properties":{},"os_name":"Chrome","device_brand":null}
{"client_event_time":"2020-08-01 15:09:26.352000","group_properties":{},"dma":null,"$schema":12,"device_manufacturer":null,"adid":null,"os_version":"84","user_properties":{"Username":"amivargasarzube@gmail.com"},"device_type":null,"country":"Ecuador","amplitude_attribution_ids":null,"platform":"Web","location_lng":null,"ip_address":"190.154.104.188","uuid":"fe9a6e2a-d408-11ea-b41b-021c2509a250","event_time":"2020-08-01 15:09:26.352000","user_id":"amivargasarzube@gmail.com","device_id":"7xnNZpsEt_NEzTh729OLeC","data":{},"server_upload_time":"2020-08-01 15:09:27.733000","app":277124,"amplitude_id":181868240032,"device_carrier":null,"sample_rate":null,"language":"Spanish","library":"amplitude-js\/6.1.0","is_attribution_event":false,"city":"Guayaquil","amplitude_event_type":null,"paying":null,"server_received_time":"2020-08-01 15:09:27.716000","location_lat":null,"event_id":3,"user_creation_time":"2020-08-01 15:08:49.031000","region":"Provincia del Guayas","device_model":null,"session_id":1596294454534,"event_type":"start-with-script","client_upload_time":"2020-08-01 15:09:26.353000","groups":{},"device_family":null,"version_name":null,"processed_time":"2020-08-01 15:09:28.466226","start_version":null,"idfa":null,"$insert_id":"53dd2b32-ab79-41f0-9758-78ad6162894f","event_properties":{"script":"<p>Happy birthday\u2665<\/p>"},"os_name":"Chrome","device_brand":null}
{"client_event_time":"2020-08-01 15:09:57.107000","group_properties":{},"dma":null,"$schema":12,"device_manufacturer":null,"adid":null,"os_version":"84","user_properties":{"Username":"amivargasarzube@gmail.com"},"device_type":null,"country":"Ecuador","amplitude_attribution_ids":null,"platform":"Web","location_lng":null,"ip_address":"190.154.104.188","uuid":"10f35b2c-d409-11ea-95c7-021c2509a250","event_time":"2020-08-01 15:09:57.107000","user_id":"amivargasarzube@gmail.com","device_id":"7xnNZpsEt_NEzTh729OLeC","data":{},"server_upload_time":"2020-08-01 15:09:58.480000","app":277124,"amplitude_id":181868240032,"device_carrier":null,"sample_rate":null,"language":"Spanish","library":"amplitude-js\/6.1.0","is_attribution_event":false,"city":"Guayaquil","amplitude_event_type":null,"paying":null,"server_received_time":"2020-08-01 15:09:58.471000","location_lat":null,"event_id":4,"user_creation_time":"2020-08-01 15:08:49.031000","region":"Provincia del Guayas","device_model":null,"session_id":1596294454534,"event_type":"video-saved","client_upload_time":"2020-08-01 15:09:57.107000","groups":{},"device_family":null,"version_name":null,"processed_time":"2020-08-01 15:09:59.330381","start_version":null,"idfa":null,"$insert_id":"ecc569ea-55c6-461a-9f0b-6ba07ff37acd","event_properties":{"project-name":"Happy birthday","project-category":"Happy birthday","project-id":744680768,"save-type":"New Video"},"os_name":"Chrome","device_brand":null}
{"client_event_time":"2020-08-01 15:09:58.611000","group_properties":{},"dma":null,"$schema":12,"device_manufacturer":null,"adid":null,"os_version":"84","user_properties":{"Username":"amivargasarzube@gmail.com"},"device_type":null,"country":"Ecuador","amplitude_attribution_ids":null,"platform":"Web","location_lng":null,"ip_address":"190.154.104.188","uuid":"122e1270-d409-11ea-95c7-021c2509a250","event_time":"2020-08-01 15:09:58.611000","user_id":"amivargasarzube@gmail.com","device_id":"7xnNZpsEt_NEzTh729OLeC","data":{},"server_upload_time":"2020-08-01 15:09:59.993000","app":277124,"amplitude_id":181868240032,"device_carrier":null,"sample_rate":null,"language":"Spanish","library":"amplitude-js\/6.1.0","is_attribution_event":false,"city":"Guayaquil","amplitude_event_type":null,"paying":null,"server_received_time":"2020-08-01 15:09:59.986000","location_lat":null,"event_id":5,"user_creation_time":"2020-08-01 15:08:49.031000","region":"Provincia del Guayas","device_model":null,"session_id":1596294454534,"event_type":"track-selected","client_upload_time":"2020-08-01 15:09:58.611000","groups":{},"device_family":null,"version_name":null,"processed_time":"2020-08-01 15:10:01.314149","start_version":null,"idfa":null,"$insert_id":"94f3d5c6-da1d-49c9-bf3b-41db66548cc0","event_properties":{"track-name":"Fantasy and Dream","project-id":744680768},"os_name":"Chrome","device_brand":null}
{"client_event_time":"2020-08-01 15:09:58.896000","group_properties":{},"dma":null,"$schema":12,"device_manufacturer":null,"adid":null,"os_version":"84","user_properties":{"Username":"amivargasarzube@gmail.com"},"device_type":null,"country":"Ecuador","amplitude_attribution_ids":null,"platform":"Web","location_lng":null,"ip_address":"190.154.104.188","uuid":"122e1f18-d409-11ea-95c7-021c2509a250","event_time":"2020-08-01 15:09:58.896000","user_id":"amivargasarzube@gmail.com","device_id":"7xnNZpsEt_NEzTh729OLeC","data":{},"server_upload_time":"2020-08-01 15:10:00.274000","app":277124,"amplitude_id":181868240032,"device_carrier":null,"sample_rate":null,"language":"Spanish","library":"amplitude-js\/6.1.0","is_attribution_event":false,"city":"Guayaquil","amplitude_event_type":null,"paying":null,"server_received_time":"2020-08-01 15:10:00.267000","location_lat":null,"event_id":6,"user_creation_time":"2020-08-01 15:08:49.031000","region":"Provincia del Guayas","device_model":null,"session_id":1596294454534,"event_type":"video-saved","client_upload_time":"2020-08-01 15:09:58.896000","groups":{},"device_family":null,"version_name":null,"processed_time":"2020-08-01 15:10:01.316178","start_version":null,"idfa":null,"$insert_id":"755fd3ad-8158-4045-a06c-c8174a5a31e3","event_properties":{"project-name":"Happy birthday","project-category":"Happy birthday","project-id":744680768,"save-type":"Saved Video"},"os_name":"Chrome","device_brand":null}
{"client_event_time":"2020-08-01 15:10:21.062000","group_properties":{},"dma":null,"$schema":12,"device_manufacturer":null,"adid":null,"os_version":"84","user_properties":{"Username":"amivargasarzube@gmail.com"},"device_type":null,"country":"Ecuador","amplitude_attribution_ids":null,"platform":"Web","location_lng":null,"ip_address":"190.154.104.188","uuid":"21f414a2-d409-11ea-95c7-021c2509a250","event_time":"2020-08-01 15:10:21.062000","user_id":"amivargasarzube@gmail.com","device_id":"7xnNZpsEt_NEzTh729OLeC","data":{},"server_upload_time":"2020-08-01 15:10:26.055000","app":277124,"amplitude_id":181868240032,"device_carrier":null,"sample_rate":null,"language":"Spanish","library":"amplitude-js\/6.1.0","is_attribution_event":false,"city":"Guayaquil","amplitude_event_type":null,"paying":null,"server_received_time":"2020-08-01 15:10:26.036000","location_lat":null,"event_id":7,"user_creation_time":"2020-08-01 15:08:49.031000","region":"Provincia del Guayas","device_model":null,"session_id":1596294454534,"event_type":"preview-clicked","client_upload_time":"2020-08-01 15:10:21.064000","groups":{},"device_family":null,"version_name":null,"processed_time":"2020-08-01 15:10:27.770672","start_version":null,"idfa":null,"$insert_id":"70e68f8d-d9de-456b-be16-f39e450ce098","event_properties":{},"os_name":"Chrome","device_brand":null}
{"client_event_time":"2020-08-01 15:10:28.892000","group_properties":{},"dma":null,"$schema":12,"device_manufacturer":null,"adid":null,"os_version":"84","user_properties":{"Username":"amivargasarzube@gmail.com"},"device_type":null,"country":"Ecuador","amplitude_attribution_ids":null,"platform":"Web","location_lng":null,"ip_address":"190.154.104.188","uuid":"24221094-d409-11ea-95c7-021c2509a250","event_time":"2020-08-01 15:10:28.892000","user_id":"amivargasarzube@gmail.com","device_id":"7xnNZpsEt_NEzTh729OLeC","data":{},"server_upload_time":"2020-08-01 15:10:30.280000","app":277124,"amplitude_id":181868240032,"device_carrier":null,"sample_rate":null,"language":"Spanish","library":"amplitude-js\/6.1.0","is_attribution_event":false,"city":"Guayaquil","amplitude_event_type":null,"paying":null,"server_received_time":"2020-08-01 15:10:30.259000","location_lat":null,"event_id":8,"user_creation_time":"2020-08-01 15:08:49.031000","region":"Provincia del Guayas","device_model":null,"session_id":1596294454534,"event_type":"upload-clicked","client_upload_time":"2020-08-01 15:10:28.893000","groups":{},"device_family":null,"version_name":null,"processed_time":"2020-08-01 15:10:31.429698","start_version":null,"idfa":null,"$insert_id":"b4c54cb8-6124-4fd4-a96f-6a054de6dd08","event_properties":{"project-id":744680768},"os_name":"Chrome","device_brand":null}
{"client_event_time":"2020-08-01 15:11:08.850000","group_properties":{},"dma":null,"$schema":12,"device_manufacturer":null,"adid":null,"os_version":"84","user_properties":{"Username":"amivargasarzube@gmail.com"},"device_type":null,"country":"Ecuador","amplitude_attribution_ids":null,"platform":"Web","location_lng":null,"ip_address":"190.154.104.188","uuid":"3bd9fbb6-d409-11ea-95c7-021c2509a250","event_time":"2020-08-01 15:11:08.850000","user_id":"amivargasarzube@gmail.com","device_id":"7xnNZpsEt_NEzTh729OLeC","data":{},"server_upload_time":"2020-08-01 15:11:10.541000","app":277124,"amplitude_id":181868240032,"device_carrier":null,"sample_rate":null,"language":"Spanish","library":"amplitude-js\/6.1.0","is_attribution_event":false,"city":"Guayaquil","amplitude_event_type":null,"paying":null,"server_received_time":"2020-08-01 15:11:10.534000","location_lat":null,"event_id":9,"user_creation_time":"2020-08-01 15:08:49.031000","region":"Provincia del Guayas","device_model":null,"session_id":1596294454534,"event_type":"image-upload","client_upload_time":"2020-08-01 15:11:08.851000","groups":{},"device_family":null,"version_name":null,"processed_time":"2020-08-01 15:11:11.229774","start_version":null,"idfa":null,"$insert_id":"de6014c4-5737-4242-a256-26e94e49f15f","event_properties":{"upload-type":"browsed","project-id":744680768,"image-url":"https:\/\/brand-settings-images130431-pictory.s3.us-east-2.amazonaws.com\/public\/Google_116449961641782143156\/Randy Travis - Forever and Ever Amen - Lyrics Scrolling (YTCONVERT.IN).mp3"},"os_name":"Chrome","device_brand":null}
{"client_event_time":"2020-08-01 15:11:15.038000","group_properties":{},"dma":null,"$schema":12,"device_manufacturer":null,"adid":null,"os_version":"84","user_properties":{"Username":"amivargasarzube@gmail.com"},"device_type":null,"country":"Ecuador","amplitude_attribution_ids":null,"platform":"Web","location_lng":null,"ip_address":"190.154.104.188","uuid":"3f301700-d409-11ea-95c7-021c2509a250","event_time":"2020-08-01 15:11:15.038000","user_id":"amivargasarzube@gmail.com","device_id":"7xnNZpsEt_NEzTh729OLeC","data":{},"server_upload_time":"2020-08-01 15:11:16.424000","app":277124,"amplitude_id":181868240032,"device_carrier":null,"sample_rate":null,"language":"Spanish","library":"amplitude-js\/6.1.0","is_attribution_event":false,"city":"Guayaquil","amplitude_event_type":null,"paying":null,"server_received_time":"2020-08-01 15:11:16.413000","location_lat":null,"event_id":10,"user_creation_time":"2020-08-01 15:08:49.031000","region":"Provincia del Guayas","device_model":null,"session_id":1596294454534,"event_type":"image-replaced","client_upload_time":"2020-08-01 15:11:15.038000","groups":{},"device_family":null,"version_name":null,"processed_time":"2020-08-01 15:11:16.822093","start_version":null,"idfa":null,"$insert_id":"3a5c7a62-631d-4fb9-9233-71b06cb38f27","event_properties":{"new-image":"https:\/\/brand-settings-images130431-pictory.s3.us-east-2.amazonaws.com\/public\/Google_116449961641782143156\/Randy Travis - Forever and Ever Amen - Lyrics Scrolling (YTCONVERT.IN).mp3","project-id":744680768,"old-image":"https:\/\/kta7t51vz9.execute-api.us-east-2.amazonaws.com\/prod\/api\/v1\/libraries\/pixa_bay\/video\/large\/43080.mp4","source":"Upload Image"},"os_name":"Chrome","device_brand":null}
{"client_event_time":"2020-08-01 15:11:15.141000","group_properties":{},"dma":null,"$schema":12,"device_manufacturer":null,"adid":null,"os_version":"84","user_properties":{"Username":"amivargasarzube@gmail.com"},"device_type":null,"country":"Ecuador","amplitude_attribution_ids":null,"platform":"Web","location_lng":null,"ip_address":"190.154.104.188","uuid":"3f301dd6-d409-11ea-95c7-021c2509a250","event_time":"2020-08-01 15:11:15.141000","user_id":"amivargasarzube@gmail.com","device_id":"7xnNZpsEt_NEzTh729OLeC","data":{},"server_upload_time":"2020-08-01 15:11:16.626000","app":277124,"amplitude_id":181868240032,"device_carrier":null,"sample_rate":null,"language":"Spanish","library":"amplitude-js\/6.1.0","is_attribution_event":false,"city":"Guayaquil","amplitude_event_type":null,"paying":null,"server_received_time":"2020-08-01 15:11:16.612000","location_lat":null,"event_id":11,"user_creation_time":"2020-08-01 15:08:49.031000","region":"Provincia del Guayas","device_model":null,"session_id":1596294454534,"event_type":"image-replaced","client_upload_time":"2020-08-01 15:11:15.234000","groups":{},"device_family":null,"version_name":null,"processed_time":"2020-08-01 15:11:16.824119","start_version":null,"idfa":null,"$insert_id":"439611f0-a011-4ce3-906c-d810e65bc91b","event_properties":{"new-image":"https:\/\/brand-settings-images130431-pictory.s3.us-east-2.amazonaws.com\/public\/Google_116449961641782143156\/Randy Travis - Forever and Ever Amen - Lyrics Scrolling (YTCONVERT.IN).mp3","project-id":744680768,"old-image":"https:\/\/brand-settings-images130431-pictory.s3.us-east-2.amazonaws.com\/public\/Google_116449961641782143156\/Randy Travis - Forever and Ever Amen - Lyrics Scrolling (YTCONVERT.IN).mp3","source":"Upload Image"},"os_name":"Chrome","device_brand":null}
{"client_event_time":"2020-08-01 15:11:16.148000","group_properties":{},"dma":null,"$schema":12,"device_manufacturer":null,"adid":null,"os_version":"84","user_properties":{"Username":"amivargasarzube@gmail.com"},"device_type":null,"country":"Ecuador","amplitude_attribution_ids":null,"platform":"Web","location_lng":null,"ip_address":"190.154.104.188","uuid":"403cf870-d409-11ea-95c7-021c2509a250","event_time":"2020-08-01 15:11:16.148000","user_id":"amivargasarzube@gmail.com","device_id":"7xnNZpsEt_NEzTh729OLeC","data":{},"server_upload_time":"2020-08-01 15:11:17.536000","app":277124,"amplitude_id":181868240032,"device_carrier":null,"sample_rate":null,"language":"Spanish","library":"amplitude-js\/6.1.0","is_attribution_event":false,"city":"Guayaquil","amplitude_event_type":null,"paying":null,"server_received_time":"2020-08-01 15:11:17.518000","location_lat":null,"event_id":12,"user_creation_time":"2020-08-01 15:08:49.031000","region":"Provincia del Guayas","device_model":null,"session_id":1596294454534,"event_type":"video-saved","client_upload_time":"2020-08-01 15:11:16.149000","groups":{},"device_family":null,"version_name":null,"processed_time":"2020-08-01 15:11:18.582794","start_version":null,"idfa":null,"$insert_id":"82954afa-88db-4830-8e96-b753aab9c694","event_properties":{"project-name":"Happy birthday","project-category":"Happy birthday","project-id":744680768,"save-type":"Saved Video"},"os_name":"Chrome","device_brand":null}
{"client_event_time":"2020-08-01 15:11:16.170000","group_properties":{},"dma":null,"$schema":12,"device_manufacturer":null,"adid":null,"os_version":"84","user_properties":{"Username":"amivargasarzube@gmail.com"},"device_type":null,"country":"Ecuador","amplitude_attribution_ids":null,"platform":"Web","location_lng":null,"ip_address":"190.154.104.188","uuid":"403cff3c-d409-11ea-95c7-021c2509a250","event_time":"2020-08-01 15:11:16.170000","user_id":"amivargasarzube@gmail.com","device_id":"7xnNZpsEt_NEzTh729OLeC","data":{},"server_upload_time":"2020-08-01 15:11:17.735000","app":277124,"amplitude_id":181868240032,"device_carrier":null,"sample_rate":null,"language":"Spanish","library":"amplitude-js\/6.1.0","is_attribution_event":false,"city":"Guayaquil","amplitude_event_type":null,"paying":null,"server_received_time":"2020-08-01 15:11:17.718000","location_lat":null,"event_id":13,"user_creation_time":"2020-08-01 15:08:49.031000","region":"Provincia del Guayas","device_model":null,"session_id":1596294454534,"event_type":"video-saved","client_upload_time":"2020-08-01 15:11:16.350000","groups":{},"device_family":null,"version_name":null,"processed_time":"2020-08-01 15:11:18.585152","start_version":null,"idfa":null,"$insert_id":"2a6debea-4585-4453-8979-c7b5c35942c2","event_properties":{"project-name":"Happy birthday","project-category":"Happy birthday","project-id":744680768,"save-type":"Saved Video"},"os_name":"Chrome","device_brand":null}
{"client_event_time":"2020-08-01 15:11:18.438000","group_properties":{},"dma":null,"$schema":12,"device_manufacturer":null,"adid":null,"os_version":"84","user_properties":{"Username":"amivargasarzube@gmail.com"},"device_type":null,"country":"Ecuador","amplitude_attribution_ids":null,"platform":"Web","location_lng":null,"ip_address":"190.154.104.188","uuid":"419066b2-d409-11ea-95c7-021c2509a250","event_time":"2020-08-01 15:11:18.438000","user_id":"amivargasarzube@gmail.com","device_id":"7xnNZpsEt_NEzTh729OLeC","data":{},"server_upload_time":"2020-08-01 15:11:19.826000","app":277124,"amplitude_id":181868240032,"device_carrier":null,"sample_rate":null,"language":"Spanish","library":"amplitude-js\/6.1.0","is_attribution_event":false,"city":"Guayaquil","amplitude_event_type":null,"paying":null,"server_received_time":"2020-08-01 15:11:19.811000","location_lat":null,"event_id":14,"user_creation_time":"2020-08-01 15:08:49.031000","region":"Provincia del Guayas","device_model":null,"session_id":1596294454534,"event_type":"preview-clicked","client_upload_time":"2020-08-01 15:11:18.438000","groups":{},"device_family":null,"version_name":null,"processed_time":"2020-08-01 15:11:20.804923","start_version":null,"idfa":null,"$insert_id":"e9a3c666-8bd6-43ab-911e-72eba32ba317","event_properties":{},"os_name":"Chrome","device_brand":null}
{"client_event_time":"2020-08-01 15:11:35.187000","group_properties":{},"dma":null,"$schema":12,"device_manufacturer":null,"adid":null,"os_version":"84","user_properties":{"Username":"amivargasarzube@gmail.com"},"device_type":null,"country":"Ecuador","amplitude_attribution_ids":null,"platform":"Web","location_lng":null,"ip_address":"190.154.104.188","uuid":"4b61ef12-d409-11ea-95c7-021c2509a250","event_time":"2020-08-01 15:11:35.187000","user_id":"amivargasarzube@gmail.com","device_id":"7xnNZpsEt_NEzTh729OLeC","data":{},"server_upload_time":"2020-08-01 15:11:36.579000","app":277124,"amplitude_id":181868240032,"device_carrier":null,"sample_rate":null,"language":"Spanish","library":"amplitude-js\/6.1.0","is_attribution_event":false,"city":"Guayaquil","amplitude_event_type":null,"paying":null,"server_received_time":"2020-08-01 15:11:36.565000","location_lat":null,"event_id":15,"user_creation_time":"2020-08-01 15:08:49.031000","region":"Provincia del Guayas","device_model":null,"session_id":1596294454534,"event_type":"image-upload","client_upload_time":"2020-08-01 15:11:35.187000","groups":{},"device_family":null,"version_name":null,"processed_time":"2020-08-01 15:11:37.278620","start_version":null,"idfa":null,"$insert_id":"bf79b7af-b76c-4d8f-a29d-c53ed37c5337","event_properties":{"upload-type":"browsed","project-id":744680768,"image-url":"https:\/\/brand-settings-images130431-pictory.s3.us-east-2.amazonaws.com\/public\/Google_116449961641782143156\/Randy Travis - Forever and Ever Amen - Lyrics Scrolling (YTCONVERT.IN).mp3"},"os_name":"Chrome","device_brand":null}
{"client_event_time":"2020-08-01 15:11:41.703000","group_properties":{},"dma":null,"$schema":12,"device_manufacturer":null,"adid":null,"os_version":"84","user_properties":{"Username":"amivargasarzube@gmail.com"},"device_type":null,"country":"Ecuador","amplitude_attribution_ids":null,"platform":"Web","location_lng":null,"ip_address":"190.154.104.188","uuid":"4fe78e02-d409-11ea-95c7-021c2509a250","event_time":"2020-08-01 15:11:41.703000","user_id":"amivargasarzube@gmail.com","device_id":"7xnNZpsEt_NEzTh729OLeC","data":{},"server_upload_time":"2020-08-01 15:11:43.084000","app":277124,"amplitude_id":181868240032,"device_carrier":null,"sample_rate":null,"language":"Spanish","library":"amplitude-js\/6.1.0","is_attribution_event":false,"city":"Guayaquil","amplitude_event_type":null,"paying":null,"server_received_time":"2020-08-01 15:11:43.077000","location_lat":null,"event_id":16,"user_creation_time":"2020-08-01 15:08:49.031000","region":"Provincia del Guayas","device_model":null,"session_id":1596294454534,"event_type":"voice-over-clicked","client_upload_time":"2020-08-01 15:11:41.703000","groups":{},"device_family":null,"version_name":null,"processed_time":"2020-08-01 15:11:44.866907","start_version":null,"idfa":null,"$insert_id":"ad8c4fa2-e215-49fc-8a4c-661c33643798","event_properties":{"project-id":744680768},"os_name":"Chrome","device_brand":null}
{"client_event_time":"2020-08-01 15:11:43.347000","group_properties":{},"dma":null,"$schema":12,"device_manufacturer":null,"adid":null,"os_version":"84","user_properties":{"Username":"amivargasarzube@gmail.com"},"device_type":null,"country":"Ecuador","amplitude_attribution_ids":null,"platform":"Web","location_lng":null,"ip_address":"190.154.104.188","uuid":"4fe794a6-d409-11ea-95c7-021c2509a250","event_time":"2020-08-01 15:11:43.347000","user_id":"amivargasarzube@gmail.com","device_id":"7xnNZpsEt_NEzTh729OLeC","data":{},"server_upload_time":"2020-08-01 15:11:44.729000","app":277124,"amplitude_id":181868240032,"device_carrier":null,"sample_rate":null,"language":"Spanish","library":"amplitude-js\/6.1.0","is_attribution_event":false,"city":"Guayaquil","amplitude_event_type":null,"paying":null,"server_received_time":"2020-08-01 15:11:44.712000","location_lat":null,"event_id":17,"user_creation_time":"2020-08-01 15:08:49.031000","region":"Provincia del Guayas","device_model":null,"session_id":1596294454534,"event_type":"recent-clicked","client_upload_time":"2020-08-01 15:11:43.347000","groups":{},"device_family":null,"version_name":null,"processed_time":"2020-08-01 15:11:44.869469","start_version":null,"idfa":null,"$insert_id":"a67c8355-1c8a-4a3b-a096-d0829c63528e","event_properties":{"project-id":744680768,"source":"Audio"},"os_name":"Chrome","device_brand":null}
{"client_event_time":"2020-08-01 15:11:58.633000","group_properties":{},"dma":null,"$schema":12,"device_manufacturer":null,"adid":null,"os_version":"84","user_properties":{"Username":"amivargasarzube@gmail.com"},"device_type":null,"country":"Ecuador","amplitude_attribution_ids":null,"platform":"Web","location_lng":null,"ip_address":"190.154.104.188","uuid":"591d4e62-d409-11ea-95c7-021c2509a250","event_time":"2020-08-01 15:11:58.633000","user_id":"amivargasarzube@gmail.com","device_id":"7xnNZpsEt_NEzTh729OLeC","data":{},"server_upload_time":"2020-08-01 15:12:00.026000","app":277124,"amplitude_id":181868240032,"device_carrier":null,"sample_rate":null,"language":"Spanish","library":"amplitude-js\/6.1.0","is_attribution_event":false,"city":"Guayaquil","amplitude_event_type":null,"paying":null,"server_received_time":"2020-08-01 15:12:00.009000","location_lat":null,"event_id":18,"user_creation_time":"2020-08-01 15:08:49.031000","region":"Provincia del Guayas","device_model":null,"session_id":1596294454534,"event_type":"voice-over-clicked","client_upload_time":"2020-08-01 15:11:58.633000","groups":{},"device_family":null,"version_name":null,"processed_time":"2020-08-01 15:12:00.316213","start_version":null,"idfa":null,"$insert_id":"cedfbb90-ce7e-46bc-a112-71e2cb5e8f20","event_properties":{"project-id":744680768},"os_name":"Chrome","device_brand":null}
{"client_event_time":"2020-08-01 15:11:58.681000","group_properties":{},"dma":null,"$schema":12,"device_manufacturer":null,"adid":null,"os_version":"84","user_properties":{"Username":"amivargasarzube@gmail.com"},"device_type":null,"country":"Ecuador","amplitude_attribution_ids":null,"platform":"Web","location_lng":null,"ip_address":"190.154.104.188","uuid":"5a18ca08-d409-11ea-95c7-021c2509a250","event_time":"2020-08-01 15:11:58.681000","user_id":"amivargasarzube@gmail.com","device_id":"7xnNZpsEt_NEzTh729OLeC","data":{},"server_upload_time":"2020-08-01 15:12:00.228000","app":277124,"amplitude_id":181868240032,"device_carrier":null,"sample_rate":null,"language":"Spanish","library":"amplitude-js\/6.1.0","is_attribution_event":false,"city":"Guayaquil","amplitude_event_type":null,"paying":null,"server_received_time":"2020-08-01 15:12:00.212000","location_lat":null,"event_id":19,"user_creation_time":"2020-08-01 15:08:49.031000","region":"Provincia del Guayas","device_model":null,"session_id":1596294454534,"event_type":"voice-over-clicked","client_upload_time":"2020-08-01 15:11:58.836000","groups":{},"device_family":null,"version_name":null,"processed_time":"2020-08-01 15:12:01.963585","start_version":null,"idfa":null,"$insert_id":"ab21bf6c-26c8-4d26-aabe-00d3a242b2ea","event_properties":{"project-id":744680768},"os_name":"Chrome","device_brand":null}
{"client_event_time":"2020-08-01 15:12:01.754000","group_properties":{},"dma":null,"$schema":12,"device_manufacturer":null,"adid":null,"os_version":"84","user_properties":{"Username":"amivargasarzube@gmail.com"},"device_type":null,"country":"Ecuador","amplitude_attribution_ids":null,"platform":"Web","location_lng":null,"ip_address":"190.154.104.188","uuid":"5b3a8552-d409-11ea-95c7-021c2509a250","event_time":"2020-08-01 15:12:01.754000","user_id":"amivargasarzube@gmail.com","device_id":"7xnNZpsEt_NEzTh729OLeC","data":{},"server_upload_time":"2020-08-01 15:12:03.146000","app":277124,"amplitude_id":181868240032,"device_carrier":null,"sample_rate":null,"language":"Spanish","library":"amplitude-js\/6.1.0","is_attribution_event":false,"city":"Guayaquil","amplitude_event_type":null,"paying":null,"server_received_time":"2020-08-01 15:12:03.139000","location_lat":null,"event_id":20,"user_creation_time":"2020-08-01 15:08:49.031000","region":"Provincia del Guayas","device_model":null,"session_id":1596294454534,"event_type":"voice-sample-played","client_upload_time":"2020-08-01 15:12:01.755000","groups":{},"device_family":null,"version_name":null,"processed_time":"2020-08-01 15:12:03.871358","start_version":null,"idfa":null,"$insert_id":"767ecf4b-09d8-4ba9-a218-e11c67843a3f","event_properties":{"country":"Australian English","name":"Nicole","project-id":744680768},"os_name":"Chrome","device_brand":null}
{"client_event_time":"2020-08-01 15:12:06.199000","group_properties":{},"dma":null,"$schema":12,"device_manufacturer":null,"adid":null,"os_version":"84","user_properties":{"Username":"amivargasarzube@gmail.com"},"device_type":null,"country":"Ecuador","amplitude_attribution_ids":null,"platform":"Web","location_lng":null,"ip_address":"190.154.104.188","uuid":"5dabe4ac-d409-11ea-95c7-021c2509a250","event_time":"2020-08-01 15:12:06.199000","user_id":"amivargasarzube@gmail.com","device_id":"7xnNZpsEt_NEzTh729OLeC","data":{},"server_upload_time":"2020-08-01 15:12:07.580000","app":277124,"amplitude_id":181868240032,"device_carrier":null,"sample_rate":null,"language":"Spanish","library":"amplitude-js\/6.1.0","is_attribution_event":false,"city":"Guayaquil","amplitude_event_type":null,"paying":null,"server_received_time":"2020-08-01 15:12:07.571000","location_lat":null,"event_id":21,"user_creation_time":"2020-08-01 15:08:49.031000","region":"Provincia del Guayas","device_model":null,"session_id":1596294454534,"event_type":"video-saved","client_upload_time":"2020-08-01 15:12:06.200000","groups":{},"device_family":null,"version_name":null,"processed_time":"2020-08-01 15:12:07.960134","start_version":null,"idfa":null,"$insert_id":"01a2c901-6f09-496a-8666-a3703d1605ce","event_properties":{"project-name":"Happy birthday","project-category":"Happy birthday","project-id":744680768,"save-type":"Saved Video"},"os_name":"Chrome","device_brand":null}
{"client_event_time":"2020-08-01 15:12:06.672000","group_properties":{},"dma":null,"$schema":12,"device_manufacturer":null,"adid":null,"os_version":"84","user_properties":{"Username":"amivargasarzube@gmail.com"},"device_type":null,"country":"Ecuador","amplitude_attribution_ids":null,"platform":"Web","location_lng":null,"ip_address":"190.154.104.188","uuid":"5eb5bed6-d409-11ea-95c7-021c2509a250","event_time":"2020-08-01 15:12:06.672000","user_id":"amivargasarzube@gmail.com","device_id":"7xnNZpsEt_NEzTh729OLeC","data":{},"server_upload_time":"2020-08-01 15:12:08.050000","app":277124,"amplitude_id":181868240032,"device_carrier":null,"sample_rate":null,"language":"Spanish","library":"amplitude-js\/6.1.0","is_attribution_event":false,"city":"Guayaquil","amplitude_event_type":null,"paying":null,"server_received_time":"2020-08-01 15:12:08.040000","location_lat":null,"event_id":22,"user_creation_time":"2020-08-01 15:08:49.031000","region":"Provincia del Guayas","device_model":null,"session_id":1596294454534,"event_type":"video-saved","client_upload_time":"2020-08-01 15:12:06.672000","groups":{},"device_family":null,"version_name":null,"processed_time":"2020-08-01 15:12:09.707307","start_version":null,"idfa":null,"$insert_id":"a31bf224-136f-4899-82af-18244fe58204","event_properties":{"project-name":"Happy birthday","project-category":"Happy birthday","project-id":744680768,"save-type":"Saved Video"},"os_name":"Chrome","device_brand":null}
{"client_event_time":"2020-08-01 15:12:06.690000","group_properties":{},"dma":null,"$schema":12,"device_manufacturer":null,"adid":null,"os_version":"84","user_properties":{"Username":"amivargasarzube@gmail.com"},"device_type":null,"country":"Ecuador","amplitude_attribution_ids":null,"platform":"Web","location_lng":null,"ip_address":"190.154.104.188","uuid":"5eb5c516-d409-11ea-95c7-021c2509a250","event_time":"2020-08-01 15:12:06.690000","user_id":"amivargasarzube@gmail.com","device_id":"7xnNZpsEt_NEzTh729OLeC","data":{},"server_upload_time":"2020-08-01 15:12:08.297000","app":277124,"amplitude_id":181868240032,"device_carrier":null,"sample_rate":null,"language":"Spanish","library":"amplitude-js\/6.1.0","is_attribution_event":false,"city":"Guayaquil","amplitude_event_type":null,"paying":null,"server_received_time":"2020-08-01 15:12:08.269000","location_lat":null,"event_id":23,"user_creation_time":"2020-08-01 15:08:49.031000","region":"Provincia del Guayas","device_model":null,"session_id":1596294454534,"event_type":"video-saved","client_upload_time":"2020-08-01 15:12:06.889000","groups":{},"device_family":null,"version_name":null,"processed_time":"2020-08-01 15:12:09.709679","start_version":null,"idfa":null,"$insert_id":"6a229aaf-2990-4d14-abb8-3a1ca01e18ed","event_properties":{"project-name":"Happy birthday","project-category":"Happy birthday","project-id":744680768,"save-type":"Saved Video"},"os_name":"Chrome","device_brand":null}
{"client_event_time":"2020-08-01 15:12:06.703000","group_properties":{},"dma":null,"$schema":12,"device_manufacturer":null,"adid":null,"os_version":"84","user_properties":{"Username":"amivargasarzube@gmail.com"},"device_type":null,"country":"Ecuador","amplitude_attribution_ids":null,"platform":"Web","location_lng":null,"ip_address":"190.154.104.188","uuid":"5eb5ca48-d409-11ea-95c7-021c2509a250","event_time":"2020-08-01 15:12:06.703000","user_id":"amivargasarzube@gmail.com","device_id":"7xnNZpsEt_NEzTh729OLeC","data":{},"server_upload_time":"2020-08-01 15:12:08.297000","app":277124,"amplitude_id":181868240032,"device_carrier":null,"sample_rate":null,"language":"Spanish","library":"amplitude-js\/6.1.0","is_attribution_event":false,"city":"Guayaquil","amplitude_event_type":null,"paying":null,"server_received_time":"2020-08-01 15:12:08.269000","location_lat":null,"event_id":24,"user_creation_time":"2020-08-01 15:08:49.031000","region":"Provincia del Guayas","device_model":null,"session_id":1596294454534,"event_type":"video-saved","client_upload_time":"2020-08-01 15:12:06.889000","groups":{},"device_family":null,"version_name":null,"processed_time":"2020-08-01 15:12:09.709685","start_version":null,"idfa":null,"$insert_id":"1802425c-5e1f-45e9-8bd2-d6d69785c27e","event_properties":{"project-name":"Happy birthday","project-category":"Happy birthday","project-id":744680768,"save-type":"Saved Video"},"os_name":"Chrome","device_brand":null}
{"client_event_time":"2020-08-01 15:12:06.716000","group_properties":{},"dma":null,"$schema":12,"device_manufacturer":null,"adid":null,"os_version":"84","user_properties":{"Username":"amivargasarzube@gmail.com"},"device_type":null,"country":"Ecuador","amplitude_attribution_ids":null,"platform":"Web","location_lng":null,"ip_address":"190.154.104.188","uuid":"5eb5cf52-d409-11ea-95c7-021c2509a250","event_time":"2020-08-01 15:12:06.716000","user_id":"amivargasarzube@gmail.com","device_id":"7xnNZpsEt_NEzTh729OLeC","data":{},"server_upload_time":"2020-08-01 15:12:08.297000","app":277124,"amplitude_id":181868240032,"device_carrier":null,"sample_rate":null,"language":"Spanish","library":"amplitude-js\/6.1.0","is_attribution_event":false,"city":"Guayaquil","amplitude_event_type":null,"paying":null,"server_received_time":"2020-08-01 15:12:08.269000","location_lat":null,"event_id":25,"user_creation_time":"2020-08-01 15:08:49.031000","region":"Provincia del Guayas","device_model":null,"session_id":1596294454534,"event_type":"video-saved","client_upload_time":"2020-08-01 15:12:06.889000","groups":{},"device_family":null,"version_name":null,"processed_time":"2020-08-01 15:12:09.709688","start_version":null,"idfa":null,"$insert_id":"d6370683-3910-4096-9666-df59eb545a36","event_properties":{"project-name":"Happy birthday","project-category":"Happy birthday","project-id":744680768,"save-type":"Saved Video"},"os_name":"Chrome","device_brand":null}
{"client_event_time":"2020-08-01 15:12:06.729000","group_properties":{},"dma":null,"$schema":12,"device_manufacturer":null,"adid":null,"os_version":"84","user_properties":{"Username":"amivargasarzube@gmail.com"},"device_type":null,"country":"Ecuador","amplitude_attribution_ids":null,"platform":"Web","location_lng":null,"ip_address":"190.154.104.188","uuid":"5eb5d434-d409-11ea-95c7-021c2509a250","event_time":"2020-08-01 15:12:06.729000","user_id":"amivargasarzube@gmail.com","device_id":"7xnNZpsEt_NEzTh729OLeC","data":{},"server_upload_time":"2020-08-01 15:12:08.297000","app":277124,"amplitude_id":181868240032,"device_carrier":null,"sample_rate":null,"language":"Spanish","library":"amplitude-js\/6.1.0","is_attribution_event":false,"city":"Guayaquil","amplitude_event_type":null,"paying":null,"server_received_time":"2020-08-01 15:12:08.269000","location_lat":null,"event_id":26,"user_creation_time":"2020-08-01 15:08:49.031000","region":"Provincia del Guayas","device_model":null,"session_id":1596294454534,"event_type":"video-saved","client_upload_time":"2020-08-01 15:12:06.889000","groups":{},"device_family":null,"version_name":null,"processed_time":"2020-08-01 15:12:09.709690","start_version":null,"idfa":null,"$insert_id":"4571bafb-be50-4f2a-8684-74dde32e0e85","event_properties":{"project-name":"Happy birthday","project-category":"Happy birthday","project-id":744680768,"save-type":"Saved Video"},"os_name":"Chrome","device_brand":null}
{"client_event_time":"2020-08-01 15:12:06.743000","group_properties":{},"dma":null,"$schema":12,"device_manufacturer":null,"adid":null,"os_version":"84","user_properties":{"Username":"amivargasarzube@gmail.com"},"device_type":null,"country":"Ecuador","amplitude_attribution_ids":null,"platform":"Web","location_lng":null,"ip_address":"190.154.104.188","uuid":"5eb5d90c-d409-11ea-95c7-021c2509a250","event_time":"2020-08-01 15:12:06.743000","user_id":"amivargasarzube@gmail.com","device_id":"7xnNZpsEt_NEzTh729OLeC","data":{},"server_upload_time":"2020-08-01 15:12:08.297000","app":277124,"amplitude_id":181868240032,"device_carrier":null,"sample_rate":null,"language":"Spanish","library":"amplitude-js\/6.1.0","is_attribution_event":false,"city":"Guayaquil","amplitude_event_type":null,"paying":null,"server_received_time":"2020-08-01 15:12:08.269000","location_lat":null,"event_id":27,"user_creation_time":"2020-08-01 15:08:49.031000","region":"Provincia del Guayas","device_model":null,"session_id":1596294454534,"event_type":"video-saved","client_upload_time":"2020-08-01 15:12:06.889000","groups":{},"device_family":null,"version_name":null,"processed_time":"2020-08-01 15:12:09.709692","start_version":null,"idfa":null,"$insert_id":"f3b268db-17e3-4e98-8d3d-4e7024eb5137","event_properties":{"project-name":"Happy birthday","project-category":"Happy birthday","project-id":744680768,"save-type":"Saved Video"},"os_name":"Chrome","device_brand":null}
{"client_event_time":"2020-08-01 15:12:06.757000","group_properties":{},"dma":null,"$schema":12,"device_manufacturer":null,"adid":null,"os_version":"84","user_properties":{"Username":"amivargasarzube@gmail.com"},"device_type":null,"country":"Ecuador","amplitude_attribution_ids":null,"platform":"Web","location_lng":null,"ip_address":"190.154.104.188","uuid":"5eb5dde4-d409-11ea-95c7-021c2509a250","event_time":"2020-08-01 15:12:06.757000","user_id":"amivargasarzube@gmail.com","device_id":"7xnNZpsEt_NEzTh729OLeC","data":{},"server_upload_time":"2020-08-01 15:12:08.297000","app":277124,"amplitude_id":181868240032,"device_carrier":null,"sample_rate":null,"language":"Spanish","library":"amplitude-js\/6.1.0","is_attribution_event":false,"city":"Guayaquil","amplitude_event_type":null,"paying":null,"server_received_time":"2020-08-01 15:12:08.269000","location_lat":null,"event_id":28,"user_creation_time":"2020-08-01 15:08:49.031000","region":"Provincia del Guayas","device_model":null,"session_id":1596294454534,"event_type":"video-saved","client_upload_time":"2020-08-01 15:12:06.889000","groups":{},"device_family":null,"version_name":null,"processed_time":"2020-08-01 15:12:09.709696","start_version":null,"idfa":null,"$insert_id":"cb9dd55d-bb6d-4ce7-b903-5c286232e596","event_properties":{"project-name":"Happy birthday","project-category":"Happy birthday","project-id":744680768,"save-type":"Saved Video"},"os_name":"Chrome","device_brand":null}
{"client_event_time":"2020-08-01 15:12:06.813000","group_properties":{},"dma":null,"$schema":12,"device_manufacturer":null,"adid":null,"os_version":"84","user_properties":{"Username":"amivargasarzube@gmail.com"},"device_type":null,"country":"Ecuador","amplitude_attribution_ids":null,"platform":"Web","location_lng":null,"ip_address":"190.154.104.188","uuid":"5eb5e2b2-d409-11ea-95c7-021c2509a250","event_time":"2020-08-01 15:12:06.813000","user_id":"amivargasarzube@gmail.com","device_id":"7xnNZpsEt_NEzTh729OLeC","data":{},"server_upload_time":"2020-08-01 15:12:08.297000","app":277124,"amplitude_id":181868240032,"device_carrier":null,"sample_rate":null,"language":"Spanish","library":"amplitude-js\/6.1.0","is_attribution_event":false,"city":"Guayaquil","amplitude_event_type":null,"paying":null,"server_received_time":"2020-08-01 15:12:08.269000","location_lat":null,"event_id":29,"user_creation_time":"2020-08-01 15:08:49.031000","region":"Provincia del Guayas","device_model":null,"session_id":1596294454534,"event_type":"video-saved","client_upload_time":"2020-08-01 15:12:06.889000","groups":{},"device_family":null,"version_name":null,"processed_time":"2020-08-01 15:12:09.709698","start_version":null,"idfa":null,"$insert_id":"ade3c989-013c-48cf-b2c0-3e8f50fb58cd","event_properties":{"project-name":"Happy birthday","project-category":"Happy birthday","project-id":744680768,"save-type":"Saved Video"},"os_name":"Chrome","device_brand":null}
{"client_event_time":"2020-08-01 15:12:06.932000","group_properties":{},"dma":null,"$schema":12,"device_manufacturer":null,"adid":null,"os_version":"84","user_properties":{"Username":"amivargasarzube@gmail.com"},"device_type":null,"country":"Ecuador","amplitude_attribution_ids":null,"platform":"Web","location_lng":null,"ip_address":"190.154.104.188","uuid":"5eb5e7a8-d409-11ea-95c7-021c2509a250","event_time":"2020-08-01 15:12:06.932000","user_id":"amivargasarzube@gmail.com","device_id":"7xnNZpsEt_NEzTh729OLeC","data":{},"server_upload_time":"2020-08-01 15:12:08.477000","app":277124,"amplitude_id":181868240032,"device_carrier":null,"sample_rate":null,"language":"Spanish","library":"amplitude-js\/6.1.0","is_attribution_event":false,"city":"Guayaquil","amplitude_event_type":null,"paying":null,"server_received_time":"2020-08-01 15:12:08.466000","location_lat":null,"event_id":30,"user_creation_time":"2020-08-01 15:08:49.031000","region":"Provincia del Guayas","device_model":null,"session_id":1596294454534,"event_type":"video-saved","client_upload_time":"2020-08-01 15:12:07.097000","groups":{},"device_family":null,"version_name":null,"processed_time":"2020-08-01 15:12:09.712526","start_version":null,"idfa":null,"$insert_id":"69cce449-147e-4540-8b18-57f3a5b02fbb","event_properties":{"project-name":"Happy birthday","project-category":"Happy birthday","project-id":744680768,"save-type":"Saved Video"},"os_name":"Chrome","device_brand":null}
{"client_event_time":"2020-08-01 15:12:10.138000","group_properties":{},"dma":null,"$schema":12,"device_manufacturer":null,"adid":null,"os_version":"84","user_properties":{"Username":"amivargasarzube@gmail.com"},"device_type":null,"country":"Ecuador","amplitude_attribution_ids":null,"platform":"Web","location_lng":null,"ip_address":"190.154.104.188","uuid":"60007a24-d409-11ea-95c7-021c2509a250","event_time":"2020-08-01 15:12:10.138000","user_id":"amivargasarzube@gmail.com","device_id":"7xnNZpsEt_NEzTh729OLeC","data":{},"server_upload_time":"2020-08-01 15:12:11.518000","app":277124,"amplitude_id":181868240032,"device_carrier":null,"sample_rate":null,"language":"Spanish","library":"amplitude-js\/6.1.0","is_attribution_event":false,"city":"Guayaquil","amplitude_event_type":null,"paying":null,"server_received_time":"2020-08-01 15:12:11.512000","location_lat":null,"event_id":31,"user_creation_time":"2020-08-01 15:08:49.031000","region":"Provincia del Guayas","device_model":null,"session_id":1596294454534,"event_type":"voice-sample-played","client_upload_time":"2020-08-01 15:12:10.138000","groups":{},"device_family":null,"version_name":null,"processed_time":"2020-08-01 15:12:11.870648","start_version":null,"idfa":null,"$insert_id":"7d6d295b-0ef4-4a6b-9833-841249e8bee2","event_properties":{"country":"US English","name":"Joanna","project-id":744680768},"os_name":"Chrome","device_brand":null}
{"client_event_time":"2020-08-01 15:12:12.802000","group_properties":{},"dma":null,"$schema":12,"device_manufacturer":null,"adid":null,"os_version":"84","user_properties":{"Username":"amivargasarzube@gmail.com"},"device_type":null,"country":"Ecuador","amplitude_attribution_ids":null,"platform":"Web","location_lng":null,"ip_address":"190.154.104.188","uuid":"62b34486-d409-11ea-95c7-021c2509a250","event_time":"2020-08-01 15:12:12.802000","user_id":"amivargasarzube@gmail.com","device_id":"7xnNZpsEt_NEzTh729OLeC","data":{},"server_upload_time":"2020-08-01 15:12:14.175000","app":277124,"amplitude_id":181868240032,"device_carrier":null,"sample_rate":null,"language":"Spanish","library":"amplitude-js\/6.1.0","is_attribution_event":false,"city":"Guayaquil","amplitude_event_type":null,"paying":null,"server_received_time":"2020-08-01 15:12:14.167000","location_lat":null,"event_id":32,"user_creation_time":"2020-08-01 15:08:49.031000","region":"Provincia del Guayas","device_model":null,"session_id":1596294454534,"event_type":"recent-clicked","client_upload_time":"2020-08-01 15:12:12.802000","groups":{},"device_family":null,"version_name":null,"processed_time":"2020-08-01 15:12:16.397563","start_version":null,"idfa":null,"$insert_id":"bdc0210d-ecef-4db6-99cc-79ec245e545b","event_properties":{"project-id":744680768,"source":"Audio"},"os_name":"Chrome","device_brand":null}
{"client_event_time":"2020-08-01 15:12:23.400000","group_properties":{},"dma":null,"$schema":12,"device_manufacturer":null,"adid":null,"os_version":"84","user_properties":{"Username":"amivargasarzube@gmail.com"},"device_type":null,"country":"Ecuador","amplitude_attribution_ids":null,"platform":"Web","location_lng":null,"ip_address":"190.154.104.188","uuid":"67f2f022-d409-11ea-95c7-021c2509a250","event_time":"2020-08-01 15:12:23.400000","user_id":"amivargasarzube@gmail.com","device_id":"7xnNZpsEt_NEzTh729OLeC","data":{},"server_upload_time":"2020-08-01 15:12:24.784000","app":277124,"amplitude_id":181868240032,"device_carrier":null,"sample_rate":null,"language":"Spanish","library":"amplitude-js\/6.1.0","is_attribution_event":false,"city":"Guayaquil","amplitude_event_type":null,"paying":null,"server_received_time":"2020-08-01 15:12:24.773000","location_lat":null,"event_id":33,"user_creation_time":"2020-08-01 15:08:49.031000","region":"Provincia del Guayas","device_model":null,"session_id":1596294454534,"event_type":"track-sample-played","client_upload_time":"2020-08-01 15:12:23.401000","groups":{},"device_family":null,"version_name":null,"processed_time":"2020-08-01 15:12:25.226416","start_version":null,"idfa":null,"$insert_id":"a7b9ff85-549e-46ad-9846-56c5dc753a27","event_properties":{"trackName":"Fantasy and Dream","project-id":744680768},"os_name":"Chrome","device_brand":null}
{"client_event_time":"2020-08-01 15:12:24.517000","group_properties":{},"dma":null,"$schema":12,"device_manufacturer":null,"adid":null,"os_version":"84","user_properties":{"Username":"amivargasarzube@gmail.com"},"device_type":null,"country":"Ecuador","amplitude_attribution_ids":null,"platform":"Web","location_lng":null,"ip_address":"190.154.104.188","uuid":"69297222-d409-11ea-95c7-021c2509a250","event_time":"2020-08-01 15:12:24.517000","user_id":"amivargasarzube@gmail.com","device_id":"7xnNZpsEt_NEzTh729OLeC","data":{},"server_upload_time":"2020-08-01 15:12:25.902000","app":277124,"amplitude_id":181868240032,"device_carrier":null,"sample_rate":null,"language":"Spanish","library":"amplitude-js\/6.1.0","is_attribution_event":false,"city":"Guayaquil","amplitude_event_type":null,"paying":null,"server_received_time":"2020-08-01 15:12:25.892000","location_lat":null,"event_id":34,"user_creation_time":"2020-08-01 15:08:49.031000","region":"Provincia del Guayas","device_model":null,"session_id":1596294454534,"event_type":"track-sample-played","client_upload_time":"2020-08-01 15:12:24.518000","groups":{},"device_family":null,"version_name":null,"processed_time":"2020-08-01 15:12:27.241737","start_version":null,"idfa":null,"$insert_id":"1b424f25-e648-462e-aa83-0dc1a02613d0","event_properties":{"trackName":"Fantasy and Dream","project-id":744680768},"os_name":"Chrome","device_brand":null}
{"client_event_time":"2020-08-01 15:12:29.290000","group_properties":{},"dma":null,"$schema":12,"device_manufacturer":null,"adid":null,"os_version":"84","user_properties":{"Username":"amivargasarzube@gmail.com"},"device_type":null,"country":"Ecuador","amplitude_attribution_ids":null,"platform":"Web","location_lng":null,"ip_address":"190.154.104.188","uuid":"6c7bae2c-d409-11ea-95c7-021c2509a250","event_time":"2020-08-01 15:12:29.290000","user_id":"amivargasarzube@gmail.com","device_id":"7xnNZpsEt_NEzTh729OLeC","data":{},"server_upload_time":"2020-08-01 15:12:30.672000","app":277124,"amplitude_id":181868240032,"device_carrier":null,"sample_rate":null,"language":"Spanish","library":"amplitude-js\/6.1.0","is_attribution_event":false,"city":"Guayaquil","amplitude_event_type":null,"paying":null,"server_received_time":"2020-08-01 15:12:30.657000","location_lat":null,"event_id":35,"user_creation_time":"2020-08-01 15:08:49.031000","region":"Provincia del Guayas","device_model":null,"session_id":1596294454534,"event_type":"voice-over-clicked","client_upload_time":"2020-08-01 15:12:29.290000","groups":{},"device_family":null,"version_name":null,"processed_time":"2020-08-01 15:12:32.812964","start_version":null,"idfa":null,"$insert_id":"c7ea791f-85a1-4889-89cd-e2d3350d5ccb","event_properties":{"project-id":744680768},"os_name":"Chrome","device_brand":null}
{"client_event_time":"2020-08-01 15:12:32.747000","group_properties":{},"dma":null,"$schema":12,"device_manufacturer":null,"adid":null,"os_version":"84","user_properties":{"Username":"amivargasarzube@gmail.com"},"device_type":null,"country":"Ecuador","amplitude_attribution_ids":null,"platform":"Web","location_lng":null,"ip_address":"190.154.104.188","uuid":"6d88112a-d409-11ea-95c7-021c2509a250","event_time":"2020-08-01 15:12:32.747000","user_id":"amivargasarzube@gmail.com","device_id":"7xnNZpsEt_NEzTh729OLeC","data":{},"server_upload_time":"2020-08-01 15:12:34.127000","app":277124,"amplitude_id":181868240032,"device_carrier":null,"sample_rate":null,"language":"Spanish","library":"amplitude-js\/6.1.0","is_attribution_event":false,"city":"Guayaquil","amplitude_event_type":null,"paying":null,"server_received_time":"2020-08-01 15:12:34.117000","location_lat":null,"event_id":36,"user_creation_time":"2020-08-01 15:08:49.031000","region":"Provincia del Guayas","device_model":null,"session_id":1596294454534,"event_type":"track-sample-played","client_upload_time":"2020-08-01 15:12:32.748000","groups":{},"device_family":null,"version_name":null,"processed_time":"2020-08-01 15:12:34.570779","start_version":null,"idfa":null,"$insert_id":"64e2cd0d-f9e0-4f4c-9204-b75290bf148c","event_properties":{"track-name":"Colors of Life","project-id":744680768},"os_name":"Chrome","device_brand":null}
{"client_event_time":"2020-08-01 15:12:42.710000","group_properties":{},"dma":null,"$schema":12,"device_manufacturer":null,"adid":null,"os_version":"84","user_properties":{"Username":"amivargasarzube@gmail.com"},"device_type":null,"country":"Ecuador","amplitude_attribution_ids":null,"platform":"Web","location_lng":null,"ip_address":"190.154.104.188","uuid":"73b9147c-d409-11ea-95c7-021c2509a250","event_time":"2020-08-01 15:12:42.710000","user_id":"amivargasarzube@gmail.com","device_id":"7xnNZpsEt_NEzTh729OLeC","data":{},"server_upload_time":"2020-08-01 15:12:44.102000","app":277124,"amplitude_id":181868240032,"device_carrier":null,"sample_rate":null,"language":"Spanish","library":"amplitude-js\/6.1.0","is_attribution_event":false,"city":"Guayaquil","amplitude_event_type":null,"paying":null,"server_received_time":"2020-08-01 15:12:44.087000","location_lat":null,"event_id":37,"user_creation_time":"2020-08-01 15:08:49.031000","region":"Provincia del Guayas","device_model":null,"session_id":1596294454534,"event_type":"track-sample-played","client_upload_time":"2020-08-01 15:12:42.711000","groups":{},"device_family":null,"version_name":null,"processed_time":"2020-08-01 15:12:44.962975","start_version":null,"idfa":null,"$insert_id":"29608398-bc9a-406b-bf94-f58cc886db22","event_properties":{"track-name":"Powerful Destiny","project-id":744680768},"os_name":"Chrome","device_brand":null}
{"client_event_time":"2020-08-01 15:12:45.141000","group_properties":{},"dma":null,"$schema":12,"device_manufacturer":null,"adid":null,"os_version":"84","user_properties":{"Username":"amivargasarzube@gmail.com"},"device_type":null,"country":"Ecuador","amplitude_attribution_ids":null,"platform":"Web","location_lng":null,"ip_address":"190.154.104.188","uuid":"74caa830-d409-11ea-95c7-021c2509a250","event_time":"2020-08-01 15:12:45.141000","user_id":"amivargasarzube@gmail.com","device_id":"7xnNZpsEt_NEzTh729OLeC","data":{},"server_upload_time":"2020-08-01 15:12:46.525000","app":277124,"amplitude_id":181868240032,"device_carrier":null,"sample_rate":null,"language":"Spanish","library":"amplitude-js\/6.1.0","is_attribution_event":false,"city":"Guayaquil","amplitude_event_type":null,"paying":null,"server_received_time":"2020-08-01 15:12:46.517000","location_lat":null,"event_id":38,"user_creation_time":"2020-08-01 15:08:49.031000","region":"Provincia del Guayas","device_model":null,"session_id":1596294454534,"event_type":"track-sample-played","client_upload_time":"2020-08-01 15:12:45.142000","groups":{},"device_family":null,"version_name":null,"processed_time":"2020-08-01 15:12:46.750508","start_version":null,"idfa":null,"$insert_id":"9912627d-b2f2-4c8f-990a-be405487242d","event_properties":{"track-name":"Ground Breaker","project-id":744680768},"os_name":"Chrome","device_brand":null}
{"client_event_time":"2020-08-01 15:13:24.973000","group_properties":{},"dma":null,"$schema":12,"device_manufacturer":null,"adid":null,"os_version":"84","user_properties":{"Username":"amivargasarzube@gmail.com"},"device_type":null,"country":"Ecuador","amplitude_attribution_ids":null,"platform":"Web","location_lng":null,"ip_address":"190.154.104.188","uuid":"8d16c586-d409-11ea-95c7-021c2509a250","event_time":"2020-08-01 15:13:24.973000","user_id":"amivargasarzube@gmail.com","device_id":"7xnNZpsEt_NEzTh729OLeC","data":{},"server_upload_time":"2020-08-01 15:13:26.362000","app":277124,"amplitude_id":181868240032,"device_carrier":null,"sample_rate":null,"language":"Spanish","library":"amplitude-js\/6.1.0","is_attribution_event":false,"city":"Guayaquil","amplitude_event_type":null,"paying":null,"server_received_time":"2020-08-01 15:13:26.342000","location_lat":null,"event_id":39,"user_creation_time":"2020-08-01 15:08:49.031000","region":"Provincia del Guayas","device_model":null,"session_id":1596294454534,"event_type":"track-sample-played","client_upload_time":"2020-08-01 15:13:24.976000","groups":{},"device_family":null,"version_name":null,"processed_time":"2020-08-01 15:13:27.515155","start_version":null,"idfa":null,"$insert_id":"644f517e-6a19-46c6-84ae-6045cebf810e","event_properties":{"track-name":"Fresh Morning Rain","project-id":744680768},"os_name":"Chrome","device_brand":null}
{"client_event_time":"2020-08-01 15:13:36.974000","group_properties":{},"dma":null,"$schema":12,"device_manufacturer":null,"adid":null,"os_version":"84","user_properties":{"Username":"amivargasarzube@gmail.com"},"device_type":null,"country":"Ecuador","amplitude_attribution_ids":null,"platform":"Web","location_lng":null,"ip_address":"190.154.104.188","uuid":"940d5f58-d409-11ea-95c7-021c2509a250","event_time":"2020-08-01 15:13:36.974000","user_id":"amivargasarzube@gmail.com","device_id":"7xnNZpsEt_NEzTh729OLeC","data":{},"server_upload_time":"2020-08-01 15:13:38.362000","app":277124,"amplitude_id":181868240032,"device_carrier":null,"sample_rate":null,"language":"Spanish","library":"amplitude-js\/6.1.0","is_attribution_event":false,"city":"Guayaquil","amplitude_event_type":null,"paying":null,"server_received_time":"2020-08-01 15:13:38.352000","location_lat":null,"event_id":40,"user_creation_time":"2020-08-01 15:08:49.031000","region":"Provincia del Guayas","device_model":null,"session_id":1596294454534,"event_type":"theme-changed","client_upload_time":"2020-08-01 15:13:36.975000","groups":{},"device_family":null,"version_name":null,"processed_time":"2020-08-01 15:13:39.199180","start_version":null,"idfa":null,"$insert_id":"db9907b6-b5b8-4a6a-8aa2-55d64896ac59","event_properties":{"current-theme":"Animation1","project-id":744680768,"previous-theme":"Animation1"},"os_name":"Chrome","device_brand":null}
{"client_event_time":"2020-08-01 15:13:38.459000","group_properties":{},"dma":null,"$schema":12,"device_manufacturer":null,"adid":null,"os_version":"84","user_properties":{"Username":"amivargasarzube@gmail.com"},"device_type":null,"country":"Ecuador","amplitude_attribution_ids":null,"platform":"Web","location_lng":null,"ip_address":"190.154.104.188","uuid":"94ff8918-d409-11ea-95c7-021c2509a250","event_time":"2020-08-01 15:13:38.459000","user_id":"amivargasarzube@gmail.com","device_id":"7xnNZpsEt_NEzTh729OLeC","data":{},"server_upload_time":"2020-08-01 15:13:39.836000","app":277124,"amplitude_id":181868240032,"device_carrier":null,"sample_rate":null,"language":"Spanish","library":"amplitude-js\/6.1.0","is_attribution_event":false,"city":"Guayaquil","amplitude_event_type":null,"paying":null,"server_received_time":"2020-08-01 15:13:39.819000","location_lat":null,"event_id":41,"user_creation_time":"2020-08-01 15:08:49.031000","region":"Provincia del Guayas","device_model":null,"session_id":1596294454534,"event_type":"video-saved","client_upload_time":"2020-08-01 15:13:38.460000","groups":{},"device_family":null,"version_name":null,"processed_time":"2020-08-01 15:13:40.783697","start_version":null,"idfa":null,"$insert_id":"8a95d2d7-5c08-4879-9bbf-a6671ec6f003","event_properties":{"project-name":"Happy birthday","project-category":"Happy birthday","project-id":744680768,"save-type":"Saved Video"},"os_name":"Chrome","device_brand":null}
