{"amplitude_attribution_ids":null,"idfa":null,"server_upload_time":"2020-08-13 11:49:45.511000","device_carrier":null,"app":277124,"language":"English","sample_rate":null,"location_lng":null,"is_attribution_event":false,"groups":{},"client_upload_time":"2020-08-13 11:48:26.181000","city":"Lebanon","os_name":"Chrome","device_id":"llWSgwMLedIYgs5qkvDFwP","event_id":1,"version_name":null,"device_model":null,"event_time":"2020-08-13 11:48:45.503000","amplitude_id":184583675245,"library":"amplitude-js\/6.1.0","paying":null,"adid":null,"start_version":null,"processed_time":"2020-08-13 11:49:46.111608","amplitude_event_type":null,"user_properties":{"Username":"software@mysalondesk.com"},"device_brand":null,"$schema":12,"data":{"first_event":true},"device_manufacturer":null,"device_family":null,"user_creation_time":"2020-08-13 11:48:45.503000","client_event_time":"2020-08-13 11:48:26.177000","os_version":"84","$insert_id":"2f97585f-f509-40f4-af9c-265d5eaa1ba2","event_type":"user-signup","platform":"Web","device_type":null,"uuid":"156f9b92-dd5b-11ea-9366-061d87cfa458","event_properties":{"provider":"Google"},"ip_address":"73.219.254.38","server_received_time":"2020-08-13 11:49:45.507000","session_id":1597319246585,"dma":"Burlington, VT-Plattsburgh, NY","country":"United States","location_lat":null,"region":"New Hampshire","group_properties":{},"user_id":"software@mysalondesk.com"}
{"amplitude_attribution_ids":null,"idfa":null,"server_upload_time":"2020-08-13 11:49:45.637000","device_carrier":null,"app":277124,"language":"English","sample_rate":null,"location_lng":null,"is_attribution_event":false,"groups":{},"client_upload_time":"2020-08-13 11:48:26.320000","city":"Lebanon","os_name":"Chrome","device_id":"llWSgwMLedIYgs5qkvDFwP","event_id":2,"version_name":null,"device_model":null,"event_time":"2020-08-13 11:48:45.504000","amplitude_id":184583675245,"library":"amplitude-js\/6.1.0","paying":null,"adid":null,"start_version":null,"processed_time":"2020-08-13 11:49:47.767484","amplitude_event_type":null,"user_properties":{"Username":"software@mysalondesk.com"},"device_brand":null,"$schema":12,"data":{},"device_manufacturer":null,"device_family":null,"user_creation_time":"2020-08-13 11:48:45.503000","client_event_time":"2020-08-13 11:48:26.192000","os_version":"84","$insert_id":"d6344a0b-d918-4bde-b6f4-33ee5988bcf9","event_type":"trial-activated","platform":"Web","device_type":null,"uuid":"1680f6c0-dd5b-11ea-9366-061d87cfa458","event_properties":{},"ip_address":"73.219.254.38","server_received_time":"2020-08-13 11:49:45.632000","session_id":1597319246585,"dma":"Burlington, VT-Plattsburgh, NY","country":"United States","location_lat":null,"region":"New Hampshire","group_properties":{},"user_id":"software@mysalondesk.com"}
{"amplitude_attribution_ids":null,"idfa":null,"server_upload_time":"2020-08-13 11:51:01.032000","device_carrier":null,"app":277124,"language":"English","sample_rate":null,"location_lng":null,"is_attribution_event":false,"groups":{},"client_upload_time":"2020-08-13 11:49:41.683000","city":"Lebanon","os_name":"Chrome","device_id":"llWSgwMLedIYgs5qkvDFwP","event_id":3,"version_name":null,"device_model":null,"event_time":"2020-08-13 11:50:01.016000","amplitude_id":184583675245,"library":"amplitude-js\/6.1.0","paying":null,"adid":null,"start_version":null,"processed_time":"2020-08-13 11:51:03.295211","amplitude_event_type":null,"user_properties":{"Username":"software@mysalondesk.com"},"device_brand":null,"$schema":12,"data":{},"device_manufacturer":null,"device_family":null,"user_creation_time":"2020-08-13 11:48:45.503000","client_event_time":"2020-08-13 11:49:41.679000","os_version":"84","$insert_id":"ce57f05b-4b06-4507-99a6-3c8013796ea4","event_type":"start-with-script","platform":"Web","device_type":null,"uuid":"437c823e-dd5b-11ea-9366-061d87cfa458","event_properties":{"script":"<p style=\"text-align:right;\">Managing customer bookings, inquiries, concerns, and marketing is a heavy burden to carry- all while trying to manage a staff and address in-salon issues.<\/p><p style=\"text-align:right;\"><br>&nbsp;<\/p><p style=\"text-align:right;\">Receptionists are an expensive luxury in the salon industry given notoriously thin margins - many salons choose to forego a receptionist altogether.<\/p><p style=\"text-align:right;\"><br>&nbsp;<\/p><p style=\"text-align:right;\">Unfortunately, this means many salons rely solely on stylists to service their own clientele independently and \"pitch in\" to answer the salon phone.&nbsp; Quality of service inevitably drops, and your revenues suffer the consequences.<\/p><p style=\"text-align:right;\"><br>&nbsp;<\/p><p style=\"text-align:right;\">\u200b<\/p><p>&nbsp;<\/p><p>&nbsp;<\/p><p>&nbsp;<\/p><h4>Offer Your Clients More Immediate Support.<\/h4><p>The average salon&nbsp; <strong>misses about 25&nbsp;potential clients&nbsp;<\/strong>each day.&nbsp;<\/p><p>&nbsp;<\/p><p>Potential c"},"ip_address":"73.219.254.38","server_received_time":"2020-08-13 11:51:01.020000","session_id":1597319246585,"dma":"Burlington, VT-Plattsburgh, NY","country":"United States","location_lat":null,"region":"New Hampshire","group_properties":{},"user_id":"software@mysalondesk.com"}
{"amplitude_attribution_ids":null,"idfa":null,"server_upload_time":"2020-08-13 11:51:20.521000","device_carrier":null,"app":277124,"language":"English","sample_rate":null,"location_lng":null,"is_attribution_event":false,"groups":{},"client_upload_time":"2020-08-13 11:50:01.189000","city":"Lebanon","os_name":"Chrome","device_id":"llWSgwMLedIYgs5qkvDFwP","event_id":4,"version_name":null,"device_model":null,"event_time":"2020-08-13 11:50:20.507000","amplitude_id":184583675245,"library":"amplitude-js\/6.1.0","paying":null,"adid":null,"start_version":null,"processed_time":"2020-08-13 11:51:22.031256","amplitude_event_type":null,"user_properties":{"Username":"software@mysalondesk.com"},"device_brand":null,"$schema":12,"data":{},"device_manufacturer":null,"device_family":null,"user_creation_time":"2020-08-13 11:48:45.503000","client_event_time":"2020-08-13 11:50:01.186000","os_version":"84","$insert_id":"8b86e01a-d00d-4fdb-8def-70189afb17cf","event_type":"track-selected","platform":"Web","device_type":null,"uuid":"4ea516e4-dd5b-11ea-9366-061d87cfa458","event_properties":{"track-name":"All We Know","project-id":955690274},"ip_address":"73.219.254.38","server_received_time":"2020-08-13 11:51:20.510000","session_id":1597319246585,"dma":"Burlington, VT-Plattsburgh, NY","country":"United States","location_lat":null,"region":"New Hampshire","group_properties":{},"user_id":"software@mysalondesk.com"}
{"amplitude_attribution_ids":null,"idfa":null,"server_upload_time":"2020-08-13 11:51:22.047000","device_carrier":null,"app":277124,"language":"English","sample_rate":null,"location_lng":null,"is_attribution_event":false,"groups":{},"client_upload_time":"2020-08-13 11:50:02.717000","city":"Lebanon","os_name":"Chrome","device_id":"llWSgwMLedIYgs5qkvDFwP","event_id":5,"version_name":null,"device_model":null,"event_time":"2020-08-13 11:50:22.035000","amplitude_id":184583675245,"library":"amplitude-js\/6.1.0","paying":null,"adid":null,"start_version":null,"processed_time":"2020-08-13 11:51:23.938681","amplitude_event_type":null,"user_properties":{"Username":"software@mysalondesk.com"},"device_brand":null,"$schema":12,"data":{},"device_manufacturer":null,"device_family":null,"user_creation_time":"2020-08-13 11:48:45.503000","client_event_time":"2020-08-13 11:50:02.716000","os_version":"84","$insert_id":"05d72f63-7720-46d2-9768-c574578829cc","event_type":"video-saved","platform":"Web","device_type":null,"uuid":"4fd1ec72-dd5b-11ea-9366-061d87cfa458","event_properties":{"project-id":955690274,"save-type":"New Video","project-category":"Managing customer bookings inquiries concerns and marketing is a heavy burden to carry- all while trying to manage a staff and address in-salon issues","project-name":"Managing customer bo"},"ip_address":"73.219.254.38","server_received_time":"2020-08-13 11:51:22.036000","session_id":1597319246585,"dma":"Burlington, VT-Plattsburgh, NY","country":"United States","location_lat":null,"region":"New Hampshire","group_properties":{},"user_id":"software@mysalondesk.com"}
{"amplitude_attribution_ids":null,"idfa":null,"server_upload_time":"2020-08-13 11:51:52.709000","device_carrier":null,"app":277124,"language":"English","sample_rate":null,"location_lng":null,"is_attribution_event":false,"groups":{},"client_upload_time":"2020-08-13 11:50:33.377000","city":"Lebanon","os_name":"Chrome","device_id":"llWSgwMLedIYgs5qkvDFwP","event_id":6,"version_name":null,"device_model":null,"event_time":"2020-08-13 11:50:52.699000","amplitude_id":184583675245,"library":"amplitude-js\/6.1.0","paying":null,"adid":null,"start_version":null,"processed_time":"2020-08-13 11:51:53.386451","amplitude_event_type":null,"user_properties":{"Username":"software@mysalondesk.com"},"device_brand":null,"$schema":12,"data":{},"device_manufacturer":null,"device_family":null,"user_creation_time":"2020-08-13 11:48:45.503000","client_event_time":"2020-08-13 11:50:33.374000","os_version":"84","$insert_id":"4cbd8a52-c98b-4d46-9310-a845c7958ee7","event_type":"video-saved","platform":"Web","device_type":null,"uuid":"6161f540-dd5b-11ea-9366-061d87cfa458","event_properties":{"project-id":955690274,"save-type":"Saved Video","project-category":"Managing customer bookings inquiries concerns and marketing is a heavy burden to carry- all while trying to manage a staff and address in-salon issues","project-name":"Managing customer bo"},"ip_address":"73.219.254.38","server_received_time":"2020-08-13 11:51:52.702000","session_id":1597319246585,"dma":"Burlington, VT-Plattsburgh, NY","country":"United States","location_lat":null,"region":"New Hampshire","group_properties":{},"user_id":"software@mysalondesk.com"}
{"amplitude_attribution_ids":null,"idfa":null,"server_upload_time":"2020-08-13 11:52:34.817000","device_carrier":null,"app":277124,"language":"English","sample_rate":null,"location_lng":null,"is_attribution_event":false,"groups":{},"client_upload_time":"2020-08-13 11:51:15.486000","city":"Lebanon","os_name":"Chrome","device_id":"llWSgwMLedIYgs5qkvDFwP","event_id":7,"version_name":null,"device_model":null,"event_time":"2020-08-13 11:51:34.804000","amplitude_id":184583675245,"library":"amplitude-js\/6.1.0","paying":null,"adid":null,"start_version":null,"processed_time":"2020-08-13 11:52:36.504361","amplitude_event_type":null,"user_properties":{"Username":"software@mysalondesk.com"},"device_brand":null,"$schema":12,"data":{},"device_manufacturer":null,"device_family":null,"user_creation_time":"2020-08-13 11:48:45.503000","client_event_time":"2020-08-13 11:51:15.482000","os_version":"84","$insert_id":"46aa6cc8-7d92-4c06-80f1-7215137b7e7c","event_type":"generate-clicked","platform":"Web","device_type":null,"uuid":"7b13a6dc-dd5b-11ea-9366-061d87cfa458","event_properties":{"total-scenes":14,"project-id":955690274,"total-time-to-generate-in-minutes":"1.18","total-sub-scenes":4,"total-video-time-in-seconds":90,"total-videos":10,"track-name":"All We Know","total-time-to-generate-in-seconds":71,"total-scenes-with-original-image":14,"total-images":4,"total-video-time-in-minutes":"1.50"},"ip_address":"73.219.254.38","server_received_time":"2020-08-13 11:52:34.808000","session_id":1597319246585,"dma":"Burlington, VT-Plattsburgh, NY","country":"United States","location_lat":null,"region":"New Hampshire","group_properties":{},"user_id":"software@mysalondesk.com"}
{"amplitude_attribution_ids":null,"idfa":null,"server_upload_time":"2020-08-13 11:52:39.275000","device_carrier":null,"app":277124,"language":"English","sample_rate":null,"location_lng":null,"is_attribution_event":false,"groups":{},"client_upload_time":"2020-08-13 11:51:19.949000","city":"Lebanon","os_name":"Chrome","device_id":"llWSgwMLedIYgs5qkvDFwP","event_id":8,"version_name":null,"device_model":null,"event_time":"2020-08-13 11:51:39.267000","amplitude_id":184583675245,"library":"amplitude-js\/6.1.0","paying":null,"adid":null,"start_version":null,"processed_time":"2020-08-13 11:52:40.620349","amplitude_event_type":null,"user_properties":{"Username":"software@mysalondesk.com"},"device_brand":null,"$schema":12,"data":{},"device_manufacturer":null,"device_family":null,"user_creation_time":"2020-08-13 11:48:45.503000","client_event_time":"2020-08-13 11:51:19.948000","os_version":"84","$insert_id":"f20f27a5-9eb9-4e98-9933-d9da75bd5813","event_type":"video-generation-canceled","platform":"Web","device_type":null,"uuid":"7d8894b8-dd5b-11ea-9366-061d87cfa458","event_properties":{},"ip_address":"73.219.254.38","server_received_time":"2020-08-13 11:52:39.268000","session_id":1597319246585,"dma":"Burlington, VT-Plattsburgh, NY","country":"United States","location_lat":null,"region":"New Hampshire","group_properties":{},"user_id":"software@mysalondesk.com"}
{"amplitude_attribution_ids":null,"idfa":null,"server_upload_time":"2020-08-13 11:52:42.454000","device_carrier":null,"app":277124,"language":"English","sample_rate":null,"location_lng":null,"is_attribution_event":false,"groups":{},"client_upload_time":"2020-08-13 11:51:23.128000","city":"Lebanon","os_name":"Chrome","device_id":"llWSgwMLedIYgs5qkvDFwP","event_id":9,"version_name":null,"device_model":null,"event_time":"2020-08-13 11:51:42.449000","amplitude_id":184583675245,"library":"amplitude-js\/6.1.0","paying":null,"adid":null,"start_version":null,"processed_time":"2020-08-13 11:52:42.731393","amplitude_event_type":null,"user_properties":{"Username":"software@mysalondesk.com"},"device_brand":null,"$schema":12,"data":{},"device_manufacturer":null,"device_family":null,"user_creation_time":"2020-08-13 11:48:45.503000","client_event_time":"2020-08-13 11:51:23.128000","os_version":"84","$insert_id":"6b0f803e-2de4-45ac-90c1-9839fdcbdfb3","event_type":"preview-clicked","platform":"Web","device_type":null,"uuid":"7ecb37c2-dd5b-11ea-9366-061d87cfa458","event_properties":{"project-id":955690274},"ip_address":"73.219.254.38","server_received_time":"2020-08-13 11:52:42.449000","session_id":1597319246585,"dma":"Burlington, VT-Plattsburgh, NY","country":"United States","location_lat":null,"region":"New Hampshire","group_properties":{},"user_id":"software@mysalondesk.com"}
{"amplitude_attribution_ids":null,"idfa":null,"server_upload_time":"2020-08-13 11:52:44.005000","device_carrier":null,"app":277124,"language":"English","sample_rate":null,"location_lng":null,"is_attribution_event":false,"groups":{},"client_upload_time":"2020-08-13 11:51:24.679000","city":"Lebanon","os_name":"Chrome","device_id":"llWSgwMLedIYgs5qkvDFwP","event_id":10,"version_name":null,"device_model":null,"event_time":"2020-08-13 11:51:43.996000","amplitude_id":184583675245,"library":"amplitude-js\/6.1.0","paying":null,"adid":null,"start_version":null,"processed_time":"2020-08-13 11:52:44.707738","amplitude_event_type":null,"user_properties":{"Username":"software@mysalondesk.com"},"device_brand":null,"$schema":12,"data":{},"device_manufacturer":null,"device_family":null,"user_creation_time":"2020-08-13 11:48:45.503000","client_event_time":"2020-08-13 11:51:24.678000","os_version":"84","$insert_id":"32088978-6f67-4215-b9a5-6cde7db7555d","event_type":"resource-download-failed","platform":"Web","device_type":null,"uuid":"7ff201f8-dd5b-11ea-9366-061d87cfa458","event_properties":{"service-name":"Downloadd-Video-Resources"},"ip_address":"73.219.254.38","server_received_time":"2020-08-13 11:52:43.997000","session_id":1597319246585,"dma":"Burlington, VT-Plattsburgh, NY","country":"United States","location_lat":null,"region":"New Hampshire","group_properties":{},"user_id":"software@mysalondesk.com"}
{"amplitude_attribution_ids":null,"idfa":null,"server_upload_time":"2020-08-13 11:52:44.185000","device_carrier":null,"app":277124,"language":"English","sample_rate":null,"location_lng":null,"is_attribution_event":false,"groups":{},"client_upload_time":"2020-08-13 11:51:24.853000","city":"Lebanon","os_name":"Chrome","device_id":"llWSgwMLedIYgs5qkvDFwP","event_id":11,"version_name":null,"device_model":null,"event_time":"2020-08-13 11:51:44.001000","amplitude_id":184583675245,"library":"amplitude-js\/6.1.0","paying":null,"adid":null,"start_version":null,"processed_time":"2020-08-13 11:52:44.710241","amplitude_event_type":null,"user_properties":{"Username":"software@mysalondesk.com"},"device_brand":null,"$schema":12,"data":{},"device_manufacturer":null,"device_family":null,"user_creation_time":"2020-08-13 11:48:45.503000","client_event_time":"2020-08-13 11:51:24.682000","os_version":"84","$insert_id":"0a926d7d-cca2-4045-bc1a-da7763ffab58","event_type":"resource-download-failed","platform":"Web","device_type":null,"uuid":"7ff208ba-dd5b-11ea-9366-061d87cfa458","event_properties":{"service-name":"Downloadd-Video-Resources"},"ip_address":"73.219.254.38","server_received_time":"2020-08-13 11:52:44.172000","session_id":1597319246585,"dma":"Burlington, VT-Plattsburgh, NY","country":"United States","location_lat":null,"region":"New Hampshire","group_properties":{},"user_id":"software@mysalondesk.com"}
{"amplitude_attribution_ids":null,"idfa":null,"server_upload_time":"2020-08-13 11:52:44.185000","device_carrier":null,"app":277124,"language":"English","sample_rate":null,"location_lng":null,"is_attribution_event":false,"groups":{},"client_upload_time":"2020-08-13 11:51:24.853000","city":"Lebanon","os_name":"Chrome","device_id":"llWSgwMLedIYgs5qkvDFwP","event_id":12,"version_name":null,"device_model":null,"event_time":"2020-08-13 11:51:44.003000","amplitude_id":184583675245,"library":"amplitude-js\/6.1.0","paying":null,"adid":null,"start_version":null,"processed_time":"2020-08-13 11:52:44.710248","amplitude_event_type":null,"user_properties":{"Username":"software@mysalondesk.com"},"device_brand":null,"$schema":12,"data":{},"device_manufacturer":null,"device_family":null,"user_creation_time":"2020-08-13 11:48:45.503000","client_event_time":"2020-08-13 11:51:24.684000","os_version":"84","$insert_id":"fdd0a3c8-1c7e-4df3-aa91-89c9de4529da","event_type":"resource-download-failed","platform":"Web","device_type":null,"uuid":"7ff20dc4-dd5b-11ea-9366-061d87cfa458","event_properties":{"service-name":"Downloadd-Video-Resources"},"ip_address":"73.219.254.38","server_received_time":"2020-08-13 11:52:44.172000","session_id":1597319246585,"dma":"Burlington, VT-Plattsburgh, NY","country":"United States","location_lat":null,"region":"New Hampshire","group_properties":{},"user_id":"software@mysalondesk.com"}
{"amplitude_attribution_ids":null,"idfa":null,"server_upload_time":"2020-08-13 11:52:44.185000","device_carrier":null,"app":277124,"language":"English","sample_rate":null,"location_lng":null,"is_attribution_event":false,"groups":{},"client_upload_time":"2020-08-13 11:51:24.853000","city":"Lebanon","os_name":"Chrome","device_id":"llWSgwMLedIYgs5qkvDFwP","event_id":13,"version_name":null,"device_model":null,"event_time":"2020-08-13 11:51:44.024000","amplitude_id":184583675245,"library":"amplitude-js\/6.1.0","paying":null,"adid":null,"start_version":null,"processed_time":"2020-08-13 11:52:44.710250","amplitude_event_type":null,"user_properties":{"Username":"software@mysalondesk.com"},"device_brand":null,"$schema":12,"data":{},"device_manufacturer":null,"device_family":null,"user_creation_time":"2020-08-13 11:48:45.503000","client_event_time":"2020-08-13 11:51:24.705000","os_version":"84","$insert_id":"12929e0d-f588-41bf-b462-6dec3615179c","event_type":"resource-download-failed","platform":"Web","device_type":null,"uuid":"7ff21288-dd5b-11ea-9366-061d87cfa458","event_properties":{"service-name":"Downloadd-Video-Resources"},"ip_address":"73.219.254.38","server_received_time":"2020-08-13 11:52:44.172000","session_id":1597319246585,"dma":"Burlington, VT-Plattsburgh, NY","country":"United States","location_lat":null,"region":"New Hampshire","group_properties":{},"user_id":"software@mysalondesk.com"}
{"amplitude_attribution_ids":null,"idfa":null,"server_upload_time":"2020-08-13 11:52:44.185000","device_carrier":null,"app":277124,"language":"English","sample_rate":null,"location_lng":null,"is_attribution_event":false,"groups":{},"client_upload_time":"2020-08-13 11:51:24.853000","city":"Lebanon","os_name":"Chrome","device_id":"llWSgwMLedIYgs5qkvDFwP","event_id":14,"version_name":null,"device_model":null,"event_time":"2020-08-13 11:51:44.035000","amplitude_id":184583675245,"library":"amplitude-js\/6.1.0","paying":null,"adid":null,"start_version":null,"processed_time":"2020-08-13 11:52:44.710253","amplitude_event_type":null,"user_properties":{"Username":"software@mysalondesk.com"},"device_brand":null,"$schema":12,"data":{},"device_manufacturer":null,"device_family":null,"user_creation_time":"2020-08-13 11:48:45.503000","client_event_time":"2020-08-13 11:51:24.716000","os_version":"84","$insert_id":"f10de75d-694f-44bd-b026-f0886c43ffc1","event_type":"resource-download-failed","platform":"Web","device_type":null,"uuid":"7ff21738-dd5b-11ea-9366-061d87cfa458","event_properties":{"service-name":"Downloadd-Video-Resources"},"ip_address":"73.219.254.38","server_received_time":"2020-08-13 11:52:44.172000","session_id":1597319246585,"dma":"Burlington, VT-Plattsburgh, NY","country":"United States","location_lat":null,"region":"New Hampshire","group_properties":{},"user_id":"software@mysalondesk.com"}
{"amplitude_attribution_ids":null,"idfa":null,"server_upload_time":"2020-08-13 11:52:45.080000","device_carrier":null,"app":277124,"language":"English","sample_rate":null,"location_lng":null,"is_attribution_event":false,"groups":{},"client_upload_time":"2020-08-13 11:51:25.749000","city":"Lebanon","os_name":"Chrome","device_id":"llWSgwMLedIYgs5qkvDFwP","event_id":15,"version_name":null,"device_model":null,"event_time":"2020-08-13 11:51:44.288000","amplitude_id":184583675245,"library":"amplitude-js\/6.1.0","paying":null,"adid":null,"start_version":null,"processed_time":"2020-08-13 11:52:46.818472","amplitude_event_type":null,"user_properties":{"Username":"software@mysalondesk.com"},"device_brand":null,"$schema":12,"data":{},"device_manufacturer":null,"device_family":null,"user_creation_time":"2020-08-13 11:48:45.503000","client_event_time":"2020-08-13 11:51:24.971000","os_version":"84","$insert_id":"2f5dd2b5-ab31-4938-9825-f4b6cfe8f68d","event_type":"resource-download-failed","platform":"Web","device_type":null,"uuid":"813b0a46-dd5b-11ea-9366-061d87cfa458","event_properties":{"service-name":"Downloadd-Video-Resources"},"ip_address":"73.219.254.38","server_received_time":"2020-08-13 11:52:45.066000","session_id":1597319246585,"dma":"Burlington, VT-Plattsburgh, NY","country":"United States","location_lat":null,"region":"New Hampshire","group_properties":{},"user_id":"software@mysalondesk.com"}
{"server_received_time":"2020-08-13 11:55:22.897000","amplitude_id":179974787096,"event_properties":{},"device_id":"F1k71fIuyQcoynOjI9jHen","user_creation_time":"2020-07-28 05:34:55.729000","os_name":"Chrome","device_carrier":null,"device_model":null,"group_properties":{},"$schema":12,"event_type":"subscription-page-visited","ip_address":"47.247.223.98","device_manufacturer":null,"data":{},"region":"Madhya Pradesh","server_upload_time":"2020-08-13 11:55:22.904000","app":277124,"language":"English","paying":null,"device_brand":null,"location_lat":null,"location_lng":null,"processed_time":"2020-08-13 11:55:24.566201","dma":null,"adid":null,"uuid":"df3873b8-dd5b-11ea-9382-067ed15bb407","version_name":null,"sample_rate":null,"country":"India","start_version":null,"is_attribution_event":false,"city":"Jabalpur","idfa":null,"groups":{},"library":"amplitude-js\/6.1.0","amplitude_event_type":null,"platform":"Web","amplitude_attribution_ids":null,"event_id":1,"user_properties":{"Username":"dayachandpatel000@gmail.com"},"user_id":"dayachandpatel000@gmail.com","device_family":null,"client_upload_time":"2020-08-13 11:55:23.137000","event_time":"2020-08-13 11:55:23.136000","os_version":"84","session_id":1597319717426,"device_type":null,"$insert_id":"e7568e37-71cc-43c0-8c15-4dc76a413a17","client_event_time":"2020-08-13 11:55:23.136000"}
