{"library":"amplitude-js\/6.1.0","$insert_id":"b8c32967-e737-4a0d-8b0c-5fd3f3c7e5b6","country":"India","os_name":"Chrome","language":"English","device_family":null,"event_time":"2020-08-11 14:00:01.825000","amplitude_event_type":null,"paying":null,"app":277124,"idfa":null,"city":"Hyderabad","os_version":"84","is_attribution_event":false,"device_id":"SU6p4CJdm3s_oS-hHOcwBp","amplitude_attribution_ids":null,"amplitude_id":158692843342,"device_type":null,"device_carrier":null,"device_brand":null,"version_name":null,"session_id":1597154313246,"processed_time":"2020-08-11 14:00:03.647109","user_creation_time":"2020-05-16 05:42:39.430000","region":"Telangana","start_version":null,"adid":null,"data":{},"location_lng":null,"location_lat":null,"groups":{},"uuid":"f44f6964-dbda-11ea-b791-0202fcb5f3e8","event_properties":{"project-id":557796659,"project-name":"Importance of cost a(3)","save-type":"Saved Video","project-category":"Importance of cost a(3)"},"dma":null,"user_properties":{"Username":"abid@pictory.ai"},"event_id":281,"group_properties":{},"server_received_time":"2020-08-11 14:00:01.706000","$schema":12,"client_upload_time":"2020-08-11 14:00:01.826000","client_event_time":"2020-08-11 14:00:01.825000","platform":"Web","event_type":"video-saved","sample_rate":null,"user_id":"abid@pictory.ai","device_model":null,"server_upload_time":"2020-08-11 14:00:01.713000","device_manufacturer":null,"ip_address":"49.204.190.195"}
{"library":"amplitude-js\/6.1.0","$insert_id":"e9ddcecc-dd46-4f9f-99e1-7ef0430c3eb8","country":"India","os_name":"Chrome","language":"English","device_family":null,"event_time":"2020-08-11 14:03:05.615000","amplitude_event_type":null,"paying":null,"app":277124,"idfa":null,"city":"Hyderabad","os_version":"84","is_attribution_event":false,"device_id":"SU6p4CJdm3s_oS-hHOcwBp","amplitude_attribution_ids":null,"amplitude_id":158692843342,"device_type":null,"device_carrier":null,"device_brand":null,"version_name":null,"session_id":1597154313246,"processed_time":"2020-08-11 14:03:07.385037","user_creation_time":"2020-05-16 05:42:39.430000","region":"Telangana","start_version":null,"adid":null,"data":{},"location_lng":null,"location_lat":null,"groups":{},"uuid":"61d1351c-dbdb-11ea-b791-0202fcb5f3e8","event_properties":{"project-id":557796659,"source":"Visual Library","new-image":"https:\/\/image.shutterstock.com\/z\/stock-photo-business-woman-working-on-tablet-with-secured-cloud-technology-and-network-concept-1528943390.jpg","scene-text":"environments","old-image":"https:\/\/image.shutterstock.com\/z\/stock-photo-green-planet-earth-covered-with-grass-city-skyline-sustainable-source-of-electricity-power-supply-296975333.jpg"},"dma":null,"user_properties":{"Username":"abid@pictory.ai"},"event_id":282,"group_properties":{},"server_received_time":"2020-08-11 14:03:06.245000","$schema":12,"client_upload_time":"2020-08-11 14:03:05.615000","client_event_time":"2020-08-11 14:03:05.615000","platform":"Web","event_type":"image-replaced","sample_rate":null,"user_id":"abid@pictory.ai","device_model":null,"server_upload_time":"2020-08-11 14:03:06.256000","device_manufacturer":null,"ip_address":"49.204.190.195"}
{"library":"amplitude-js\/6.1.0","$insert_id":"43c28d25-e283-4f1b-83d9-59d888fe9d14","country":"India","os_name":"Chrome","language":"English","device_family":null,"event_time":"2020-08-11 14:03:07.672000","amplitude_event_type":null,"paying":null,"app":277124,"idfa":null,"city":"Hyderabad","os_version":"84","is_attribution_event":false,"device_id":"SU6p4CJdm3s_oS-hHOcwBp","amplitude_attribution_ids":null,"amplitude_id":158692843342,"device_type":null,"device_carrier":null,"device_brand":null,"version_name":null,"session_id":1597154313246,"processed_time":"2020-08-11 14:03:08.855287","user_creation_time":"2020-05-16 05:42:39.430000","region":"Telangana","start_version":null,"adid":null,"data":{},"location_lng":null,"location_lat":null,"groups":{},"uuid":"62b314a0-dbdb-11ea-b791-0202fcb5f3e8","event_properties":{"project-id":557796659,"project-name":"Importance of cost a(3)","save-type":"Saved Video","project-category":"Importance of cost a(3)"},"dma":null,"user_properties":{"Username":"abid@pictory.ai"},"event_id":283,"group_properties":{},"server_received_time":"2020-08-11 14:03:07.551000","$schema":12,"client_upload_time":"2020-08-11 14:03:07.673000","client_event_time":"2020-08-11 14:03:07.672000","platform":"Web","event_type":"video-saved","sample_rate":null,"user_id":"abid@pictory.ai","device_model":null,"server_upload_time":"2020-08-11 14:03:07.575000","device_manufacturer":null,"ip_address":"49.204.190.195"}
{"os_name":"Chrome","device_id":"RJcHL9jsiEEbWix4pGkapp","start_version":null,"server_upload_time":"2020-08-11 14:08:12.021000","device_model":null,"user_properties":{"Username":"viethoangtranduong@gmail.com"},"event_time":"2020-08-11 14:08:11.262000","location_lat":null,"data":{},"client_event_time":"2020-08-11 14:08:11.262000","groups":{},"ip_address":"170.150.153.233","library":"amplitude-js\/6.1.0","idfa":null,"client_upload_time":"2020-08-11 14:08:11.263000","language":"English","user_creation_time":"2020-06-29 17:11:44.666000","app":277124,"$insert_id":"b2964ab0-6c39-4aff-9f5d-c9c54b03b64d","device_manufacturer":null,"location_lng":null,"platform":"Web","country":"Argentina","sample_rate":null,"amplitude_attribution_ids":null,"event_type":"start-with-article","event_id":83,"amplitude_id":174246542447,"city":"Buenos Aires","version_name":null,"device_family":null,"event_properties":{"article-link":"https:\/\/www.cnbc.com\/2020\/08\/11\/russia-claims-to-have-registered-first-coronavirus-vaccine.html","project-id":329123304},"processed_time":"2020-08-11 14:08:14.639379","user_id":"viethoangtranduong@gmail.com","session_id":1597154711028,"os_version":"84","region":"Buenos Aires F.D.","device_type":null,"uuid":"18f4e07c-dbdc-11ea-a55b-0a0a0435cd8d","device_brand":null,"server_received_time":"2020-08-11 14:08:12.015000","adid":null,"amplitude_event_type":null,"group_properties":{},"device_carrier":null,"dma":null,"paying":null,"is_attribution_event":false,"$schema":12}
{"client_event_time":"2020-08-11 14:15:56.988000","device_type":null,"event_id":10,"device_model":null,"platform":"Web","server_upload_time":"2020-08-11 14:15:57.085000","session_id":1597155355374,"device_carrier":null,"app":277124,"event_time":"2020-08-11 14:15:56.988000","country":"United States","is_attribution_event":false,"processed_time":"2020-08-11 14:15:58.860177","device_family":null,"group_properties":{},"location_lat":null,"device_manufacturer":null,"data":{},"ip_address":"209.97.157.1","user_creation_time":"2020-08-10 14:14:52.620000","server_received_time":"2020-08-11 14:15:57.079000","amplitude_event_type":null,"adid":null,"user_properties":{"Username":"wusongyuan3820@gmail.com"},"idfa":null,"version_name":null,"user_id":"wusongyuan3820@gmail.com","language":"English","amplitude_attribution_ids":null,"sample_rate":null,"$insert_id":"7714d3d0-8e90-4f4c-b67d-bd4034fa89d7","client_upload_time":"2020-08-11 14:15:56.989000","event_properties":{"error-info":"https:\/\/brand-settings-images130431-pictory.s3.us-east-2.amazonaws.com\/public\/Google_105907760591112922292\/errors\/application\/1597155355384-crash.txt"},"os_version":"83","amplitude_id":183887986098,"dma":"New York, NY","region":"New Jersey","uuid":"2da7afb2-dbdd-11ea-ba09-02d7b4e9e9b8","library":"amplitude-js\/6.1.0","paying":null,"start_version":null,"groups":{},"$schema":12,"os_name":"Chrome","city":"Clifton","device_id":"L1_KBg3-IDMqjrWREabrrc","location_lng":null,"event_type":"app-crash","device_brand":null}
