{"location_lat":null,"dma":"Seattle-Tacoma, WA","$insert_id":"ffca535b-65ba-44f9-b070-27b70aca39b3","is_attribution_event":false,"device_brand":null,"user_creation_time":"2020-05-17 00:13:14.288000","os_version":"84","event_time":"2020-08-05 16:01:37.377000","sample_rate":null,"server_received_time":"2020-08-05 16:01:37.374000","group_properties":{},"device_carrier":null,"start_version":null,"event_id":1674,"amplitude_attribution_ids":null,"library":"amplitude-js\/6.1.0","location_lng":null,"city":"Lake Stevens","user_properties":{"Username":"vikram@pictory.ai"},"amplitude_id":157956802362,"version_name":null,"app":277124,"data":{},"device_type":null,"session_id":1596642973535,"device_model":null,"client_event_time":"2020-08-05 16:01:37.377000","adid":null,"user_id":"vikram@pictory.ai","platform":"Web","groups":{},"client_upload_time":"2020-08-05 16:01:37.377000","amplitude_event_type":null,"server_upload_time":"2020-08-05 16:01:37.393000","country":"United States","device_id":"Q7DEYHSryLp0H1aRz9RtrZ","idfa":null,"ip_address":"73.140.177.242","os_name":"Chrome","$schema":12,"device_family":null,"event_properties":{"project-category":"Pictory  b2b_market","project-name":"Pictory  b2b_market"},"processed_time":"2020-08-05 16:01:46.512783","device_manufacturer":null,"event_type":"saved-video-opened","region":"Washington","uuid":"f6aaaf70-d734-11ea-8bd1-0299dd8d92f3","language":"English","paying":null}
{"start_version":null,"event_id":1,"event_properties":{"project-category":"Welcome to Tameem International Kindergarten","project-name":"Welcome to Tameem In(9)"},"country":"Saudi Arabia","data":{},"device_id":"J-g4DFdrz_PeymTBOEz_Rw","region":"Mecca Region","user_properties":{"Username":"yateen4ever@gmail.com"},"group_properties":{},"location_lat":null,"sample_rate":null,"dma":null,"processed_time":"2020-08-05 16:04:13.666804","amplitude_event_type":null,"amplitude_attribution_ids":null,"paying":null,"device_type":null,"$insert_id":"44f5851f-e423-46fe-acea-155c66442ba9","ip_address":"212.62.104.55","platform":"Web","language":"English","os_name":"Chrome Mobile","device_carrier":null,"idfa":null,"user_id":"yateen4ever@gmail.com","device_brand":null,"library":"amplitude-js\/6.1.0","device_model":"SM-N976Q","client_event_time":"2020-08-05 16:03:02.263000","groups":{},"app":277124,"user_creation_time":"2020-08-02 23:13:52.068000","adid":null,"client_upload_time":"2020-08-05 16:03:02.264000","os_version":"84","event_type":"saved-video-opened","device_manufacturer":"Samsung","$schema":12,"event_time":"2020-08-05 16:03:02.263000","session_id":1596643343411,"amplitude_id":182153495926,"location_lng":null,"server_received_time":"2020-08-05 16:03:02.075000","uuid":"4e61e4a4-d735-11ea-8fd6-02b40961eaa7","city":"Jeddah","is_attribution_event":false,"server_upload_time":"2020-08-05 16:03:02.088000","version_name":null,"device_family":"Samsung SM-N976Q"}
{"start_version":null,"event_id":2,"event_properties":{},"country":"Saudi Arabia","data":{},"device_id":"J-g4DFdrz_PeymTBOEz_Rw","region":"Mecca Region","user_properties":{"Username":"yateen4ever@gmail.com"},"group_properties":{},"location_lat":null,"sample_rate":null,"dma":null,"processed_time":"2020-08-05 16:04:24.356365","amplitude_event_type":null,"amplitude_attribution_ids":null,"paying":null,"device_type":null,"$insert_id":"b9b6a945-a48f-4d85-90e4-6f273175c6a6","ip_address":"212.62.104.55","platform":"Web","language":"English","os_name":"Chrome Mobile","device_carrier":null,"idfa":null,"user_id":"yateen4ever@gmail.com","device_brand":null,"library":"amplitude-js\/6.1.0","device_model":"SM-N976Q","client_event_time":"2020-08-05 16:03:15.728000","groups":{},"app":277124,"user_creation_time":"2020-08-02 23:13:52.068000","adid":null,"client_upload_time":"2020-08-05 16:03:15.730000","os_version":"84","event_type":"preview-clicked","device_manufacturer":"Samsung","$schema":12,"event_time":"2020-08-05 16:03:15.728000","session_id":1596643343411,"amplitude_id":182153495926,"location_lng":null,"server_received_time":"2020-08-05 16:03:15.389000","uuid":"54bfc49c-d735-11ea-8fd6-02b40961eaa7","city":"Jeddah","is_attribution_event":false,"server_upload_time":"2020-08-05 16:03:15.410000","version_name":null,"device_family":"Samsung SM-N976Q"}
{"start_version":null,"event_id":3,"event_properties":{"project-id":515398112,"save-type":"Saved Video","project-category":"Welcome to Tameem International Kindergarten","project-name":"Welcome to Tameem In(9)"},"country":"Saudi Arabia","data":{},"device_id":"J-g4DFdrz_PeymTBOEz_Rw","region":"Mecca Region","user_properties":{"Username":"yateen4ever@gmail.com"},"group_properties":{},"location_lat":null,"sample_rate":null,"dma":null,"processed_time":"2020-08-05 16:04:25.109232","amplitude_event_type":null,"amplitude_attribution_ids":null,"paying":null,"device_type":null,"$insert_id":"6daf0f4f-2573-4db9-81df-2cb9aede7eba","ip_address":"212.62.104.55","platform":"Web","language":"English","os_name":"Chrome Mobile","device_carrier":null,"idfa":null,"user_id":"yateen4ever@gmail.com","device_brand":null,"library":"amplitude-js\/6.1.0","device_model":"SM-N976Q","client_event_time":"2020-08-05 16:03:17.191000","groups":{},"app":277124,"user_creation_time":"2020-08-02 23:13:52.068000","adid":null,"client_upload_time":"2020-08-05 16:03:17.192000","os_version":"84","event_type":"video-saved","device_manufacturer":"Samsung","$schema":12,"event_time":"2020-08-05 16:03:17.191000","session_id":1596643343411,"amplitude_id":182153495926,"location_lng":null,"server_received_time":"2020-08-05 16:03:16.848000","uuid":"55343246-d735-11ea-8fd6-02b40961eaa7","city":"Jeddah","is_attribution_event":false,"server_upload_time":"2020-08-05 16:03:16.855000","version_name":null,"device_family":"Samsung SM-N976Q"}
{"event_type":"voice-sample-played","$insert_id":"bf6316e6-4588-46a7-986e-63e83ea854f3","app":277124,"data":{},"device_type":null,"platform":"Web","processed_time":"2020-08-05 16:05:34.851200","$schema":12,"client_event_time":"2020-08-05 16:00:03.704000","amplitude_event_type":null,"os_version":"84","language":"English","user_properties":{"Username":"spalmisano@medthink.com"},"region":"North Carolina","version_name":null,"paying":null,"user_id":"spalmisano@medthink.com","start_version":null,"adid":null,"server_upload_time":"2020-08-05 16:00:03.969000","device_id":"k7yHvz8OWWTzpa3soFxrVv","device_family":null,"device_carrier":null,"device_model":null,"user_creation_time":"2020-07-21 16:47:53.962000","amplitude_attribution_ids":null,"session_id":1596643037438,"event_properties":{"country":"US English","name":"Matthew","project-id":482555392},"dma":"Greensboro-Winston Salem, NC","library":"amplitude-js\/6.1.0","os_name":"Chrome","location_lat":null,"ip_address":"173.94.112.121","uuid":"7ec544d8-d735-11ea-bc28-029e3f7bad47","location_lng":null,"amplitude_id":179343697202,"sample_rate":null,"event_id":35,"idfa":null,"country":"United States","server_received_time":"2020-08-05 16:00:03.963000","device_brand":null,"group_properties":{},"event_time":"2020-08-05 16:00:03.704000","is_attribution_event":false,"client_upload_time":"2020-08-05 16:00:03.705000","device_manufacturer":null,"groups":{},"city":"Greensboro"}
{"$schema":12,"language":"English","event_type":"subscription-page-visited","amplitude_attribution_ids":null,"client_event_time":"2020-08-05 16:09:11.855000","group_properties":{},"dma":null,"device_model":null,"is_attribution_event":false,"city":"Buenos Aires","idfa":null,"user_properties":{"Username":"viethoangtranduong@gmail.com"},"data":{},"library":"amplitude-js\/6.1.0","os_version":"84","region":"Buenos Aires F.D.","device_id":"RJcHL9jsiEEbWix4pGkapp","country":"Argentina","platform":"Web","device_family":null,"event_properties":{},"server_received_time":"2020-08-05 16:09:13.425000","location_lat":null,"location_lng":null,"user_id":"viethoangtranduong@gmail.com","paying":null,"session_id":1596643741685,"device_type":null,"$insert_id":"d540c447-414c-4f17-b462-92751326eff8","adid":null,"device_manufacturer":null,"amplitude_event_type":null,"client_upload_time":"2020-08-05 16:09:11.856000","event_id":78,"app":277124,"os_name":"Chrome","device_carrier":null,"start_version":null,"uuid":"cb43f8f8-d736-11ea-b5d0-0aa9e29b54b3","version_name":null,"server_upload_time":"2020-08-05 16:09:13.437000","processed_time":"2020-08-05 16:14:52.695098","user_creation_time":"2020-06-29 17:11:44.666000","ip_address":"200.123.142.143","amplitude_id":174246542447,"event_time":"2020-08-05 16:09:11.855000","device_brand":null,"groups":{},"sample_rate":null}
{"$schema":12,"language":"English","event_type":"subscription-page-visited","amplitude_attribution_ids":null,"client_event_time":"2020-08-05 16:12:55.767000","group_properties":{},"dma":null,"device_model":null,"is_attribution_event":false,"city":"Buenos Aires","idfa":null,"user_properties":{"Username":"viethoangtranduong@gmail.com"},"data":{},"library":"amplitude-js\/6.1.0","os_version":"84","region":"Buenos Aires F.D.","device_id":"RJcHL9jsiEEbWix4pGkapp","country":"Argentina","platform":"Web","device_family":null,"event_properties":{},"server_received_time":"2020-08-05 16:12:53.845000","location_lat":null,"location_lng":null,"user_id":"viethoangtranduong@gmail.com","paying":null,"session_id":1596643741685,"device_type":null,"$insert_id":"1db66dfe-75e8-4611-a56e-8002c1a062dd","adid":null,"device_manufacturer":null,"amplitude_event_type":null,"client_upload_time":"2020-08-05 16:12:55.769000","event_id":79,"app":277124,"os_name":"Chrome","device_carrier":null,"start_version":null,"uuid":"23d89e7e-d737-11ea-b5d0-0aa9e29b54b3","version_name":null,"server_upload_time":"2020-08-05 16:12:53.887000","processed_time":"2020-08-05 16:17:21.301918","user_creation_time":"2020-06-29 17:11:44.666000","ip_address":"170.150.153.233","amplitude_id":174246542447,"event_time":"2020-08-05 16:12:55.767000","device_brand":null,"groups":{},"sample_rate":null}
