{"device_model":null,"idfa":null,"session_id":1596424030625,"region":"Ohio","$schema":12,"client_upload_time":"2020-08-03 03:19:05.589000","library":"amplitude-js\/6.1.0","location_lat":null,"event_type":"user-signup","data":{},"device_id":"raquhjovXBEJYU_pmjKvpS","amplitude_attribution_ids":null,"os_name":"Chrome","amplitude_event_type":null,"ip_address":"98.157.228.167","adid":null,"device_brand":null,"processed_time":"2020-08-03 03:19:13.158898","is_attribution_event":false,"device_family":null,"device_manufacturer":null,"country":"United States","device_carrier":null,"device_type":null,"sample_rate":null,"dma":"Cleveland-Akron (Canton), OH","user_creation_time":"2020-07-19 14:49:31.949000","platform":"Web","version_name":null,"user_id":"varunk.mamc@gmail.com","$insert_id":"56b7521a-abd9-435d-aec6-387e016264b8","client_event_time":"2020-08-03 03:19:05.577000","location_lng":null,"start_version":null,"paying":null,"os_version":"84","app":277124,"groups":{},"event_time":"2020-08-03 03:19:05.577000","user_properties":{"Username":"varunk.mamc@gmail.com"},"server_upload_time":"2020-08-03 03:19:12.348000","uuid":"1ab85b00-d538-11ea-81a2-064201a04c6e","city":"Cleveland","amplitude_id":178876467680,"language":"English","group_properties":{},"server_received_time":"2020-08-03 03:19:12.340000","event_id":1,"event_properties":{"provider":"pictory"}}
{"device_model":null,"idfa":null,"session_id":1596424030625,"region":"Ohio","$schema":12,"client_upload_time":"2020-08-03 03:20:00.614000","library":"amplitude-js\/6.1.0","location_lat":null,"event_type":"user-login","data":{"first_event":true},"device_id":"raquhjovXBEJYU_pmjKvpS","amplitude_attribution_ids":null,"os_name":"Chrome","amplitude_event_type":null,"ip_address":"98.157.228.167","adid":null,"device_brand":null,"processed_time":"2020-08-03 03:20:07.590713","is_attribution_event":false,"device_family":null,"device_manufacturer":null,"country":"United States","device_carrier":null,"device_type":null,"sample_rate":null,"dma":"Cleveland-Akron (Canton), OH","user_creation_time":"2020-08-03 03:20:00.482000","platform":"Web","version_name":null,"user_id":"aidcleveland@gmail.com","$insert_id":"c63d4a80-6690-44de-bba1-2909f9075815","client_event_time":"2020-08-03 03:20:00.482000","location_lng":null,"start_version":null,"paying":null,"os_version":"84","app":277124,"groups":{},"event_time":"2020-08-03 03:20:00.482000","user_properties":{"Username":"aidcleveland@gmail.com"},"server_upload_time":"2020-08-03 03:20:07.128000","uuid":"3b1c5e8c-d538-11ea-81a2-064201a04c6e","city":"Cleveland","amplitude_id":182189484752,"language":"English","group_properties":{},"server_received_time":"2020-08-03 03:20:07.119000","event_id":2,"event_properties":{"login-via":"Pictory"}}
{"device_model":null,"idfa":null,"session_id":1596424030625,"region":"Ohio","$schema":12,"client_upload_time":"2020-08-03 03:21:00.097000","library":"amplitude-js\/6.1.0","location_lat":null,"event_type":"trial-activated","data":{"first_event":true},"device_id":"raquhjovXBEJYU_pmjKvpS","amplitude_attribution_ids":null,"os_name":"Chrome","amplitude_event_type":null,"ip_address":"98.157.228.167","adid":null,"device_brand":null,"processed_time":"2020-08-03 03:21:09.458193","is_attribution_event":false,"device_family":null,"device_manufacturer":null,"country":"United States","device_carrier":null,"device_type":null,"sample_rate":null,"dma":"Cleveland-Akron (Canton), OH","user_creation_time":"2020-08-03 03:21:00.095000","platform":"Web","version_name":null,"user_id":"aidcleveland@gmail.com","$insert_id":"471d93d8-50ea-47df-92d4-78d91752bc66","client_event_time":"2020-08-03 03:21:00.095000","location_lng":null,"start_version":null,"paying":null,"os_version":"84","app":277124,"groups":{},"event_time":"2020-08-03 03:21:00.095000","user_properties":{"Username":"aidcleveland@gmail.com"},"server_upload_time":"2020-08-03 03:21:06.607000","uuid":"6008e472-d538-11ea-81a2-064201a04c6e","city":"Cleveland","amplitude_id":182189484752,"language":"English","group_properties":{},"server_received_time":"2020-08-03 03:21:06.600000","event_id":3,"event_properties":{}}
