{"event_type":"saved-video-opened","country":"United States","amplitude_id":158589205788,"library":"amplitude-js\/6.1.0","server_received_time":"2020-08-10 21:04:01.980000","server_upload_time":"2020-08-10 21:04:01.987000","device_brand":null,"is_attribution_event":false,"processed_time":"2020-08-10 21:04:03.653984","$insert_id":"4cdf5f34-c38c-42f7-b897-bb853da5bd2e","region":"Washington","data":{},"group_properties":{},"os_version":"84","location_lat":null,"$schema":12,"paying":null,"user_properties":{"Username":"vishal@pictory.ai"},"platform":"Web","idfa":null,"version_name":null,"client_upload_time":"2020-08-10 21:04:01.929000","start_version":null,"device_type":null,"adid":null,"user_id":"vishal@pictory.ai","session_id":1597093412164,"event_properties":{"project-name":"M3-B9 GUNTER","project-category":"M3-B9 GUNTER"},"language":"English","groups":{},"device_manufacturer":null,"dma":"Seattle-Tacoma, WA","sample_rate":null,"client_event_time":"2020-08-10 21:04:01.928000","device_family":null,"user_creation_time":"2020-05-15 20:33:50.158000","event_id":1,"ip_address":"73.239.8.13","amplitude_event_type":null,"amplitude_attribution_ids":null,"uuid":"05513438-db4d-11ea-a232-06ed5b9645e0","location_lng":null,"city":"Kirkland","event_time":"2020-08-10 21:04:01.928000","app":277124,"device_carrier":null,"device_model":null,"os_name":"Chrome","device_id":"MJyWMFQ-LHLImCEfddgzGx"}
{"event_type":"preview-clicked","country":"United States","amplitude_id":158589205788,"library":"amplitude-js\/6.1.0","server_received_time":"2020-08-10 21:04:26.902000","server_upload_time":"2020-08-10 21:04:26.924000","device_brand":null,"is_attribution_event":false,"processed_time":"2020-08-10 21:04:29.287061","$insert_id":"c12f00d8-dc21-4308-ab33-ec91f9d5f11a","region":"Washington","data":{},"group_properties":{},"os_version":"84","location_lat":null,"$schema":12,"paying":null,"user_properties":{"Username":"vishal@pictory.ai"},"platform":"Web","idfa":null,"version_name":null,"client_upload_time":"2020-08-10 21:04:26.477000","start_version":null,"device_type":null,"adid":null,"user_id":"vishal@pictory.ai","session_id":1597093412164,"event_properties":{"article-link":"https:\/\/www.winshuttle.com\/blog\/m3-b9-gunter-meet-celonis\/","project-id":819518337},"language":"English","groups":{},"device_manufacturer":null,"dma":"Seattle-Tacoma, WA","sample_rate":null,"client_event_time":"2020-08-10 21:04:26.477000","device_family":null,"user_creation_time":"2020-05-15 20:33:50.158000","event_id":2,"ip_address":"73.239.8.13","amplitude_event_type":null,"amplitude_attribution_ids":null,"uuid":"149997b4-db4d-11ea-a232-06ed5b9645e0","location_lng":null,"city":"Kirkland","event_time":"2020-08-10 21:04:26.477000","app":277124,"device_carrier":null,"device_model":null,"os_name":"Chrome","device_id":"MJyWMFQ-LHLImCEfddgzGx"}
{"event_type":"resource-download-failed","country":"United States","amplitude_id":158589205788,"library":"amplitude-js\/6.1.0","server_received_time":"2020-08-10 21:04:35.224000","server_upload_time":"2020-08-10 21:04:35.232000","device_brand":null,"is_attribution_event":false,"processed_time":"2020-08-10 21:04:36.576480","$insert_id":"1e690e55-abcf-4c56-aade-694834af6550","region":"Washington","data":{},"group_properties":{},"os_version":"84","location_lat":null,"$schema":12,"paying":null,"user_properties":{"Username":"vishal@pictory.ai"},"platform":"Web","idfa":null,"version_name":null,"client_upload_time":"2020-08-10 21:04:35.075000","start_version":null,"device_type":null,"adid":null,"user_id":"vishal@pictory.ai","session_id":1597093412164,"event_properties":{"service-name":"Downloadd-Video-Resources"},"language":"English","groups":{},"device_manufacturer":null,"dma":"Seattle-Tacoma, WA","sample_rate":null,"client_event_time":"2020-08-10 21:04:35.074000","device_family":null,"user_creation_time":"2020-05-15 20:33:50.158000","event_id":3,"ip_address":"73.239.8.13","amplitude_event_type":null,"amplitude_attribution_ids":null,"uuid":"18f0e5d8-db4d-11ea-a232-06ed5b9645e0","location_lng":null,"city":"Kirkland","event_time":"2020-08-10 21:04:35.074000","app":277124,"device_carrier":null,"device_model":null,"os_name":"Chrome","device_id":"MJyWMFQ-LHLImCEfddgzGx"}
{"event_type":"resource-download-failed","country":"United States","amplitude_id":158589205788,"library":"amplitude-js\/6.1.0","server_received_time":"2020-08-10 21:04:35.342000","server_upload_time":"2020-08-10 21:04:35.361000","device_brand":null,"is_attribution_event":false,"processed_time":"2020-08-10 21:04:36.583329","$insert_id":"c9852e42-c9fc-4f86-a00a-bc94622f45c3","region":"Washington","data":{},"group_properties":{},"os_version":"84","location_lat":null,"$schema":12,"paying":null,"user_properties":{"Username":"vishal@pictory.ai"},"platform":"Web","idfa":null,"version_name":null,"client_upload_time":"2020-08-10 21:04:35.286000","start_version":null,"device_type":null,"adid":null,"user_id":"vishal@pictory.ai","session_id":1597093412164,"event_properties":{"service-name":"Downloadd-Video-Resources"},"language":"English","groups":{},"device_manufacturer":null,"dma":"Seattle-Tacoma, WA","sample_rate":null,"client_event_time":"2020-08-10 21:04:35.076000","device_family":null,"user_creation_time":"2020-05-15 20:33:50.158000","event_id":4,"ip_address":"73.239.8.13","amplitude_event_type":null,"amplitude_attribution_ids":null,"uuid":"18f0efc4-db4d-11ea-a232-06ed5b9645e0","location_lng":null,"city":"Kirkland","event_time":"2020-08-10 21:04:35.076000","app":277124,"device_carrier":null,"device_model":null,"os_name":"Chrome","device_id":"MJyWMFQ-LHLImCEfddgzGx"}
{"event_type":"resource-download-failed","country":"United States","amplitude_id":158589205788,"library":"amplitude-js\/6.1.0","server_received_time":"2020-08-10 21:04:36.335000","server_upload_time":"2020-08-10 21:04:36.350000","device_brand":null,"is_attribution_event":false,"processed_time":"2020-08-10 21:04:38.381071","$insert_id":"052c1696-f0b5-48b7-8d9a-eedd9bff2c28","region":"Washington","data":{},"group_properties":{},"os_version":"84","location_lat":null,"$schema":12,"paying":null,"user_properties":{"Username":"vishal@pictory.ai"},"platform":"Web","idfa":null,"version_name":null,"client_upload_time":"2020-08-10 21:04:36.286000","start_version":null,"device_type":null,"adid":null,"user_id":"vishal@pictory.ai","session_id":1597093412164,"event_properties":{"service-name":"Downloadd-Video-Resources"},"language":"English","groups":{},"device_manufacturer":null,"dma":"Seattle-Tacoma, WA","sample_rate":null,"client_event_time":"2020-08-10 21:04:36.286000","device_family":null,"user_creation_time":"2020-05-15 20:33:50.158000","event_id":5,"ip_address":"73.239.8.13","amplitude_event_type":null,"amplitude_attribution_ids":null,"uuid":"1a05d10e-db4d-11ea-a232-06ed5b9645e0","location_lng":null,"city":"Kirkland","event_time":"2020-08-10 21:04:36.286000","app":277124,"device_carrier":null,"device_model":null,"os_name":"Chrome","device_id":"MJyWMFQ-LHLImCEfddgzGx"}
{"event_type":"generate-clicked","country":"United States","amplitude_id":158589205788,"library":"amplitude-js\/6.1.0","server_received_time":"2020-08-10 21:07:32.563000","server_upload_time":"2020-08-10 21:07:32.575000","device_brand":null,"is_attribution_event":false,"processed_time":"2020-08-10 21:07:34.415003","$insert_id":"963b3515-f6ee-4f94-a6b7-d8483813b629","region":"Washington","data":{},"group_properties":{},"os_version":"84","location_lat":null,"$schema":12,"paying":null,"user_properties":{"Username":"vishal@pictory.ai"},"platform":"Web","idfa":null,"version_name":null,"client_upload_time":"2020-08-10 21:07:32.400000","start_version":null,"device_type":null,"adid":null,"user_id":"vishal@pictory.ai","session_id":1597093412164,"event_properties":{"total-video-time-in-minutes":"1.61","voice-track-name":"Matthew, male","project-id":819518337,"total-scenes":10,"total-sub-scenes":8,"total-images":5,"total-time-to-generate-in-seconds":210,"total-time-to-generate-in-minutes":"3.50","track-name":"Closer to the Stars","total-videos":5,"total-scenes-with-original-image":10,"total-video-time-in-seconds":96.505},"language":"English","groups":{},"device_manufacturer":null,"dma":"Seattle-Tacoma, WA","sample_rate":null,"client_event_time":"2020-08-10 21:07:32.398000","device_family":null,"user_creation_time":"2020-05-15 20:33:50.158000","event_id":6,"ip_address":"73.239.8.13","amplitude_event_type":null,"amplitude_attribution_ids":null,"uuid":"82f0dc36-db4d-11ea-a232-06ed5b9645e0","location_lng":null,"city":"Kirkland","event_time":"2020-08-10 21:07:32.398000","app":277124,"device_carrier":null,"device_model":null,"os_name":"Chrome","device_id":"MJyWMFQ-LHLImCEfddgzGx"}
{"event_type":"video-generated","country":"United States","amplitude_id":158589205788,"library":"amplitude-js\/6.1.0","server_received_time":"2020-08-10 21:10:11.007000","server_upload_time":"2020-08-10 21:10:11.038000","device_brand":null,"is_attribution_event":false,"processed_time":"2020-08-10 21:10:11.550617","$insert_id":"f4e5db21-8d27-4cda-b538-bc926982b2e6","region":"Washington","data":{},"group_properties":{},"os_version":"84","location_lat":null,"$schema":12,"paying":null,"user_properties":{"Username":"vishal@pictory.ai"},"platform":"Web","idfa":null,"version_name":null,"client_upload_time":"2020-08-10 21:10:10.841000","start_version":null,"device_type":null,"adid":null,"user_id":"vishal@pictory.ai","session_id":1597093412164,"event_properties":{"project-id":819518337,"time-taken-in-minutes":"2.77","time-taken-in-seconds":166},"language":"English","groups":{},"device_manufacturer":null,"dma":"Seattle-Tacoma, WA","sample_rate":null,"client_event_time":"2020-08-10 21:10:10.839000","device_family":null,"user_creation_time":"2020-05-15 20:33:50.158000","event_id":7,"ip_address":"73.239.8.13","amplitude_event_type":null,"amplitude_attribution_ids":null,"uuid":"e098d1d6-db4d-11ea-a232-06ed5b9645e0","location_lng":null,"city":"Kirkland","event_time":"2020-08-10 21:10:10.839000","app":277124,"device_carrier":null,"device_model":null,"os_name":"Chrome","device_id":"MJyWMFQ-LHLImCEfddgzGx"}
{"event_type":"video-saved","country":"United States","amplitude_id":158589205788,"library":"amplitude-js\/6.1.0","server_received_time":"2020-08-10 21:10:12.715000","server_upload_time":"2020-08-10 21:10:12.727000","device_brand":null,"is_attribution_event":false,"processed_time":"2020-08-10 21:10:12.908987","$insert_id":"25067613-1e14-452e-89f8-737f093c0807","region":"Washington","data":{},"group_properties":{},"os_version":"84","location_lat":null,"$schema":12,"paying":null,"user_properties":{"Username":"vishal@pictory.ai"},"platform":"Web","idfa":null,"version_name":null,"client_upload_time":"2020-08-10 21:10:12.600000","start_version":null,"device_type":null,"adid":null,"user_id":"vishal@pictory.ai","session_id":1597093412164,"event_properties":{"project-name":"M3-B9 GUNTER","save-type":"Saved Video","project-id":819518337,"project-category":"M3-B9 GUNTER"},"language":"English","groups":{},"device_manufacturer":null,"dma":"Seattle-Tacoma, WA","sample_rate":null,"client_event_time":"2020-08-10 21:10:12.600000","device_family":null,"user_creation_time":"2020-05-15 20:33:50.158000","event_id":8,"ip_address":"73.239.8.13","amplitude_event_type":null,"amplitude_attribution_ids":null,"uuid":"e169fd9c-db4d-11ea-a232-06ed5b9645e0","location_lng":null,"city":"Kirkland","event_time":"2020-08-10 21:10:12.600000","app":277124,"device_carrier":null,"device_model":null,"os_name":"Chrome","device_id":"MJyWMFQ-LHLImCEfddgzGx"}
{"event_type":"video-downloaded","country":"United States","amplitude_id":158589205788,"library":"amplitude-js\/6.1.0","server_received_time":"2020-08-10 21:10:22.805000","server_upload_time":"2020-08-10 21:10:22.819000","device_brand":null,"is_attribution_event":false,"processed_time":"2020-08-10 21:10:23.284144","$insert_id":"53fdad31-9654-4f03-9f6b-65da425dfdd8","region":"Washington","data":{},"group_properties":{},"os_version":"84","location_lat":null,"$schema":12,"paying":null,"user_properties":{"Username":"vishal@pictory.ai"},"platform":"Web","idfa":null,"version_name":null,"client_upload_time":"2020-08-10 21:10:22.730000","start_version":null,"device_type":null,"adid":null,"user_id":"vishal@pictory.ai","session_id":1597093412164,"event_properties":{"video-link":"https:\/\/video.pictory.ai\/hbe","project-id":819518337,"video-name":"M3-B9 G.U.N.T.E.R., meet CELONIS - Winshuttle Software.mp4","article-link":"https:\/\/www.winshuttle.com\/blog\/m3-b9-gunter-meet-celonis\/"},"language":"English","groups":{},"device_manufacturer":null,"dma":"Seattle-Tacoma, WA","sample_rate":null,"client_event_time":"2020-08-10 21:10:22.729000","device_family":null,"user_creation_time":"2020-05-15 20:33:50.158000","event_id":9,"ip_address":"73.239.8.13","amplitude_event_type":null,"amplitude_attribution_ids":null,"uuid":"e79920c6-db4d-11ea-a232-06ed5b9645e0","location_lng":null,"city":"Kirkland","event_time":"2020-08-10 21:10:22.729000","app":277124,"device_carrier":null,"device_model":null,"os_name":"Chrome","device_id":"MJyWMFQ-LHLImCEfddgzGx"}
{"event_type":"saved-video-opened","country":"United States","amplitude_id":158589205788,"library":"amplitude-js\/6.1.0","server_received_time":"2020-08-10 21:13:31.968000","server_upload_time":"2020-08-10 21:13:31.977000","device_brand":null,"is_attribution_event":false,"processed_time":"2020-08-10 21:13:33.968233","$insert_id":"ae5bfa42-20ff-4de5-9509-47b8b74a27de","region":"Washington","data":{},"group_properties":{},"os_version":"84","location_lat":null,"$schema":12,"paying":null,"user_properties":{"Username":"vishal@pictory.ai"},"platform":"Web","idfa":null,"version_name":null,"client_upload_time":"2020-08-10 21:13:31.480000","start_version":null,"device_type":null,"adid":null,"user_id":"vishal@pictory.ai","session_id":1597093412164,"event_properties":{"project-name":"Vikash PM","project-category":"Intro"},"language":"English","groups":{},"device_manufacturer":null,"dma":"Seattle-Tacoma, WA","sample_rate":null,"client_event_time":"2020-08-10 21:13:31.479000","device_family":null,"user_creation_time":"2020-05-15 20:33:50.158000","event_id":10,"ip_address":"73.239.8.13","amplitude_event_type":null,"amplitude_attribution_ids":null,"uuid":"59412d22-db4e-11ea-a232-06ed5b9645e0","location_lng":null,"city":"Kirkland","event_time":"2020-08-10 21:13:31.479000","app":277124,"device_carrier":null,"device_model":null,"os_name":"Chrome","device_id":"MJyWMFQ-LHLImCEfddgzGx"}
{"country":"United States","library":"amplitude-js\/6.1.0","dma":"Seattle-Tacoma, WA","user_id":"vishal@pictory.ai","user_creation_time":"2020-05-15 20:33:50.158000","os_name":"Chrome","is_attribution_event":false,"app":277124,"groups":{},"ip_address":"73.239.8.13","adid":null,"version_name":null,"session_id":1597094725695,"event_properties":{"project-name":"Vikash PM","project-category":"Intro"},"location_lng":null,"processed_time":"2020-08-10 21:25:41.832611","sample_rate":null,"start_version":null,"event_time":"2020-08-10 21:25:40.283000","device_brand":null,"language":"English","device_family":null,"user_properties":{"Username":"vishal@pictory.ai"},"group_properties":{},"$schema":12,"event_type":"saved-video-opened","amplitude_attribution_ids":null,"client_upload_time":"2020-08-10 21:25:40.284000","platform":"Web","amplitude_id":158589205788,"city":"Kirkland","amplitude_event_type":null,"server_received_time":"2020-08-10 21:25:40.324000","location_lat":null,"device_id":"p2EG9xmIKNpr28_CEjtGKw","device_manufacturer":null,"idfa":null,"$insert_id":"491a67ea-2434-45b3-96f5-140c32d6cb12","server_upload_time":"2020-08-10 21:25:40.330000","device_carrier":null,"device_model":null,"event_id":1,"paying":null,"os_version":"84","data":{},"region":"Washington","device_type":null,"uuid":"0b142850-db50-11ea-966e-06c723077843","client_event_time":"2020-08-10 21:25:40.283000"}
{"country":"United States","library":"amplitude-js\/6.1.0","dma":"Seattle-Tacoma, WA","user_id":"vishal@pictory.ai","user_creation_time":"2020-05-15 20:33:50.158000","os_name":"Chrome","is_attribution_event":false,"app":277124,"groups":{},"ip_address":"73.239.8.13","adid":null,"version_name":null,"session_id":1597094725695,"event_properties":{"project-name":"M3-B9 GUNTER","project-category":"M3-B9 GUNTER"},"location_lng":null,"processed_time":"2020-08-10 21:26:41.165311","sample_rate":null,"start_version":null,"event_time":"2020-08-10 21:26:40.143000","device_brand":null,"language":"English","device_family":null,"user_properties":{"Username":"vishal@pictory.ai"},"group_properties":{},"$schema":12,"event_type":"saved-video-opened","amplitude_attribution_ids":null,"client_upload_time":"2020-08-10 21:26:40.143000","platform":"Web","amplitude_id":158589205788,"city":"Kirkland","amplitude_event_type":null,"server_received_time":"2020-08-10 21:26:40.180000","location_lat":null,"device_id":"p2EG9xmIKNpr28_CEjtGKw","device_manufacturer":null,"idfa":null,"$insert_id":"72149d6c-dbdf-41e3-bb24-5ca023ebb4d8","server_upload_time":"2020-08-10 21:26:40.195000","device_carrier":null,"device_model":null,"event_id":2,"paying":null,"os_version":"84","data":{},"region":"Washington","device_type":null,"uuid":"2e75d8c0-db50-11ea-966e-06c723077843","client_event_time":"2020-08-10 21:26:40.143000"}
{"country":"United States","library":"amplitude-js\/6.1.0","dma":"Seattle-Tacoma, WA","user_id":"vishal@pictory.ai","user_creation_time":"2020-05-15 20:33:50.158000","os_name":"Chrome","is_attribution_event":false,"app":277124,"groups":{},"ip_address":"73.239.8.13","adid":null,"version_name":null,"session_id":1597094725695,"event_properties":{"new-text":"Celonis describes it this way:\n\ufeff\"Process mining is an analytical discipline for discovering, monitoring, and improving real processes...","old-text":"Celonis describes it this way: \"Process mining is an analytical discipline for discovering, monitoring, and improving real processes..."},"location_lng":null,"processed_time":"2020-08-10 21:26:56.393857","sample_rate":null,"start_version":null,"event_time":"2020-08-10 21:26:55.067000","device_brand":null,"language":"English","device_family":null,"user_properties":{"Username":"vishal@pictory.ai"},"group_properties":{},"$schema":12,"event_type":"edit-scene-text","amplitude_attribution_ids":null,"client_upload_time":"2020-08-10 21:26:55.068000","platform":"Web","amplitude_id":158589205788,"city":"Kirkland","amplitude_event_type":null,"server_received_time":"2020-08-10 21:26:55.295000","location_lat":null,"device_id":"p2EG9xmIKNpr28_CEjtGKw","device_manufacturer":null,"idfa":null,"$insert_id":"f1d1d27e-c0ec-4289-8d83-1acfd261e08e","server_upload_time":"2020-08-10 21:26:55.336000","device_carrier":null,"device_model":null,"event_id":3,"paying":null,"os_version":"84","data":{},"region":"Washington","device_type":null,"uuid":"3789a50e-db50-11ea-966e-06c723077843","client_event_time":"2020-08-10 21:26:55.067000"}
{"country":"United States","library":"amplitude-js\/6.1.0","dma":"Seattle-Tacoma, WA","user_id":"vishal@pictory.ai","user_creation_time":"2020-05-15 20:33:50.158000","os_name":"Chrome","is_attribution_event":false,"app":277124,"groups":{},"ip_address":"73.239.8.13","adid":null,"version_name":null,"session_id":1597094725695,"event_properties":{"project-id":819518337,"project-category":"M3-B9 GUNTER","project-name":"M3-B9 GUNTER","save-type":"Saved Video"},"location_lng":null,"processed_time":"2020-08-10 21:26:58.661787","sample_rate":null,"start_version":null,"event_time":"2020-08-10 21:26:56.750000","device_brand":null,"language":"English","device_family":null,"user_properties":{"Username":"vishal@pictory.ai"},"group_properties":{},"$schema":12,"event_type":"video-saved","amplitude_attribution_ids":null,"client_upload_time":"2020-08-10 21:26:56.750000","platform":"Web","amplitude_id":158589205788,"city":"Kirkland","amplitude_event_type":null,"server_received_time":"2020-08-10 21:26:56.798000","location_lat":null,"device_id":"p2EG9xmIKNpr28_CEjtGKw","device_manufacturer":null,"idfa":null,"$insert_id":"ccdc26e5-fc7b-48fd-a567-a73ec4012f52","server_upload_time":"2020-08-10 21:26:56.804000","device_carrier":null,"device_model":null,"event_id":4,"paying":null,"os_version":"84","data":{},"region":"Washington","device_type":null,"uuid":"38e29eba-db50-11ea-966e-06c723077843","client_event_time":"2020-08-10 21:26:56.750000"}
{"country":"United States","library":"amplitude-js\/6.1.0","dma":"Seattle-Tacoma, WA","user_id":"vishal@pictory.ai","user_creation_time":"2020-05-15 20:33:50.158000","os_name":"Chrome","is_attribution_event":false,"app":277124,"groups":{},"ip_address":"73.239.8.13","adid":null,"version_name":null,"session_id":1597094725695,"event_properties":{"new-text":"Celonis describes it this way:\n\ufeff\n\ufeff\"Process mining is an analytical discipline for discovering, monitoring, and improving real processes...","old-text":"Celonis describes it this way:  \ufeff\"Process mining is an analytical discipline for discovering, monitoring, and improving real processes..."},"location_lng":null,"processed_time":"2020-08-10 21:27:18.508617","sample_rate":null,"start_version":null,"event_time":"2020-08-10 21:27:15.093000","device_brand":null,"language":"English","device_family":null,"user_properties":{"Username":"vishal@pictory.ai"},"group_properties":{},"$schema":12,"event_type":"edit-scene-text","amplitude_attribution_ids":null,"client_upload_time":"2020-08-10 21:27:15.093000","platform":"Web","amplitude_id":158589205788,"city":"Kirkland","amplitude_event_type":null,"server_received_time":"2020-08-10 21:27:15.138000","location_lat":null,"device_id":"p2EG9xmIKNpr28_CEjtGKw","device_manufacturer":null,"idfa":null,"$insert_id":"d8c21dda-9c94-4cb4-afdb-684516b0fab7","server_upload_time":"2020-08-10 21:27:15.174000","device_carrier":null,"device_model":null,"event_id":5,"paying":null,"os_version":"84","data":{},"region":"Washington","device_type":null,"uuid":"44b764fa-db50-11ea-966e-06c723077843","client_event_time":"2020-08-10 21:27:15.093000"}
{"country":"United States","library":"amplitude-js\/6.1.0","dma":"Seattle-Tacoma, WA","user_id":"vishal@pictory.ai","user_creation_time":"2020-05-15 20:33:50.158000","os_name":"Chrome","is_attribution_event":false,"app":277124,"groups":{},"ip_address":"73.239.8.13","adid":null,"version_name":null,"session_id":1597094725695,"event_properties":{"project-id":819518337,"project-category":"M3-B9 GUNTER","project-name":"M3-B9 GUNTER","save-type":"Saved Video"},"location_lng":null,"processed_time":"2020-08-10 21:27:18.511381","sample_rate":null,"start_version":null,"event_time":"2020-08-10 21:27:16.455000","device_brand":null,"language":"English","device_family":null,"user_properties":{"Username":"vishal@pictory.ai"},"group_properties":{},"$schema":12,"event_type":"video-saved","amplitude_attribution_ids":null,"client_upload_time":"2020-08-10 21:27:16.456000","platform":"Web","amplitude_id":158589205788,"city":"Kirkland","amplitude_event_type":null,"server_received_time":"2020-08-10 21:27:16.492000","location_lat":null,"device_id":"p2EG9xmIKNpr28_CEjtGKw","device_manufacturer":null,"idfa":null,"$insert_id":"d284493c-1e78-4446-8782-826af7da88f4","server_upload_time":"2020-08-10 21:27:16.500000","device_carrier":null,"device_model":null,"event_id":6,"paying":null,"os_version":"84","data":{},"region":"Washington","device_type":null,"uuid":"44b77404-db50-11ea-966e-06c723077843","client_event_time":"2020-08-10 21:27:16.455000"}
{"country":"United States","library":"amplitude-js\/6.1.0","dma":"Seattle-Tacoma, WA","user_id":"vishal@pictory.ai","user_creation_time":"2020-05-15 20:33:50.158000","os_name":"Chrome","is_attribution_event":false,"app":277124,"groups":{},"ip_address":"73.239.8.13","adid":null,"version_name":null,"session_id":1597094725695,"event_properties":{"new-text":"This is line 1\n\ufeffThis is line 2\n\ufeffThis is line 3","old-text":"Celonis describes it this way: \ufeff \ufeff\"Process mining is an analytical discipline for discovering, monitoring, and improving real processes..."},"location_lng":null,"processed_time":"2020-08-10 21:28:00.969070","sample_rate":null,"start_version":null,"event_time":"2020-08-10 21:27:57.894000","device_brand":null,"language":"English","device_family":null,"user_properties":{"Username":"vishal@pictory.ai"},"group_properties":{},"$schema":12,"event_type":"edit-scene-text","amplitude_attribution_ids":null,"client_upload_time":"2020-08-10 21:27:57.894000","platform":"Web","amplitude_id":158589205788,"city":"Kirkland","amplitude_event_type":null,"server_received_time":"2020-08-10 21:27:57.938000","location_lat":null,"device_id":"p2EG9xmIKNpr28_CEjtGKw","device_manufacturer":null,"idfa":null,"$insert_id":"624de888-2837-4019-9b2d-5f762d358589","server_upload_time":"2020-08-10 21:27:57.944000","device_carrier":null,"device_model":null,"event_id":7,"paying":null,"os_version":"84","data":{},"region":"Washington","device_type":null,"uuid":"5e03f23e-db50-11ea-966e-06c723077843","client_event_time":"2020-08-10 21:27:57.894000"}
{"country":"United States","library":"amplitude-js\/6.1.0","dma":"Seattle-Tacoma, WA","user_id":"vishal@pictory.ai","user_creation_time":"2020-05-15 20:33:50.158000","os_name":"Chrome","is_attribution_event":false,"app":277124,"groups":{},"ip_address":"73.239.8.13","adid":null,"version_name":null,"session_id":1597094725695,"event_properties":{"project-id":819518337,"project-category":"M3-B9 GUNTER","project-name":"M3-B9 GUNTER","save-type":"Saved Video"},"location_lng":null,"processed_time":"2020-08-10 21:28:00.980858","sample_rate":null,"start_version":null,"event_time":"2020-08-10 21:27:58.928000","device_brand":null,"language":"English","device_family":null,"user_properties":{"Username":"vishal@pictory.ai"},"group_properties":{},"$schema":12,"event_type":"video-saved","amplitude_attribution_ids":null,"client_upload_time":"2020-08-10 21:27:58.929000","platform":"Web","amplitude_id":158589205788,"city":"Kirkland","amplitude_event_type":null,"server_received_time":"2020-08-10 21:27:58.968000","location_lat":null,"device_id":"p2EG9xmIKNpr28_CEjtGKw","device_manufacturer":null,"idfa":null,"$insert_id":"1dd580c9-290f-4372-9441-595c06d8545d","server_upload_time":"2020-08-10 21:27:58.980000","device_carrier":null,"device_model":null,"event_id":8,"paying":null,"os_version":"84","data":{},"region":"Washington","device_type":null,"uuid":"5e03fffe-db50-11ea-966e-06c723077843","client_event_time":"2020-08-10 21:27:58.928000"}
{"country":"United States","library":"amplitude-js\/6.1.0","dma":"Seattle-Tacoma, WA","user_id":"vishal@pictory.ai","user_creation_time":"2020-05-15 20:33:50.158000","os_name":"Chrome","is_attribution_event":false,"app":277124,"groups":{},"ip_address":"73.239.8.13","adid":null,"version_name":null,"session_id":1597094725695,"event_properties":{"script":"<p>Nothing is new here. Somehow we need to update to a magical time. Somehow the space time is not working out. Let's figure it out.<\/p>"},"location_lng":null,"processed_time":"2020-08-10 21:29:04.853400","sample_rate":null,"start_version":null,"event_time":"2020-08-10 21:29:03.656000","device_brand":null,"language":"English","device_family":null,"user_properties":{"Username":"vishal@pictory.ai"},"group_properties":{},"$schema":12,"event_type":"start-with-script","amplitude_attribution_ids":null,"client_upload_time":"2020-08-10 21:29:03.657000","platform":"Web","amplitude_id":158589205788,"city":"Kirkland","amplitude_event_type":null,"server_received_time":"2020-08-10 21:29:03.695000","location_lat":null,"device_id":"p2EG9xmIKNpr28_CEjtGKw","device_manufacturer":null,"idfa":null,"$insert_id":"7fb624f0-d1f2-4bfe-8f25-ae07fc8f1274","server_upload_time":"2020-08-10 21:29:03.712000","device_carrier":null,"device_model":null,"event_id":9,"paying":null,"os_version":"84","data":{},"region":"Washington","device_type":null,"uuid":"841a7826-db50-11ea-966e-06c723077843","client_event_time":"2020-08-10 21:29:03.656000"}
{"country":"United States","library":"amplitude-js\/6.1.0","dma":"Seattle-Tacoma, WA","user_id":"vishal@pictory.ai","user_creation_time":"2020-05-15 20:33:50.158000","os_name":"Chrome","is_attribution_event":false,"app":277124,"groups":{},"ip_address":"73.239.8.13","adid":null,"version_name":null,"session_id":1597094725695,"event_properties":{"project-id":915920951,"track-name":"Better Day for Us"},"location_lng":null,"processed_time":"2020-08-10 21:29:13.526801","sample_rate":null,"start_version":null,"event_time":"2020-08-10 21:29:11.771000","device_brand":null,"language":"English","device_family":null,"user_properties":{"Username":"vishal@pictory.ai"},"group_properties":{},"$schema":12,"event_type":"track-selected","amplitude_attribution_ids":null,"client_upload_time":"2020-08-10 21:29:11.772000","platform":"Web","amplitude_id":158589205788,"city":"Kirkland","amplitude_event_type":null,"server_received_time":"2020-08-10 21:29:11.807000","location_lat":null,"device_id":"p2EG9xmIKNpr28_CEjtGKw","device_manufacturer":null,"idfa":null,"$insert_id":"6924b364-be40-419d-95a8-7f9b29424b55","server_upload_time":"2020-08-10 21:29:11.820000","device_carrier":null,"device_model":null,"event_id":10,"paying":null,"os_version":"84","data":{},"region":"Washington","device_type":null,"uuid":"8945b3ce-db50-11ea-966e-06c723077843","client_event_time":"2020-08-10 21:29:11.771000"}
{"country":"United States","library":"amplitude-js\/6.1.0","dma":"Seattle-Tacoma, WA","user_id":"vishal@pictory.ai","user_creation_time":"2020-05-15 20:33:50.158000","os_name":"Chrome","is_attribution_event":false,"app":277124,"groups":{},"ip_address":"73.239.8.13","adid":null,"version_name":null,"session_id":1597094725695,"event_properties":{"project-id":915920951,"project-category":"Nothing is new here","project-name":"Nothing is new here","save-type":"New Video"},"location_lng":null,"processed_time":"2020-08-10 21:29:13.530213","sample_rate":null,"start_version":null,"event_time":"2020-08-10 21:29:12.315000","device_brand":null,"language":"English","device_family":null,"user_properties":{"Username":"vishal@pictory.ai"},"group_properties":{},"$schema":12,"event_type":"video-saved","amplitude_attribution_ids":null,"client_upload_time":"2020-08-10 21:29:12.315000","platform":"Web","amplitude_id":158589205788,"city":"Kirkland","amplitude_event_type":null,"server_received_time":"2020-08-10 21:29:12.354000","location_lat":null,"device_id":"p2EG9xmIKNpr28_CEjtGKw","device_manufacturer":null,"idfa":null,"$insert_id":"07a2b8c4-4625-4189-96cf-61a1d9ceea98","server_upload_time":"2020-08-10 21:29:12.359000","device_carrier":null,"device_model":null,"event_id":11,"paying":null,"os_version":"84","data":{},"region":"Washington","device_type":null,"uuid":"8945bdba-db50-11ea-966e-06c723077843","client_event_time":"2020-08-10 21:29:12.315000"}
{"country":"United States","library":"amplitude-js\/6.1.0","dma":"Seattle-Tacoma, WA","user_id":"vishal@pictory.ai","user_creation_time":"2020-05-15 20:33:50.158000","os_name":"Chrome","is_attribution_event":false,"app":277124,"groups":{},"ip_address":"73.239.8.13","adid":null,"version_name":null,"session_id":1597094725695,"event_properties":{"project-id":915920951,"project-category":"Nothing is new here","project-name":"Nothing is new here","save-type":"Saved Video"},"location_lng":null,"processed_time":"2020-08-10 21:29:13.534822","sample_rate":null,"start_version":null,"event_time":"2020-08-10 21:29:12.348000","device_brand":null,"language":"English","device_family":null,"user_properties":{"Username":"vishal@pictory.ai"},"group_properties":{},"$schema":12,"event_type":"video-saved","amplitude_attribution_ids":null,"client_upload_time":"2020-08-10 21:29:12.390000","platform":"Web","amplitude_id":158589205788,"city":"Kirkland","amplitude_event_type":null,"server_received_time":"2020-08-10 21:29:12.428000","location_lat":null,"device_id":"p2EG9xmIKNpr28_CEjtGKw","device_manufacturer":null,"idfa":null,"$insert_id":"04db7c91-e750-4fa6-83d8-649b9345a89a","server_upload_time":"2020-08-10 21:29:12.441000","device_carrier":null,"device_model":null,"event_id":12,"paying":null,"os_version":"84","data":{},"region":"Washington","device_type":null,"uuid":"8945c5c6-db50-11ea-966e-06c723077843","client_event_time":"2020-08-10 21:29:12.348000"}
{"country":"United States","library":"amplitude-js\/6.1.0","dma":"Seattle-Tacoma, WA","user_id":"vishal@pictory.ai","user_creation_time":"2020-05-15 20:33:50.158000","os_name":"Chrome","is_attribution_event":false,"app":277124,"groups":{},"ip_address":"73.239.8.13","adid":null,"version_name":null,"session_id":1597094725695,"event_properties":{"new-text":"Somehow we need to update to a magical time.\n\ufeffAnd new work.","old-text":"Somehow we need to update to a magical time."},"location_lng":null,"processed_time":"2020-08-10 21:29:47.088239","sample_rate":null,"start_version":null,"event_time":"2020-08-10 21:29:45.312000","device_brand":null,"language":"English","device_family":null,"user_properties":{"Username":"vishal@pictory.ai"},"group_properties":{},"$schema":12,"event_type":"edit-scene-text","amplitude_attribution_ids":null,"client_upload_time":"2020-08-10 21:29:45.313000","platform":"Web","amplitude_id":158589205788,"city":"Kirkland","amplitude_event_type":null,"server_received_time":"2020-08-10 21:29:45.353000","location_lat":null,"device_id":"p2EG9xmIKNpr28_CEjtGKw","device_manufacturer":null,"idfa":null,"$insert_id":"44d26a34-bcca-417b-bb28-6241bd7c9c43","server_upload_time":"2020-08-10 21:29:45.366000","device_carrier":null,"device_model":null,"event_id":13,"paying":null,"os_version":"84","data":{},"region":"Washington","device_type":null,"uuid":"9d47cbd2-db50-11ea-966e-06c723077843","client_event_time":"2020-08-10 21:29:45.312000"}
{"country":"United States","library":"amplitude-js\/6.1.0","dma":"Seattle-Tacoma, WA","user_id":"vishal@pictory.ai","user_creation_time":"2020-05-15 20:33:50.158000","os_name":"Chrome","is_attribution_event":false,"app":277124,"groups":{},"ip_address":"73.239.8.13","adid":null,"version_name":null,"session_id":1597094725695,"event_properties":{"project-id":915920951,"project-category":"Nothing is new here","project-name":"Nothing is new here","save-type":"Saved Video"},"location_lng":null,"processed_time":"2020-08-10 21:29:47.090904","sample_rate":null,"start_version":null,"event_time":"2020-08-10 21:29:46.059000","device_brand":null,"language":"English","device_family":null,"user_properties":{"Username":"vishal@pictory.ai"},"group_properties":{},"$schema":12,"event_type":"video-saved","amplitude_attribution_ids":null,"client_upload_time":"2020-08-10 21:29:46.060000","platform":"Web","amplitude_id":158589205788,"city":"Kirkland","amplitude_event_type":null,"server_received_time":"2020-08-10 21:29:46.095000","location_lat":null,"device_id":"p2EG9xmIKNpr28_CEjtGKw","device_manufacturer":null,"idfa":null,"$insert_id":"bb59ff57-3302-4c9b-af10-5525a24e5177","server_upload_time":"2020-08-10 21:29:46.102000","device_carrier":null,"device_model":null,"event_id":14,"paying":null,"os_version":"84","data":{},"region":"Washington","device_type":null,"uuid":"9d47d3d4-db50-11ea-966e-06c723077843","client_event_time":"2020-08-10 21:29:46.059000"}
{"country":"United States","library":"amplitude-js\/6.1.0","dma":"Seattle-Tacoma, WA","user_id":"vishal@pictory.ai","user_creation_time":"2020-05-15 20:33:50.158000","os_name":"Chrome","is_attribution_event":false,"app":277124,"groups":{},"ip_address":"73.239.8.13","adid":null,"version_name":null,"session_id":1597094725695,"event_properties":{"track-name":"Better Day for Us","total-time-to-generate-in-minutes":"0.82","total-video-time-in-seconds":17.927,"total-sub-scenes":0,"project-id":915920951,"total-scenes":5,"total-video-time-in-minutes":"0.30","total-scenes-with-original-image":5,"voice-track-name":"Matthew, male","total-time-to-generate-in-seconds":49,"total-images":1,"total-videos":4},"location_lng":null,"processed_time":"2020-08-10 21:29:55.643468","sample_rate":null,"start_version":null,"event_time":"2020-08-10 21:29:53.960000","device_brand":null,"language":"English","device_family":null,"user_properties":{"Username":"vishal@pictory.ai"},"group_properties":{},"$schema":12,"event_type":"generate-clicked","amplitude_attribution_ids":null,"client_upload_time":"2020-08-10 21:29:53.961000","platform":"Web","amplitude_id":158589205788,"city":"Kirkland","amplitude_event_type":null,"server_received_time":"2020-08-10 21:29:54.003000","location_lat":null,"device_id":"p2EG9xmIKNpr28_CEjtGKw","device_manufacturer":null,"idfa":null,"$insert_id":"94854e1e-1f32-43e2-adbd-6cff5cbf0baa","server_upload_time":"2020-08-10 21:29:54.031000","device_carrier":null,"device_model":null,"event_id":15,"paying":null,"os_version":"84","data":{},"region":"Washington","device_type":null,"uuid":"a25fd740-db50-11ea-966e-06c723077843","client_event_time":"2020-08-10 21:29:53.960000"}
{"country":"United States","library":"amplitude-js\/6.1.0","dma":"Seattle-Tacoma, WA","user_id":"vishal@pictory.ai","user_creation_time":"2020-05-15 20:33:50.158000","os_name":"Chrome","is_attribution_event":false,"app":277124,"groups":{},"ip_address":"73.239.8.13","adid":null,"version_name":null,"session_id":1597094725695,"event_properties":{"time-taken-in-minutes":"0.57","project-id":915920951,"time-taken-in-seconds":34},"location_lng":null,"processed_time":"2020-08-10 21:30:27.362763","sample_rate":null,"start_version":null,"event_time":"2020-08-10 21:30:25.747000","device_brand":null,"language":"English","device_family":null,"user_properties":{"Username":"vishal@pictory.ai"},"group_properties":{},"$schema":12,"event_type":"video-generated","amplitude_attribution_ids":null,"client_upload_time":"2020-08-10 21:30:25.747000","platform":"Web","amplitude_id":158589205788,"city":"Kirkland","amplitude_event_type":null,"server_received_time":"2020-08-10 21:30:25.848000","location_lat":null,"device_id":"p2EG9xmIKNpr28_CEjtGKw","device_manufacturer":null,"idfa":null,"$insert_id":"03dd6b2c-fd86-4370-a346-21ce2cd872ab","server_upload_time":"2020-08-10 21:30:25.856000","device_carrier":null,"device_model":null,"event_id":16,"paying":null,"os_version":"84","data":{},"region":"Washington","device_type":null,"uuid":"b542c71e-db50-11ea-966e-06c723077843","client_event_time":"2020-08-10 21:30:25.747000"}
{"country":"United States","library":"amplitude-js\/6.1.0","dma":"Seattle-Tacoma, WA","user_id":"vishal@pictory.ai","user_creation_time":"2020-05-15 20:33:50.158000","os_name":"Chrome","is_attribution_event":false,"app":277124,"groups":{},"ip_address":"73.239.8.13","adid":null,"version_name":null,"session_id":1597094725695,"event_properties":{"project-id":915920951,"project-category":"Nothing is new here","project-name":"Nothing is new here","save-type":"Saved Video"},"location_lng":null,"processed_time":"2020-08-10 21:30:27.377508","sample_rate":null,"start_version":null,"event_time":"2020-08-10 21:30:26.469000","device_brand":null,"language":"English","device_family":null,"user_properties":{"Username":"vishal@pictory.ai"},"group_properties":{},"$schema":12,"event_type":"video-saved","amplitude_attribution_ids":null,"client_upload_time":"2020-08-10 21:30:26.470000","platform":"Web","amplitude_id":158589205788,"city":"Kirkland","amplitude_event_type":null,"server_received_time":"2020-08-10 21:30:26.513000","location_lat":null,"device_id":"p2EG9xmIKNpr28_CEjtGKw","device_manufacturer":null,"idfa":null,"$insert_id":"2d5e5e67-d276-443b-b72a-ff154a279771","server_upload_time":"2020-08-10 21:30:26.519000","device_carrier":null,"device_model":null,"event_id":17,"paying":null,"os_version":"84","data":{},"region":"Washington","device_type":null,"uuid":"b542dbfa-db50-11ea-966e-06c723077843","client_event_time":"2020-08-10 21:30:26.469000"}
{"country":"United States","library":"amplitude-js\/6.1.0","dma":"Seattle-Tacoma, WA","user_id":"vishal@pictory.ai","user_creation_time":"2020-05-15 20:33:50.158000","os_name":"Chrome","is_attribution_event":false,"app":277124,"groups":{},"ip_address":"73.239.8.13","adid":null,"version_name":null,"session_id":1597094725695,"event_properties":{"project-id":915920951,"video-name":"Nothing is new here..mp4","video-link":"https:\/\/video.pictory.ai\/lk8"},"location_lng":null,"processed_time":"2020-08-10 21:30:28.626806","sample_rate":null,"start_version":null,"event_time":"2020-08-10 21:30:27.802000","device_brand":null,"language":"English","device_family":null,"user_properties":{"Username":"vishal@pictory.ai"},"group_properties":{},"$schema":12,"event_type":"video-downloaded","amplitude_attribution_ids":null,"client_upload_time":"2020-08-10 21:30:27.802000","platform":"Web","amplitude_id":158589205788,"city":"Kirkland","amplitude_event_type":null,"server_received_time":"2020-08-10 21:30:27.856000","location_lat":null,"device_id":"p2EG9xmIKNpr28_CEjtGKw","device_manufacturer":null,"idfa":null,"$insert_id":"618d075f-6a96-4f35-a9f6-c1e2a3d89cd9","server_upload_time":"2020-08-10 21:30:27.866000","device_carrier":null,"device_model":null,"event_id":18,"paying":null,"os_version":"84","data":{},"region":"Washington","device_type":null,"uuid":"b6099ce0-db50-11ea-966e-06c723077843","client_event_time":"2020-08-10 21:30:27.802000"}
{"country":"United States","library":"amplitude-js\/6.1.0","dma":"Seattle-Tacoma, WA","user_id":"vishal@pictory.ai","user_creation_time":"2020-05-15 20:33:50.158000","os_name":"Chrome","is_attribution_event":false,"app":277124,"groups":{},"ip_address":"73.239.8.13","adid":null,"version_name":null,"session_id":1597094725695,"event_properties":{"track-name":"Better Day for Us","total-time-to-generate-in-minutes":"0.32","total-video-time-in-seconds":17.927,"total-sub-scenes":0,"project-id":915920951,"total-scenes":5,"total-video-time-in-minutes":"0.30","total-scenes-with-original-image":5,"voice-track-name":"Matthew, male","total-time-to-generate-in-seconds":19,"total-images":1,"total-videos":4},"location_lng":null,"processed_time":"2020-08-10 21:31:18.498237","sample_rate":null,"start_version":null,"event_time":"2020-08-10 21:31:16.096000","device_brand":null,"language":"English","device_family":null,"user_properties":{"Username":"vishal@pictory.ai"},"group_properties":{},"$schema":12,"event_type":"generate-clicked","amplitude_attribution_ids":null,"client_upload_time":"2020-08-10 21:31:16.096000","platform":"Web","amplitude_id":158589205788,"city":"Kirkland","amplitude_event_type":null,"server_received_time":"2020-08-10 21:31:16.236000","location_lat":null,"device_id":"p2EG9xmIKNpr28_CEjtGKw","device_manufacturer":null,"idfa":null,"$insert_id":"28bdbccd-6f48-4cec-bdca-5cc64a5f4344","server_upload_time":"2020-08-10 21:31:16.245000","device_carrier":null,"device_model":null,"event_id":19,"paying":null,"os_version":"84","data":{},"region":"Washington","device_type":null,"uuid":"d3c293ae-db50-11ea-966e-06c723077843","client_event_time":"2020-08-10 21:31:16.096000"}
{"country":"United States","library":"amplitude-js\/6.1.0","dma":"Seattle-Tacoma, WA","user_id":"vishal@pictory.ai","user_creation_time":"2020-05-15 20:33:50.158000","os_name":"Chrome","is_attribution_event":false,"app":277124,"groups":{},"ip_address":"73.239.8.13","adid":null,"version_name":null,"session_id":1597094725695,"event_properties":{},"location_lng":null,"processed_time":"2020-08-10 21:31:34.634257","sample_rate":null,"start_version":null,"event_time":"2020-08-10 21:31:34.144000","device_brand":null,"language":"English","device_family":null,"user_properties":{"Username":"vishal@pictory.ai"},"group_properties":{},"$schema":12,"event_type":"video-generation-canceled","amplitude_attribution_ids":null,"client_upload_time":"2020-08-10 21:31:34.145000","platform":"Web","amplitude_id":158589205788,"city":"Kirkland","amplitude_event_type":null,"server_received_time":"2020-08-10 21:31:34.187000","location_lat":null,"device_id":"p2EG9xmIKNpr28_CEjtGKw","device_manufacturer":null,"idfa":null,"$insert_id":"681a9e57-e7bb-4d0d-a543-182be690c7b9","server_upload_time":"2020-08-10 21:31:34.197000","device_carrier":null,"device_model":null,"event_id":20,"paying":null,"os_version":"84","data":{},"region":"Washington","device_type":null,"uuid":"dd5fed94-db50-11ea-966e-06c723077843","client_event_time":"2020-08-10 21:31:34.144000"}
