{"amplitude_event_type":null,"city":"Piedras Negras","uuid":"9128a52c-df53-11ea-b2ca-0a71d90a8ba9","group_properties":{},"user_id":null,"client_upload_time":"2020-08-16 00:00:57.287000","location_lng":null,"country":"Mexico","processed_time":"2020-08-16 00:01:00.282981","user_creation_time":"2020-08-16 00:00:57.282000","platform":"Web","server_received_time":"2020-08-16 00:00:56.174000","event_properties":{"provider":"pictory"},"dma":null,"idfa":null,"device_model":null,"adid":null,"os_version":"84","language":"Spanish","$insert_id":"456f8c68-4133-4296-a5f4-8dd8145fd6e0","device_family":null,"os_name":"Chrome","location_lat":null,"app":277124,"paying":null,"is_attribution_event":false,"session_id":1597536030121,"event_time":"2020-08-16 00:00:57.282000","data":{"first_event":true},"sample_rate":null,"version_name":null,"device_type":null,"ip_address":"189.179.145.208","region":"Coahuila","$schema":12,"event_id":1,"device_manufacturer":null,"event_type":"user-signup","server_upload_time":"2020-08-16 00:00:56.178000","amplitude_id":185147869445,"amplitude_attribution_ids":null,"client_event_time":"2020-08-16 00:00:57.282000","device_carrier":null,"library":"amplitude-js\/6.1.0","device_brand":null,"device_id":"Mxx1Y6fO_poa8hfSbSFQ-R","start_version":null,"user_properties":{},"groups":{}}
{"amplitude_event_type":null,"city":"Piedras Negras","uuid":"a8a4cf82-df53-11ea-b2ca-0a71d90a8ba9","group_properties":{},"user_id":"liz_lopez3@live.com","client_upload_time":"2020-08-16 00:01:38.957000","location_lng":null,"country":"Mexico","processed_time":"2020-08-16 00:01:39.489524","user_creation_time":"2020-08-16 00:00:57.282000","platform":"Web","server_received_time":"2020-08-16 00:01:37.300000","event_properties":{"login-via":"Pictory"},"dma":null,"idfa":null,"device_model":null,"adid":null,"os_version":"84","language":"Spanish","$insert_id":"8e04a4cb-e85f-42d1-921e-d072ebdaaa5e","device_family":null,"os_name":"Chrome","location_lat":null,"app":277124,"paying":null,"is_attribution_event":false,"session_id":1597536030121,"event_time":"2020-08-16 00:01:38.631000","data":{},"sample_rate":null,"version_name":null,"device_type":null,"ip_address":"189.179.145.208","region":"Coahuila","$schema":12,"event_id":2,"device_manufacturer":null,"event_type":"user-login","server_upload_time":"2020-08-16 00:01:37.304000","amplitude_id":185147869445,"amplitude_attribution_ids":null,"client_event_time":"2020-08-16 00:01:38.631000","device_carrier":null,"library":"amplitude-js\/6.1.0","device_brand":null,"device_id":"Mxx1Y6fO_poa8hfSbSFQ-R","start_version":null,"user_properties":{"Username":"liz_lopez3@live.com"},"groups":{}}
{"amplitude_event_type":null,"city":"Piedras Negras","uuid":"ce5df438-df53-11ea-b2ca-0a71d90a8ba9","group_properties":{},"user_id":"liz_lopez3@live.com","client_upload_time":"2020-08-16 00:02:43.190000","location_lng":null,"country":"Mexico","processed_time":"2020-08-16 00:02:42.600522","user_creation_time":"2020-08-16 00:00:57.282000","platform":"Web","server_received_time":"2020-08-16 00:02:41.718000","event_properties":{},"dma":null,"idfa":null,"device_model":null,"adid":null,"os_version":"84","language":"Spanish","$insert_id":"f18c42a4-93a4-4049-8e70-14e2003a86f5","device_family":null,"os_name":"Chrome","location_lat":null,"app":277124,"paying":null,"is_attribution_event":false,"session_id":1597536030121,"event_time":"2020-08-16 00:02:43.187000","data":{},"sample_rate":null,"version_name":null,"device_type":null,"ip_address":"189.179.145.208","region":"Coahuila","$schema":12,"event_id":3,"device_manufacturer":null,"event_type":"trial-activated","server_upload_time":"2020-08-16 00:02:41.728000","amplitude_id":185147869445,"amplitude_attribution_ids":null,"client_event_time":"2020-08-16 00:02:43.187000","device_carrier":null,"library":"amplitude-js\/6.1.0","device_brand":null,"device_id":"Mxx1Y6fO_poa8hfSbSFQ-R","start_version":null,"user_properties":{"Username":"liz_lopez3@live.com"},"groups":{}}
