{"user_properties":{"Username":"temporaryid49@yopmail.com"},"platform":"Web","data":{"first_event":true},"event_time":"2020-08-13 12:15:29.896000","amplitude_event_type":null,"library":"amplitude-js\/6.1.0","uuid":"ae958176-dd5e-11ea-a645-0a256debdc1d","group_properties":{},"location_lat":null,"os_version":"84","sample_rate":null,"device_type":null,"$insert_id":"9dbc85a6-8d8b-4b99-b679-02bfe2c91bb3","device_carrier":null,"session_id":1597320909633,"region":"Madhya Pradesh","server_upload_time":"2020-08-13 12:15:30.699000","device_id":"zFsR_-UW9rEq9qyZeIxoYH","city":"Jabalpur","adid":null,"processed_time":"2020-08-13 12:15:31.609857","ip_address":"47.247.223.98","amplitude_id":184587733649,"client_upload_time":"2020-08-13 12:15:30.952000","device_family":null,"app":277124,"user_id":"temporaryid49@yopmail.com","paying":null,"location_lng":null,"$schema":12,"dma":null,"device_model":null,"device_brand":null,"amplitude_attribution_ids":null,"event_id":1,"language":"English","start_version":null,"is_attribution_event":false,"event_properties":{"login-via":"Pictory"},"user_creation_time":"2020-08-13 12:15:29.896000","os_name":"Chrome","groups":{},"server_received_time":"2020-08-13 12:15:30.690000","country":"India","client_event_time":"2020-08-13 12:15:29.896000","device_manufacturer":null,"event_type":"user-login","idfa":null,"version_name":null}
{"user_properties":{"Username":"temporaryid49@yopmail.com"},"platform":"Web","data":{"first_event":true},"event_time":"2020-08-13 12:16:04.311000","amplitude_event_type":null,"library":"amplitude-js\/6.1.0","uuid":"c597c424-dd5e-11ea-a645-0a256debdc1d","group_properties":{},"location_lat":null,"os_version":"84","sample_rate":null,"device_type":null,"$insert_id":"1a2833a8-f788-4df4-9e37-89871ff7ab5b","device_carrier":null,"session_id":1597320909633,"region":"Madhya Pradesh","server_upload_time":"2020-08-13 12:16:08.157000","device_id":"zFsR_-UW9rEq9qyZeIxoYH","city":"Jabalpur","adid":null,"processed_time":"2020-08-13 12:16:10.069349","ip_address":"47.247.223.98","amplitude_id":184587733649,"client_upload_time":"2020-08-13 12:16:04.313000","device_family":null,"app":277124,"user_id":"temporaryid49@yopmail.com","paying":null,"location_lng":null,"$schema":12,"dma":null,"device_model":null,"device_brand":null,"amplitude_attribution_ids":null,"event_id":2,"language":"English","start_version":null,"is_attribution_event":false,"event_properties":{"article-link":"https:\/\/www.corestack.io\/blog\/corestack-launches-continuous-cloud-compliance-for-fedramp-earns-recognition-in-gartner-magic-quadrant\/","project-id":285907457},"user_creation_time":"2020-08-13 12:16:04.311000","os_name":"Chrome","groups":{},"server_received_time":"2020-08-13 12:16:08.131000","country":"India","client_event_time":"2020-08-13 12:16:04.311000","device_manufacturer":null,"event_type":"start-with-article","idfa":null,"version_name":null}
