{"os_name":"Chrome","ip_address":"94.206.111.211","app":277124,"device_manufacturer":null,"device_carrier":null,"os_version":"84","event_time":"2020-08-12 08:08:36.643000","processed_time":"2020-08-12 08:08:38.567025","user_id":null,"uuid":"06ec54d6-dc73-11ea-a80a-0a09d06949ee","language":"English","server_received_time":"2020-08-12 08:08:37.776000","sample_rate":null,"client_event_time":"2020-08-12 08:08:36.643000","session_id":1597219132658,"$schema":12,"region":"Dubai","group_properties":{},"device_model":null,"data":{"first_event":true},"city":"Dubai","device_id":"ZvbyItPmcTHH6QRke0rsw3","device_brand":null,"$insert_id":"198745bc-c0a5-4d05-b4d2-1296b3755058","amplitude_event_type":null,"version_name":null,"server_upload_time":"2020-08-12 08:08:37.779000","groups":{},"dma":null,"event_id":1,"start_version":null,"library":"amplitude-js\/6.1.0","user_creation_time":"2020-08-12 08:08:36.643000","client_upload_time":"2020-08-12 08:08:36.649000","platform":"Web","device_family":null,"amplitude_attribution_ids":null,"event_properties":{"provider":"pictory"},"adid":null,"amplitude_id":184311762798,"location_lng":null,"idfa":null,"country":"United Arab Emirates","event_type":"user-signup","is_attribution_event":false,"user_properties":{},"device_type":null,"location_lat":null,"paying":null}
{"os_name":"Chrome","ip_address":"94.206.111.211","app":277124,"device_manufacturer":null,"device_carrier":null,"os_version":"84","event_time":"2020-08-12 08:09:03.756000","processed_time":"2020-08-12 08:09:06.108454","user_id":"nadine.laze@startupbootcamp.org","uuid":"176ca784-dc73-11ea-a80a-0a09d06949ee","language":"English","server_received_time":"2020-08-12 08:09:04.567000","sample_rate":null,"client_event_time":"2020-08-12 08:09:03.756000","session_id":1597219132658,"$schema":12,"region":"Dubai","group_properties":{},"device_model":null,"data":{},"city":"Dubai","device_id":"ZvbyItPmcTHH6QRke0rsw3","device_brand":null,"$insert_id":"2c69b39b-2ced-4ee6-85f3-8da8633271c8","amplitude_event_type":null,"version_name":null,"server_upload_time":"2020-08-12 08:09:04.578000","groups":{},"dma":null,"event_id":2,"start_version":null,"library":"amplitude-js\/6.1.0","user_creation_time":"2020-08-12 08:08:36.643000","client_upload_time":"2020-08-12 08:09:04.068000","platform":"Web","device_family":null,"amplitude_attribution_ids":null,"event_properties":{"login-via":"Pictory"},"adid":null,"amplitude_id":184311762798,"location_lng":null,"idfa":null,"country":"United Arab Emirates","event_type":"user-login","is_attribution_event":false,"user_properties":{"Username":"nadine.laze@startupbootcamp.org"},"device_type":null,"location_lat":null,"paying":null}
{"os_name":"Chrome","ip_address":"94.206.111.211","app":277124,"device_manufacturer":null,"device_carrier":null,"os_version":"84","event_time":"2020-08-12 08:10:14.112000","processed_time":"2020-08-12 08:10:17.072179","user_id":"nadine.laze@startupbootcamp.org","uuid":"41be9a88-dc73-11ea-a80a-0a09d06949ee","language":"English","server_received_time":"2020-08-12 08:10:14.614000","sample_rate":null,"client_event_time":"2020-08-12 08:10:14.112000","session_id":1597219132658,"$schema":12,"region":"Dubai","group_properties":{},"device_model":null,"data":{},"city":"Dubai","device_id":"ZvbyItPmcTHH6QRke0rsw3","device_brand":null,"$insert_id":"dded3632-a7b8-4e08-9b22-d1bd2fdf7723","amplitude_event_type":null,"version_name":null,"server_upload_time":"2020-08-12 08:10:14.620000","groups":{},"dma":null,"event_id":3,"start_version":null,"library":"amplitude-js\/6.1.0","user_creation_time":"2020-08-12 08:08:36.643000","client_upload_time":"2020-08-12 08:10:14.113000","platform":"Web","device_family":null,"amplitude_attribution_ids":null,"event_properties":{},"adid":null,"amplitude_id":184311762798,"location_lng":null,"idfa":null,"country":"United Arab Emirates","event_type":"trial-activated","is_attribution_event":false,"user_properties":{"Username":"nadine.laze@startupbootcamp.org"},"device_type":null,"location_lat":null,"paying":null}
{"os_name":"Chrome","ip_address":"94.206.111.211","app":277124,"device_manufacturer":null,"device_carrier":null,"os_version":"84","event_time":"2020-08-12 08:13:38.896000","processed_time":"2020-08-12 08:13:42.151891","user_id":"nadine.laze@startupbootcamp.org","uuid":"bbf31a4a-dc73-11ea-a80a-0a09d06949ee","language":"English","server_received_time":"2020-08-12 08:13:40.043000","sample_rate":null,"client_event_time":"2020-08-12 08:13:38.896000","session_id":1597219132658,"$schema":12,"region":"Dubai","group_properties":{},"device_model":null,"data":{},"city":"Dubai","device_id":"ZvbyItPmcTHH6QRke0rsw3","device_brand":null,"$insert_id":"af14e821-0efa-42c2-a36c-84f388235e9c","amplitude_event_type":null,"version_name":null,"server_upload_time":"2020-08-12 08:13:40.047000","groups":{},"dma":null,"event_id":4,"start_version":null,"library":"amplitude-js\/6.1.0","user_creation_time":"2020-08-12 08:08:36.643000","client_upload_time":"2020-08-12 08:13:38.900000","platform":"Web","device_family":null,"amplitude_attribution_ids":null,"event_properties":{"script":"<p>An intense 3-month program supporting entrepreneurs to scale their industry-changing technology businesses.<\/p><p>Expert-led sessions covering all scaling fundamentals from business model canvas, to business development and fundraising.<\/p><p>Collaborate deeply with leading corporates in your industry to secure customers, pilot projects, and partnerships.<\/p><p>Carefully selected mentors from the FinTech industry who provide hands-on support and valuable introductions.<\/p><p>Over \u20ac500,000 in exclusive partner deals from leading technology providers such as Amazon, HubSpot, SendGrid, and others.<\/p><p>&nbsp;<\/p>"},"adid":null,"amplitude_id":184311762798,"location_lng":null,"idfa":null,"country":"United Arab Emirates","event_type":"start-with-script","is_attribution_event":false,"user_properties":{"Username":"nadine.laze@startupbootcamp.org"},"device_type":null,"location_lat":null,"paying":null}
{"os_name":"Chrome","ip_address":"94.206.111.211","app":277124,"device_manufacturer":null,"device_carrier":null,"os_version":"84","event_time":"2020-08-12 08:13:57.399000","processed_time":"2020-08-12 08:14:00.385173","user_id":"nadine.laze@startupbootcamp.org","uuid":"c6d95f0a-dc73-11ea-a80a-0a09d06949ee","language":"English","server_received_time":"2020-08-12 08:13:57.924000","sample_rate":null,"client_event_time":"2020-08-12 08:13:57.399000","session_id":1597219132658,"$schema":12,"region":"Dubai","group_properties":{},"device_model":null,"data":{},"city":"Dubai","device_id":"ZvbyItPmcTHH6QRke0rsw3","device_brand":null,"$insert_id":"b12d7931-5f22-4056-98f2-c0231ab1ecdb","amplitude_event_type":null,"version_name":null,"server_upload_time":"2020-08-12 08:13:57.930000","groups":{},"dma":null,"event_id":5,"start_version":null,"library":"amplitude-js\/6.1.0","user_creation_time":"2020-08-12 08:08:36.643000","client_upload_time":"2020-08-12 08:13:57.404000","platform":"Web","device_family":null,"amplitude_attribution_ids":null,"event_properties":{"project-id":63525832,"track-name":"All We Know"},"adid":null,"amplitude_id":184311762798,"location_lng":null,"idfa":null,"country":"United Arab Emirates","event_type":"track-selected","is_attribution_event":false,"user_properties":{"Username":"nadine.laze@startupbootcamp.org"},"device_type":null,"location_lat":null,"paying":null}
{"os_name":"Chrome","ip_address":"94.206.111.211","app":277124,"device_manufacturer":null,"device_carrier":null,"os_version":"84","event_time":"2020-08-12 08:13:59.474000","processed_time":"2020-08-12 08:14:02.820524","user_id":"nadine.laze@startupbootcamp.org","uuid":"c84ccf3e-dc73-11ea-a80a-0a09d06949ee","language":"English","server_received_time":"2020-08-12 08:13:59.995000","sample_rate":null,"client_event_time":"2020-08-12 08:13:59.474000","session_id":1597219132658,"$schema":12,"region":"Dubai","group_properties":{},"device_model":null,"data":{},"city":"Dubai","device_id":"ZvbyItPmcTHH6QRke0rsw3","device_brand":null,"$insert_id":"3e2af8b7-d38f-4fcf-b3d0-25ec63992e6e","amplitude_event_type":null,"version_name":null,"server_upload_time":"2020-08-12 08:13:59.999000","groups":{},"dma":null,"event_id":6,"start_version":null,"library":"amplitude-js\/6.1.0","user_creation_time":"2020-08-12 08:08:36.643000","client_upload_time":"2020-08-12 08:13:59.478000","platform":"Web","device_family":null,"amplitude_attribution_ids":null,"event_properties":{"project-name":"An intense 3-month p","save-type":"New Video","project-category":"An intense 3-month program supporting entrepreneurs to scale their industry-changing technology businesses","project-id":63525832},"adid":null,"amplitude_id":184311762798,"location_lng":null,"idfa":null,"country":"United Arab Emirates","event_type":"video-saved","is_attribution_event":false,"user_properties":{"Username":"nadine.laze@startupbootcamp.org"},"device_type":null,"location_lat":null,"paying":null}
{"os_name":"Chrome","ip_address":"94.206.111.211","app":277124,"device_manufacturer":null,"device_carrier":null,"os_version":"84","event_time":"2020-08-12 08:14:10.075000","processed_time":"2020-08-12 08:14:13.151377","user_id":"nadine.laze@startupbootcamp.org","uuid":"ce76d472-dc73-11ea-a80a-0a09d06949ee","language":"English","server_received_time":"2020-08-12 08:14:10.593000","sample_rate":null,"client_event_time":"2020-08-12 08:14:10.075000","session_id":1597219132658,"$schema":12,"region":"Dubai","group_properties":{},"device_model":null,"data":{},"city":"Dubai","device_id":"ZvbyItPmcTHH6QRke0rsw3","device_brand":null,"$insert_id":"643ac35b-7637-4c81-9bbe-499ebe9f4bad","amplitude_event_type":null,"version_name":null,"server_upload_time":"2020-08-12 08:14:10.608000","groups":{},"dma":null,"event_id":7,"start_version":null,"library":"amplitude-js\/6.1.0","user_creation_time":"2020-08-12 08:08:36.643000","client_upload_time":"2020-08-12 08:14:10.077000","platform":"Web","device_family":null,"amplitude_attribution_ids":null,"event_properties":{"project-name":"An intense 3-month p","save-type":"Saved Video","project-category":"An intense 3-month program supporting entrepreneurs to scale their industry-changing technology businesses","project-id":63525832},"adid":null,"amplitude_id":184311762798,"location_lng":null,"idfa":null,"country":"United Arab Emirates","event_type":"video-saved","is_attribution_event":false,"user_properties":{"Username":"nadine.laze@startupbootcamp.org"},"device_type":null,"location_lat":null,"paying":null}
{"os_name":"Mobile Safari","adid":null,"country":"United States","client_event_time":"2020-08-12 08:42:39.572000","session_id":1597221578833,"event_time":"2020-08-12 08:42:39.572000","app":277124,"location_lng":null,"location_lat":null,"$insert_id":"cbd6cfb3-542c-4691-a10d-16f7d1909252","device_brand":null,"user_creation_time":"2020-08-12 08:42:39.572000","event_id":1,"amplitude_attribution_ids":null,"uuid":"c8783882-dc77-11ea-aded-02adbb30865b","data":{"first_event":true},"event_type":"user-signup","start_version":null,"event_properties":{"provider":"Google"},"device_type":null,"is_attribution_event":false,"idfa":null,"processed_time":"2020-08-12 08:42:41.139358","client_upload_time":"2020-08-12 08:42:39.575000","device_carrier":null,"server_upload_time":"2020-08-12 08:42:39.735000","user_properties":{"Username":"young.domm223@gmail.com"},"region":"Washington","ip_address":"73.221.47.115","$schema":12,"amplitude_event_type":null,"city":"Lacey","language":"English","sample_rate":null,"device_id":"hFk0Vg2bDnVYKU1JxF0Lev","device_family":"Apple iPhone","paying":null,"version_name":null,"os_version":"13","device_manufacturer":"Apple","device_model":"iPhone","user_id":"young.domm223@gmail.com","platform":"Web","amplitude_id":184315929763,"group_properties":{},"server_received_time":"2020-08-12 08:42:39.731000","dma":"Seattle-Tacoma, WA","groups":{},"library":"amplitude-js\/6.1.0"}
{"os_name":"Mobile Safari","adid":null,"country":"United States","client_event_time":"2020-08-12 08:42:39.586000","session_id":1597221578833,"event_time":"2020-08-12 08:42:39.586000","app":277124,"location_lng":null,"location_lat":null,"$insert_id":"fc29abf3-bddc-4dad-982c-fcec96c1f8d9","device_brand":null,"user_creation_time":"2020-08-12 08:42:39.572000","event_id":2,"amplitude_attribution_ids":null,"uuid":"c8784520-dc77-11ea-aded-02adbb30865b","data":{},"event_type":"trial-activated","start_version":null,"event_properties":{},"device_type":null,"is_attribution_event":false,"idfa":null,"processed_time":"2020-08-12 08:42:41.197449","client_upload_time":"2020-08-12 08:42:39.771000","device_carrier":null,"server_upload_time":"2020-08-12 08:42:39.815000","user_properties":{"Username":"young.domm223@gmail.com"},"region":"Washington","ip_address":"73.221.47.115","$schema":12,"amplitude_event_type":null,"city":"Lacey","language":"English","sample_rate":null,"device_id":"hFk0Vg2bDnVYKU1JxF0Lev","device_family":"Apple iPhone","paying":null,"version_name":null,"os_version":"13","device_manufacturer":"Apple","device_model":"iPhone","user_id":"young.domm223@gmail.com","platform":"Web","amplitude_id":184315929763,"group_properties":{},"server_received_time":"2020-08-12 08:42:39.805000","dma":"Seattle-Tacoma, WA","groups":{},"library":"amplitude-js\/6.1.0"}
