{"$schema":12,"version_name":null,"event_id":1893,"server_received_time":"2020-08-14 12:20:57.388000","start_version":null,"city":"Pune","device_carrier":null,"user_creation_time":"2020-07-02 08:54:44.362000","idfa":null,"dma":null,"adid":null,"device_model":null,"groups":{},"is_attribution_event":false,"event_time":"2020-08-14 12:20:56.649000","region":"Maharashtra","group_properties":{},"session_id":1597407646503,"device_manufacturer":null,"device_id":"u_AF9tpzOT_w2N274DuKbe","data":{},"ip_address":"42.108.253.169","os_name":"Chrome","amplitude_id":174727268466,"platform":"Web","client_upload_time":"2020-08-14 12:20:56.650000","device_brand":null,"event_properties":{"project-category":"Blue Rose Pottery - A success story","project-name":"Blue Rose Pottery -"},"$insert_id":"caf4294b-437d-4400-a217-34c3d4d6f567","location_lat":null,"location_lng":null,"device_family":null,"processed_time":"2020-08-14 12:20:58.613243","language":"English","server_upload_time":"2020-08-14 12:20:57.408000","app":277124,"os_version":"84","amplitude_attribution_ids":null,"library":"amplitude-js\/6.1.0","paying":null,"event_type":"saved-video-opened","user_id":"marketing@zinrelo.com","uuid":"9c036922-de28-11ea-bae2-06ed5b9645e0","user_properties":{"Username":"marketing@zinrelo.com"},"device_type":null,"country":"India","sample_rate":null,"client_event_time":"2020-08-14 12:20:56.649000","amplitude_event_type":null}
{"$schema":12,"version_name":null,"event_id":1894,"server_received_time":"2020-08-14 12:21:36.752000","start_version":null,"city":"Pune","device_carrier":null,"user_creation_time":"2020-07-02 08:54:44.362000","idfa":null,"dma":null,"adid":null,"device_model":null,"groups":{},"is_attribution_event":false,"event_time":"2020-08-14 12:21:36.027000","region":"Maharashtra","group_properties":{},"session_id":1597407646503,"device_manufacturer":null,"device_id":"u_AF9tpzOT_w2N274DuKbe","data":{},"ip_address":"42.108.253.169","os_name":"Chrome","amplitude_id":174727268466,"platform":"Web","client_upload_time":"2020-08-14 12:21:36.028000","device_brand":null,"event_properties":{"old-text":"Machine learning algorithm from Zinrelo helped provide deeper insights to Blue Rose Pottery...","new-text":"Machine learning algorithms from Zinrelo helped provide deeper insights to Blue Rose Pottery..."},"$insert_id":"c686ecdf-1a66-4e77-9f26-cd89adc80b12","location_lat":null,"location_lng":null,"device_family":null,"processed_time":"2020-08-14 12:21:39.400426","language":"English","server_upload_time":"2020-08-14 12:21:36.761000","app":277124,"os_version":"84","amplitude_attribution_ids":null,"library":"amplitude-js\/6.1.0","paying":null,"event_type":"edit-scene-text","user_id":"marketing@zinrelo.com","uuid":"b44be9aa-de28-11ea-bae2-06ed5b9645e0","user_properties":{"Username":"marketing@zinrelo.com"},"device_type":null,"country":"India","sample_rate":null,"client_event_time":"2020-08-14 12:21:36.027000","amplitude_event_type":null}
{"$schema":12,"version_name":null,"event_id":1895,"server_received_time":"2020-08-14 12:21:40.019000","start_version":null,"city":"Pune","device_carrier":null,"user_creation_time":"2020-07-02 08:54:44.362000","idfa":null,"dma":null,"adid":null,"device_model":null,"groups":{},"is_attribution_event":false,"event_time":"2020-08-14 12:21:39.301000","region":"Maharashtra","group_properties":{},"session_id":1597407646503,"device_manufacturer":null,"device_id":"u_AF9tpzOT_w2N274DuKbe","data":{},"ip_address":"42.108.253.169","os_name":"Chrome","amplitude_id":174727268466,"platform":"Web","client_upload_time":"2020-08-14 12:21:39.302000","device_brand":null,"event_properties":{"project-category":"Blue Rose Pottery - A success story","project-name":"Blue Rose Pottery -","save-type":"Saved Video","project-id":748297938},"$insert_id":"ff6f6abf-7f79-43d6-80af-c36bc144c4a4","location_lat":null,"location_lng":null,"device_family":null,"processed_time":"2020-08-14 12:21:41.151313","language":"English","server_upload_time":"2020-08-14 12:21:40.027000","app":277124,"os_version":"84","amplitude_attribution_ids":null,"library":"amplitude-js\/6.1.0","paying":null,"event_type":"video-saved","user_id":"marketing@zinrelo.com","uuid":"b55c1aa4-de28-11ea-bae2-06ed5b9645e0","user_properties":{"Username":"marketing@zinrelo.com"},"device_type":null,"country":"India","sample_rate":null,"client_event_time":"2020-08-14 12:21:39.301000","amplitude_event_type":null}
{"$schema":12,"version_name":null,"event_id":1896,"server_received_time":"2020-08-14 12:21:43.863000","start_version":null,"city":"Pune","device_carrier":null,"user_creation_time":"2020-07-02 08:54:44.362000","idfa":null,"dma":null,"adid":null,"device_model":null,"groups":{},"is_attribution_event":false,"event_time":"2020-08-14 12:21:43.139000","region":"Maharashtra","group_properties":{},"session_id":1597407646503,"device_manufacturer":null,"device_id":"u_AF9tpzOT_w2N274DuKbe","data":{},"ip_address":"42.108.253.169","os_name":"Chrome","amplitude_id":174727268466,"platform":"Web","client_upload_time":"2020-08-14 12:21:43.140000","device_brand":null,"event_properties":{"project-category":"Blue Rose Pottery - A success story","project-name":"Blue Rose Pottery -","save-type":"Saved Video","project-id":748297938},"$insert_id":"7c97ec7d-abaf-4c22-80aa-b0f3a7407093","location_lat":null,"location_lng":null,"device_family":null,"processed_time":"2020-08-14 12:21:45.722193","language":"English","server_upload_time":"2020-08-14 12:21:43.875000","app":277124,"os_version":"84","amplitude_attribution_ids":null,"library":"amplitude-js\/6.1.0","paying":null,"event_type":"video-saved","user_id":"marketing@zinrelo.com","uuid":"b81c8742-de28-11ea-bae2-06ed5b9645e0","user_properties":{"Username":"marketing@zinrelo.com"},"device_type":null,"country":"India","sample_rate":null,"client_event_time":"2020-08-14 12:21:43.139000","amplitude_event_type":null}
{"$schema":12,"version_name":null,"event_id":1897,"server_received_time":"2020-08-14 12:21:55.159000","start_version":null,"city":"Pune","device_carrier":null,"user_creation_time":"2020-07-02 08:54:44.362000","idfa":null,"dma":null,"adid":null,"device_model":null,"groups":{},"is_attribution_event":false,"event_time":"2020-08-14 12:21:54.430000","region":"Maharashtra","group_properties":{},"session_id":1597407646503,"device_manufacturer":null,"device_id":"u_AF9tpzOT_w2N274DuKbe","data":{},"ip_address":"42.108.253.169","os_name":"Chrome","amplitude_id":174727268466,"platform":"Web","client_upload_time":"2020-08-14 12:21:54.431000","device_brand":null,"event_properties":{"total-time-to-generate-in-seconds":57,"total-scenes-with-original-image":15,"total-video-time-in-seconds":94.913,"total-video-time-in-minutes":"1.58","total-time-to-generate-in-minutes":"0.95","total-scenes":15,"project-id":748297938,"total-sub-scenes":4,"track-name":"A New Joyful Day","total-videos":0,"voice-track-name":"Matthew, male","total-images":15},"$insert_id":"628a6843-9956-4131-a8d1-1c24720a3e05","location_lat":null,"location_lng":null,"device_family":null,"processed_time":"2020-08-14 12:21:56.055939","language":"English","server_upload_time":"2020-08-14 12:21:55.171000","app":277124,"os_version":"84","amplitude_attribution_ids":null,"library":"amplitude-js\/6.1.0","paying":null,"event_type":"generate-clicked","user_id":"marketing@zinrelo.com","uuid":"be3ea218-de28-11ea-bae2-06ed5b9645e0","user_properties":{"Username":"marketing@zinrelo.com"},"device_type":null,"country":"India","sample_rate":null,"client_event_time":"2020-08-14 12:21:54.430000","amplitude_event_type":null}
{"$schema":12,"version_name":null,"event_id":1898,"server_received_time":"2020-08-14 12:23:25.946000","start_version":null,"city":"Pune","device_carrier":null,"user_creation_time":"2020-07-02 08:54:44.362000","idfa":null,"dma":null,"adid":null,"device_model":null,"groups":{},"is_attribution_event":false,"event_time":"2020-08-14 12:23:25.215000","region":"Maharashtra","group_properties":{},"session_id":1597407646503,"device_manufacturer":null,"device_id":"u_AF9tpzOT_w2N274DuKbe","data":{},"ip_address":"42.108.253.169","os_name":"Chrome","amplitude_id":174727268466,"platform":"Web","client_upload_time":"2020-08-14 12:23:25.217000","device_brand":null,"event_properties":{"time-taken-in-seconds":100,"time-taken-in-minutes":"1.67","project-id":748297938},"$insert_id":"d44cadff-3716-44ee-a109-b6d72e060501","location_lat":null,"location_lng":null,"device_family":null,"processed_time":"2020-08-14 12:23:28.701625","language":"English","server_upload_time":"2020-08-14 12:23:25.971000","app":277124,"os_version":"84","amplitude_attribution_ids":null,"library":"amplitude-js\/6.1.0","paying":null,"event_type":"video-generated","user_id":"marketing@zinrelo.com","uuid":"f57ced5c-de28-11ea-bae2-06ed5b9645e0","user_properties":{"Username":"marketing@zinrelo.com"},"device_type":null,"country":"India","sample_rate":null,"client_event_time":"2020-08-14 12:23:25.215000","amplitude_event_type":null}
{"$schema":12,"version_name":null,"event_id":1899,"server_received_time":"2020-08-14 12:23:29.101000","start_version":null,"city":"Pune","device_carrier":null,"user_creation_time":"2020-07-02 08:54:44.362000","idfa":null,"dma":null,"adid":null,"device_model":null,"groups":{},"is_attribution_event":false,"event_time":"2020-08-14 12:23:28.367000","region":"Maharashtra","group_properties":{},"session_id":1597407646503,"device_manufacturer":null,"device_id":"u_AF9tpzOT_w2N274DuKbe","data":{},"ip_address":"42.108.253.169","os_name":"Chrome","amplitude_id":174727268466,"platform":"Web","client_upload_time":"2020-08-14 12:23:28.367000","device_brand":null,"event_properties":{"project-category":"Blue Rose Pottery - A success story","project-name":"Blue Rose Pottery -","save-type":"Saved Video","project-id":748297938},"$insert_id":"4bac9932-37b9-41d1-91f1-2a005ac8cb2f","location_lat":null,"location_lng":null,"device_family":null,"processed_time":"2020-08-14 12:23:30.931356","language":"English","server_upload_time":"2020-08-14 12:23:29.110000","app":277124,"os_version":"84","amplitude_attribution_ids":null,"library":"amplitude-js\/6.1.0","paying":null,"event_type":"video-saved","user_id":"marketing@zinrelo.com","uuid":"f6d27820-de28-11ea-bae2-06ed5b9645e0","user_properties":{"Username":"marketing@zinrelo.com"},"device_type":null,"country":"India","sample_rate":null,"client_event_time":"2020-08-14 12:23:28.367000","amplitude_event_type":null}
{"$schema":12,"version_name":null,"event_id":1900,"server_received_time":"2020-08-14 12:29:09.808000","start_version":null,"city":"Pune","device_carrier":null,"user_creation_time":"2020-07-02 08:54:44.362000","idfa":null,"dma":null,"adid":null,"device_model":null,"groups":{},"is_attribution_event":false,"event_time":"2020-08-14 12:29:08.315000","region":"Maharashtra","group_properties":{},"session_id":1597407646503,"device_manufacturer":null,"device_id":"u_AF9tpzOT_w2N274DuKbe","data":{},"ip_address":"42.108.253.169","os_name":"Chrome","amplitude_id":174727268466,"platform":"Web","client_upload_time":"2020-08-14 12:29:08.317000","device_brand":null,"event_properties":{"video-link":"https:\/\/video.pictory.ai\/sni","video-name":"Blue Rose Pottery - A success story.mp4","project-id":748297938},"$insert_id":"b13c9fa8-6960-40b8-ac0b-f570d5f2bb11","location_lat":null,"location_lng":null,"device_family":null,"processed_time":"2020-08-14 12:29:11.203757","language":"English","server_upload_time":"2020-08-14 12:29:09.822000","app":277124,"os_version":"84","amplitude_attribution_ids":null,"library":"amplitude-js\/6.1.0","paying":null,"event_type":"video-downloaded","user_id":"marketing@zinrelo.com","uuid":"c19e0790-de29-11ea-bae2-06ed5b9645e0","user_properties":{"Username":"marketing@zinrelo.com"},"device_type":null,"country":"India","sample_rate":null,"client_event_time":"2020-08-14 12:29:08.315000","amplitude_event_type":null}
{"library":"amplitude-js\/6.1.0","user_creation_time":"2020-08-14 12:29:40.804000","groups":{},"paying":null,"is_attribution_event":false,"country":"India","device_manufacturer":null,"city":"Hyderabad","device_type":null,"session_id":1597408074911,"event_id":1,"client_upload_time":"2020-08-14 12:29:40.808000","server_received_time":"2020-08-14 12:29:39.606000","region":"Telangana","sample_rate":null,"device_family":null,"location_lng":null,"processed_time":"2020-08-14 12:29:39.969157","device_model":null,"user_properties":{"Username":"aparna.av@gmail.com"},"$schema":12,"device_carrier":null,"amplitude_event_type":null,"version_name":null,"group_properties":{},"os_name":"Chrome Mobile","user_id":"aparna.av@gmail.com","amplitude_id":184819117252,"amplitude_attribution_ids":null,"location_lat":null,"idfa":null,"app":277124,"dma":null,"device_id":"3RCRax3d6Mclv8G5n8FQj-","event_properties":{"provider":"Google"},"data":{"first_event":true},"adid":null,"event_type":"user-signup","language":"English","server_upload_time":"2020-08-14 12:29:39.613000","platform":"Web","event_time":"2020-08-14 12:29:40.804000","start_version":null,"client_event_time":"2020-08-14 12:29:40.804000","device_brand":null,"$insert_id":"ad659010-0c55-4a26-ac08-feec6045c318","os_version":"80","uuid":"d2bd8956-de29-11ea-92ba-0a09d06949ee","ip_address":"157.48.161.104"}
{"library":"amplitude-js\/6.1.0","user_creation_time":"2020-08-14 12:29:40.804000","groups":{},"paying":null,"is_attribution_event":false,"country":"India","device_manufacturer":null,"city":"Hyderabad","device_type":null,"session_id":1597408074911,"event_id":2,"client_upload_time":"2020-08-14 12:29:41.156000","server_received_time":"2020-08-14 12:29:39.971000","region":"Telangana","sample_rate":null,"device_family":null,"location_lng":null,"processed_time":"2020-08-14 12:29:41.526470","device_model":null,"user_properties":{"Username":"aparna.av@gmail.com"},"$schema":12,"device_carrier":null,"amplitude_event_type":null,"version_name":null,"group_properties":{},"os_name":"Chrome Mobile","user_id":"aparna.av@gmail.com","amplitude_id":184819117252,"amplitude_attribution_ids":null,"location_lat":null,"idfa":null,"app":277124,"dma":null,"device_id":"3RCRax3d6Mclv8G5n8FQj-","event_properties":{},"data":{},"adid":null,"event_type":"trial-activated","language":"English","server_upload_time":"2020-08-14 12:29:39.979000","platform":"Web","event_time":"2020-08-14 12:29:40.814000","start_version":null,"client_event_time":"2020-08-14 12:29:40.814000","device_brand":null,"$insert_id":"0d487fe1-25ca-4434-8c15-60ba721ddb5b","os_version":"80","uuid":"d3b5acbc-de29-11ea-92ba-0a09d06949ee","ip_address":"157.48.161.104"}
{"library":"amplitude-js\/6.1.0","user_creation_time":"2020-08-14 12:29:40.804000","groups":{},"paying":null,"is_attribution_event":false,"country":"India","device_manufacturer":null,"city":"Hyderabad","device_type":null,"session_id":1597408074911,"event_id":3,"client_upload_time":"2020-08-14 12:31:25.341000","server_received_time":"2020-08-14 12:31:24.138000","region":"Telangana","sample_rate":null,"device_family":null,"location_lng":null,"processed_time":"2020-08-14 12:31:25.155570","device_model":null,"user_properties":{"Username":"aparna.av@gmail.com"},"$schema":12,"device_carrier":null,"amplitude_event_type":null,"version_name":null,"group_properties":{},"os_name":"Chrome Mobile","user_id":"aparna.av@gmail.com","amplitude_id":184819117252,"amplitude_attribution_ids":null,"location_lat":null,"idfa":null,"app":277124,"dma":null,"device_id":"3RCRax3d6Mclv8G5n8FQj-","event_properties":{"script":"<p>Hi pls subscribe to our channel , the Comedy factor<\/p><p>Its filled with laughter and original conten from 4 brains<\/p><p>Meet us at YouTube on searching- The Comedy Factor Telugu...<\/p><p>Thankuuuu<\/p><p>Byee<\/p>"},"data":{},"adid":null,"event_type":"start-with-script","language":"English","server_upload_time":"2020-08-14 12:31:24.144000","platform":"Web","event_time":"2020-08-14 12:31:25.338000","start_version":null,"client_event_time":"2020-08-14 12:31:25.338000","device_brand":null,"$insert_id":"ec77050e-362f-4c04-a51f-686d7d1cbb9e","os_version":"80","uuid":"116f4392-de2a-11ea-92ba-0a09d06949ee","ip_address":"157.48.161.104"}
{"library":"amplitude-js\/6.1.0","user_creation_time":"2020-08-14 12:29:40.804000","groups":{},"paying":null,"is_attribution_event":false,"country":"India","device_manufacturer":null,"city":"Hyderabad","device_type":null,"session_id":1597408074911,"event_id":4,"client_upload_time":"2020-08-14 12:31:43.760000","server_received_time":"2020-08-14 12:31:42.581000","region":"Telangana","sample_rate":null,"device_family":null,"location_lng":null,"processed_time":"2020-08-14 12:31:45.150783","device_model":null,"user_properties":{"Username":"aparna.av@gmail.com"},"$schema":12,"device_carrier":null,"amplitude_event_type":null,"version_name":null,"group_properties":{},"os_name":"Chrome Mobile","user_id":"aparna.av@gmail.com","amplitude_id":184819117252,"amplitude_attribution_ids":null,"location_lat":null,"idfa":null,"app":277124,"dma":null,"device_id":"3RCRax3d6Mclv8G5n8FQj-","event_properties":{"track-name":"Modern Project","project-id":752060143},"data":{},"adid":null,"event_type":"track-selected","language":"English","server_upload_time":"2020-08-14 12:31:42.590000","platform":"Web","event_time":"2020-08-14 12:31:43.758000","start_version":null,"client_event_time":"2020-08-14 12:31:43.758000","device_brand":null,"$insert_id":"4513f62e-8115-4d60-b17a-98fd5bbf35ed","os_version":"80","uuid":"1d636688-de2a-11ea-92ba-0a09d06949ee","ip_address":"157.48.161.104"}
{"library":"amplitude-js\/6.1.0","user_creation_time":"2020-08-14 12:29:40.804000","groups":{},"paying":null,"is_attribution_event":false,"country":"India","device_manufacturer":null,"city":"Hyderabad","device_type":null,"session_id":1597408074911,"event_id":5,"client_upload_time":"2020-08-14 12:31:45.905000","server_received_time":"2020-08-14 12:31:44.698000","region":"Telangana","sample_rate":null,"device_family":null,"location_lng":null,"processed_time":"2020-08-14 12:31:47.376632","device_model":null,"user_properties":{"Username":"aparna.av@gmail.com"},"$schema":12,"device_carrier":null,"amplitude_event_type":null,"version_name":null,"group_properties":{},"os_name":"Chrome Mobile","user_id":"aparna.av@gmail.com","amplitude_id":184819117252,"amplitude_attribution_ids":null,"location_lat":null,"idfa":null,"app":277124,"dma":null,"device_id":"3RCRax3d6Mclv8G5n8FQj-","event_properties":{"project-id":752060143,"project-name":"Hi pls subscribe to","save-type":"New Video","project-category":"Hi pls subscribe to our channel  the Comedy factor"},"data":{},"adid":null,"event_type":"video-saved","language":"English","server_upload_time":"2020-08-14 12:31:44.704000","platform":"Web","event_time":"2020-08-14 12:31:45.903000","start_version":null,"client_event_time":"2020-08-14 12:31:45.903000","device_brand":null,"$insert_id":"c5bedbe4-67ca-4f70-aebe-3cbc587bf174","os_version":"80","uuid":"1eb93bd4-de2a-11ea-92ba-0a09d06949ee","ip_address":"157.48.161.104"}
{"library":"amplitude-js\/6.1.0","user_creation_time":"2020-08-14 12:29:40.804000","groups":{},"paying":null,"is_attribution_event":false,"country":"India","device_manufacturer":null,"city":"Hyderabad","device_type":null,"session_id":1597408074911,"event_id":6,"client_upload_time":"2020-08-14 12:31:46.501000","server_received_time":"2020-08-14 12:31:45.321000","region":"Telangana","sample_rate":null,"device_family":null,"location_lng":null,"processed_time":"2020-08-14 12:31:47.378899","device_model":null,"user_properties":{"Username":"aparna.av@gmail.com"},"$schema":12,"device_carrier":null,"amplitude_event_type":null,"version_name":null,"group_properties":{},"os_name":"Chrome Mobile","user_id":"aparna.av@gmail.com","amplitude_id":184819117252,"amplitude_attribution_ids":null,"location_lat":null,"idfa":null,"app":277124,"dma":null,"device_id":"3RCRax3d6Mclv8G5n8FQj-","event_properties":{"project-id":752060143,"project-name":"Hi pls subscribe to","save-type":"Saved Video","project-category":"Hi pls subscribe to our channel  the Comedy factor"},"data":{},"adid":null,"event_type":"video-saved","language":"English","server_upload_time":"2020-08-14 12:31:45.341000","platform":"Web","event_time":"2020-08-14 12:31:45.994000","start_version":null,"client_event_time":"2020-08-14 12:31:45.994000","device_brand":null,"$insert_id":"8407c138-d660-4bf2-a9c7-8940b945906c","os_version":"80","uuid":"1eb942aa-de2a-11ea-92ba-0a09d06949ee","ip_address":"157.48.161.104"}
{"library":"amplitude-js\/6.1.0","user_creation_time":"2020-08-14 12:29:40.804000","groups":{},"paying":null,"is_attribution_event":false,"country":"India","device_manufacturer":null,"city":"Hyderabad","device_type":null,"session_id":1597408074911,"event_id":7,"client_upload_time":"2020-08-14 12:31:47.612000","server_received_time":"2020-08-14 12:31:46.416000","region":"Telangana","sample_rate":null,"device_family":null,"location_lng":null,"processed_time":"2020-08-14 12:31:47.380640","device_model":null,"user_properties":{"Username":"aparna.av@gmail.com"},"$schema":12,"device_carrier":null,"amplitude_event_type":null,"version_name":null,"group_properties":{},"os_name":"Chrome Mobile","user_id":"aparna.av@gmail.com","amplitude_id":184819117252,"amplitude_attribution_ids":null,"location_lat":null,"idfa":null,"app":277124,"dma":null,"device_id":"3RCRax3d6Mclv8G5n8FQj-","event_properties":{"project-id":752060143},"data":{},"adid":null,"event_type":"preview-clicked","language":"English","server_upload_time":"2020-08-14 12:31:46.422000","platform":"Web","event_time":"2020-08-14 12:31:47.609000","start_version":null,"client_event_time":"2020-08-14 12:31:47.609000","device_brand":null,"$insert_id":"71779727-bb48-439b-8b8e-cdcdbba7a271","os_version":"80","uuid":"1eb94872-de2a-11ea-92ba-0a09d06949ee","ip_address":"157.48.161.104"}
{"library":"amplitude-js\/6.1.0","user_creation_time":"2020-08-14 12:29:40.804000","groups":{},"paying":null,"is_attribution_event":false,"country":"India","device_manufacturer":null,"city":"Hyderabad","device_type":null,"session_id":1597408074911,"event_id":8,"client_upload_time":"2020-08-14 12:32:44.470000","server_received_time":"2020-08-14 12:32:43.280000","region":"Telangana","sample_rate":null,"device_family":null,"location_lng":null,"processed_time":"2020-08-14 12:32:45.510010","device_model":null,"user_properties":{"Username":"aparna.av@gmail.com"},"$schema":12,"device_carrier":null,"amplitude_event_type":null,"version_name":null,"group_properties":{},"os_name":"Chrome Mobile","user_id":"aparna.av@gmail.com","amplitude_id":184819117252,"amplitude_attribution_ids":null,"location_lat":null,"idfa":null,"app":277124,"dma":null,"device_id":"3RCRax3d6Mclv8G5n8FQj-","event_properties":{"project-id":752060143,"total-time":"0:30","closed-time":"0:29"},"data":{},"adid":null,"event_type":"preview-closed","language":"English","server_upload_time":"2020-08-14 12:32:43.287000","platform":"Web","event_time":"2020-08-14 12:32:44.467000","start_version":null,"client_event_time":"2020-08-14 12:32:44.467000","device_brand":null,"$insert_id":"0250a4ed-3dbd-4387-b6a5-6c76744ca5a9","os_version":"80","uuid":"415ea282-de2a-11ea-92ba-0a09d06949ee","ip_address":"157.48.161.104"}
{"$schema":12,"version_name":null,"event_id":1901,"server_received_time":"2020-08-14 12:57:42.131000","start_version":null,"city":"Pune","device_carrier":null,"user_creation_time":"2020-07-02 08:54:44.362000","idfa":null,"dma":null,"adid":null,"device_model":null,"groups":{},"is_attribution_event":false,"event_time":"2020-08-14 12:57:41.418000","region":"Maharashtra","group_properties":{},"session_id":1597407646503,"device_manufacturer":null,"device_id":"u_AF9tpzOT_w2N274DuKbe","data":{},"ip_address":"42.108.253.169","os_name":"Chrome","amplitude_id":174727268466,"platform":"Web","client_upload_time":"2020-08-14 12:57:41.418000","device_brand":null,"event_properties":{"project-category":"Looking for an alternative to Antavo","project-name":"Looking for an alter"},"$insert_id":"3eb11b36-8a4b-4cd1-8d37-9daa70dbf88a","location_lat":null,"location_lng":null,"device_family":null,"processed_time":"2020-08-14 12:57:43.695169","language":"English","server_upload_time":"2020-08-14 12:57:42.145000","app":277124,"os_version":"84","amplitude_attribution_ids":null,"library":"amplitude-js\/6.1.0","paying":null,"event_type":"saved-video-opened","user_id":"marketing@zinrelo.com","uuid":"be5b8338-de2d-11ea-bae2-06ed5b9645e0","user_properties":{"Username":"marketing@zinrelo.com"},"device_type":null,"country":"India","sample_rate":null,"client_event_time":"2020-08-14 12:57:41.418000","amplitude_event_type":null}
