{"data":{},"app":277124,"version_name":null,"session_id":1597119565810,"dma":null,"platform":"Web","device_carrier":null,"server_upload_time":"2020-08-11 06:10:19.246000","device_id":"-R6m5uyYEW96Pa0hB_mjtz","start_version":null,"library":"amplitude-js\/6.1.0","device_brand":null,"processed_time":"2020-08-11 06:10:21.458284","client_event_time":"2020-08-11 06:10:17.091000","groups":{},"$schema":12,"server_received_time":"2020-08-11 06:10:19.242000","group_properties":{},"os_name":"Chrome","user_properties":{"Username":"tripviki@gmail.com"},"user_creation_time":"2020-07-31 10:41:07.911000","region":"Telangana","ip_address":"183.83.140.127","country":"India","language":"English","device_manufacturer":null,"event_properties":{"project-id":142154679},"sample_rate":null,"event_time":"2020-08-11 06:10:17.091000","adid":null,"is_attribution_event":false,"uuid":"56652c20-db99-11ea-ae94-0a01e6b07691","event_id":1731,"client_upload_time":"2020-08-11 06:10:17.093000","os_version":"84","device_type":null,"amplitude_event_type":null,"$insert_id":"d62ebfe6-271c-4b10-a647-71ec22dab04f","idfa":null,"device_model":null,"paying":null,"amplitude_attribution_ids":null,"city":"Hyderabad","event_type":"upload-clicked","user_id":"tripviki@gmail.com","location_lat":null,"device_family":null,"amplitude_id":181607702172,"location_lng":null}
{"data":{},"app":277124,"version_name":null,"session_id":1597119565810,"dma":null,"platform":"Web","device_carrier":null,"server_upload_time":"2020-08-11 06:11:17.604000","device_id":"-R6m5uyYEW96Pa0hB_mjtz","start_version":null,"library":"amplitude-js\/6.1.0","device_brand":null,"processed_time":"2020-08-11 06:11:18.211503","client_event_time":"2020-08-11 06:11:16.132000","groups":{},"$schema":12,"server_received_time":"2020-08-11 06:11:17.592000","group_properties":{},"os_name":"Chrome","user_properties":{"Username":"tripviki@gmail.com"},"user_creation_time":"2020-07-31 10:41:07.911000","region":"Telangana","ip_address":"183.83.140.127","country":"India","language":"English","device_manufacturer":null,"event_properties":{"upload-type":"dragged","project-id":142154679,"image-url":"https:\/\/brand-settings-images130431-pictory.s3.us-east-2.amazonaws.com\/public\/50c7450e-44fd-4902-b5c1-542b8a13fa2f\/images\/Skills.JPG"},"sample_rate":null,"event_time":"2020-08-11 06:11:16.132000","adid":null,"is_attribution_event":false,"uuid":"783abfea-db99-11ea-ae94-0a01e6b07691","event_id":1732,"client_upload_time":"2020-08-11 06:11:16.133000","os_version":"84","device_type":null,"amplitude_event_type":null,"$insert_id":"2a7591e3-1aa2-475f-90f9-68ecdf0e987a","idfa":null,"device_model":null,"paying":null,"amplitude_attribution_ids":null,"city":"Hyderabad","event_type":"image-upload","user_id":"tripviki@gmail.com","location_lat":null,"device_family":null,"amplitude_id":181607702172,"location_lng":null}
{"data":{},"app":277124,"version_name":null,"session_id":1597119565810,"dma":null,"platform":"Web","device_carrier":null,"server_upload_time":"2020-08-11 06:11:24.725000","device_id":"-R6m5uyYEW96Pa0hB_mjtz","start_version":null,"library":"amplitude-js\/6.1.0","device_brand":null,"processed_time":"2020-08-11 06:11:26.817692","client_event_time":"2020-08-11 06:11:23.257000","groups":{},"$schema":12,"server_received_time":"2020-08-11 06:11:24.716000","group_properties":{},"os_name":"Chrome","user_properties":{"Username":"tripviki@gmail.com"},"user_creation_time":"2020-07-31 10:41:07.911000","region":"Telangana","ip_address":"183.83.140.127","country":"India","language":"English","device_manufacturer":null,"event_properties":{"source":"Upload Image","old-image":"https:\/\/kta7t51vz9.execute-api.us-east-2.amazonaws.com\/prod\/api\/v1\/libraries\/pixa_bay\/video\/large\/41391.mp4","new-image":"https:\/\/brand-settings-images130431-pictory.s3.us-east-2.amazonaws.com\/public\/50c7450e-44fd-4902-b5c1-542b8a13fa2f\/images\/Skills.JPG","project-id":142154679},"sample_rate":null,"event_time":"2020-08-11 06:11:23.257000","adid":null,"is_attribution_event":false,"uuid":"7d5e6db4-db99-11ea-ae94-0a01e6b07691","event_id":1733,"client_upload_time":"2020-08-11 06:11:23.258000","os_version":"84","device_type":null,"amplitude_event_type":null,"$insert_id":"cee7785e-bf51-403a-92fa-abba8bed6013","idfa":null,"device_model":null,"paying":null,"amplitude_attribution_ids":null,"city":"Hyderabad","event_type":"image-replaced","user_id":"tripviki@gmail.com","location_lat":null,"device_family":null,"amplitude_id":181607702172,"location_lng":null}
{"data":{},"app":277124,"version_name":null,"session_id":1597119565810,"dma":null,"platform":"Web","device_carrier":null,"server_upload_time":"2020-08-11 06:11:30.377000","device_id":"-R6m5uyYEW96Pa0hB_mjtz","start_version":null,"library":"amplitude-js\/6.1.0","device_brand":null,"processed_time":"2020-08-11 06:11:33.378246","client_event_time":"2020-08-11 06:11:28.915000","groups":{},"$schema":12,"server_received_time":"2020-08-11 06:11:30.371000","group_properties":{},"os_name":"Chrome","user_properties":{"Username":"tripviki@gmail.com"},"user_creation_time":"2020-07-31 10:41:07.911000","region":"Telangana","ip_address":"183.83.140.127","country":"India","language":"English","device_manufacturer":null,"event_properties":{"project-category":"Intro","save-type":"Saved Video","project-name":"Vikash PM","project-id":142154679},"sample_rate":null,"event_time":"2020-08-11 06:11:28.915000","adid":null,"is_attribution_event":false,"uuid":"81478a3c-db99-11ea-ae94-0a01e6b07691","event_id":1734,"client_upload_time":"2020-08-11 06:11:28.916000","os_version":"84","device_type":null,"amplitude_event_type":null,"$insert_id":"2c1a7158-5d64-4a0b-87d0-4087e4ac2511","idfa":null,"device_model":null,"paying":null,"amplitude_attribution_ids":null,"city":"Hyderabad","event_type":"video-saved","user_id":"tripviki@gmail.com","location_lat":null,"device_family":null,"amplitude_id":181607702172,"location_lng":null}
{"data":{},"app":277124,"version_name":null,"session_id":1597119565810,"dma":null,"platform":"Web","device_carrier":null,"server_upload_time":"2020-08-11 06:11:40.305000","device_id":"-R6m5uyYEW96Pa0hB_mjtz","start_version":null,"library":"amplitude-js\/6.1.0","device_brand":null,"processed_time":"2020-08-11 06:11:41.403525","client_event_time":"2020-08-11 06:11:38.842000","groups":{},"$schema":12,"server_received_time":"2020-08-11 06:11:40.300000","group_properties":{},"os_name":"Chrome","user_properties":{"Username":"tripviki@gmail.com"},"user_creation_time":"2020-07-31 10:41:07.911000","region":"Telangana","ip_address":"183.83.140.127","country":"India","language":"English","device_manufacturer":null,"event_properties":{"project-category":"Intro","save-type":"Saved Video","project-name":"Vikash PM","project-id":142154679},"sample_rate":null,"event_time":"2020-08-11 06:11:38.842000","adid":null,"is_attribution_event":false,"uuid":"8611481e-db99-11ea-ae94-0a01e6b07691","event_id":1735,"client_upload_time":"2020-08-11 06:11:38.843000","os_version":"84","device_type":null,"amplitude_event_type":null,"$insert_id":"74222c87-d742-450f-a179-98fde3445aba","idfa":null,"device_model":null,"paying":null,"amplitude_attribution_ids":null,"city":"Hyderabad","event_type":"video-saved","user_id":"tripviki@gmail.com","location_lat":null,"device_family":null,"amplitude_id":181607702172,"location_lng":null}
{"data":{},"app":277124,"version_name":null,"session_id":1597119565810,"dma":null,"platform":"Web","device_carrier":null,"server_upload_time":"2020-08-11 06:12:13.617000","device_id":"-R6m5uyYEW96Pa0hB_mjtz","start_version":null,"library":"amplitude-js\/6.1.0","device_brand":null,"processed_time":"2020-08-11 06:12:14.672535","client_event_time":"2020-08-11 06:12:12.147000","groups":{},"$schema":12,"server_received_time":"2020-08-11 06:12:13.608000","group_properties":{},"os_name":"Chrome","user_properties":{"Username":"tripviki@gmail.com"},"user_creation_time":"2020-07-31 10:41:07.911000","region":"Telangana","ip_address":"183.83.140.127","country":"India","language":"English","device_manufacturer":null,"event_properties":{"scene-text":"Build and Mentor <strong>high-performance teams<\/strong> and growth leadership","highlight-text":"high-performance teams"},"sample_rate":null,"event_time":"2020-08-11 06:12:12.147000","adid":null,"is_attribution_event":false,"uuid":"99e25a86-db99-11ea-ae94-0a01e6b07691","event_id":1736,"client_upload_time":"2020-08-11 06:12:12.148000","os_version":"84","device_type":null,"amplitude_event_type":null,"$insert_id":"3f5b5a11-c4a6-4bca-937a-04da0bcbc9a1","idfa":null,"device_model":null,"paying":null,"amplitude_attribution_ids":null,"city":"Hyderabad","event_type":"highlight-text","user_id":"tripviki@gmail.com","location_lat":null,"device_family":null,"amplitude_id":181607702172,"location_lng":null}
{"data":{},"app":277124,"version_name":null,"session_id":1597119565810,"dma":null,"platform":"Web","device_carrier":null,"server_upload_time":"2020-08-11 06:12:20.903000","device_id":"-R6m5uyYEW96Pa0hB_mjtz","start_version":null,"library":"amplitude-js\/6.1.0","device_brand":null,"processed_time":"2020-08-11 06:12:22.529181","client_event_time":"2020-08-11 06:12:19.440000","groups":{},"$schema":12,"server_received_time":"2020-08-11 06:12:20.897000","group_properties":{},"os_name":"Chrome","user_properties":{"Username":"tripviki@gmail.com"},"user_creation_time":"2020-07-31 10:41:07.911000","region":"Telangana","ip_address":"183.83.140.127","country":"India","language":"English","device_manufacturer":null,"event_properties":{"project-category":"Intro","save-type":"Saved Video","project-name":"Vikash PM","project-id":142154679},"sample_rate":null,"event_time":"2020-08-11 06:12:19.440000","adid":null,"is_attribution_event":false,"uuid":"9e93d0b4-db99-11ea-ae94-0a01e6b07691","event_id":1737,"client_upload_time":"2020-08-11 06:12:19.440000","os_version":"84","device_type":null,"amplitude_event_type":null,"$insert_id":"3935733b-e770-43a2-9ec6-bbc27d8c7862","idfa":null,"device_model":null,"paying":null,"amplitude_attribution_ids":null,"city":"Hyderabad","event_type":"video-saved","user_id":"tripviki@gmail.com","location_lat":null,"device_family":null,"amplitude_id":181607702172,"location_lng":null}
{"data":{},"app":277124,"version_name":null,"session_id":1597119565810,"dma":null,"platform":"Web","device_carrier":null,"server_upload_time":"2020-08-11 06:12:29.356000","device_id":"-R6m5uyYEW96Pa0hB_mjtz","start_version":null,"library":"amplitude-js\/6.1.0","device_brand":null,"processed_time":"2020-08-11 06:12:31.543374","client_event_time":"2020-08-11 06:12:27.894000","groups":{},"$schema":12,"server_received_time":"2020-08-11 06:12:29.350000","group_properties":{},"os_name":"Chrome","user_properties":{"Username":"tripviki@gmail.com"},"user_creation_time":"2020-07-31 10:41:07.911000","region":"Telangana","ip_address":"183.83.140.127","country":"India","language":"English","device_manufacturer":null,"event_properties":{"project-category":"Intro","save-type":"Saved Video","project-name":"Vikash PM","project-id":142154679},"sample_rate":null,"event_time":"2020-08-11 06:12:27.894000","adid":null,"is_attribution_event":false,"uuid":"a3f3ad90-db99-11ea-ae94-0a01e6b07691","event_id":1738,"client_upload_time":"2020-08-11 06:12:27.895000","os_version":"84","device_type":null,"amplitude_event_type":null,"$insert_id":"f60cf732-95b6-4ee3-addd-d4f7f00bb639","idfa":null,"device_model":null,"paying":null,"amplitude_attribution_ids":null,"city":"Hyderabad","event_type":"video-saved","user_id":"tripviki@gmail.com","location_lat":null,"device_family":null,"amplitude_id":181607702172,"location_lng":null}
{"data":{},"app":277124,"version_name":null,"session_id":1597119565810,"dma":null,"platform":"Web","device_carrier":null,"server_upload_time":"2020-08-11 06:12:50.548000","device_id":"-R6m5uyYEW96Pa0hB_mjtz","start_version":null,"library":"amplitude-js\/6.1.0","device_brand":null,"processed_time":"2020-08-11 06:12:50.903783","client_event_time":"2020-08-11 06:12:49.083000","groups":{},"$schema":12,"server_received_time":"2020-08-11 06:12:50.541000","group_properties":{},"os_name":"Chrome","user_properties":{"Username":"tripviki@gmail.com"},"user_creation_time":"2020-07-31 10:41:07.911000","region":"Telangana","ip_address":"183.83.140.127","country":"India","language":"English","device_manufacturer":null,"event_properties":{"project-category":"Intro","save-type":"Saved Video","project-name":"Vikash PM","project-id":142154679},"sample_rate":null,"event_time":"2020-08-11 06:12:49.083000","adid":null,"is_attribution_event":false,"uuid":"af7dff44-db99-11ea-ae94-0a01e6b07691","event_id":1739,"client_upload_time":"2020-08-11 06:12:49.084000","os_version":"84","device_type":null,"amplitude_event_type":null,"$insert_id":"6a4ade63-2f60-4527-b69b-bfb38ae962c6","idfa":null,"device_model":null,"paying":null,"amplitude_attribution_ids":null,"city":"Hyderabad","event_type":"video-saved","user_id":"tripviki@gmail.com","location_lat":null,"device_family":null,"amplitude_id":181607702172,"location_lng":null}
{"data":{},"app":277124,"version_name":null,"session_id":1597119565810,"dma":null,"platform":"Web","device_carrier":null,"server_upload_time":"2020-08-11 06:12:56.392000","device_id":"-R6m5uyYEW96Pa0hB_mjtz","start_version":null,"library":"amplitude-js\/6.1.0","device_brand":null,"processed_time":"2020-08-11 06:12:56.992559","client_event_time":"2020-08-11 06:12:54.918000","groups":{},"$schema":12,"server_received_time":"2020-08-11 06:12:56.379000","group_properties":{},"os_name":"Chrome","user_properties":{"Username":"tripviki@gmail.com"},"user_creation_time":"2020-07-31 10:41:07.911000","region":"Telangana","ip_address":"183.83.140.127","country":"India","language":"English","device_manufacturer":null,"event_properties":{"scene-text":"Working with LogicMatter Since September 2018 and I am responsible for<br>      \n<strong><strong>Transition services organization<\/strong> to Product based organization<\/strong><br>      \nCreate and Launch a New product, Manage existing services Projects, Implement agile practices and processes to create High-performance teams,&nbsp;Create  and manage SysOps and DevOps process, practice and culture","highlight-text":"Transition services organization to Product based organization"},"sample_rate":null,"event_time":"2020-08-11 06:12:54.918000","adid":null,"is_attribution_event":false,"uuid":"b31c5dd0-db99-11ea-ae94-0a01e6b07691","event_id":1740,"client_upload_time":"2020-08-11 06:12:54.920000","os_version":"84","device_type":null,"amplitude_event_type":null,"$insert_id":"d90b18fb-e3fb-4821-aaa7-cc8c2f71f75b","idfa":null,"device_model":null,"paying":null,"amplitude_attribution_ids":null,"city":"Hyderabad","event_type":"highlight-text","user_id":"tripviki@gmail.com","location_lat":null,"device_family":null,"amplitude_id":181607702172,"location_lng":null}
{"data":{},"app":277124,"version_name":null,"session_id":1597119565810,"dma":null,"platform":"Web","device_carrier":null,"server_upload_time":"2020-08-11 06:13:27.813000","device_id":"-R6m5uyYEW96Pa0hB_mjtz","start_version":null,"library":"amplitude-js\/6.1.0","device_brand":null,"processed_time":"2020-08-11 06:13:28.993578","client_event_time":"2020-08-11 06:13:26.341000","groups":{},"$schema":12,"server_received_time":"2020-08-11 06:13:27.803000","group_properties":{},"os_name":"Chrome","user_properties":{"Username":"tripviki@gmail.com"},"user_creation_time":"2020-07-31 10:41:07.911000","region":"Telangana","ip_address":"183.83.140.127","country":"India","language":"English","device_manufacturer":null,"event_properties":{"project-category":"Intro","save-type":"Saved Video","project-name":"Vikash PM","project-id":142154679},"sample_rate":null,"event_time":"2020-08-11 06:13:26.341000","adid":null,"is_attribution_event":false,"uuid":"c6312806-db99-11ea-ae94-0a01e6b07691","event_id":1741,"client_upload_time":"2020-08-11 06:13:26.342000","os_version":"84","device_type":null,"amplitude_event_type":null,"$insert_id":"0f04d85d-3d14-445a-95c1-9322fe219e5a","idfa":null,"device_model":null,"paying":null,"amplitude_attribution_ids":null,"city":"Hyderabad","event_type":"video-saved","user_id":"tripviki@gmail.com","location_lat":null,"device_family":null,"amplitude_id":181607702172,"location_lng":null}
{"data":{},"app":277124,"version_name":null,"session_id":1597119565810,"dma":null,"platform":"Web","device_carrier":null,"server_upload_time":"2020-08-11 06:13:32.209000","device_id":"-R6m5uyYEW96Pa0hB_mjtz","start_version":null,"library":"amplitude-js\/6.1.0","device_brand":null,"processed_time":"2020-08-11 06:13:32.409523","client_event_time":"2020-08-11 06:13:30.747000","groups":{},"$schema":12,"server_received_time":"2020-08-11 06:13:32.205000","group_properties":{},"os_name":"Chrome","user_properties":{"Username":"tripviki@gmail.com"},"user_creation_time":"2020-07-31 10:41:07.911000","region":"Telangana","ip_address":"183.83.140.127","country":"India","language":"English","device_manufacturer":null,"event_properties":{"project-category":"Intro","save-type":"Saved Video","project-name":"Vikash PM","project-id":142154679},"sample_rate":null,"event_time":"2020-08-11 06:13:30.747000","adid":null,"is_attribution_event":false,"uuid":"c83ae092-db99-11ea-ae94-0a01e6b07691","event_id":1742,"client_upload_time":"2020-08-11 06:13:30.747000","os_version":"84","device_type":null,"amplitude_event_type":null,"$insert_id":"6c117d9b-6992-4c62-bcd7-1975e89e1fa1","idfa":null,"device_model":null,"paying":null,"amplitude_attribution_ids":null,"city":"Hyderabad","event_type":"video-saved","user_id":"tripviki@gmail.com","location_lat":null,"device_family":null,"amplitude_id":181607702172,"location_lng":null}
{"library":"amplitude-js\/6.1.0","$insert_id":"c30760fe-09e4-492f-a89b-1fff5f251d5f","country":"India","os_name":"Chrome","language":"English","device_family":null,"event_time":"2020-08-11 06:13:41.071000","amplitude_event_type":null,"paying":null,"app":277124,"idfa":null,"city":"Hyderabad","os_version":"84","is_attribution_event":false,"device_id":"SU6p4CJdm3s_oS-hHOcwBp","amplitude_attribution_ids":null,"amplitude_id":158692843342,"device_type":null,"device_carrier":null,"device_brand":null,"version_name":null,"session_id":1597126413371,"processed_time":"2020-08-11 06:13:40.319711","user_creation_time":"2020-05-16 05:42:39.430000","region":"Telangana","start_version":null,"adid":null,"data":{},"location_lng":null,"location_lat":null,"groups":{},"uuid":"cceb5702-db99-11ea-abd6-0202fcb5f3e8","event_properties":{"login-via":"Pictory"},"dma":null,"user_properties":{"Username":"abid@pictory.ai"},"event_id":238,"group_properties":{},"server_received_time":"2020-08-11 06:13:39.811000","$schema":12,"client_upload_time":"2020-08-11 06:13:41.408000","client_event_time":"2020-08-11 06:13:41.071000","platform":"Web","event_type":"user-login","sample_rate":null,"user_id":"abid@pictory.ai","device_model":null,"server_upload_time":"2020-08-11 06:13:39.814000","device_manufacturer":null,"ip_address":"49.204.190.195"}
{"data":{},"app":277124,"version_name":null,"session_id":1597119565810,"dma":null,"platform":"Web","device_carrier":null,"server_upload_time":"2020-08-11 06:13:38.419000","device_id":"-R6m5uyYEW96Pa0hB_mjtz","start_version":null,"library":"amplitude-js\/6.1.0","device_brand":null,"processed_time":"2020-08-11 06:13:40.504995","client_event_time":"2020-08-11 06:13:36.956000","groups":{},"$schema":12,"server_received_time":"2020-08-11 06:13:38.415000","group_properties":{},"os_name":"Chrome","user_properties":{"Username":"tripviki@gmail.com"},"user_creation_time":"2020-07-31 10:41:07.911000","region":"Telangana","ip_address":"183.83.140.127","country":"India","language":"English","device_manufacturer":null,"event_properties":{"new-text":"Working with LogicMatter Since September 2018 and I am responsible for      \nTransition services organization to Product based organization","old-text":"Working with LogicMatter Since September 2018 and I am responsible for<br>      \n<strong>Transition services organization<\/strong> to Product based organization<br>      \nCreate and Launch a New product, Manage existing services Projects, Implement agile practices and processes to create High-performance teams,&nbsp;Create  and manage SysOps and DevOps process, practice and culture"},"sample_rate":null,"event_time":"2020-08-11 06:13:36.956000","adid":null,"is_attribution_event":false,"uuid":"cd0e0be4-db99-11ea-ae94-0a01e6b07691","event_id":1743,"client_upload_time":"2020-08-11 06:13:36.957000","os_version":"84","device_type":null,"amplitude_event_type":null,"$insert_id":"4f1a0223-4dfa-4958-a37c-b883e502dbd7","idfa":null,"device_model":null,"paying":null,"amplitude_attribution_ids":null,"city":"Hyderabad","event_type":"edit-scene-text","user_id":"tripviki@gmail.com","location_lat":null,"device_family":null,"amplitude_id":181607702172,"location_lng":null}
{"data":{},"app":277124,"version_name":null,"session_id":1597119565810,"dma":null,"platform":"Web","device_carrier":null,"server_upload_time":"2020-08-11 06:13:44.346000","device_id":"-R6m5uyYEW96Pa0hB_mjtz","start_version":null,"library":"amplitude-js\/6.1.0","device_brand":null,"processed_time":"2020-08-11 06:13:45.453033","client_event_time":"2020-08-11 06:13:39.624000","groups":{},"$schema":12,"server_received_time":"2020-08-11 06:13:44.319000","group_properties":{},"os_name":"Chrome","user_properties":{"Username":"tripviki@gmail.com"},"user_creation_time":"2020-07-31 10:41:07.911000","region":"Telangana","ip_address":"183.83.140.127","country":"India","language":"English","device_manufacturer":null,"event_properties":{"new-text":"Working with LogicMatter Since September 2018 and I am responsible for      \nTransition services organization to Product based organization      \nCreate and Launch a New product, Manage existing services Projects, Implement agile practices and processes to create High-performance teams,\u00a0Create  and manage SysOps and DevOps process, practice and culture","old-text":"Working with LogicMatter Since September 2018 and I am responsible for<br>      \n<strong>Transition services organization<\/strong> to Product based organization<br>      \nCreate and Launch a New product, Manage existing services Projects, Implement agile practices and processes to create High-performance teams,&nbsp;Create  and manage SysOps and DevOps process, practice and culture"},"sample_rate":null,"event_time":"2020-08-11 06:13:39.624000","adid":null,"is_attribution_event":false,"uuid":"d0013e52-db99-11ea-ae94-0a01e6b07691","event_id":1744,"client_upload_time":"2020-08-11 06:13:42.847000","os_version":"84","device_type":null,"amplitude_event_type":null,"$insert_id":"345f0771-6e1e-4536-84d5-1ea3ce201e14","idfa":null,"device_model":null,"paying":null,"amplitude_attribution_ids":null,"city":"Hyderabad","event_type":"edit-scene-text","user_id":"tripviki@gmail.com","location_lat":null,"device_family":null,"amplitude_id":181607702172,"location_lng":null}
{"data":{},"app":277124,"version_name":null,"session_id":1597119565810,"dma":null,"platform":"Web","device_carrier":null,"server_upload_time":"2020-08-11 06:13:47.190000","device_id":"-R6m5uyYEW96Pa0hB_mjtz","start_version":null,"library":"amplitude-js\/6.1.0","device_brand":null,"processed_time":"2020-08-11 06:13:48.057678","client_event_time":"2020-08-11 06:13:43.345000","groups":{},"$schema":12,"server_received_time":"2020-08-11 06:13:47.185000","group_properties":{},"os_name":"Chrome","user_properties":{"Username":"tripviki@gmail.com"},"user_creation_time":"2020-07-31 10:41:07.911000","region":"Telangana","ip_address":"183.83.140.127","country":"India","language":"English","device_manufacturer":null,"event_properties":{"project-category":"Intro","save-type":"Saved Video","project-name":"Vikash PM","project-id":142154679},"sample_rate":null,"event_time":"2020-08-11 06:13:43.345000","adid":null,"is_attribution_event":false,"uuid":"d18cb012-db99-11ea-ae94-0a01e6b07691","event_id":1745,"client_upload_time":"2020-08-11 06:13:45.726000","os_version":"84","device_type":null,"amplitude_event_type":null,"$insert_id":"d5517a32-0081-4256-83a7-fbf731eb37fb","idfa":null,"device_model":null,"paying":null,"amplitude_attribution_ids":null,"city":"Hyderabad","event_type":"video-saved","user_id":"tripviki@gmail.com","location_lat":null,"device_family":null,"amplitude_id":181607702172,"location_lng":null}
{"data":{},"app":277124,"version_name":null,"session_id":1597119565810,"dma":null,"platform":"Web","device_carrier":null,"server_upload_time":"2020-08-11 06:13:47.190000","device_id":"-R6m5uyYEW96Pa0hB_mjtz","start_version":null,"library":"amplitude-js\/6.1.0","device_brand":null,"processed_time":"2020-08-11 06:13:48.057688","client_event_time":"2020-08-11 06:13:44.673000","groups":{},"$schema":12,"server_received_time":"2020-08-11 06:13:47.185000","group_properties":{},"os_name":"Chrome","user_properties":{"Username":"tripviki@gmail.com"},"user_creation_time":"2020-07-31 10:41:07.911000","region":"Telangana","ip_address":"183.83.140.127","country":"India","language":"English","device_manufacturer":null,"event_properties":{"project-category":"Intro","save-type":"Saved Video","project-name":"Vikash PM","project-id":142154679},"sample_rate":null,"event_time":"2020-08-11 06:13:44.673000","adid":null,"is_attribution_event":false,"uuid":"d18cbdfa-db99-11ea-ae94-0a01e6b07691","event_id":1746,"client_upload_time":"2020-08-11 06:13:45.726000","os_version":"84","device_type":null,"amplitude_event_type":null,"$insert_id":"d7bbfa16-5a29-4df2-b044-fc95481cd876","idfa":null,"device_model":null,"paying":null,"amplitude_attribution_ids":null,"city":"Hyderabad","event_type":"video-saved","user_id":"tripviki@gmail.com","location_lat":null,"device_family":null,"amplitude_id":181607702172,"location_lng":null}
{"data":{},"app":277124,"version_name":null,"session_id":1597119565810,"dma":null,"platform":"Web","device_carrier":null,"server_upload_time":"2020-08-11 06:14:00.242000","device_id":"-R6m5uyYEW96Pa0hB_mjtz","start_version":null,"library":"amplitude-js\/6.1.0","device_brand":null,"processed_time":"2020-08-11 06:14:00.556143","client_event_time":"2020-08-11 06:13:58.775000","groups":{},"$schema":12,"server_received_time":"2020-08-11 06:14:00.235000","group_properties":{},"os_name":"Chrome","user_properties":{"Username":"tripviki@gmail.com"},"user_creation_time":"2020-07-31 10:41:07.911000","region":"Telangana","ip_address":"183.83.140.127","country":"India","language":"English","device_manufacturer":null,"event_properties":{"project-category":"Intro","save-type":"Saved Video","project-name":"Vikash PM","project-id":142154679},"sample_rate":null,"event_time":"2020-08-11 06:13:58.775000","adid":null,"is_attribution_event":false,"uuid":"d901f55a-db99-11ea-ae94-0a01e6b07691","event_id":1747,"client_upload_time":"2020-08-11 06:13:58.775000","os_version":"84","device_type":null,"amplitude_event_type":null,"$insert_id":"caae7fe2-10fd-426a-acb6-1185d8732f8b","idfa":null,"device_model":null,"paying":null,"amplitude_attribution_ids":null,"city":"Hyderabad","event_type":"video-saved","user_id":"tripviki@gmail.com","location_lat":null,"device_family":null,"amplitude_id":181607702172,"location_lng":null}
{"data":{},"app":277124,"version_name":null,"session_id":1597119565810,"dma":null,"platform":"Web","device_carrier":null,"server_upload_time":"2020-08-11 06:14:04.417000","device_id":"-R6m5uyYEW96Pa0hB_mjtz","start_version":null,"library":"amplitude-js\/6.1.0","device_brand":null,"processed_time":"2020-08-11 06:14:05.888985","client_event_time":"2020-08-11 06:13:59.847000","groups":{},"$schema":12,"server_received_time":"2020-08-11 06:14:04.405000","group_properties":{},"os_name":"Chrome","user_properties":{"Username":"tripviki@gmail.com"},"user_creation_time":"2020-07-31 10:41:07.911000","region":"Telangana","ip_address":"183.83.140.127","country":"India","language":"English","device_manufacturer":null,"event_properties":{"new-text":"Create and Launch a New product, Manage existing services Projects, Implement agile practices and processes to create High-performance teams,\u00a0Create  and manage SysOps and DevOps process, practice and culture","old-text":"..."},"sample_rate":null,"event_time":"2020-08-11 06:13:59.847000","adid":null,"is_attribution_event":false,"uuid":"dc2f7d88-db99-11ea-ae94-0a01e6b07691","event_id":1748,"client_upload_time":"2020-08-11 06:14:02.943000","os_version":"84","device_type":null,"amplitude_event_type":null,"$insert_id":"9167f5f7-8ac6-43f0-9e8c-37c9072cad12","idfa":null,"device_model":null,"paying":null,"amplitude_attribution_ids":null,"city":"Hyderabad","event_type":"edit-scene-text","user_id":"tripviki@gmail.com","location_lat":null,"device_family":null,"amplitude_id":181607702172,"location_lng":null}
{"data":{},"app":277124,"version_name":null,"session_id":1597119565810,"dma":null,"platform":"Web","device_carrier":null,"server_upload_time":"2020-08-11 06:14:07.345000","device_id":"-R6m5uyYEW96Pa0hB_mjtz","start_version":null,"library":"amplitude-js\/6.1.0","device_brand":null,"processed_time":"2020-08-11 06:14:08.469143","client_event_time":"2020-08-11 06:14:05.878000","groups":{},"$schema":12,"server_received_time":"2020-08-11 06:14:07.337000","group_properties":{},"os_name":"Chrome","user_properties":{"Username":"tripviki@gmail.com"},"user_creation_time":"2020-07-31 10:41:07.911000","region":"Telangana","ip_address":"183.83.140.127","country":"India","language":"English","device_manufacturer":null,"event_properties":{"project-category":"Intro","save-type":"Saved Video","project-name":"Vikash PM","project-id":142154679},"sample_rate":null,"event_time":"2020-08-11 06:14:05.878000","adid":null,"is_attribution_event":false,"uuid":"ddb94d14-db99-11ea-ae94-0a01e6b07691","event_id":1749,"client_upload_time":"2020-08-11 06:14:05.879000","os_version":"84","device_type":null,"amplitude_event_type":null,"$insert_id":"5b725163-f6e8-4d54-8a04-4d69986eb8c7","idfa":null,"device_model":null,"paying":null,"amplitude_attribution_ids":null,"city":"Hyderabad","event_type":"video-saved","user_id":"tripviki@gmail.com","location_lat":null,"device_family":null,"amplitude_id":181607702172,"location_lng":null}
{"data":{},"app":277124,"version_name":null,"session_id":1597119565810,"dma":null,"platform":"Web","device_carrier":null,"server_upload_time":"2020-08-11 06:14:30.539000","device_id":"-R6m5uyYEW96Pa0hB_mjtz","start_version":null,"library":"amplitude-js\/6.1.0","device_brand":null,"processed_time":"2020-08-11 06:14:31.629020","client_event_time":"2020-08-11 06:14:29.070000","groups":{},"$schema":12,"server_received_time":"2020-08-11 06:14:30.531000","group_properties":{},"os_name":"Chrome","user_properties":{"Username":"tripviki@gmail.com"},"user_creation_time":"2020-07-31 10:41:07.911000","region":"Telangana","ip_address":"183.83.140.127","country":"India","language":"English","device_manufacturer":null,"event_properties":{"project-category":"Intro","save-type":"Saved Video","project-name":"Vikash PM","project-id":142154679},"sample_rate":null,"event_time":"2020-08-11 06:14:29.070000","adid":null,"is_attribution_event":false,"uuid":"eb8796da-db99-11ea-ae94-0a01e6b07691","event_id":1750,"client_upload_time":"2020-08-11 06:14:29.071000","os_version":"84","device_type":null,"amplitude_event_type":null,"$insert_id":"3a4740c4-2f77-4cdb-a4ab-88df0b46d5bd","idfa":null,"device_model":null,"paying":null,"amplitude_attribution_ids":null,"city":"Hyderabad","event_type":"video-saved","user_id":"tripviki@gmail.com","location_lat":null,"device_family":null,"amplitude_id":181607702172,"location_lng":null}
{"data":{},"app":277124,"version_name":null,"session_id":1597119565810,"dma":null,"platform":"Web","device_carrier":null,"server_upload_time":"2020-08-11 06:14:45.466000","device_id":"-R6m5uyYEW96Pa0hB_mjtz","start_version":null,"library":"amplitude-js\/6.1.0","device_brand":null,"processed_time":"2020-08-11 06:14:45.714791","client_event_time":"2020-08-11 06:14:30.550000","groups":{},"$schema":12,"server_received_time":"2020-08-11 06:14:45.457000","group_properties":{},"os_name":"Chrome","user_properties":{"Username":"tripviki@gmail.com"},"user_creation_time":"2020-07-31 10:41:07.911000","region":"Telangana","ip_address":"183.83.140.127","country":"India","language":"English","device_manufacturer":null,"event_properties":{"project-category":"Intro","save-type":"Saved Video","project-name":"Vikash PM","project-id":142154679},"sample_rate":null,"event_time":"2020-08-11 06:14:30.550000","adid":null,"is_attribution_event":false,"uuid":"f3eb4100-db99-11ea-ae94-0a01e6b07691","event_id":1751,"client_upload_time":"2020-08-11 06:14:43.993000","os_version":"84","device_type":null,"amplitude_event_type":null,"$insert_id":"5cf3c8a9-fdc4-4aa5-bf70-c08e243bf881","idfa":null,"device_model":null,"paying":null,"amplitude_attribution_ids":null,"city":"Hyderabad","event_type":"video-saved","user_id":"tripviki@gmail.com","location_lat":null,"device_family":null,"amplitude_id":181607702172,"location_lng":null}
{"data":{},"app":277124,"version_name":null,"session_id":1597119565810,"dma":null,"platform":"Web","device_carrier":null,"server_upload_time":"2020-08-11 06:14:45.466000","device_id":"-R6m5uyYEW96Pa0hB_mjtz","start_version":null,"library":"amplitude-js\/6.1.0","device_brand":null,"processed_time":"2020-08-11 06:14:45.714802","client_event_time":"2020-08-11 06:14:31.747000","groups":{},"$schema":12,"server_received_time":"2020-08-11 06:14:45.457000","group_properties":{},"os_name":"Chrome","user_properties":{"Username":"tripviki@gmail.com"},"user_creation_time":"2020-07-31 10:41:07.911000","region":"Telangana","ip_address":"183.83.140.127","country":"India","language":"English","device_manufacturer":null,"event_properties":{"new-text":"Working with LogicMatter Since September 2018 and I am responsible for       \nTransition services organization to Product based organization","old-text":"Working with LogicMatter Since September 2018 and I am responsible for       \nTransition services organization to Product based organization       \nCreate and Launch a New product, Manage existing services Projects, Implement agile practices and processes to create High-performance teams,&nbsp;Create  and manage SysOps and DevOps process, practice and culture..."},"sample_rate":null,"event_time":"2020-08-11 06:14:31.747000","adid":null,"is_attribution_event":false,"uuid":"f3eb5064-db99-11ea-ae94-0a01e6b07691","event_id":1752,"client_upload_time":"2020-08-11 06:14:43.993000","os_version":"84","device_type":null,"amplitude_event_type":null,"$insert_id":"ef28f655-23cb-4ebd-9010-77d5bb3249ab","idfa":null,"device_model":null,"paying":null,"amplitude_attribution_ids":null,"city":"Hyderabad","event_type":"edit-scene-text","user_id":"tripviki@gmail.com","location_lat":null,"device_family":null,"amplitude_id":181607702172,"location_lng":null}
{"data":{},"app":277124,"version_name":null,"session_id":1597119565810,"dma":null,"platform":"Web","device_carrier":null,"server_upload_time":"2020-08-11 06:14:45.466000","device_id":"-R6m5uyYEW96Pa0hB_mjtz","start_version":null,"library":"amplitude-js\/6.1.0","device_brand":null,"processed_time":"2020-08-11 06:14:45.714836","client_event_time":"2020-08-11 06:14:34.735000","groups":{},"$schema":12,"server_received_time":"2020-08-11 06:14:45.457000","group_properties":{},"os_name":"Chrome","user_properties":{"Username":"tripviki@gmail.com"},"user_creation_time":"2020-07-31 10:41:07.911000","region":"Telangana","ip_address":"183.83.140.127","country":"India","language":"English","device_manufacturer":null,"event_properties":{"new-text":"Working with LogicMatter Since September 2018 and I am responsible for       \nTransition services organization to Product based organization       \nCreate and Launch a New product, Manage existing services Projects, Implement agile practices and processes to create High-performance teams,\u00a0Create  and manage SysOps and DevOps process, practice and culture...","old-text":"Working with LogicMatter Since September 2018 and I am responsible for       \nTransition services organization to Product based organization..."},"sample_rate":null,"event_time":"2020-08-11 06:14:34.735000","adid":null,"is_attribution_event":false,"uuid":"f3eb5cee-db99-11ea-ae94-0a01e6b07691","event_id":1753,"client_upload_time":"2020-08-11 06:14:43.993000","os_version":"84","device_type":null,"amplitude_event_type":null,"$insert_id":"22941ac7-bd61-4b4c-a3f8-5253b2ca4823","idfa":null,"device_model":null,"paying":null,"amplitude_attribution_ids":null,"city":"Hyderabad","event_type":"edit-scene-text","user_id":"tripviki@gmail.com","location_lat":null,"device_family":null,"amplitude_id":181607702172,"location_lng":null}
{"data":{},"app":277124,"version_name":null,"session_id":1597119565810,"dma":null,"platform":"Web","device_carrier":null,"server_upload_time":"2020-08-11 06:14:45.466000","device_id":"-R6m5uyYEW96Pa0hB_mjtz","start_version":null,"library":"amplitude-js\/6.1.0","device_brand":null,"processed_time":"2020-08-11 06:14:45.714842","client_event_time":"2020-08-11 06:14:39.092000","groups":{},"$schema":12,"server_received_time":"2020-08-11 06:14:45.457000","group_properties":{},"os_name":"Chrome","user_properties":{"Username":"tripviki@gmail.com"},"user_creation_time":"2020-07-31 10:41:07.911000","region":"Telangana","ip_address":"183.83.140.127","country":"India","language":"English","device_manufacturer":null,"event_properties":{"project-category":"Intro","save-type":"Saved Video","project-name":"Vikash PM","project-id":142154679},"sample_rate":null,"event_time":"2020-08-11 06:14:39.092000","adid":null,"is_attribution_event":false,"uuid":"f3eb68ba-db99-11ea-ae94-0a01e6b07691","event_id":1754,"client_upload_time":"2020-08-11 06:14:43.993000","os_version":"84","device_type":null,"amplitude_event_type":null,"$insert_id":"3881afee-6b02-4d06-8425-f5b981706fad","idfa":null,"device_model":null,"paying":null,"amplitude_attribution_ids":null,"city":"Hyderabad","event_type":"video-saved","user_id":"tripviki@gmail.com","location_lat":null,"device_family":null,"amplitude_id":181607702172,"location_lng":null}
{"data":{},"app":277124,"version_name":null,"session_id":1597119565810,"dma":null,"platform":"Web","device_carrier":null,"server_upload_time":"2020-08-11 06:14:45.466000","device_id":"-R6m5uyYEW96Pa0hB_mjtz","start_version":null,"library":"amplitude-js\/6.1.0","device_brand":null,"processed_time":"2020-08-11 06:14:45.714845","client_event_time":"2020-08-11 06:14:40.804000","groups":{},"$schema":12,"server_received_time":"2020-08-11 06:14:45.457000","group_properties":{},"os_name":"Chrome","user_properties":{"Username":"tripviki@gmail.com"},"user_creation_time":"2020-07-31 10:41:07.911000","region":"Telangana","ip_address":"183.83.140.127","country":"India","language":"English","device_manufacturer":null,"event_properties":{"project-category":"Intro","save-type":"Saved Video","project-name":"Vikash PM","project-id":142154679},"sample_rate":null,"event_time":"2020-08-11 06:14:40.804000","adid":null,"is_attribution_event":false,"uuid":"f3eb74ae-db99-11ea-ae94-0a01e6b07691","event_id":1755,"client_upload_time":"2020-08-11 06:14:43.993000","os_version":"84","device_type":null,"amplitude_event_type":null,"$insert_id":"0eaf1be0-f707-41fe-a8d8-c880e89cac23","idfa":null,"device_model":null,"paying":null,"amplitude_attribution_ids":null,"city":"Hyderabad","event_type":"video-saved","user_id":"tripviki@gmail.com","location_lat":null,"device_family":null,"amplitude_id":181607702172,"location_lng":null}
{"data":{},"app":277124,"version_name":null,"session_id":1597119565810,"dma":null,"platform":"Web","device_carrier":null,"server_upload_time":"2020-08-11 06:14:52.324000","device_id":"-R6m5uyYEW96Pa0hB_mjtz","start_version":null,"library":"amplitude-js\/6.1.0","device_brand":null,"processed_time":"2020-08-11 06:14:53.506089","client_event_time":"2020-08-11 06:14:50.856000","groups":{},"$schema":12,"server_received_time":"2020-08-11 06:14:52.317000","group_properties":{},"os_name":"Chrome","user_properties":{"Username":"tripviki@gmail.com"},"user_creation_time":"2020-07-31 10:41:07.911000","region":"Telangana","ip_address":"183.83.140.127","country":"India","language":"English","device_manufacturer":null,"event_properties":{"scene-text":"Working with LogicMatter Since September 2018 and I am responsible for       \n<strong><strong>Transition services organization<\/strong> to Product based organization<\/strong>       \nCreate and Launch a New product, Manage existing services Projects, Implement agile practices and processes to create High-performance teams,&nbsp;Create  and manage SysOps and DevOps process, practice and culture...","highlight-text":"Transition services organization to Product based organization"},"sample_rate":null,"event_time":"2020-08-11 06:14:50.856000","adid":null,"is_attribution_event":false,"uuid":"f8914646-db99-11ea-ae94-0a01e6b07691","event_id":1756,"client_upload_time":"2020-08-11 06:14:50.857000","os_version":"84","device_type":null,"amplitude_event_type":null,"$insert_id":"355bab7a-d85b-4656-8866-935deba787fe","idfa":null,"device_model":null,"paying":null,"amplitude_attribution_ids":null,"city":"Hyderabad","event_type":"highlight-text","user_id":"tripviki@gmail.com","location_lat":null,"device_family":null,"amplitude_id":181607702172,"location_lng":null}
{"data":{},"app":277124,"version_name":null,"session_id":1597119565810,"dma":null,"platform":"Web","device_carrier":null,"server_upload_time":"2020-08-11 06:15:13.440000","device_id":"-R6m5uyYEW96Pa0hB_mjtz","start_version":null,"library":"amplitude-js\/6.1.0","device_brand":null,"processed_time":"2020-08-11 06:15:15.149529","client_event_time":"2020-08-11 06:15:11.970000","groups":{},"$schema":12,"server_received_time":"2020-08-11 06:15:13.432000","group_properties":{},"os_name":"Chrome","user_properties":{"Username":"tripviki@gmail.com"},"user_creation_time":"2020-07-31 10:41:07.911000","region":"Telangana","ip_address":"183.83.140.127","country":"India","language":"English","device_manufacturer":null,"event_properties":{"new-text":"Working with LogicMatter Since September 2018 and I am responsible for Transition services organization to Product based organization\n\ufeff","old-text":"Working with LogicMatter Since September 2018 and I am responsible for       \nTransition services organization to Product based organization       \nCreate and Launch a New product, Manage existing services Projects, Implement agile practices and processes to create High-performance teams,&nbsp;Create  and manage SysOps and DevOps process, practice and culture..."},"sample_rate":null,"event_time":"2020-08-11 06:15:11.970000","adid":null,"is_attribution_event":false,"uuid":"0576f270-db9a-11ea-ae94-0a01e6b07691","event_id":1757,"client_upload_time":"2020-08-11 06:15:11.971000","os_version":"84","device_type":null,"amplitude_event_type":null,"$insert_id":"cce567b1-ce4c-4083-b8a8-49f86be6adb5","idfa":null,"device_model":null,"paying":null,"amplitude_attribution_ids":null,"city":"Hyderabad","event_type":"edit-scene-text","user_id":"tripviki@gmail.com","location_lat":null,"device_family":null,"amplitude_id":181607702172,"location_lng":null}
{"data":{},"app":277124,"version_name":null,"session_id":1597119565810,"dma":null,"platform":"Web","device_carrier":null,"server_upload_time":"2020-08-11 06:15:23.393000","device_id":"-R6m5uyYEW96Pa0hB_mjtz","start_version":null,"library":"amplitude-js\/6.1.0","device_brand":null,"processed_time":"2020-08-11 06:15:23.986819","client_event_time":"2020-08-11 06:15:21.929000","groups":{},"$schema":12,"server_received_time":"2020-08-11 06:15:23.389000","group_properties":{},"os_name":"Chrome","user_properties":{"Username":"tripviki@gmail.com"},"user_creation_time":"2020-07-31 10:41:07.911000","region":"Telangana","ip_address":"183.83.140.127","country":"India","language":"English","device_manufacturer":null,"event_properties":{"project-category":"Intro","save-type":"Saved Video","project-name":"Vikash PM","project-id":142154679},"sample_rate":null,"event_time":"2020-08-11 06:15:21.929000","adid":null,"is_attribution_event":false,"uuid":"0abc07de-db9a-11ea-ae94-0a01e6b07691","event_id":1758,"client_upload_time":"2020-08-11 06:15:21.930000","os_version":"84","device_type":null,"amplitude_event_type":null,"$insert_id":"63677bf1-80ea-4a5c-b25b-da822abfefda","idfa":null,"device_model":null,"paying":null,"amplitude_attribution_ids":null,"city":"Hyderabad","event_type":"video-saved","user_id":"tripviki@gmail.com","location_lat":null,"device_family":null,"amplitude_id":181607702172,"location_lng":null}
{"data":{},"app":277124,"version_name":null,"session_id":1597119565810,"dma":null,"platform":"Web","device_carrier":null,"server_upload_time":"2020-08-11 06:15:35.071000","device_id":"-R6m5uyYEW96Pa0hB_mjtz","start_version":null,"library":"amplitude-js\/6.1.0","device_brand":null,"processed_time":"2020-08-11 06:15:36.202073","client_event_time":"2020-08-11 06:15:33.601000","groups":{},"$schema":12,"server_received_time":"2020-08-11 06:15:35.062000","group_properties":{},"os_name":"Chrome","user_properties":{"Username":"tripviki@gmail.com"},"user_creation_time":"2020-07-31 10:41:07.911000","region":"Telangana","ip_address":"183.83.140.127","country":"India","language":"English","device_manufacturer":null,"event_properties":{"project-category":"Intro","save-type":"Saved Video","project-name":"Vikash PM","project-id":142154679},"sample_rate":null,"event_time":"2020-08-11 06:15:33.601000","adid":null,"is_attribution_event":false,"uuid":"120494ac-db9a-11ea-ae94-0a01e6b07691","event_id":1759,"client_upload_time":"2020-08-11 06:15:33.602000","os_version":"84","device_type":null,"amplitude_event_type":null,"$insert_id":"56cf6fac-5379-4861-9e9f-196f610b0b71","idfa":null,"device_model":null,"paying":null,"amplitude_attribution_ids":null,"city":"Hyderabad","event_type":"video-saved","user_id":"tripviki@gmail.com","location_lat":null,"device_family":null,"amplitude_id":181607702172,"location_lng":null}
{"data":{},"app":277124,"version_name":null,"session_id":1597119565810,"dma":null,"platform":"Web","device_carrier":null,"server_upload_time":"2020-08-11 06:15:42.580000","device_id":"-R6m5uyYEW96Pa0hB_mjtz","start_version":null,"library":"amplitude-js\/6.1.0","device_brand":null,"processed_time":"2020-08-11 06:15:43.070562","client_event_time":"2020-08-11 06:15:41.110000","groups":{},"$schema":12,"server_received_time":"2020-08-11 06:15:42.572000","group_properties":{},"os_name":"Chrome","user_properties":{"Username":"tripviki@gmail.com"},"user_creation_time":"2020-07-31 10:41:07.911000","region":"Telangana","ip_address":"183.83.140.127","country":"India","language":"English","device_manufacturer":null,"event_properties":{"project-category":"Intro","save-type":"Saved Video","project-name":"Vikash PM","project-id":142154679},"sample_rate":null,"event_time":"2020-08-11 06:15:41.110000","adid":null,"is_attribution_event":false,"uuid":"161c1056-db9a-11ea-ae94-0a01e6b07691","event_id":1760,"client_upload_time":"2020-08-11 06:15:41.111000","os_version":"84","device_type":null,"amplitude_event_type":null,"$insert_id":"847717ad-d061-4be6-88e6-5fc4c2485561","idfa":null,"device_model":null,"paying":null,"amplitude_attribution_ids":null,"city":"Hyderabad","event_type":"video-saved","user_id":"tripviki@gmail.com","location_lat":null,"device_family":null,"amplitude_id":181607702172,"location_lng":null}
{"data":{},"app":277124,"version_name":null,"session_id":1597119565810,"dma":null,"platform":"Web","device_carrier":null,"server_upload_time":"2020-08-11 06:15:55.350000","device_id":"-R6m5uyYEW96Pa0hB_mjtz","start_version":null,"library":"amplitude-js\/6.1.0","device_brand":null,"processed_time":"2020-08-11 06:15:56.327722","client_event_time":"2020-08-11 06:15:53.882000","groups":{},"$schema":12,"server_received_time":"2020-08-11 06:15:55.343000","group_properties":{},"os_name":"Chrome","user_properties":{"Username":"tripviki@gmail.com"},"user_creation_time":"2020-07-31 10:41:07.911000","region":"Telangana","ip_address":"183.83.140.127","country":"India","language":"English","device_manufacturer":null,"event_properties":{"project-category":"Intro","save-type":"Saved Video","project-name":"Vikash PM","project-id":142154679},"sample_rate":null,"event_time":"2020-08-11 06:15:53.882000","adid":null,"is_attribution_event":false,"uuid":"1e02f6e0-db9a-11ea-ae94-0a01e6b07691","event_id":1761,"client_upload_time":"2020-08-11 06:15:53.883000","os_version":"84","device_type":null,"amplitude_event_type":null,"$insert_id":"588e3a33-8912-435f-88ae-ce7058924d38","idfa":null,"device_model":null,"paying":null,"amplitude_attribution_ids":null,"city":"Hyderabad","event_type":"video-saved","user_id":"tripviki@gmail.com","location_lat":null,"device_family":null,"amplitude_id":181607702172,"location_lng":null}
{"data":{},"app":277124,"version_name":null,"session_id":1597119565810,"dma":null,"platform":"Web","device_carrier":null,"server_upload_time":"2020-08-11 06:16:31.820000","device_id":"-R6m5uyYEW96Pa0hB_mjtz","start_version":null,"library":"amplitude-js\/6.1.0","device_brand":null,"processed_time":"2020-08-11 06:16:33.163109","client_event_time":"2020-08-11 06:16:30.349000","groups":{},"$schema":12,"server_received_time":"2020-08-11 06:16:31.812000","group_properties":{},"os_name":"Chrome","user_properties":{"Username":"tripviki@gmail.com"},"user_creation_time":"2020-07-31 10:41:07.911000","region":"Telangana","ip_address":"183.83.140.127","country":"India","language":"English","device_manufacturer":null,"event_properties":{"project-category":"Intro","save-type":"Saved Video","project-name":"Vikash PM","project-id":142154679},"sample_rate":null,"event_time":"2020-08-11 06:16:30.349000","adid":null,"is_attribution_event":false,"uuid":"33f6fda2-db9a-11ea-ae94-0a01e6b07691","event_id":1762,"client_upload_time":"2020-08-11 06:16:30.350000","os_version":"84","device_type":null,"amplitude_event_type":null,"$insert_id":"30992afd-640d-4843-b73c-6d63b5569e5a","idfa":null,"device_model":null,"paying":null,"amplitude_attribution_ids":null,"city":"Hyderabad","event_type":"video-saved","user_id":"tripviki@gmail.com","location_lat":null,"device_family":null,"amplitude_id":181607702172,"location_lng":null}
{"library":"amplitude-js\/6.1.0","$insert_id":"c8e21b2e-a1bd-4fce-8711-9f83493c33ba","country":"India","os_name":"Chrome","language":"English","device_family":null,"event_time":"2020-08-11 06:44:32.882000","amplitude_event_type":null,"paying":null,"app":277124,"idfa":null,"city":"Hyderabad","os_version":"84","is_attribution_event":false,"device_id":"SU6p4CJdm3s_oS-hHOcwBp","amplitude_attribution_ids":null,"amplitude_id":158692843342,"device_type":null,"device_carrier":null,"device_brand":null,"version_name":null,"session_id":1597128272882,"processed_time":"2020-08-11 06:44:34.691040","user_creation_time":"2020-05-16 05:42:39.430000","region":"Telangana","start_version":null,"adid":null,"data":{},"location_lng":null,"location_lat":null,"groups":{},"uuid":"1e397126-db9e-11ea-abd6-0202fcb5f3e8","event_properties":{"project-name":"Importance of cost a","project-category":"Importance of cost a"},"dma":null,"user_properties":{"Username":"abid@pictory.ai"},"event_id":239,"group_properties":{},"server_received_time":"2020-08-11 06:44:31.932000","$schema":12,"client_upload_time":"2020-08-11 06:44:32.885000","client_event_time":"2020-08-11 06:44:32.882000","platform":"Web","event_type":"saved-video-opened","sample_rate":null,"user_id":"abid@pictory.ai","device_model":null,"server_upload_time":"2020-08-11 06:44:31.940000","device_manufacturer":null,"ip_address":"49.204.190.195"}
{"library":"amplitude-js\/6.1.0","$insert_id":"2c0a6254-19fa-4e1a-8386-d461d9e29867","country":"India","os_name":"Chrome","language":"English","device_family":null,"event_time":"2020-08-11 06:45:25.732000","amplitude_event_type":null,"paying":null,"app":277124,"idfa":null,"city":"Hyderabad","os_version":"84","is_attribution_event":false,"device_id":"SU6p4CJdm3s_oS-hHOcwBp","amplitude_attribution_ids":null,"amplitude_id":158692843342,"device_type":null,"device_carrier":null,"device_brand":null,"version_name":null,"session_id":1597128272882,"processed_time":"2020-08-11 06:45:26.263345","user_creation_time":"2020-05-16 05:42:39.430000","region":"Telangana","start_version":null,"adid":null,"data":{},"location_lng":null,"location_lat":null,"groups":{},"uuid":"3cf843a8-db9e-11ea-abd6-0202fcb5f3e8","event_properties":{"project-id":230517737,"source":"Visuals"},"dma":null,"user_properties":{"Username":"abid@pictory.ai"},"event_id":240,"group_properties":{},"server_received_time":"2020-08-11 06:45:24.780000","$schema":12,"client_upload_time":"2020-08-11 06:45:25.733000","client_event_time":"2020-08-11 06:45:25.732000","platform":"Web","event_type":"favorite-clicked","sample_rate":null,"user_id":"abid@pictory.ai","device_model":null,"server_upload_time":"2020-08-11 06:45:24.799000","device_manufacturer":null,"ip_address":"49.204.190.195"}
{"library":"amplitude-js\/6.1.0","$insert_id":"dc76d4dd-8735-4736-9c66-38a96a9323b5","country":"India","os_name":"Chrome","language":"English","device_family":null,"event_time":"2020-08-11 06:45:33.792000","amplitude_event_type":null,"paying":null,"app":277124,"idfa":null,"city":"Hyderabad","os_version":"84","is_attribution_event":false,"device_id":"SU6p4CJdm3s_oS-hHOcwBp","amplitude_attribution_ids":null,"amplitude_id":158692843342,"device_type":null,"device_carrier":null,"device_brand":null,"version_name":null,"session_id":1597128272882,"processed_time":"2020-08-11 06:45:33.589508","user_creation_time":"2020-05-16 05:42:39.430000","region":"Telangana","start_version":null,"adid":null,"data":{},"location_lng":null,"location_lat":null,"groups":{},"uuid":"41589362-db9e-11ea-abd6-0202fcb5f3e8","event_properties":{"project-id":230517737,"source":"Visuals"},"dma":null,"user_properties":{"Username":"abid@pictory.ai"},"event_id":241,"group_properties":{},"server_received_time":"2020-08-11 06:45:32.837000","$schema":12,"client_upload_time":"2020-08-11 06:45:33.793000","client_event_time":"2020-08-11 06:45:33.792000","platform":"Web","event_type":"favorite-clicked","sample_rate":null,"user_id":"abid@pictory.ai","device_model":null,"server_upload_time":"2020-08-11 06:45:32.846000","device_manufacturer":null,"ip_address":"49.204.190.195"}
{"library":"amplitude-js\/6.1.0","$insert_id":"6221c308-a3c4-4990-a46d-c56eaddfb487","country":"India","os_name":"Chrome","language":"English","device_family":null,"event_time":"2020-08-11 06:45:40.109000","amplitude_event_type":null,"paying":null,"app":277124,"idfa":null,"city":"Hyderabad","os_version":"84","is_attribution_event":false,"device_id":"SU6p4CJdm3s_oS-hHOcwBp","amplitude_attribution_ids":null,"amplitude_id":158692843342,"device_type":null,"device_carrier":null,"device_brand":null,"version_name":null,"session_id":1597128272882,"processed_time":"2020-08-11 06:45:40.473858","user_creation_time":"2020-05-16 05:42:39.430000","region":"Telangana","start_version":null,"adid":null,"data":{},"location_lng":null,"location_lat":null,"groups":{},"uuid":"45723868-db9e-11ea-abd6-0202fcb5f3e8","event_properties":{"project-id":230517737,"source":"Visuals"},"dma":null,"user_properties":{"Username":"abid@pictory.ai"},"event_id":242,"group_properties":{},"server_received_time":"2020-08-11 06:45:39.157000","$schema":12,"client_upload_time":"2020-08-11 06:45:40.110000","client_event_time":"2020-08-11 06:45:40.109000","platform":"Web","event_type":"favorite-clicked","sample_rate":null,"user_id":"abid@pictory.ai","device_model":null,"server_upload_time":"2020-08-11 06:45:39.163000","device_manufacturer":null,"ip_address":"49.204.190.195"}
{"library":"amplitude-js\/6.1.0","$insert_id":"1337c852-62fc-4215-9f15-7992a9ea7f01","country":"India","os_name":"Chrome","language":"English","device_family":null,"event_time":"2020-08-11 06:45:45.467000","amplitude_event_type":null,"paying":null,"app":277124,"idfa":null,"city":"Hyderabad","os_version":"84","is_attribution_event":false,"device_id":"SU6p4CJdm3s_oS-hHOcwBp","amplitude_attribution_ids":null,"amplitude_id":158692843342,"device_type":null,"device_carrier":null,"device_brand":null,"version_name":null,"session_id":1597128272882,"processed_time":"2020-08-11 06:45:47.743811","user_creation_time":"2020-05-16 05:42:39.430000","region":"Telangana","start_version":null,"adid":null,"data":{},"location_lng":null,"location_lat":null,"groups":{},"uuid":"49c6eabc-db9e-11ea-abd6-0202fcb5f3e8","event_properties":{"project-id":230517737,"source":"Visual Library","image-url":"https:\/\/dm0qx8t0i9gc9.cloudfront.net\/watermarks\/video\/HyK36gOdmjm0pmnp3\/videoblocks-wind-turbines-in-fields-rural-landscape-spain-environment-green-energy-aerial_hoeinpyjl__51ef0c57a8e4dc0a39e3e9d0ab83ea8a__P360.mp4?type=preview&origin=VIDEOBLOCKS&timestamp_ms=1596454627362&publicKey=NFKFzias7JkF35W3n9edUuQV1Rnn7udTDco3ZbvzlsXgiAzLXO0a15shkgbMNmXZ&organizationId=103776&apiVersion=1.0&stockItemId=10834008&resolution=180p&searchId=04260309-466e-405a-af6d-520744623697&searchPageId=a6e12af8-9df1-489b-ac51-32332e957659"},"dma":null,"user_properties":{"Username":"abid@pictory.ai"},"event_id":243,"group_properties":{},"server_received_time":"2020-08-11 06:45:44.517000","$schema":12,"client_upload_time":"2020-08-11 06:45:45.468000","client_event_time":"2020-08-11 06:45:45.467000","platform":"Web","event_type":"image-favorited","sample_rate":null,"user_id":"abid@pictory.ai","device_model":null,"server_upload_time":"2020-08-11 06:45:44.525000","device_manufacturer":null,"ip_address":"49.204.190.195"}
{"library":"amplitude-js\/6.1.0","$insert_id":"44967d34-025a-4086-a99e-4400fb4baade","country":"India","os_name":"Chrome","language":"English","device_family":null,"event_time":"2020-08-11 06:45:49.033000","amplitude_event_type":null,"paying":null,"app":277124,"idfa":null,"city":"Hyderabad","os_version":"84","is_attribution_event":false,"device_id":"SU6p4CJdm3s_oS-hHOcwBp","amplitude_attribution_ids":null,"amplitude_id":158692843342,"device_type":null,"device_carrier":null,"device_brand":null,"version_name":null,"session_id":1597128272882,"processed_time":"2020-08-11 06:45:49.288411","user_creation_time":"2020-05-16 05:42:39.430000","region":"Telangana","start_version":null,"adid":null,"data":{},"location_lng":null,"location_lat":null,"groups":{},"uuid":"4ab02998-db9e-11ea-abd6-0202fcb5f3e8","event_properties":{"project-id":230517737,"source":"Visuals"},"dma":null,"user_properties":{"Username":"abid@pictory.ai"},"event_id":244,"group_properties":{},"server_received_time":"2020-08-11 06:45:48.080000","$schema":12,"client_upload_time":"2020-08-11 06:45:49.034000","client_event_time":"2020-08-11 06:45:49.033000","platform":"Web","event_type":"favorite-clicked","sample_rate":null,"user_id":"abid@pictory.ai","device_model":null,"server_upload_time":"2020-08-11 06:45:48.088000","device_manufacturer":null,"ip_address":"49.204.190.195"}
{"library":"amplitude-js\/6.1.0","$insert_id":"2b4db635-a4f8-49ee-8245-811862f65774","country":"India","os_name":"Chrome","language":"English","device_family":null,"event_time":"2020-08-11 06:46:05.605000","amplitude_event_type":null,"paying":null,"app":277124,"idfa":null,"city":"Hyderabad","os_version":"84","is_attribution_event":false,"device_id":"SU6p4CJdm3s_oS-hHOcwBp","amplitude_attribution_ids":null,"amplitude_id":158692843342,"device_type":null,"device_carrier":null,"device_brand":null,"version_name":null,"session_id":1597128272882,"processed_time":"2020-08-11 06:46:07.198764","user_creation_time":"2020-05-16 05:42:39.430000","region":"Telangana","start_version":null,"adid":null,"data":{},"location_lng":null,"location_lat":null,"groups":{},"uuid":"5560208c-db9e-11ea-abd6-0202fcb5f3e8","event_properties":{"project-id":230517737,"source":"Visuals"},"dma":null,"user_properties":{"Username":"abid@pictory.ai"},"event_id":245,"group_properties":{},"server_received_time":"2020-08-11 06:46:04.650000","$schema":12,"client_upload_time":"2020-08-11 06:46:05.606000","client_event_time":"2020-08-11 06:46:05.605000","platform":"Web","event_type":"favorite-clicked","sample_rate":null,"user_id":"abid@pictory.ai","device_model":null,"server_upload_time":"2020-08-11 06:46:04.657000","device_manufacturer":null,"ip_address":"49.204.190.195"}
{"library":"amplitude-js\/6.1.0","$insert_id":"54b79daa-c46d-4a3b-bc50-236fe9c6ff8f","country":"India","os_name":"Chrome","language":"English","device_family":null,"event_time":"2020-08-11 06:46:21.875000","amplitude_event_type":null,"paying":null,"app":277124,"idfa":null,"city":"Hyderabad","os_version":"84","is_attribution_event":false,"device_id":"SU6p4CJdm3s_oS-hHOcwBp","amplitude_attribution_ids":null,"amplitude_id":158692843342,"device_type":null,"device_carrier":null,"device_brand":null,"version_name":null,"session_id":1597128272882,"processed_time":"2020-08-11 06:46:21.893129","user_creation_time":"2020-05-16 05:42:39.430000","region":"Telangana","start_version":null,"adid":null,"data":{},"location_lng":null,"location_lat":null,"groups":{},"uuid":"5e21ed54-db9e-11ea-abd6-0202fcb5f3e8","event_properties":{"project-id":230517737,"source":"Favorites","new-image":"https:\/\/image-search-api.pictory.ai\/api\/v1\/libraries\/pixa_bay\/image\/previewURL\/3249062.png","scene-text":"environments","old-image":"https:\/\/image.shutterstock.com\/z\/stock-photo-green-planet-earth-covered-with-grass-city-skyline-sustainable-source-of-electricity-power-supply-296975333.jpg"},"dma":null,"user_properties":{"Username":"abid@pictory.ai"},"event_id":246,"group_properties":{},"server_received_time":"2020-08-11 06:46:20.927000","$schema":12,"client_upload_time":"2020-08-11 06:46:21.876000","client_event_time":"2020-08-11 06:46:21.875000","platform":"Web","event_type":"image-replaced","sample_rate":null,"user_id":"abid@pictory.ai","device_model":null,"server_upload_time":"2020-08-11 06:46:20.932000","device_manufacturer":null,"ip_address":"49.204.190.195"}
{"library":"amplitude-js\/6.1.0","$insert_id":"b94eee2b-587c-4998-8c16-c84aa476c1d0","country":"India","os_name":"Chrome","language":"English","device_family":null,"event_time":"2020-08-11 06:46:25.329000","amplitude_event_type":null,"paying":null,"app":277124,"idfa":null,"city":"Hyderabad","os_version":"84","is_attribution_event":false,"device_id":"SU6p4CJdm3s_oS-hHOcwBp","amplitude_attribution_ids":null,"amplitude_id":158692843342,"device_type":null,"device_carrier":null,"device_brand":null,"version_name":null,"session_id":1597128272882,"processed_time":"2020-08-11 06:46:25.300117","user_creation_time":"2020-05-16 05:42:39.430000","region":"Telangana","start_version":null,"adid":null,"data":{},"location_lng":null,"location_lat":null,"groups":{},"uuid":"602aa884-db9e-11ea-abd6-0202fcb5f3e8","event_properties":{"project-id":230517737,"project-name":"Importance of cost a","save-type":"Saved Video","project-category":"Importance of cost a"},"dma":null,"user_properties":{"Username":"abid@pictory.ai"},"event_id":247,"group_properties":{},"server_received_time":"2020-08-11 06:46:24.376000","$schema":12,"client_upload_time":"2020-08-11 06:46:25.330000","client_event_time":"2020-08-11 06:46:25.329000","platform":"Web","event_type":"video-saved","sample_rate":null,"user_id":"abid@pictory.ai","device_model":null,"server_upload_time":"2020-08-11 06:46:24.384000","device_manufacturer":null,"ip_address":"49.204.190.195"}
{"library":"amplitude-js\/6.1.0","$insert_id":"af17fab3-93da-4cbe-b64c-51a4363c5fe0","country":"India","os_name":"Chrome","language":"English","device_family":null,"event_time":"2020-08-11 06:46:51.870000","amplitude_event_type":null,"paying":null,"app":277124,"idfa":null,"city":"Hyderabad","os_version":"84","is_attribution_event":false,"device_id":"SU6p4CJdm3s_oS-hHOcwBp","amplitude_attribution_ids":null,"amplitude_id":158692843342,"device_type":null,"device_carrier":null,"device_brand":null,"version_name":null,"session_id":1597128272882,"processed_time":"2020-08-11 06:46:51.779068","user_creation_time":"2020-05-16 05:42:39.430000","region":"Telangana","start_version":null,"adid":null,"data":{},"location_lng":null,"location_lat":null,"groups":{},"uuid":"6ff2d05c-db9e-11ea-abd6-0202fcb5f3e8","event_properties":{"project-id":230517737,"source":"Audio"},"dma":null,"user_properties":{"Username":"abid@pictory.ai"},"event_id":248,"group_properties":{},"server_received_time":"2020-08-11 06:46:50.919000","$schema":12,"client_upload_time":"2020-08-11 06:46:51.871000","client_event_time":"2020-08-11 06:46:51.870000","platform":"Web","event_type":"favorite-clicked","sample_rate":null,"user_id":"abid@pictory.ai","device_model":null,"server_upload_time":"2020-08-11 06:46:50.942000","device_manufacturer":null,"ip_address":"49.204.190.195"}
{"library":"amplitude-js\/6.1.0","$insert_id":"8c133813-d65c-496f-b68d-f562956ac5bd","country":"India","os_name":"Chrome","language":"English","device_family":null,"event_time":"2020-08-11 06:46:52.728000","amplitude_event_type":null,"paying":null,"app":277124,"idfa":null,"city":"Hyderabad","os_version":"84","is_attribution_event":false,"device_id":"SU6p4CJdm3s_oS-hHOcwBp","amplitude_attribution_ids":null,"amplitude_id":158692843342,"device_type":null,"device_carrier":null,"device_brand":null,"version_name":null,"session_id":1597128272882,"processed_time":"2020-08-11 06:46:53.544632","user_creation_time":"2020-05-16 05:42:39.430000","region":"Telangana","start_version":null,"adid":null,"data":{},"location_lng":null,"location_lat":null,"groups":{},"uuid":"70fef21e-db9e-11ea-abd6-0202fcb5f3e8","event_properties":{"track-name":"A Brisk Walk","project-id":230517737},"dma":null,"user_properties":{"Username":"abid@pictory.ai"},"event_id":249,"group_properties":{},"server_received_time":"2020-08-11 06:46:51.776000","$schema":12,"client_upload_time":"2020-08-11 06:46:52.729000","client_event_time":"2020-08-11 06:46:52.728000","platform":"Web","event_type":"track-favorited","sample_rate":null,"user_id":"abid@pictory.ai","device_model":null,"server_upload_time":"2020-08-11 06:46:51.784000","device_manufacturer":null,"ip_address":"49.204.190.195"}
{"library":"amplitude-js\/6.1.0","$insert_id":"9fe1ecbe-59f4-4cd0-8136-b724a0f1534e","country":"India","os_name":"Chrome","language":"English","device_family":null,"event_time":"2020-08-11 06:53:27.688000","amplitude_event_type":null,"paying":null,"app":277124,"idfa":null,"city":"Hyderabad","os_version":"84","is_attribution_event":false,"device_id":"SU6p4CJdm3s_oS-hHOcwBp","amplitude_attribution_ids":null,"amplitude_id":158692843342,"device_type":null,"device_carrier":null,"device_brand":null,"version_name":null,"session_id":1597128272882,"processed_time":"2020-08-11 06:53:28.121933","user_creation_time":"2020-05-16 05:42:39.430000","region":"Telangana","start_version":null,"adid":null,"data":{},"location_lng":null,"location_lat":null,"groups":{},"uuid":"5c2c0d58-db9f-11ea-abd6-0202fcb5f3e8","event_properties":{"project-id":230517737},"dma":null,"user_properties":{"Username":"abid@pictory.ai"},"event_id":250,"group_properties":{},"server_received_time":"2020-08-11 06:53:27.438000","$schema":12,"client_upload_time":"2020-08-11 06:53:27.689000","client_event_time":"2020-08-11 06:53:27.688000","platform":"Web","event_type":"voice-over-clicked","sample_rate":null,"user_id":"abid@pictory.ai","device_model":null,"server_upload_time":"2020-08-11 06:53:27.448000","device_manufacturer":null,"ip_address":"49.204.190.195"}
